,Price,Levy,Manufacturer,Model,Prod. year,Category,Leather interior,Fuel type,Engine volume,Mileage,Cylinders,Gear box type,Drive wheels,Doors,Wheel,Color,Airbags
0,13328,1399,32,1208,2010,4,1,2,3.5,186005.0,6,0,0,1,0,12,12
1,16621,1018,8,643,2011,4,0,5,3.0,192000.0,6,2,0,1,0,1,8
2,8467,0,21,669,2006,3,0,5,1.3,200000.0,4,3,1,1,1,1,2
4,11726,446,21,669,2014,3,1,5,1.3,91901.0,4,0,1,1,0,12,4
5,39493,891,23,1270,2016,4,1,1,2.0,160931.0,4,0,1,1,0,14,4
6,1803,631,58,1124,2010,3,1,2,1.8,438886.75,4,0,1,1,0,1,12
7,549,751,23,1298,2013,9,1,5,2.4,216118.0,4,0,1,1,0,7,12
8,1098,394,58,423,2014,9,1,2,2.5,398069.0,4,0,1,1,0,1,12
9,26657,0,32,1201,2007,4,1,5,3.5,128500.0,6,0,0,1,0,12,12
10,941,1053,36,586,2014,9,1,1,3.5,184467.0,6,0,2,1,0,14,12
11,8781,0,16,1381,1999,6,0,0,3.7,0.0,8,1,2,0,0,2,0
12,3000,0,42,1416,1997,2,0,0,1.6,350000.0,4,1,1,1,0,14,4
13,1019,1055,32,1208,2013,4,1,2,3.5,138038.0,6,0,1,1,0,14,12
14,59464,891,23,1270,2016,4,1,1,2.0,76000.0,4,0,1,1,0,14,4
15,549,1079,58,364,2018,4,1,5,2.0,74146.0,4,0,1,1,0,14,12
16,7683,810,23,618,2016,9,1,5,1.8,121840.0,4,0,1,1,0,2,12
17,28382,810,23,618,2016,9,1,5,1.8,54317.0,4,0,1,1,0,14,4
18,549,2386,23,1298,2006,9,1,5,3.3,295059.0,6,0,2,1,0,2,12
19,941,1850,32,1203,2008,4,1,2,3.5,364523.0,6,0,0,1,0,1,12
20,18826,531,23,618,2012,9,1,5,1.6,112645.0,4,0,1,1,0,12,4
21,20698,586,58,1124,2012,9,1,6,1.8,187000.0,4,0,1,1,0,14,12
22,17562,1249,58,423,2017,9,1,5,2.5,39709.0,4,0,1,1,0,1,12
23,7840,0,16,1381,2001,6,0,1,2.0,230000.0,4,1,1,0,0,14,0
24,4704,0,42,1416,1995,9,0,5,1.8,0.0,4,0,1,1,0,6,4
25,20385,0,36,560,2006,9,1,1,2.2,210000.0,4,2,2,1,0,1,8
26,549,2455,32,781,2008,4,1,5,3.7,0.0,8,0,0,1,0,14,0
27,30,0,58,1124,2008,9,0,2,1.5,169000.0,4,0,1,1,0,14,8
28,14454,583,23,618,2011,9,1,5,1.6,158787.0,4,0,1,1,0,12,4
29,12074,1537,58,825,2009,4,1,2,3.3,420550.0,6,0,0,1,0,2,12
30,15681,1288,36,1445,2007,2,0,1,2.0,180000.0,6,1,2,1,0,14,4
31,19444,915,45,453,2014,4,1,1,3.0,175056.0,6,0,0,1,0,14,12
32,6899,0,5,1491,2000,4,1,0,3.7,200000.0,8,0,0,1,0,12,6
33,125,1750,58,825,2008,9,1,2,3.3,287274.0,6,0,0,1,0,14,12
34,24462,0,27,804,2007,4,1,1,3.0,250000.0,6,2,0,1,0,1,10
35,23235,631,23,1270,2011,4,1,1,2.0,438886.75,4,0,1,1,0,1,4
36,51746,1077,58,365,2019,4,0,5,2.0,10200.0,4,2,1,1,0,11,12
37,7527,1486,21,669,2010,3,0,2,1.3,158000.0,4,0,1,1,1,1,4
38,19121,531,23,618,2012,9,1,5,1.6,103490.0,4,0,1,1,0,12,4
39,314,1399,32,1208,2010,4,1,2,3.5,382746.0,6,0,0,1,0,12,12
40,24462,751,58,423,2013,9,1,5,2.4,203200.0,4,0,1,1,0,2,4
41,45734,1091,23,812,2016,10,1,1,2.5,61057.0,4,0,1,1,0,1,4
43,21326,382,23,1298,2014,9,1,2,2.4,141000.0,4,2,1,1,0,14,12
44,549,1436,45,453,2010,4,1,5,3.6,160259.0,6,0,0,1,0,12,12
45,220,1194,58,1360,2013,4,1,5,3.7,239342.0,6,0,0,1,0,12,12
47,55390,1017,23,1270,2017,4,1,1,2.0,100734.0,4,0,1,1,0,1,4
48,12544,0,58,251,2012,3,0,2,1.5,141500.0,4,0,1,1,1,1,8
49,17249,0,16,649,2008,4,0,2,2.3,147000.0,4,3,0,1,0,14,8
50,34889,891,21,469,2016,9,1,5,2.0,87768.0,4,0,1,1,0,2,4
51,862,1104,3,1164,2015,4,1,5,3.0,264014.0,6,0,0,1,0,1,0
52,14583,0,46,1002,2008,9,0,1,1.5,132542.0,4,1,1,1,0,14,10
53,392,1017,36,580,2017,9,1,5,2.0,1600.0,4,0,2,1,0,1,12
54,38500,639,3,1160,2014,4,1,5,2.0,87000.0,1,2,0,1,0,14,12
55,8781,0,36,305,2001,1,0,5,2.0,260000.0,4,1,2,0,0,2,0
56,87112,0,36,759,2019,4,1,5,2.0,5323.0,4,2,0,1,0,7,0
58,392,919,5,154,2012,9,1,5,3.0,204318.0,6,0,2,1,0,1,12
60,16935,530,16,722,2013,9,0,5,1.6,83000.0,4,2,1,1,0,12,8
61,10349,0,58,1412,2007,7,1,5,2.4,170000.0,4,0,1,1,1,1,6
62,7213,530,41,889,2013,4,1,5,1.6,312118.0,4,0,1,1,0,1,0
63,5331,0,36,200,2004,9,0,5,1.6,130000.0,4,2,1,1,0,1,6
64,20526,640,23,1401,2013,4,1,1,2.0,200279.0,4,0,1,1,0,7,4
65,9722,765,23,1298,2015,9,1,4,2.0,438886.75,4,0,1,1,0,8,4
66,34657,777,23,812,2014,7,1,1,2.5,154672.0,4,0,1,1,0,12,4
67,36564,1091,23,812,2016,7,1,1,2.5,110969.0,4,0,1,1,0,1,4
68,314,779,58,423,2013,9,1,2,2.5,225510.0,4,0,1,1,0,14,12
69,5488,0,58,1457,2001,3,0,5,1.5,210000.0,4,1,1,1,1,13,3
70,30063,934,23,812,2015,10,1,1,2.5,148105.0,4,0,1,1,0,12,4
71,15800,769,8,444,2011,4,1,1,2.2,255456.0,4,0,1,1,0,12,4
72,43952,631,23,812,2017,10,1,1,2.5,438886.75,4,0,1,1,0,1,4
73,53154,891,23,1270,2016,4,1,1,2.0,84506.0,4,0,1,1,0,12,4
74,14740,645,58,1124,2011,3,0,2,1.8,288000.0,4,0,1,1,0,14,8
75,42337,0,16,1024,2016,0,1,5,2.3,75000.0,4,2,2,0,0,12,6
76,3763,1053,36,961,2014,4,1,5,3.5,94362.0,6,0,2,1,0,14,12
77,18189,0,58,1124,2012,9,0,5,1.8,175000.0,4,0,1,1,0,12,8
78,862,2455,32,781,2008,4,1,5,3.7,263190.0,8,0,0,1,0,14,0
79,220,1185,16,646,2009,4,1,2,2.5,193614.0,4,0,1,1,0,14,0
80,5645,1324,58,825,2010,4,1,2,3.3,264877.0,6,0,0,1,0,14,12
81,7527,830,58,1528,2019,9,1,5,1.5,27656.0,4,0,1,1,0,14,12
82,21953,1187,21,469,2014,9,0,2,1.4,16000.0,8,0,0,1,1,14,10
83,8154,0,21,512,1998,4,0,5,2.0,0.0,4,0,0,1,1,14,2
84,21953,781,58,423,2012,9,0,5,2.5,195053.0,4,0,1,1,0,1,0
85,19121,531,23,618,2012,9,1,5,1.6,121362.0,4,0,1,1,0,1,4
86,36065,639,23,1270,2014,4,1,1,2.0,69191.0,4,0,1,1,0,14,4
87,8781,1111,21,669,2012,3,1,2,1.3,83000.0,4,2,1,1,1,6,12
89,16289,642,8,1060,2012,4,1,1,2.0,172000.0,4,0,1,1,0,7,4
90,77775,1604,36,757,2014,4,1,5,3.7,433811.0,8,0,0,1,0,1,10
91,2822,0,5,136,1995,9,1,5,2.0,350000.0,6,1,2,1,0,2,2
92,549,781,55,706,2012,4,1,5,2.5,148213.0,4,0,0,1,0,2,0
93,6981,1095,11,909,2008,9,1,5,2.0,103246.0,4,0,1,1,0,1,4
94,27284,891,23,618,2016,9,0,5,2.0,105394.0,4,2,1,1,0,1,12
95,32929,0,5,110,2013,1,1,5,2.0,160000.0,4,0,2,0,0,1,12
96,18817,0,41,1112,1990,4,0,1,2.8,333333.0,4,1,2,1,0,1,0
97,4234,0,21,469,1997,3,1,5,1.4,0.0,4,1,1,0,0,2,6
98,15053,0,36,582,2004,9,1,5,3.2,214000.0,6,2,2,1,0,7,8
99,15458,966,23,788,2009,1,1,5,2.0,123346.0,4,0,1,1,0,1,4
100,2901,473,8,523,2014,9,1,5,1.4,80827.0,4,0,1,1,0,6,12
101,706,631,45,192,2013,1,1,5,3.7,438886.75,6,0,2,0,0,1,12
102,314,382,16,722,2015,9,1,2,2.0,91760.0,4,0,1,1,0,1,12
104,26657,0,36,1326,2004,6,0,1,2.2,300000.0,4,1,2,1,0,14,1
105,10663,988,58,1124,2007,3,0,5,1.5,318400.0,4,0,1,1,0,12,6
106,12858,765,16,700,2015,9,0,5,2.0,91200.0,4,0,1,1,0,13,10
107,1019,917,5,1491,2013,4,1,1,3.0,137802.0,6,0,0,1,0,1,12
108,549,917,5,154,2013,9,1,2,3.0,151586.0,6,0,2,1,0,14,12
109,12858,0,28,1116,2016,3,0,5,1.2,107000.0,4,1,1,1,0,12,2
110,15000,0,5,88,2008,9,1,0,3.0,210408.0,6,2,2,1,0,14,12
111,85553,1156,16,661,2017,4,1,5,2.3,100567.0,4,0,1,1,0,1,4
112,44752,1091,23,812,2016,10,1,1,2.5,86000.0,4,0,1,1,0,7,4
113,17158,687,23,618,2010,9,1,5,1.6,122740.0,4,0,1,1,0,14,4
114,12231,0,39,240,2005,4,0,4,2.4,144000.0,4,2,0,1,1,14,16
116,1254,0,39,911,1997,9,0,5,1.3,100000.0,4,1,2,1,0,11,0
117,94,0,21,669,2003,3,0,5,1.5,178000.0,4,3,1,1,1,12,4
118,25591,640,54,902,2013,4,1,1,2.0,85704.0,4,0,1,1,0,12,4
120,23521,779,58,423,2013,9,1,2,2.5,90000.0,4,2,1,1,0,14,12
121,3450,0,46,473,1995,3,0,5,1.2,50000.0,3,1,1,0,0,6,0
122,706,777,35,171,2014,9,1,5,2.5,0.0,4,0,1,1,0,11,12
123,1019,631,58,825,2009,9,1,2,3.3,438886.75,6,0,0,1,0,1,12
124,16935,765,16,722,2015,9,1,5,2.0,71454.0,4,0,1,1,0,1,0
125,19444,781,58,423,2012,9,1,5,2.5,0.0,4,2,1,1,0,1,6
126,11604,639,23,1298,2014,9,1,4,2.0,346470.0,4,0,1,1,0,12,4
127,51965,631,23,1270,2016,4,1,1,2.0,438886.75,4,0,1,1,0,1,4
128,706,394,58,423,2014,9,1,2,2.5,115312.0,4,0,1,1,0,7,12
129,9408,0,36,313,1999,9,0,1,2.2,111111.0,4,1,2,1,0,12,4
130,13328,1347,23,812,2008,7,1,1,2.5,74444.0,4,0,1,1,0,15,4
131,17876,0,41,1280,2012,7,0,5,2.0,143000.0,4,2,1,1,1,14,12
132,549,2866,41,992,2004,9,1,5,3.5,299709.0,6,0,1,1,0,7,12
133,20071,0,58,1179,2008,4,0,5,2.4,135000.0,4,0,0,1,0,12,8
134,22894,631,23,812,2011,7,1,1,2.5,438886.75,4,0,1,1,0,1,4
135,2901,503,21,469,2012,9,1,2,1.5,146403.0,4,0,1,1,0,14,0
136,15681,0,39,1077,1997,4,0,5,2.4,142000.0,4,0,0,0,0,2,6
137,39829,631,32,780,2010,4,1,5,3.7,438886.75,8,0,0,1,0,1,0
138,706,1646,32,780,2015,4,1,5,3.7,102907.0,8,0,0,1,0,1,0
139,18660,0,23,1298,2013,9,1,5,2.4,130000.0,4,2,1,1,0,1,6
140,22580,1017,36,580,2017,9,1,5,2.0,50930.0,4,0,2,1,0,1,12
141,11604,639,23,1298,2014,9,1,4,2.0,264872.0,4,0,1,1,0,12,4
142,314,259,8,1461,2014,3,1,2,1.4,131893.0,4,0,1,1,0,3,0
143,5488,751,18,1354,2013,4,1,5,2.4,138958.0,4,0,1,1,0,1,12
144,4300,0,36,27,1985,10,0,1,2.5,438886.75,4,1,2,1,0,1,1
145,18817,609,58,423,2018,9,1,2,2.5,35058.0,4,0,1,1,0,14,12
146,21169,697,21,835,2015,4,0,5,1.8,33330.0,4,0,0,1,0,7,8
147,9095,0,15,116,2011,1,0,5,1.2,141000.0,4,0,1,0,1,11,4
148,1568,639,61,870,2014,9,1,1,2.0,82392.0,4,0,1,1,0,12,12
149,3136,0,55,927,2005,2,0,5,2.0,180000.0,6,2,0,1,1,2,6
150,17876,585,23,634,2013,9,1,5,1.8,117920.0,4,2,1,1,0,7,12
151,11290,891,23,1298,2016,9,1,4,2.0,279787.0,4,0,1,1,0,12,4
152,36065,1399,58,1284,2010,7,1,5,3.5,227200.0,6,2,1,1,0,14,16
153,862,394,58,423,2014,9,1,2,2.5,130478.0,4,0,1,1,0,14,12
154,21395,781,23,812,2012,10,1,1,2.5,166144.0,4,0,1,1,0,12,4
155,15681,891,23,1298,2016,9,1,4,2.0,258706.0,4,0,1,1,0,12,4
156,627,475,8,1461,2012,4,1,2,1.4,188419.0,4,0,1,1,0,11,0
157,40070,690,58,251,2016,3,1,5,1.5,25807.0,4,0,1,1,0,1,4
158,11917,0,36,201,2008,3,0,5,1.7,180000.0,4,0,1,1,0,5,8
159,72130,1079,32,1030,2018,4,1,5,2.0,18918.0,4,2,1,1,0,1,6
160,35927,640,54,1192,2013,4,1,1,2.0,137267.0,4,0,1,1,0,12,4
161,21012,308,58,1124,2014,9,0,2,1.8,160000.0,4,0,0,1,0,14,4
162,21012,1823,58,1360,2018,9,1,5,3.5,27358.0,6,0,1,1,0,7,12
163,13172,1361,28,451,2009,7,1,1,2.9,84176.0,4,0,1,1,0,14,6
164,15624,707,23,788,2011,1,1,5,2.0,107005.0,4,0,1,1,0,7,4
165,4547,0,42,1416,1997,9,0,5,1.6,15000.0,4,1,1,1,0,0,2
166,5488,1273,24,1167,2015,4,1,5,3.5,124154.0,6,0,0,1,0,1,12
167,20005,531,23,618,2012,9,1,5,1.6,104997.0,4,0,1,1,0,14,4
168,36110,924,61,1090,2017,9,1,5,1.8,27728.0,6,2,1,1,0,12,8
169,7840,631,36,569,1998,9,1,5,2.4,438886.75,6,1,2,1,0,1,4
170,470,1077,35,3,2019,4,1,5,2.0,11566.0,4,0,0,1,0,1,12
171,1300,0,3,115,2018,1,1,5,0.5,4000.0,1,2,2,2,1,2,0
172,43880,891,23,1270,2016,4,1,1,2.0,113700.0,4,0,1,1,0,12,4
173,29479,584,36,322,2014,9,1,5,1.8,69000.0,4,2,2,1,0,7,8
174,17249,0,58,423,2011,9,1,2,2.5,152000.0,4,3,1,1,0,14,12
175,9408,0,58,1459,2003,10,0,5,1.5,181926.0,4,0,0,1,1,12,2
176,44213,891,23,1270,2016,4,1,1,2.0,50255.0,4,0,1,1,0,11,4
177,8467,2078,5,85,2001,9,1,5,2.5,252800.0,6,1,2,1,0,7,6
178,627,915,3,219,2014,9,1,5,3.0,164488.0,6,0,0,1,0,12,12
179,21950,831,16,1381,2011,2,0,1,2.4,125000.0,4,1,0,1,0,14,2
180,706,475,15,116,2012,3,1,5,1.4,164574.0,4,0,1,1,0,11,12
181,3136,473,8,523,2014,9,1,5,1.4,156992.0,4,0,1,1,0,1,12
182,3450,0,42,1416,1995,9,0,0,2.0,0.0,4,1,1,1,0,14,2
183,9408,0,39,1077,1998,4,0,5,3.5,11000.0,6,2,0,1,1,12,4
184,31500,0,41,1107,2010,4,1,4,3.7,90200.0,6,2,0,1,0,1,12
185,20385,0,39,543,2005,7,1,5,3.0,184000.0,6,0,0,1,1,14,12
186,314,1053,36,586,2014,9,1,1,3.5,149486.0,6,0,0,1,0,12,12
187,2300,0,61,794,1996,9,0,0,2.0,0.0,4,1,1,1,0,6,0
188,7840,0,36,1414,2004,10,0,4,1.9,170000.0,4,2,1,1,0,12,4
189,56450,0,58,433,2018,9,1,5,2.5,25000.0,4,2,1,1,0,2,12
190,1490,639,61,870,2014,10,1,1,2.0,113214.0,4,0,1,1,0,7,12
191,627,836,58,1360,2012,9,1,5,2.7,394069.0,4,0,2,1,0,1,12
193,13172,0,21,512,2002,4,0,5,2.4,260000.0,4,0,0,1,0,12,6
194,19757,0,41,1113,1990,4,0,1,2.8,222222.0,4,1,2,1,0,1,0
195,4704,917,3,226,2013,3,1,5,3.0,301707.0,6,0,0,1,0,7,0
196,706,751,23,1298,2013,9,1,5,2.4,175827.0,4,0,1,1,0,1,12
197,5802,1055,36,586,2013,9,1,1,3.5,107800.0,6,0,2,1,0,7,12
198,25716,777,58,423,2014,9,0,5,2.5,115200.0,4,0,1,1,0,12,8
199,14426,642,8,1060,2012,4,1,4,2.0,132036.0,4,0,1,1,0,14,4
201,45436,1172,16,661,2011,4,1,5,3.5,129177.0,4,0,1,1,0,14,4
202,11917,893,23,838,2008,3,0,1,1.6,201000.0,4,1,1,1,0,1,8
203,41281,765,23,1270,2015,4,1,1,2.0,185811.0,4,0,1,1,0,1,4
204,4391,0,41,249,1998,9,0,5,2.4,358400.0,4,1,1,1,0,3,2
205,3058,1872,45,453,2018,9,1,5,3.6,28968.0,6,0,0,1,0,14,12
206,3700,0,1,16,2001,1,1,5,1.8,240000.0,4,1,1,0,0,1,4
207,15681,0,56,809,2008,4,0,5,1.6,98000.0,4,0,0,0,0,1,12
208,6586,645,32,402,2011,3,1,2,1.8,122302.0,4,0,1,1,0,1,0
209,12544,0,58,1124,2007,3,0,2,1.5,140000.0,4,0,1,1,0,0,6
211,72130,1885,45,1085,2010,3,1,5,3.7,196800.0,8,2,0,1,0,14,8
212,21639,0,23,1425,2015,3,0,5,1.6,17200.0,4,2,1,0,0,11,10
213,36692,0,58,1187,2013,4,0,5,2.5,120000.0,4,2,1,1,0,14,0
214,30,0,21,669,2002,3,0,5,1.5,0.0,4,0,1,1,1,12,4
215,12231,1266,58,251,2014,3,0,2,1.5,66000.0,4,3,1,1,1,12,4
216,3136,0,58,1285,2004,9,0,5,1.5,300000.0,4,3,1,1,1,0,4
217,10663,631,58,1124,2009,9,1,2,1.8,438886.75,4,3,1,1,0,1,6
219,19130,2148,36,396,2010,9,1,5,3.7,157000.0,4,0,1,1,0,7,10
220,9408,1111,21,669,2012,3,0,2,1.3,64000.0,4,3,1,1,1,1,4
222,15367,640,61,1090,2013,9,1,1,2.0,179200.0,4,2,1,1,0,14,16
223,5959,1730,8,279,2011,9,1,5,3.7,246976.0,8,0,1,1,0,1,12
224,26594,777,23,812,2014,7,1,1,2.5,179918.0,4,0,1,1,0,12,4
225,36065,779,58,281,2013,9,1,2,2.5,92200.0,4,2,1,1,0,0,12
226,26343,730,28,462,2016,9,1,1,1.6,29000.0,4,2,1,1,0,12,8
227,549,862,35,411,2011,9,1,5,2.5,216550.0,4,0,1,1,0,1,12
228,6000,0,27,804,1993,4,0,5,3.7,240000.0,6,0,0,1,0,6,5
229,40142,1811,32,781,2010,4,1,5,3.7,357246.0,8,0,0,1,0,7,0
230,14000,585,23,618,2013,9,0,5,1.8,50000.0,4,2,1,1,0,7,10
231,17923,473,8,523,2014,9,1,5,1.4,127842.0,4,0,1,1,0,14,4
232,54518,831,23,1401,2017,4,1,5,1.6,40193.0,4,0,1,1,0,1,4
233,10349,0,42,267,2003,3,0,5,1.6,180000.0,4,1,1,1,0,12,6
234,8154,0,58,867,2002,3,0,5,1.3,115000.0,4,0,1,1,1,12,7
235,282,289,16,646,2008,4,1,2,0.4999999999999998,220474.0,4,0,1,1,0,7,0
236,7527,640,61,1090,2013,9,1,1,2.0,132310.0,4,0,1,1,0,7,12
237,3450,1249,58,423,2017,9,1,5,2.5,60762.0,4,0,1,1,0,14,12
238,22063,836,23,1401,2010,4,1,1,2.0,142264.0,4,0,1,1,0,14,4
240,4704,585,58,492,2013,9,1,5,1.8,227371.0,4,0,1,1,0,12,12
241,5331,0,61,1090,2002,9,1,5,2.8,175000.0,6,1,1,1,0,7,6
242,941,642,61,870,2012,9,1,1,2.0,203440.0,4,0,1,1,0,1,12
243,16900,502,21,669,2013,3,1,5,1.5,70000.0,4,0,1,1,0,2,4
244,18189,0,41,1228,2010,4,1,5,2.5,122000.0,4,0,0,1,0,12,4
245,5331,0,35,976,2000,7,0,5,2.5,127000.0,4,0,1,1,0,6,4
246,42651,1017,36,759,2017,4,1,5,2.0,44995.0,4,0,0,1,0,1,0
247,15524,631,58,1124,2012,3,0,2,1.8,438886.75,4,0,1,1,0,1,7
248,17249,0,5,147,2007,9,1,5,3.0,111111.0,6,2,2,1,0,7,10
249,73071,0,32,777,2013,9,1,5,3.5,56000.0,6,2,2,1,0,1,12
250,862,333,16,722,2014,9,1,2,2.0,186048.0,4,0,1,1,0,1,0
252,8467,642,23,1298,2012,9,1,4,2.0,438886.75,4,0,1,1,0,1,4
253,50,0,58,251,2013,9,0,2,1.5,130000.0,4,0,2,1,1,13,0
254,14426,639,23,1298,2014,9,1,4,2.0,169024.0,4,0,1,1,0,14,4
255,9000,1325,61,1282,2011,7,0,5,1.4,126000.0,4,0,1,1,1,12,6
256,30734,1053,36,586,2014,9,1,1,3.5,200179.0,6,0,0,1,0,1,12
258,862,259,8,1461,2014,4,1,2,1.4,133195.0,4,0,1,1,0,1,0
259,7464,247,21,669,2014,3,1,2,1.3,114950.0,4,0,1,1,0,2,4
260,1333,1091,16,722,2016,9,1,5,2.5,154850.0,4,0,1,1,0,1,12
261,59865,879,23,1401,2019,4,1,1,1.6,13000.0,4,0,1,1,0,14,4
262,49237,1342,58,1360,2017,4,1,5,2.7,94262.0,4,0,2,1,0,14,12
263,68223,1327,23,812,2018,10,1,1,2.5,27406.0,4,0,1,1,0,15,4
265,7683,631,41,1370,2006,9,1,0,1.8,438886.75,4,3,1,1,0,1,2
266,22266,0,16,722,2013,9,1,5,1.6,85500.0,4,0,1,1,0,1,8
267,2430,1598,36,586,2008,9,1,1,3.0,175614.0,6,0,2,1,0,1,12
268,282,333,16,722,2014,9,1,2,2.0,0.0,4,0,1,1,0,12,0
269,392,629,41,889,2015,4,1,5,1.6,85944.0,4,0,0,1,0,1,0
270,33556,765,36,332,2015,9,1,5,2.0,0.0,4,0,2,1,0,1,12
271,39161,831,54,237,2017,4,1,1,1.6,73000.0,4,0,1,1,0,14,4
272,16308,0,16,1381,2008,6,0,1,2.2,180000.0,4,1,1,1,0,14,2
273,17719,631,58,423,2009,9,1,2,2.4,438886.75,4,2,1,1,0,1,8
274,43278,1514,32,780,2011,4,1,5,3.7,160138.0,8,0,0,1,0,14,0
275,470,1058,23,1270,2012,4,1,5,3.5,197923.0,6,0,0,1,0,11,12
276,20385,738,8,523,2017,9,0,5,1.4,42000.0,4,2,1,2,0,1,12
277,941,1935,58,1406,2016,4,1,5,3.7,254805.0,8,0,0,1,0,14,12
278,49858,1077,23,1401,2019,4,1,1,2.0,48000.0,4,0,1,1,0,14,4
279,8781,0,41,636,1998,7,1,1,3.2,230000.0,4,0,0,1,1,14,4
280,220,1055,36,340,2013,9,1,5,3.5,159250.0,6,0,2,1,0,1,12
281,9722,765,23,1298,2015,9,1,4,2.0,438886.75,4,0,1,1,0,8,4
282,21326,0,36,394,2006,9,1,5,3.7,2000.0,8,0,2,1,0,7,12
283,51075,1017,23,1401,2017,4,1,1,2.0,40800.0,4,0,1,1,0,14,4
284,15241,707,23,788,2011,1,1,5,2.0,117492.0,4,0,1,1,0,7,4
285,2587,382,16,722,2015,9,1,2,2.0,88795.0,4,0,1,1,0,1,0
286,15524,631,23,812,2008,7,1,1,2.5,438886.75,4,0,1,1,0,1,4
287,27911,0,36,322,2014,9,1,5,1.8,70000.0,4,2,2,1,0,0,8
288,4861,779,58,423,2013,9,1,2,2.5,136861.0,4,0,1,1,0,2,12
289,29793,0,36,1234,2005,9,1,5,3.5,263000.0,4,0,2,1,0,1,0
290,18208,631,23,618,2012,9,1,5,1.6,438886.75,4,0,1,1,0,1,4
291,549,631,23,1298,2017,9,1,2,2.0,438886.75,4,0,1,1,0,1,12
292,30,0,41,1370,2006,3,0,5,1.5,0.0,4,0,1,1,1,11,4
293,34497,779,58,1183,2013,4,0,5,2.5,65350.0,4,2,1,1,0,14,12
294,6272,1522,42,1536,2000,2,0,5,1.8,130000.0,4,1,1,1,0,12,0
295,4924,1282,8,444,2007,4,1,1,2.0,183923.0,4,0,1,1,0,12,4
296,4704,0,42,1421,2000,3,0,1,2.0,11111.0,4,1,1,1,0,11,2
297,43576,1091,23,812,2016,10,1,1,2.5,97129.0,4,0,1,1,0,12,4
298,7840,0,36,308,2001,9,1,0,2.0,140000.0,4,1,2,1,0,1,4
299,28225,1079,58,364,2018,4,0,5,2.0,24000.0,4,0,1,1,0,7,8
300,700,0,42,262,1992,9,0,5,1.1,0.0,4,1,1,1,0,14,2
301,2352,0,35,83,1998,3,0,5,1.5,300000.0,4,1,1,1,0,12,2
302,18817,738,8,523,2017,3,1,5,1.4,29094.0,4,0,1,1,0,7,0
303,4861,382,16,722,2015,9,1,2,2.0,148709.0,4,0,1,1,0,11,12
304,13172,1399,32,1208,2010,4,1,2,3.5,186005.0,6,0,0,1,0,12,12
305,37320,1055,36,593,2013,9,1,5,3.5,156800.0,4,2,0,1,0,1,12
306,706,1017,16,646,2017,4,1,5,2.0,251430.0,4,0,1,1,0,2,12
307,39201,456,58,423,2015,9,1,2,2.5,35000.0,4,0,1,1,0,7,10
308,36426,880,23,618,2018,9,1,4,1.6,35643.0,4,0,1,1,0,14,4
309,8467,0,21,469,2006,3,0,5,1.8,250000.0,4,1,1,1,1,7,4
310,7840,0,36,384,2000,1,1,5,3.2,255000.0,6,2,2,0,0,12,4
311,12701,900,21,512,2015,4,1,5,2.4,117158.0,4,0,1,1,0,14,12
312,8154,781,55,706,2012,4,1,5,2.5,281659.0,4,0,0,1,0,2,0
314,45160,798,36,952,2015,4,1,1,2.1,197338.0,4,0,0,1,0,14,12
315,100,0,5,94,2007,0,1,5,3.0,1123.0,6,2,0,0,0,1,12
316,100355,0,3,227,2016,9,1,5,3.0,35000.0,6,0,0,1,0,1,12
317,1176,639,39,476,2014,3,1,5,2.0,136634.0,4,0,1,1,0,12,12
318,12231,0,23,618,2013,1,0,5,1.8,77000.0,6,1,1,0,0,0,0
319,5802,988,58,1124,2007,3,1,2,1.5,140000.0,4,3,1,1,0,6,12
320,2901,1277,23,1298,2018,9,1,5,2.4,45494.0,4,0,1,1,0,14,12
321,1882,442,58,1124,2017,9,1,2,1.8,47672.0,4,0,1,1,0,14,12
323,11290,631,21,669,2013,9,0,2,1.3,438886.75,4,0,1,1,1,1,8
324,6586,0,5,66,1997,9,0,4,1.8,270000.0,4,1,2,1,0,6,2
325,14426,0,58,423,2006,9,1,2,2.4,188800.0,4,3,1,1,0,7,8
327,27284,631,58,429,2014,9,1,5,2.5,438886.75,4,2,1,1,0,1,12
328,21639,1091,55,706,2016,4,0,5,2.5,34000.0,4,3,0,1,0,14,7
329,7840,790,23,838,2009,3,1,5,1.6,140000.0,4,0,1,1,0,12,4
330,7840,0,36,556,1998,9,0,0,2.0,180003.0,4,1,2,1,0,1,4
332,1646,1292,36,763,2016,4,1,5,3.0,59099.0,6,0,0,1,0,14,0
333,24198,640,23,1401,2013,4,1,1,2.0,124000.0,4,0,1,1,0,12,4
334,25365,502,21,669,2013,3,1,5,1.5,34682.0,4,0,1,1,0,7,4
335,1725,777,8,978,2014,9,1,5,2.5,310061.0,4,0,1,1,0,2,12
336,314,1399,0,1355,2010,9,1,5,3.5,162453.0,6,0,1,1,0,12,12
337,17249,586,58,1124,2012,9,0,2,1.8,22400.0,4,0,1,1,0,14,8
338,470,1399,36,586,2010,9,1,5,3.5,229904.0,6,0,0,1,0,1,12
339,31361,639,23,1298,2014,9,1,5,2.0,62000.0,4,2,1,1,0,14,12
340,4704,1047,23,618,2007,9,1,1,1.6,54279.0,4,0,1,1,0,12,4
342,26372,640,23,1401,2013,4,1,1,2.0,120534.0,4,0,1,1,0,12,4
343,13485,0,5,1491,2003,4,1,4,3.0,189000.0,6,2,0,1,1,1,10
345,6429,1211,36,332,2010,9,1,5,3.0,108517.0,6,0,0,1,0,14,12
347,39829,1811,32,780,2010,4,1,5,3.7,155821.0,8,0,0,1,0,1,0
348,13172,1793,36,586,2011,9,1,1,3.7,325811.0,8,0,0,1,0,1,12
349,627,1077,58,364,2019,4,1,5,2.0,24339.0,4,0,1,1,0,2,12
350,8097,790,11,909,2009,9,1,5,1.6,130000.0,4,0,1,1,0,1,4
352,18503,0,23,1298,2012,9,0,2,2.0,280480.0,4,0,1,1,0,12,9
353,12231,574,21,858,2010,9,0,2,1.3,150000.0,4,3,1,1,0,1,12
354,40,0,21,669,2002,3,0,5,1.3,135000.0,4,3,1,1,1,1,4
355,17054,862,23,812,2011,10,1,1,2.5,237853.0,4,0,1,1,0,12,4
356,5300,0,21,1347,2001,10,0,5,2.0,111000.0,4,0,1,1,1,1,6
357,9565,765,23,1298,2015,9,1,4,2.0,42000.0,4,0,1,1,0,8,4
358,24302,765,8,978,2015,9,1,1,2.0,60618.0,4,0,1,1,0,1,4
359,18817,0,58,423,2009,9,1,5,2.4,230400.0,4,0,1,1,0,12,12
360,1960,777,41,249,2014,9,1,5,2.5,127918.0,4,0,1,1,0,11,12
361,17249,631,23,1298,2016,9,0,5,2.4,438886.75,4,2,1,1,0,1,10
362,15530,891,23,1298,2016,9,1,4,2.0,280016.0,4,0,1,1,0,12,4
363,11290,891,23,1298,2016,9,1,4,2.0,270874.0,4,0,1,1,0,12,4
364,24148,0,58,1124,2013,3,0,2,1.8,118000.0,4,0,1,1,0,13,12
365,10036,639,23,1298,2014,9,1,4,2.0,362868.0,4,0,1,1,0,12,4
366,18817,697,23,618,2015,9,0,5,1.8,85000.0,4,2,1,1,0,1,12
367,10349,308,32,402,2014,3,1,2,1.8,132563.0,4,0,1,1,0,11,0
368,549,1399,32,1201,2010,4,1,5,3.5,138211.0,6,0,0,1,0,1,12
369,9252,765,23,1298,2015,9,1,4,2.0,391625.0,4,0,1,1,0,8,4
370,55823,930,23,1401,2018,4,1,1,1.7,38577.0,4,0,1,1,0,1,4
371,25089,0,58,423,2013,9,1,5,2.5,132800.0,6,2,2,1,0,2,12
372,18669,862,23,812,2011,7,1,1,2.5,52686.0,4,0,1,1,0,12,4
373,941,1058,32,1208,2012,4,1,2,3.5,232357.0,6,0,0,1,0,1,12
374,15053,1998,16,1381,2001,6,0,1,2.4,253206.0,4,1,2,1,0,14,2
375,10660,271,21,669,2014,3,1,2,1.5,76525.0,4,0,1,1,0,2,4
376,37000,891,23,1401,2016,4,1,1,2.0,80000.0,4,0,1,1,0,12,4
377,18826,707,54,1192,2011,4,1,1,2.0,186412.0,4,0,1,1,0,12,4
378,14583,1172,36,586,2011,9,1,1,3.5,230696.0,6,0,0,1,0,1,12
380,5645,706,39,837,2011,3,0,5,0.7,92000.0,3,0,1,1,1,3,2
381,18826,836,54,237,2010,4,1,1,2.0,120000.0,4,0,1,1,0,12,4
382,22649,707,23,1401,2011,4,1,1,2.0,142000.0,4,0,1,1,0,14,4
383,16590,862,23,812,2011,7,1,1,2.5,42415.0,4,0,1,1,0,14,4
384,31988,394,58,423,2014,9,0,2,2.5,51000.0,4,0,1,1,0,7,12
386,21012,456,58,423,2015,9,0,2,2.5,89000.0,4,3,1,1,0,12,0
387,10663,631,21,669,2014,3,0,2,1.5,438886.75,4,0,1,1,1,1,8
388,220,1053,36,586,2014,9,1,1,3.5,95987.0,6,0,0,1,0,1,12
389,13485,1481,61,779,2006,3,0,5,2.0,161000.0,4,1,1,1,0,1,8
390,5331,0,39,475,2003,3,0,5,1.3,241589.0,4,3,1,1,1,13,5
391,7370,0,42,1536,2000,7,0,5,1.8,260000.0,4,1,1,1,0,12,6
392,11900,1677,16,1381,2003,6,1,1,2.0,195000.0,6,1,1,0,0,15,4
393,17249,697,61,870,2015,9,1,5,1.8,55000.0,4,2,1,1,0,1,10
394,4391,0,39,1081,2006,4,0,5,0.7,314000.0,3,1,0,0,1,12,2
395,17876,1661,16,345,2013,3,1,2,2.0,120000.0,4,2,1,1,1,12,10
396,11604,0,21,669,2010,3,0,2,1.3,157000.0,4,2,1,1,1,14,2
397,13799,0,5,189,2005,9,1,5,3.7,240000.0,8,2,2,1,0,1,12
398,40769,1249,58,1188,2017,4,0,5,2.5,76000.0,4,2,0,1,0,1,12
399,7997,1850,32,1203,2008,4,1,2,3.5,244731.0,6,0,1,1,0,1,12
400,7840,0,36,570,1995,9,0,1,2.5,410918.0,2,1,1,1,0,14,2
401,14113,862,61,870,2011,9,1,5,2.5,156800.0,4,0,1,1,0,2,12
402,11917,0,21,669,2011,3,0,2,1.3,188000.0,4,0,1,1,1,2,8
403,12777,640,23,1298,2013,9,1,5,2.0,162558.0,4,0,1,1,0,1,4
404,18817,0,58,1132,2013,3,0,2,1.5,130000.0,4,0,1,1,0,11,12
405,23521,781,58,423,2012,9,1,2,2.5,83000.0,4,3,1,1,0,12,10
406,22580,1286,3,1160,2010,4,1,5,3.2,150400.0,6,2,0,1,0,7,7
407,392,690,32,1208,2016,4,1,2,3.5,27038.0,6,0,0,1,0,14,12
408,12544,645,58,1124,2011,3,0,2,1.8,284678.0,4,0,1,1,0,12,12
410,3450,631,23,1298,2011,9,1,2,2.4,438886.75,4,0,1,1,0,1,0
411,1882,308,58,1124,2014,3,1,2,1.8,263392.0,4,0,1,1,0,11,12
412,15991,1408,16,1381,2007,6,0,1,2.2,280000.0,4,1,1,1,0,14,2
413,11133,394,58,423,2014,9,1,2,2.5,179381.0,4,0,1,1,0,1,12
414,94,1017,23,618,2017,4,1,5,2.0,284251.0,4,0,1,1,0,7,12
415,34184,1058,36,586,2012,9,1,5,3.5,133000.0,6,0,2,1,0,1,12
416,21169,781,8,523,2018,9,0,5,1.4,25304.0,4,0,1,1,0,3,8
417,7495,1090,8,444,2008,4,1,1,2.0,71486.0,4,0,1,1,0,1,4
418,4861,645,32,402,2011,3,1,2,1.8,95590.0,4,0,1,1,0,14,12
419,13485,765,23,1298,2015,9,1,4,2.0,72369.0,4,0,1,1,0,12,4
420,81539,1935,32,780,2016,4,1,5,3.7,155976.0,8,0,0,1,0,14,0
421,20005,531,23,618,2012,9,1,5,1.6,147718.0,4,0,1,1,0,12,4
422,3000,0,55,1061,2003,2,0,5,2.5,1000.0,6,2,0,1,1,2,6
423,11917,631,58,423,2007,9,0,2,2.4,438886.75,4,3,1,1,0,1,12
426,627,586,32,402,2012,3,1,2,1.8,192683.0,4,0,1,1,0,14,0
427,12570,761,8,909,2010,9,1,5,1.8,152293.0,4,0,1,1,0,7,4
428,17249,0,33,1032,2004,4,1,4,3.7,438886.75,8,0,0,1,0,7,6
429,2800,0,5,85,1988,9,0,1,2.4,438886.75,6,1,2,1,0,2,4
430,6899,0,36,305,1997,9,0,0,1.8,0.0,4,1,1,1,0,1,4
431,14009,595,58,251,2015,3,1,5,1.5,137350.0,4,0,1,1,0,12,4
432,392,1514,32,781,2011,9,1,5,3.7,202048.0,8,0,0,1,0,14,0
433,8311,891,36,759,2016,4,1,5,2.0,109555.0,4,0,1,1,0,14,0
434,23521,0,58,492,2014,9,0,5,1.8,40000.0,4,0,1,1,0,6,16
435,25716,891,16,732,2016,9,1,5,2.0,65000.0,4,2,1,1,0,12,12
436,21730,831,23,618,2017,9,1,4,1.6,32510.0,4,0,1,1,0,2,4
437,80911,1325,23,812,2019,7,1,1,2.5,25541.0,4,0,1,1,0,1,4
439,12544,0,56,886,2000,4,0,5,1.3,125000.0,4,1,0,0,0,6,4
440,25299,642,23,1401,2012,4,1,1,2.0,160000.0,4,0,1,1,0,7,4
441,7213,880,8,523,2018,9,1,1,1.6,28515.0,4,0,1,1,0,7,12
442,6899,531,8,287,2012,3,1,5,1.6,94923.0,4,0,1,1,0,1,4
443,8154,1451,5,1511,2011,4,1,5,3.7,147677.0,8,0,0,1,0,11,12
444,18817,0,58,1124,2011,9,1,2,1.8,160000.0,4,2,1,1,0,12,12
445,61499,1077,23,1401,2019,4,1,1,2.0,1217.0,4,0,1,1,0,2,4
446,17249,0,58,1124,2010,9,0,2,1.8,256000.0,6,0,1,1,0,14,1
447,9879,1267,58,256,2013,3,0,2,1.5,137000.0,4,0,1,1,1,12,6
448,4000,0,60,4,1988,9,1,5,1.3,1000.0,4,1,2,1,0,6,6
449,17249,0,58,1124,2011,3,0,2,1.8,141000.0,4,0,1,1,0,7,6
450,51225,631,23,1298,2017,9,1,5,2.0,438886.75,4,0,1,1,0,1,4
452,17249,585,23,618,2013,9,1,5,1.8,64800.0,4,2,1,1,0,1,12
453,29166,0,16,646,2014,4,1,5,2.0,127000.0,4,2,0,1,0,12,8
454,188,765,36,759,2015,4,1,5,2.0,69555.0,4,0,1,1,0,11,12
455,79971,0,32,1029,2017,4,1,5,2.0,35000.0,4,2,1,1,0,0,12
456,11604,993,42,262,2006,2,0,1,1.3,27000.0,16,1,1,1,0,1,8
457,15681,0,17,81,1977,5,0,5,2.4,11111.0,6,1,2,1,0,1,0
458,2500,0,46,910,1995,9,0,5,2.0,32000.0,4,1,1,1,0,2,0
459,392,751,28,1049,2013,9,1,2,2.4,0.0,4,0,1,1,0,1,12
460,627,631,23,618,2018,9,1,5,2.0,438886.75,4,0,1,1,0,1,12
461,2274,247,21,858,2014,3,1,2,1.3,149970.0,4,0,1,1,0,7,0
462,19444,0,61,870,2015,9,1,5,1.8,102400.0,4,0,1,1,0,12,8
463,43592,1714,36,763,2017,4,1,5,3.5,39814.0,6,0,2,1,0,1,0
464,15367,878,58,1124,2009,3,0,2,1.8,174000.0,4,3,1,1,0,2,8
465,4861,1055,58,825,2013,4,1,5,3.5,125605.0,6,0,0,1,0,1,12
467,13564,631,8,1060,2012,4,1,1,2.0,438886.75,4,0,1,1,0,1,4
468,17876,642,16,345,2012,3,0,2,2.0,128205.0,4,0,1,1,0,12,10
469,10349,0,36,319,2002,9,1,5,2.4,2000.0,6,2,2,1,0,1,12
470,15000,0,55,927,2008,9,0,5,3.0,138000.0,6,2,0,1,0,1,8
471,12544,0,36,582,2004,9,1,5,3.2,205500.0,6,2,2,1,1,12,8
472,5600,0,5,66,1996,9,0,5,1.8,1000.0,4,1,2,1,0,7,2
473,14583,919,5,1491,2012,4,1,1,3.0,229966.0,6,0,0,1,0,1,0
474,36827,1249,23,812,2017,10,1,1,2.5,137000.0,4,0,1,1,0,14,4
475,21639,1172,58,825,2011,9,1,2,3.5,368064.0,6,0,0,1,0,7,12
476,9,631,58,1124,2005,9,0,2,1.6,438886.75,1,0,0,1,0,1,5
477,14113,0,41,636,2003,7,0,4,3.5,155000.0,6,2,0,1,1,5,4
478,40340,730,54,237,2016,4,1,1,1.6,59272.0,4,0,1,1,0,14,4
479,10976,503,21,669,2012,3,0,5,1.5,216000.0,4,2,1,1,0,7,12
480,25089,919,36,332,2012,9,1,5,3.0,86000.0,6,2,0,1,0,14,12
481,300,0,58,921,2019,4,1,5,2.7,120.0,4,0,0,1,0,14,10
482,18688,707,23,1270,2011,4,1,1,2.0,143166.0,4,0,1,1,0,7,4
483,69935,1646,32,781,2015,4,1,5,3.7,273493.0,8,0,0,1,0,12,0
485,42337,631,32,781,2006,4,1,0,3.7,438886.75,8,0,0,1,0,1,0
486,23834,697,16,1381,2012,6,0,1,2.2,141000.0,4,1,1,1,0,14,2
487,16621,631,36,586,2011,9,1,1,3.5,438886.75,6,0,0,1,0,1,12
488,314,1017,36,580,2017,9,1,5,2.0,26802.0,4,0,2,1,0,1,12
489,16000,0,16,345,2014,3,0,2,2.0,272000.0,4,0,1,1,0,7,4
490,11917,530,23,618,2013,9,1,5,1.6,31691.0,4,0,1,1,0,14,4
491,13485,1018,5,91,2011,9,1,5,3.0,120000.0,6,2,0,1,0,1,12
493,15994,777,58,423,2014,9,0,5,2.5,438886.75,4,0,1,1,0,12,0
494,5175,0,36,568,1998,9,1,0,2.4,0.0,4,0,2,1,1,1,2
495,15367,0,16,1362,2014,9,1,4,3.7,290000.0,6,0,0,1,0,7,8
496,15994,0,23,1425,2011,3,0,5,1.6,73600.0,4,1,1,0,0,4,6
497,11917,641,8,1060,2012,4,1,1,2.0,79749.0,4,0,1,1,0,12,4
500,21953,0,23,1298,2013,9,0,2,2.4,20000.0,2,2,1,1,1,1,4
501,13808,891,23,1298,2016,9,1,4,2.0,38206.0,4,0,1,1,0,14,4
502,392,862,35,411,2011,4,1,5,2.5,183728.0,4,0,1,1,0,2,12
504,3300,0,46,1407,2001,3,0,5,1.2,777.0,4,1,1,0,0,10,4
505,22947,836,23,1401,2010,4,1,1,2.0,171344.0,4,0,1,1,0,7,4
506,40769,919,5,159,2012,9,1,5,3.0,58450.0,6,2,2,1,0,7,12
507,7840,585,32,402,2013,3,1,2,1.8,65989.0,4,0,1,1,0,12,0
508,9408,0,39,1077,1993,4,0,0,3.0,430000.0,6,1,0,1,0,2,0
509,25089,777,58,423,2014,9,1,5,2.5,125000.0,4,2,1,1,0,7,12
510,282,2455,32,781,2008,4,1,5,3.7,218126.0,8,0,0,1,0,1,0
511,10976,0,36,1244,1997,9,1,5,3.7,167000.0,8,0,2,1,0,1,8
512,5488,394,58,423,2014,9,1,2,2.5,109798.0,4,0,1,1,0,14,12
513,5000,0,5,66,1997,1,0,5,1.8,438886.75,4,1,2,0,0,1,4
514,9722,1111,58,1457,2012,3,0,5,1.3,130000.0,4,0,0,1,1,14,4
515,16621,1511,23,788,2010,1,1,5,3.7,151977.0,4,0,1,1,0,2,4
516,13956,603,32,1208,2015,4,1,2,3.5,143619.0,6,0,0,1,0,1,12
517,9418,765,23,1298,2015,9,1,5,2.0,438886.75,4,0,1,1,0,14,4
518,24415,642,54,902,2012,4,1,1,2.0,135490.0,4,0,1,1,0,1,4
519,3763,0,5,134,1989,9,0,5,2.0,199000.0,6,1,2,1,0,14,0
520,470,353,32,402,2015,3,1,2,1.8,115347.0,4,0,1,1,0,7,0
521,10036,0,5,139,2000,9,1,5,2.5,320000.0,6,2,2,1,0,1,4
522,1725,584,23,618,2014,9,1,5,1.8,107155.0,4,0,1,1,0,1,12
523,549,584,23,618,2014,9,1,5,1.8,140082.0,4,0,1,1,0,1,12
524,314,781,58,423,2012,9,1,2,2.5,249422.0,4,0,1,1,0,1,12
525,5645,0,42,1416,1997,10,0,5,2.0,200000.0,4,1,1,1,0,14,4
526,10976,1266,58,492,2014,9,0,2,1.5,100000.0,4,3,1,1,1,12,8
527,4547,1598,36,961,2008,4,1,1,3.0,213998.0,6,0,0,1,0,12,12
528,21285,502,58,251,2013,3,1,5,1.5,52500.0,4,0,1,1,0,2,4
529,29793,1053,36,586,2014,9,1,1,3.5,219030.0,6,0,0,1,0,1,12
533,19130,0,3,216,2010,9,1,5,2.0,168000.0,4,0,0,1,0,12,12
534,1900,0,16,786,2001,7,0,5,2.2,11111.0,5,0,1,1,0,2,6
535,35570,877,23,1401,2017,4,1,1,1.7,97880.0,4,0,1,1,0,14,4
536,8781,503,58,1132,2012,3,0,2,1.5,175000.0,4,0,1,1,0,1,10
537,12544,0,56,901,2010,9,0,5,2.4,263157.0,4,2,1,1,0,1,0
538,24148,749,23,1401,2014,4,1,5,2.4,128000.0,4,2,0,1,0,11,8
539,706,585,58,1124,2013,3,1,2,1.8,105328.0,4,0,1,1,0,14,12
540,22580,308,58,1124,2014,9,1,2,1.8,160000.0,4,0,1,1,0,1,10
542,12858,0,58,1124,2008,9,0,2,1.5,210452.0,4,3,1,1,0,12,8
543,8154,1236,21,669,2011,9,0,5,1.3,185000.0,4,0,1,1,1,1,2
544,1800,0,61,798,1998,3,0,5,1.8,30000.0,4,0,1,1,1,11,4
545,4861,333,16,722,2014,9,1,2,2.0,137328.0,4,0,1,1,0,12,0
546,36065,1018,5,1491,2011,4,1,5,3.0,129600.0,6,2,0,1,0,1,12
548,17876,1077,58,364,2019,4,1,5,2.0,19968.0,4,0,1,1,0,14,12
549,18189,639,5,88,2014,9,1,1,2.0,250491.0,4,0,2,1,0,14,12
550,24775,0,16,722,2013,9,1,5,1.6,46000.0,4,2,1,1,0,14,8
551,15257,707,23,1298,2011,9,1,5,2.0,163374.0,4,0,1,1,0,7,4
552,16900,1141,21,635,2009,10,0,5,2.4,120000.0,4,0,0,1,0,1,6
553,14740,397,10,351,2011,3,0,5,1.0,233700.0,4,1,1,1,0,14,6
554,10976,0,41,1477,2004,4,1,5,2.0,121856.0,4,0,0,1,1,0,6
555,22825,642,8,1060,2012,4,1,1,2.0,137433.0,4,0,1,1,0,14,4
556,12544,530,28,1194,2013,9,0,5,1.6,137000.0,4,0,1,1,0,1,4
557,16935,353,32,402,2015,3,1,2,1.8,94949.0,4,0,1,1,0,14,0
558,20385,631,16,1024,2013,1,1,5,3.7,438886.75,6,1,2,0,0,1,12
559,10976,0,31,550,1995,4,0,1,2.5,200000.0,4,1,0,1,1,2,0
560,38213,1079,21,469,2018,9,1,5,2.0,0.0,4,0,1,1,0,14,4
561,44134,730,54,237,2016,4,1,1,1.6,48910.0,4,0,1,1,0,14,4
562,8467,0,36,319,2001,9,1,5,2.6,0.0,6,2,2,1,0,12,8
563,392,631,58,423,2013,4,1,2,2.5,438886.75,4,0,1,1,0,1,12
564,4391,0,61,1430,1994,9,0,1,1.9,85000.0,4,1,1,1,0,1,1
565,7213,0,36,309,2001,1,0,5,2.0,183000.0,4,2,2,0,1,1,4
566,9565,784,21,469,2017,9,1,5,1.5,58282.0,4,0,1,1,0,14,12
567,348,0,61,870,1999,9,0,0,2.0,284000.0,4,1,1,1,0,14,4
568,12544,1024,61,870,2010,9,1,5,2.5,110000.0,4,2,1,1,0,12,6
569,24148,0,5,1491,2007,4,1,5,3.7,210000.0,8,2,0,1,0,1,8
570,6272,1357,42,262,2004,10,0,5,1.6,171000.0,4,1,1,1,0,14,0
571,100,0,23,1298,2013,9,1,5,2.4,77000.0,4,2,1,1,0,14,8
572,18817,0,5,147,2005,9,1,5,3.0,170000.0,6,2,2,1,0,2,8
573,119172,1301,5,948,2014,1,1,5,3.7,33500.0,8,2,2,1,0,14,12
574,10663,1236,21,669,2011,9,1,2,1.3,127000.0,4,3,1,1,1,1,2
575,44247,765,23,1270,2015,4,1,1,2.0,153958.0,4,0,1,1,0,14,4
576,9408,0,5,85,2004,1,1,5,2.5,346080.0,6,2,2,0,0,1,6
577,19444,650,61,870,2016,9,0,5,1.4,36000.0,4,2,1,1,0,7,6
578,11917,0,58,1124,2008,9,0,2,1.8,200000.0,4,0,1,1,0,7,0
579,75266,0,36,974,2012,4,1,5,3.7,167000.0,8,2,0,1,0,1,10
580,54157,900,21,469,2015,9,1,5,2.4,78006.0,4,0,1,1,0,8,4
581,49889,770,23,1401,2016,4,1,1,1.7,71867.0,4,0,1,1,0,1,4
582,9408,988,58,1124,2007,3,0,2,1.5,113000.0,4,0,1,1,0,13,8
583,23834,810,58,496,2016,3,0,5,1.8,102500.0,4,0,1,1,0,14,10
584,22894,779,58,423,2013,9,0,5,2.5,101000.0,4,2,1,1,0,1,10
585,10976,0,36,381,2004,1,0,5,2.4,89000.0,4,2,2,0,1,12,10
586,5604,922,11,909,2009,9,1,5,1.9,44521.0,4,0,1,1,0,12,4
587,17876,0,16,693,2013,9,1,5,1.6,160000.0,4,2,1,1,0,1,4
588,18189,586,23,618,2012,9,1,5,1.8,136000.0,4,2,1,1,0,1,8
589,70,0,16,1381,2007,2,0,1,2.4,350000.0,4,1,2,1,0,14,0
590,10976,1266,21,669,2014,3,0,2,1.5,121000.0,4,3,1,1,1,12,0
591,27911,0,38,486,2013,1,1,5,1.6,56000.0,4,1,1,0,0,12,10
592,6429,1438,42,479,2003,2,0,1,1.7,171339.0,4,1,1,0,0,14,2
593,470,753,23,1298,2012,4,1,2,2.4,123862.0,4,0,1,1,0,14,0
594,40769,1091,58,1179,2016,4,0,5,2.5,99200.0,4,2,0,1,0,1,10
595,7840,0,5,134,2003,9,1,0,2.5,260000.0,6,2,2,1,0,12,8
596,25089,0,13,463,2012,1,0,5,3.6,112000.0,6,2,2,0,0,7,6
597,10976,0,36,556,1993,9,0,0,2.0,0.0,4,1,2,1,0,1,2
598,7213,0,36,313,1995,9,1,5,2.2,438886.75,4,0,1,1,0,1,6
599,22894,0,5,88,2010,1,1,5,3.0,157000.0,6,2,0,0,0,1,8
600,7840,0,36,305,2000,9,0,5,2.0,136000.0,4,2,2,1,1,2,6
601,784,1646,32,780,2015,9,1,5,3.7,129931.0,8,0,0,1,0,1,0
602,12231,765,23,1298,2015,9,1,4,2.0,348486.0,4,0,1,1,0,12,4
603,11917,0,32,1200,2002,4,1,5,3.0,201000.0,6,0,0,1,0,12,8
604,51746,1249,58,1179,2017,4,1,5,2.5,34454.0,4,0,1,1,0,4,12
605,17035,707,23,1298,2011,9,1,5,2.0,200867.0,4,0,1,1,0,1,4
606,3100,0,3,209,2002,9,1,5,3.0,11111.0,6,0,0,1,0,2,6
607,188,308,58,1124,2014,3,1,2,1.8,140414.0,4,0,1,1,0,14,12
608,27654,629,23,618,2015,9,1,5,1.6,87534.0,4,0,1,1,0,7,4
609,17719,0,28,1049,2013,9,1,5,2.0,91000.0,4,0,1,1,0,14,8
610,94,1058,36,961,2012,4,1,1,3.5,224118.0,6,0,0,1,0,14,12
611,14081,1024,23,812,2010,7,1,1,2.5,124850.0,4,0,1,1,0,14,4
612,706,639,3,209,2014,9,1,5,2.0,162032.0,4,0,1,1,0,1,0
613,282,761,58,1124,2010,3,1,2,1.8,265315.0,4,0,1,1,0,14,12
614,2666,900,23,1298,2015,9,1,5,2.4,234618.0,4,0,1,1,0,11,12
615,23994,730,8,1060,2016,4,1,1,1.6,125774.0,4,0,1,1,0,14,4
616,13172,0,5,71,2003,9,0,5,2.2,190000.0,6,2,2,1,0,14,5
617,14740,645,58,1124,2011,3,0,2,1.8,161000.0,4,3,1,1,0,2,11
618,59586,0,58,1179,2017,4,0,5,2.5,32000.0,6,0,1,1,0,14,10
619,18817,397,58,1124,2016,9,1,2,1.8,80000.0,4,2,1,1,0,7,12
620,11563,687,23,618,2010,9,1,5,1.6,130814.0,4,0,1,1,0,12,4
621,45376,631,23,1270,2016,4,1,1,2.0,438886.75,4,0,1,1,0,1,4
622,15681,0,58,1179,2002,4,0,5,2.0,140000.0,4,1,0,1,0,12,8
623,33707,877,23,1401,2017,4,1,1,1.7,143544.0,4,0,1,1,0,14,4
624,12544,0,16,1381,1999,6,0,1,2.4,0.0,4,1,2,0,0,14,0
625,11604,639,23,1298,2014,9,1,4,2.0,418369.0,4,0,1,1,0,12,4
626,6800,0,5,139,2000,9,0,0,2.5,157000.0,6,1,2,1,0,2,4
627,17876,0,23,618,2013,9,0,5,1.6,84800.0,4,2,1,1,0,12,8
628,188,308,58,1124,2014,4,1,2,1.8,187334.0,4,0,1,1,0,14,12
629,18189,0,36,586,2006,9,1,5,3.5,220000.0,6,2,2,1,0,12,12
630,28225,0,32,1205,2008,4,1,2,3.3,119000.0,6,0,0,1,0,2,10
631,2509,0,58,501,2007,7,0,1,2.2,112000.0,4,1,1,1,0,1,4
632,44247,1091,23,812,2016,10,1,1,2.5,51831.0,4,0,1,1,0,7,4
633,71503,607,58,423,2019,9,0,2,2.5,3000.0,4,2,1,1,0,7,8
634,7213,0,39,1079,1998,4,0,5,1.8,200000.0,4,0,0,0,0,12,2
635,4077,631,32,780,2012,4,1,5,3.7,438886.75,8,0,0,1,0,1,0
636,6586,0,36,556,1999,9,1,5,2.0,318406.0,4,1,2,1,0,2,6
637,15681,0,5,146,2008,9,1,5,3.0,190000.0,6,2,2,1,0,1,6
638,3763,1714,58,1360,2017,9,1,5,3.5,174827.0,6,0,0,1,0,12,12
639,157,1451,5,1491,2011,9,1,5,3.7,139363.0,8,0,0,1,0,1,0
640,13172,891,23,1298,2016,9,1,4,2.0,438886.75,4,0,1,1,0,8,4
641,6586,639,3,209,2014,9,1,5,2.0,123640.0,4,0,0,1,0,2,12
642,47042,1017,3,1160,2017,4,1,5,2.0,75186.0,4,0,0,1,0,1,0
643,5865,966,11,909,2009,9,1,1,2.0,39031.0,4,0,1,1,0,2,4
644,20883,707,54,237,2011,4,1,1,2.0,102000.0,4,0,1,1,0,1,4
645,10976,0,21,1042,2008,7,0,4,2.4,20000.0,4,3,1,1,1,7,6
646,23521,0,39,904,2010,8,0,1,2.4,175000.0,4,1,0,1,0,14,2
647,25402,638,54,1192,2014,4,1,1,2.0,67861.0,4,0,1,1,0,4,4
648,9095,1236,21,669,2011,3,0,2,1.3,14590.0,4,0,1,1,1,7,0
649,2666,585,23,618,2013,1,1,5,1.8,89962.0,4,0,1,0,0,2,12
650,87497,0,58,423,2019,9,1,5,2.5,25000.0,4,2,1,1,0,14,12
651,5018,631,58,423,2013,9,1,2,2.5,438886.75,4,0,1,1,0,1,12
652,12231,0,23,1401,2008,4,0,5,2.0,270000.0,4,1,0,1,0,1,4
653,11604,490,21,859,2011,3,0,2,1.3,150000.0,4,3,1,1,0,7,8
654,20005,531,23,618,2012,9,1,5,1.6,36239.0,4,0,1,1,0,7,4
655,5018,779,58,423,2013,9,1,2,2.5,190549.0,4,0,1,1,0,1,12
656,13799,528,16,694,2014,3,0,5,1.6,134400.0,3,0,1,1,0,7,0
657,13068,836,54,237,2010,4,1,1,2.0,127500.0,4,0,1,1,0,12,4
658,14113,642,16,697,2012,3,0,5,2.0,2012.0,4,2,1,1,0,1,12
659,314,585,23,618,2013,9,1,5,1.8,157859.0,4,0,1,1,0,1,12
660,1019,900,23,1270,2015,4,1,5,2.4,245653.0,4,0,1,1,0,1,12
661,16465,431,16,345,2016,3,0,6,2.0,0.0,4,0,1,1,0,14,0
662,7300,0,41,1364,2004,9,0,5,2.3,160000.0,6,0,1,1,1,12,6
663,6899,790,11,909,2009,9,1,5,1.6,50549.0,4,0,1,1,0,12,4
664,3293,565,8,989,2007,9,1,5,0.8,134863.0,4,0,1,1,0,5,4
665,17249,0,23,1298,2011,9,1,4,2.0,72000.0,4,2,1,1,0,12,0
666,10192,761,11,909,2010,9,1,5,1.8,46527.0,4,0,1,1,0,1,4
667,39201,517,58,825,2014,9,1,2,3.5,166560.0,6,0,0,1,0,1,12
668,36235,585,21,469,2013,9,1,5,1.8,87000.0,4,0,1,1,0,2,4
669,22843,642,54,902,2012,4,1,1,2.0,125926.0,4,0,1,1,0,1,4
670,21699,642,8,978,2012,9,1,5,2.0,65006.0,4,0,1,1,0,12,4
671,25299,707,23,1401,2011,4,1,1,2.0,134312.0,4,0,1,1,0,1,4
672,2300,0,35,994,2006,3,0,5,1.6,11111.0,4,0,1,1,1,7,6
673,392,779,58,423,2013,9,1,2,2.5,232032.0,4,0,1,1,0,12,12
674,2500,0,42,502,1996,1,0,5,1.4,280000.0,4,1,1,0,0,2,0
675,40142,639,5,88,2014,9,1,5,2.0,74000.0,4,2,2,1,0,14,12
676,19124,502,21,669,2013,3,1,2,1.5,94500.0,4,0,1,1,0,11,4
677,11604,988,46,1274,2007,7,0,1,1.5,240000.0,4,1,1,1,0,1,6
678,7213,0,5,139,1998,9,0,5,2.5,100000.0,6,1,2,2,0,12,6
679,11917,833,8,444,2010,4,1,1,2.0,61232.0,4,0,1,1,0,14,4
680,17249,0,5,71,2005,9,0,1,2.0,284000.0,4,1,2,1,0,7,9
681,23521,640,16,345,2013,3,1,2,2.0,200925.0,4,3,1,1,0,1,12
682,784,765,32,1029,2015,4,1,5,2.0,109336.0,4,0,0,1,0,7,12
683,11604,489,8,1322,2016,9,1,5,1.0,31970.0,4,0,1,1,0,14,4
684,18503,585,23,618,2013,9,0,5,1.8,117000.0,4,2,1,1,0,7,8
685,14113,0,58,251,2012,3,0,2,1.5,111111.0,4,0,1,1,1,6,4
686,5959,0,41,982,2004,3,0,5,1.4,177000.0,4,0,1,1,1,15,4
687,92502,1760,27,1471,2017,4,1,5,3.6,13897.0,4,0,1,1,0,7,4
689,32035,640,54,1192,2013,4,1,1,2.0,152847.0,4,0,1,1,0,12,4
690,14376,769,23,1270,2011,4,1,1,2.2,78305.0,4,0,1,1,0,14,4
691,220,753,23,1401,2012,4,1,5,2.4,221126.0,4,0,1,1,0,1,0
692,25089,986,32,821,2010,9,1,2,2.4,64000.0,4,0,1,1,0,11,10
693,6899,0,21,669,2003,9,0,5,1.3,155000.0,4,0,1,1,1,2,6
694,5488,1077,23,618,2019,9,1,5,2.0,29496.0,4,0,1,1,0,1,12
695,18817,631,58,1124,2012,3,0,2,1.8,438886.75,4,3,1,1,0,1,12
696,3450,831,23,1298,2011,9,1,2,2.4,224349.0,4,0,1,1,0,7,0
697,25,0,21,669,2005,3,0,5,1.3,157000.0,4,0,1,1,1,12,4
698,7997,0,61,870,2003,9,1,5,2.0,137000.0,4,1,1,1,0,1,8
699,38888,1249,58,1179,2017,4,0,5,2.5,50000.0,4,0,0,1,0,7,10
700,1882,1399,13,888,2010,4,1,5,3.5,243477.0,6,0,1,1,0,2,12
701,35438,2455,32,781,2008,4,1,5,3.7,146000.0,8,0,0,1,0,14,8
702,1019,765,23,1401,2015,4,1,5,2.0,0.0,4,0,1,1,0,1,0
703,23207,900,23,1310,2015,9,1,5,2.4,67840.0,4,2,1,1,0,1,8
704,17092,891,23,628,2016,9,0,5,2.0,71886.0,4,0,1,1,0,12,8
705,7150,631,21,669,2012,3,0,5,1.3,438886.75,4,0,1,1,1,1,4
706,188,1172,32,1208,2011,4,1,2,3.5,101816.0,6,0,0,1,0,1,12
707,8154,0,39,240,2002,4,0,4,0.4999999999999998,18800.0,4,2,0,1,0,1,2
709,9408,0,41,982,2010,9,0,5,1.2,97524.0,3,0,1,1,1,10,2
710,24148,810,58,278,2016,3,0,5,1.8,10200.0,4,0,1,1,0,14,10
711,59272,0,36,961,2012,4,1,1,3.0,131000.0,6,0,0,1,0,7,10
712,11604,1841,36,572,2000,9,1,1,2.2,438886.75,8,0,2,1,0,12,0
713,20385,333,16,345,2014,10,1,2,2.0,62000.0,4,0,1,1,0,4,8
714,14426,645,23,618,2011,9,0,5,1.8,195200.0,4,2,1,1,0,14,12
715,6144,631,8,444,2007,4,1,1,2.0,438886.75,4,0,1,1,0,1,4
716,45473,0,58,688,2008,4,0,5,3.7,185600.0,5,0,0,1,0,1,4
717,15994,1172,36,586,2011,1,1,1,3.5,170429.0,6,0,2,0,0,12,12
719,18189,1620,58,1179,2006,4,0,1,2.2,198000.0,4,1,0,1,0,1,4
720,1333,1079,16,697,2018,9,1,5,2.0,107664.0,4,0,1,1,0,1,12
721,1960,779,32,608,2013,9,1,2,2.5,87952.0,4,0,1,1,0,12,12
722,26030,382,8,1461,2017,3,1,2,1.5,52062.0,4,0,1,1,0,2,0
723,48000,0,5,940,2010,1,1,5,3.7,160000.0,8,1,2,0,0,11,10
724,81539,1360,32,780,2013,4,1,5,3.7,76800.0,12,2,0,1,0,1,0
725,8781,0,58,867,2002,3,0,5,1.5,117000.0,4,0,0,1,1,11,4
726,627,1058,36,586,2012,9,1,1,3.5,318285.0,6,0,0,1,0,1,12
727,5802,474,8,1461,2013,3,1,2,1.4,0.0,4,0,1,1,0,7,12
728,8624,642,8,523,2012,9,1,1,2.0,62649.0,4,0,1,1,0,14,4
729,21953,0,23,618,2016,9,1,5,1.8,77600.0,4,2,1,1,0,14,12
730,15681,765,16,697,2015,9,1,5,2.0,90000.0,4,2,1,1,0,7,9
731,8154,639,23,1298,2014,9,1,4,2.0,438886.75,4,0,1,1,0,8,4
732,53000,1325,58,429,2019,9,1,5,2.5,500.0,4,2,1,1,0,1,12
733,21181,631,23,1401,2010,4,1,1,2.0,438886.75,4,0,1,1,0,1,4
734,15681,1811,32,780,2010,4,1,5,3.7,275240.0,8,0,0,1,0,12,0
735,862,1399,8,854,2010,9,1,5,3.5,217656.0,6,0,1,1,0,1,12
736,27284,631,8,1461,2014,3,0,6,1.4,438886.75,4,0,1,1,0,1,10
737,39458,730,54,237,2016,4,1,1,1.6,70259.0,4,0,1,1,0,14,4
739,31581,777,23,812,2014,7,1,1,2.5,96893.0,4,0,1,1,0,12,4
740,117290,0,36,1237,2014,9,1,1,3.0,222222.0,6,2,2,1,0,1,12
741,7840,0,36,582,1997,9,1,0,3.2,111111.0,6,0,2,1,0,1,6
742,20385,0,58,1124,2013,3,0,2,1.8,134720.0,4,3,1,1,0,2,6
743,12287,1047,23,618,2007,9,1,5,1.6,39079.0,4,0,1,1,0,12,4
744,20266,1099,54,1192,2010,4,1,1,2.7,217000.0,4,0,1,1,0,1,4
745,2822,978,58,492,2019,9,1,5,1.8,39254.0,4,0,1,1,0,14,12
746,16283,891,23,1298,2016,9,1,4,2.0,55225.0,4,0,1,1,0,1,4
747,71503,1360,32,780,2013,4,1,5,3.7,111000.0,8,0,0,1,0,3,12
748,8467,639,23,1298,2014,9,1,4,2.0,438886.75,4,0,1,1,0,8,4
749,27654,836,23,1401,2010,4,1,1,2.0,84154.0,4,0,1,1,0,1,4
750,2509,585,23,618,2013,3,1,5,1.8,279182.0,4,0,1,1,0,11,12
751,13172,474,15,128,2013,0,1,5,1.4,70000.0,4,0,1,0,0,2,6
752,16123,836,23,788,2010,1,1,5,2.0,123187.0,4,0,1,1,0,1,4
753,3,0,41,1476,2004,4,0,5,3.3,323200.0,6,0,0,1,0,1,2
754,9408,0,39,1018,2000,4,0,4,3.0,214000.0,6,0,2,1,0,1,4
755,11917,531,23,838,2012,3,1,1,1.6,78807.0,4,0,1,1,0,12,4
756,9565,915,3,226,2014,3,1,5,3.0,191373.0,6,0,0,1,0,7,0
757,9408,0,39,1077,1998,4,0,5,3.5,212000.0,4,0,0,1,1,12,2
758,17876,333,16,345,2014,9,1,6,2.0,163000.0,4,2,1,1,0,1,12
759,1411,1624,36,586,2009,9,1,1,3.5,266061.0,6,0,0,1,0,1,12
760,13485,474,8,534,2013,9,1,5,1.4,123000.0,4,0,2,1,0,1,8
762,19864,629,23,618,2015,9,1,1,1.6,52313.0,4,0,1,1,0,14,4
763,15053,0,5,1510,2005,4,1,5,3.0,250000.0,6,2,0,1,1,1,4
764,15000,0,61,870,2009,9,1,1,2.0,300000.0,4,1,1,1,0,14,12
765,7527,0,58,865,2002,7,0,0,2.4,180000.0,4,0,1,1,1,1,4
766,7683,0,41,1370,2005,9,1,5,1.5,21000.0,4,3,1,1,1,14,3
767,19444,0,38,506,2011,9,1,5,1.6,218000.0,4,2,1,1,0,11,6
768,15681,585,58,493,2013,9,0,5,1.8,132800.0,4,0,1,1,0,14,10
769,13642,1185,23,812,2009,7,1,1,2.5,75631.0,4,0,1,1,0,12,4
770,706,1058,58,423,2012,9,1,5,3.5,132165.0,6,0,1,1,0,7,12
771,17249,697,23,618,2015,9,0,5,1.8,84291.0,4,0,1,1,0,1,0
772,25,0,36,204,2002,3,1,5,1.9,145000.0,4,2,1,1,1,1,4
773,11604,642,16,697,2012,9,0,5,2.0,68000.0,4,0,1,1,0,14,8
774,10663,1185,23,812,2009,7,1,1,2.5,85241.0,4,0,1,1,0,14,4
775,13172,0,36,1261,1998,0,0,5,2.3,130000.0,4,0,2,0,0,14,4
776,20278,640,8,978,2013,9,1,5,2.0,156666.0,4,0,1,1,0,1,4
777,15367,0,41,1229,2010,4,0,5,2.5,150000.0,4,3,1,1,0,1,8
778,25083,730,23,618,2016,9,1,1,1.6,133200.0,4,0,1,1,0,14,4
779,5500,0,41,982,2004,3,0,5,1.2,200000.0,4,0,1,1,0,15,2
781,38574,0,36,1445,2011,7,1,1,2.2,145000.0,4,2,2,1,0,1,8
782,15524,640,23,1401,2013,4,1,1,2.0,52303.0,4,0,1,1,0,12,4
783,34607,777,23,812,2014,7,1,1,2.5,27000.0,4,0,1,1,0,12,4
784,18817,0,23,618,2011,9,1,2,1.6,60000.0,4,3,1,1,0,14,8
785,14113,761,58,1124,2010,3,0,2,1.8,169000.0,4,0,1,1,0,12,12
786,10506,1266,58,251,2014,9,0,2,1.5,87000.0,4,0,1,1,1,14,2
787,470,531,41,889,2012,4,1,5,1.6,136712.0,4,0,0,1,0,14,0
788,18189,642,5,88,2012,9,1,5,2.0,142152.0,4,0,2,1,0,1,12
789,13172,1017,3,219,2017,9,1,5,2.0,0.0,4,0,0,1,0,1,12
790,314,639,55,706,2014,4,1,5,2.0,110098.0,4,0,0,1,0,14,0
791,16308,891,3,1158,2016,4,1,5,2.0,1717.0,4,0,0,1,0,1,0
792,44558,891,23,1270,2016,4,1,1,2.0,120337.0,4,0,1,1,0,1,4
793,21326,0,23,232,2016,9,0,5,1.6,80000.0,4,2,1,1,0,14,6
794,30596,730,23,618,2016,9,1,5,1.6,71672.0,4,0,1,1,0,14,4
796,28241,530,23,618,2013,9,1,5,1.6,50015.0,4,0,1,1,0,2,4
798,14426,915,23,810,2014,9,1,4,3.0,91456.0,4,0,1,1,0,1,4
799,6899,638,55,1343,2012,3,0,5,0.7,14000.0,3,0,1,1,1,12,0
800,8311,986,21,512,2010,4,1,5,2.4,106312.0,4,0,0,1,0,12,12
802,13485,0,5,1491,2001,4,1,5,3.0,240000.0,6,2,0,1,0,1,6
804,9722,0,41,1370,2005,3,0,5,1.5,97000.0,4,0,1,1,1,12,0
805,157,687,38,486,2010,3,1,5,1.6,195602.0,4,0,1,1,0,3,12
806,9722,1268,58,251,2012,3,0,2,1.5,107000.0,4,0,1,1,1,13,8
807,43905,1091,58,1179,2016,4,0,5,2.5,67000.0,4,2,0,1,0,14,8
808,27356,528,23,618,2014,9,1,1,1.6,90000.0,4,0,1,1,0,1,4
809,15173,645,8,523,2011,9,1,5,1.8,108901.0,4,0,1,1,0,7,4
810,25089,394,58,423,2014,9,1,2,2.5,203200.0,4,0,1,1,0,1,12
811,14426,530,41,889,2013,4,1,5,1.6,110531.0,4,0,0,1,0,11,0
812,15681,642,16,697,2012,3,0,5,2.0,192000.0,4,2,1,1,0,14,8
813,11917,0,5,71,2003,9,0,5,2.0,136950.0,4,2,2,1,0,11,6
814,25669,502,58,251,2013,3,1,5,1.5,105000.0,4,0,1,1,0,1,4
817,9565,631,21,834,2017,4,1,5,1.8,438886.75,4,0,0,1,0,1,12
818,314,333,16,722,2014,9,1,2,2.0,124493.0,4,0,1,1,0,14,0
819,14740,474,8,523,2013,9,0,5,1.4,78000.0,4,2,1,1,0,13,6
820,7997,631,58,1128,2014,9,1,2,1.8,438886.75,12,2,1,1,0,1,12
821,16308,0,13,541,2013,9,1,5,1.4,180000.0,4,1,1,1,0,1,12
822,37580,765,23,1270,2015,4,1,1,2.0,95200.0,4,0,1,1,0,7,4
823,31361,0,36,1234,2007,9,1,5,3.5,165000.0,6,0,2,1,0,1,0
824,6429,761,58,1124,2010,3,1,2,1.8,396350.0,4,0,1,1,0,1,12
825,42369,765,23,1298,2015,9,1,5,2.0,60304.0,4,0,1,1,0,1,4
826,15681,891,23,1298,2016,9,1,4,2.0,195432.0,4,0,1,1,0,12,4
827,16308,0,61,870,2013,9,0,5,2.0,94400.0,4,2,1,1,0,1,8
829,30000,0,41,1477,2018,8,1,5,2.5,18794.0,12,0,0,2,0,1,12
830,5331,0,61,794,2000,9,0,5,1.6,197457.0,4,1,1,1,0,14,4
831,3293,1307,9,23,2015,9,1,5,3.6,132502.0,6,0,2,1,0,1,12
832,31913,640,23,1270,2013,4,1,1,2.0,80758.0,4,0,1,1,0,12,4
833,2587,830,21,235,2019,1,1,5,1.5,16666.0,4,0,1,1,0,1,12
834,19757,0,58,1124,2011,9,1,5,1.8,268800.0,4,0,1,1,0,1,8
835,15681,781,61,1090,2012,9,1,5,2.5,154000.0,5,2,1,1,0,12,10
836,12858,631,32,780,2012,4,1,5,3.7,438886.75,8,0,0,1,0,1,0
837,4861,1324,58,825,2010,9,1,2,3.3,264877.0,6,0,0,1,0,14,12
838,5900,0,41,982,2002,9,0,5,1.2,0.0,4,0,1,1,0,5,0
839,57030,831,58,251,2018,3,1,5,1.5,5000.0,4,0,1,1,0,6,4
840,14009,503,58,251,2012,3,1,2,1.5,120570.0,4,0,1,1,0,2,4
841,14113,639,8,523,2014,9,1,1,2.0,164800.0,4,2,1,1,0,1,10
842,35269,770,23,1401,2016,4,1,1,1.7,140000.0,4,0,1,1,0,14,4
843,50297,696,26,1520,2013,9,1,1,2.2,74438.0,4,0,1,1,0,14,4
844,19369,781,23,812,2012,10,1,1,2.5,205425.0,4,0,1,1,0,15,4
845,2195,1079,58,364,2018,4,1,5,2.0,22816.0,4,0,1,1,0,7,12
846,12544,473,8,523,2014,9,0,5,1.4,88886.0,4,0,1,1,0,1,0
847,4800,0,36,305,1994,9,0,5,1.8,0.0,4,0,2,1,0,1,4
848,14740,474,8,523,2013,9,0,5,1.4,80000.0,4,0,1,1,0,12,8
849,48575,1017,23,1298,2017,9,1,5,2.0,64652.0,4,0,1,1,0,1,4
851,15367,707,23,1401,2011,4,1,1,2.0,73326.0,4,0,1,1,0,12,4
852,7056,631,58,1124,2011,3,0,2,1.8,438886.75,4,3,1,0,0,1,12
853,17249,0,58,1124,2008,3,1,2,1.5,243200.0,4,3,1,1,0,14,8
854,9300,0,3,209,2004,9,1,5,1.8,259200.0,4,2,0,1,0,7,6
855,68994,1017,32,840,2017,9,1,5,2.0,35200.0,4,2,2,1,0,14,6
857,52696,891,23,1298,2016,9,1,5,2.0,48042.0,4,0,1,1,0,14,4
858,2901,645,58,492,2011,9,1,5,1.8,239907.0,4,0,1,1,0,7,12
859,3763,640,16,722,2013,9,1,2,2.0,320554.0,4,0,1,1,0,14,0
860,12544,0,5,85,2005,9,1,5,2.5,162000.0,6,2,2,1,1,14,12
861,18817,1018,5,94,2011,9,1,5,3.0,70000.0,6,2,2,1,0,14,12
862,47042,0,36,586,2011,9,1,1,3.0,80000.0,6,2,2,1,0,1,12
863,15367,761,58,1124,2010,9,1,2,1.8,147000.0,4,0,1,1,0,1,10
864,20665,640,16,731,2013,9,1,5,2.0,135000.0,4,2,1,1,0,12,0
865,16935,781,8,523,2018,9,0,5,1.4,15333.0,4,0,1,1,0,14,8
866,4180,790,11,909,2009,9,1,5,1.6,159634.0,4,0,1,1,0,12,4
867,14426,0,16,1381,1999,6,0,1,2.5,123000.0,4,1,2,1,0,14,4
868,4704,0,31,716,2004,4,1,5,2.5,438886.75,4,0,0,1,0,6,6
869,10349,649,58,1124,2010,9,0,2,1.5,265000.0,4,0,1,1,0,5,12
870,19757,810,23,618,2016,9,0,5,1.8,113600.0,4,2,1,2,0,7,6
871,12858,0,58,1124,2007,3,0,2,1.5,176000.0,4,0,1,1,0,1,4
872,11290,586,41,1370,2012,9,0,5,1.8,60000.0,4,0,1,1,0,12,6
873,44711,891,23,1270,2016,4,1,1,2.0,146492.0,4,0,1,1,0,1,4
874,50178,666,36,570,2014,9,1,5,2.1,94000.0,4,2,0,1,0,1,10
875,30734,2151,32,781,2009,4,1,5,3.7,264339.0,8,0,0,1,0,1,0
876,862,2455,32,781,2008,4,1,5,3.7,280354.0,8,0,0,1,0,14,0
877,10349,0,58,867,2003,9,0,5,1.3,157000.0,4,0,1,1,1,1,6
879,13172,551,8,1322,2017,9,1,5,1.0,33118.0,4,0,1,1,0,14,4
881,5331,900,21,512,2015,4,1,5,2.4,80288.0,4,0,0,1,0,3,12
882,19610,836,23,788,2010,1,1,5,2.0,104022.0,4,0,1,1,0,14,4
883,35234,831,27,483,2011,4,1,5,2.4,40056.0,4,0,1,1,0,7,4
884,15053,900,23,1298,2015,9,0,5,2.4,0.0,4,0,1,1,0,12,0
885,32929,0,39,904,2007,4,0,1,2.5,135000.0,4,1,0,1,0,14,2
886,21326,586,32,402,2012,3,1,2,1.8,98000.0,4,0,1,1,0,4,10
887,80,0,23,1298,2013,9,0,5,2.4,83000.0,4,2,1,1,0,12,8
888,14740,1091,16,722,2016,9,0,5,2.5,41000.0,4,2,1,1,0,7,12
889,41387,1091,23,812,2016,7,1,1,2.5,110189.0,4,0,1,1,0,12,4
890,251,607,58,423,2019,9,1,2,2.5,39552.0,4,0,1,1,0,1,12
891,7840,0,16,1387,2004,2,0,1,1.8,235000.0,4,1,1,1,0,14,4
892,19444,765,55,1525,2015,4,1,5,2.0,250005.0,4,0,0,1,0,1,0
893,470,1399,36,586,2010,9,1,1,3.5,229904.0,6,0,0,1,0,1,12
894,14113,862,55,706,2011,4,0,5,2.5,118500.0,4,2,0,1,0,7,6
895,10036,1018,5,1491,2011,4,1,1,3.0,207694.0,6,0,0,1,0,1,0
896,15210,0,16,1381,2010,2,0,1,2.2,285000.0,4,1,1,1,0,14,2
897,16621,0,58,1124,2011,9,0,2,1.8,284800.0,4,0,1,1,0,1,8
898,10663,0,58,1124,2008,3,1,2,1.5,212465.0,4,0,1,1,0,3,8
899,13172,1267,58,257,2013,3,1,2,1.5,130000.0,4,3,1,1,1,11,8
900,7840,0,21,512,2000,4,0,5,2.0,213000.0,4,0,0,1,1,12,6
901,9408,993,42,1008,2006,3,0,1,1.3,180000.0,4,1,1,1,0,6,8
902,54882,0,58,1179,2016,4,0,5,2.5,188800.0,4,0,0,1,0,1,4
903,12544,0,41,636,1999,7,0,5,3.5,150000.0,6,2,2,1,1,0,12
904,862,1091,41,1228,2016,4,1,5,2.5,152282.0,4,0,0,1,0,12,12
905,8467,0,41,1370,2007,3,1,5,1.5,105000.0,4,3,1,1,1,12,4
906,58507,930,23,1401,2018,4,1,1,1.7,29709.0,4,0,1,1,0,1,4
907,53317,595,58,251,2015,3,1,5,1.5,28000.0,4,0,1,1,0,1,4
908,1646,1058,36,586,2012,9,1,1,3.5,240987.0,6,0,0,1,0,1,12
909,3293,502,58,1124,2013,3,1,2,1.5,153235.0,4,0,1,1,0,11,12
910,42987,765,23,1298,2015,9,1,5,2.0,52878.0,4,0,1,1,0,1,4
912,17876,586,58,1146,2012,3,1,2,1.8,14136.0,4,0,1,1,0,7,8
913,24462,690,8,978,2016,9,0,5,1.5,73450.0,4,2,1,1,0,14,12
915,9722,0,21,669,2006,3,0,5,1.5,185000.0,4,1,1,1,1,14,2
916,20266,531,23,618,2012,9,1,5,1.6,160156.0,4,0,1,1,0,14,4
917,7840,0,28,1318,2003,4,0,5,2.4,167000.0,4,1,0,1,0,7,2
918,10036,891,23,1298,2016,9,1,4,2.0,438886.75,4,0,1,1,0,8,4
919,8781,0,39,1079,2000,4,0,5,2.0,158000.0,4,0,0,1,0,14,2
920,470,800,35,411,2011,4,1,5,2.3,184576.0,4,0,0,1,0,1,12
921,8467,0,16,1387,2003,2,0,1,1.8,230000.0,4,1,1,0,0,14,4
922,10192,1079,5,5,2018,9,1,5,2.0,38282.0,4,0,0,1,0,14,12
923,13000,640,28,1049,2013,9,1,5,2.0,0.0,4,2,1,1,0,1,0
924,7213,779,58,423,2013,9,1,2,2.5,131400.0,4,0,1,1,0,2,12
925,33243,770,23,1401,2016,4,1,1,1.7,110000.0,4,0,1,1,0,7,4
926,8781,0,55,706,2002,3,0,4,2.0,100000.0,4,0,0,1,1,12,8
927,31831,631,32,1203,2008,4,1,2,3.3,438886.75,6,0,0,1,0,1,12
929,56509,1079,21,469,2018,9,1,5,2.0,17741.0,4,0,1,1,0,1,4
931,17923,642,8,978,2012,9,1,5,2.0,124590.0,4,0,1,1,0,1,4
932,8938,642,16,345,2012,3,0,2,2.0,144000.0,4,0,1,1,0,7,6
933,29793,0,5,154,2010,9,1,5,3.0,179554.0,6,2,2,1,0,7,6
934,3450,607,58,423,2019,9,1,2,2.5,9626.0,4,0,1,1,0,1,12
935,6586,0,58,1105,2008,3,0,5,1.0,112000.0,3,0,1,1,1,15,4
937,10663,0,5,71,2001,1,0,1,2.0,142000.0,4,1,2,0,0,2,4
938,15210,0,58,251,2014,3,0,2,1.5,139000.0,4,3,1,1,1,14,2
939,46101,394,32,606,2014,9,1,2,2.5,77000.0,4,0,1,1,0,7,12
940,14113,0,16,1381,2000,2,0,1,2.5,190000.0,4,1,2,1,0,14,6
941,9722,639,16,697,2014,9,0,5,2.0,105000.0,4,0,1,1,0,7,6
942,14426,642,28,1323,2012,4,1,1,2.0,65000.0,4,2,1,1,0,14,5
943,9252,765,23,1298,2015,9,1,4,2.0,438886.75,4,0,1,1,0,8,4
944,10036,0,5,75,2002,9,0,1,2.0,280000.0,4,1,2,1,0,1,8
945,10976,0,58,1457,2005,3,0,5,1.5,121000.0,4,1,1,1,1,12,2
946,17249,0,21,512,2005,4,0,5,2.4,118000.0,4,0,0,1,0,12,6
947,34811,690,32,1208,2016,4,1,2,3.5,0.0,6,0,1,1,0,7,12
948,470,1017,36,580,2017,9,1,5,2.0,35874.0,4,0,0,1,0,1,12
949,8467,0,5,70,2002,1,1,5,1.8,95000.0,4,1,2,0,0,1,4
950,7840,0,25,1227,2000,4,0,5,3.2,331000.0,6,0,0,1,0,4,6
951,25810,642,23,1270,2012,4,1,1,2.0,196764.0,4,0,1,1,0,1,4
952,60,0,39,1079,2001,4,0,5,2.0,131000.0,4,0,0,1,0,14,0
953,5175,584,58,492,2014,9,1,5,1.8,196010.0,4,0,1,1,0,12,12
954,3136,781,58,423,2012,9,1,2,2.5,159379.0,4,0,1,1,0,14,12
955,15053,0,21,858,2009,9,0,4,1.3,173102.0,4,2,1,1,0,14,8
956,12074,1273,28,1323,2020,9,1,5,2.4,2741.0,4,0,0,0,0,12,12
957,24462,0,3,218,2009,1,1,5,3.2,100000.0,6,2,0,0,0,1,6
958,4500,0,61,870,1999,9,1,5,2.0,252026.0,4,1,1,1,0,1,4
959,40471,891,23,1270,2016,4,1,1,2.0,142000.0,4,0,1,1,0,14,4
961,36065,1172,5,1511,2011,4,1,5,3.5,208000.0,6,2,0,1,0,1,12
962,31361,1018,5,1491,2011,4,1,1,3.0,192382.0,6,0,0,1,0,12,0
963,470,631,41,889,2012,9,1,5,1.6,438886.75,4,0,0,1,0,1,0
964,9252,765,23,1298,2015,9,1,4,2.0,377240.0,4,0,1,1,0,8,4
965,3136,528,41,1435,2014,3,1,5,1.6,72208.0,4,0,1,1,0,1,12
966,10036,639,23,1298,2014,9,1,4,2.0,430076.0,4,0,1,1,0,12,4
967,14269,631,21,685,2009,3,0,5,1.5,438886.75,4,0,1,1,0,1,0
968,5018,639,3,209,2014,9,1,5,2.0,81818.0,4,0,0,1,0,2,0
969,19601,777,58,429,2014,9,1,5,2.5,91468.0,4,0,1,1,0,14,8
970,4704,631,16,722,2017,9,1,5,1.5,438886.75,4,0,1,1,0,1,12
972,16766,584,8,523,2014,9,1,5,1.8,78296.0,4,0,1,1,0,1,4
973,30,0,21,669,2006,3,0,5,1.3,0.0,4,0,1,1,1,12,4
974,30734,0,58,423,2013,9,1,2,2.5,65000.0,4,0,1,1,0,1,12
975,7056,790,11,909,2009,9,1,5,1.6,52020.0,4,0,1,1,0,14,4
976,5018,1624,36,586,2009,9,1,1,3.5,109139.0,6,0,2,1,0,1,12
977,54458,631,23,1270,2016,4,1,1,2.0,438886.75,4,0,1,1,0,1,4
978,23521,585,58,1146,2013,7,1,2,1.8,212000.0,4,3,1,1,0,14,10
979,39829,1323,58,423,2020,9,1,5,2.5,4130.0,4,0,1,1,0,14,12
981,9408,0,21,1345,2004,7,0,5,2.0,330000.0,4,0,1,0,1,14,2
982,11290,2377,58,1406,2016,4,1,5,3.7,54875.0,8,0,2,1,0,7,12
983,17249,0,8,523,2014,9,0,5,1.4,170000.0,4,1,1,1,0,14,10
984,15053,0,58,251,2013,3,0,2,1.5,186000.0,4,0,1,1,1,12,0
985,2700,0,42,1416,1997,9,0,0,1.6,438886.75,4,0,1,1,0,0,2
986,5959,645,32,402,2011,3,1,2,1.8,122302.0,4,0,1,1,0,1,0
988,11274,687,23,618,2010,9,1,5,1.6,198425.0,4,0,1,1,0,12,4
989,21000,1845,61,870,2015,9,1,5,1.8,67000.0,4,2,1,1,1,1,12
990,28532,730,23,618,2016,9,1,5,1.6,94401.0,4,0,1,1,0,14,4
991,18189,900,13,540,2015,9,1,5,2.4,48000.0,4,0,1,1,0,14,4
992,10976,0,58,1124,2008,9,1,2,1.5,241885.0,4,0,1,1,0,14,6
993,4704,0,42,1418,1996,3,0,5,1.8,260000.0,4,1,1,1,0,6,2
995,12607,503,58,251,2012,3,1,5,1.5,157160.0,4,0,1,1,0,2,4
996,9095,0,21,512,2002,4,1,0,2.0,187000.0,4,1,0,1,1,12,8
997,3058,1083,13,463,2013,1,1,5,3.6,232853.0,6,0,2,0,0,1,12
998,6899,0,21,1347,2004,7,0,5,1.7,0.0,4,0,1,1,1,12,4
999,36065,694,16,1381,2014,6,0,1,2.2,142256.0,4,1,2,1,0,14,2
1000,392,697,8,523,2015,9,1,5,1.8,187862.0,4,0,1,1,0,1,12
1001,10036,639,23,1298,2014,9,1,4,2.0,325829.0,4,0,1,1,0,12,4
1002,549,1249,58,423,2017,9,1,5,2.5,60666.0,4,0,1,1,0,7,12
1003,10986,1047,23,618,2007,9,1,5,1.6,129080.0,4,0,1,1,0,12,4
1004,6272,0,42,262,1998,2,0,1,2.0,300000.0,4,1,1,1,0,4,4
1005,941,631,61,870,2012,9,1,1,2.0,438886.75,4,0,1,1,0,1,12
1008,3920,749,8,643,2014,4,1,5,2.4,179995.0,4,0,0,1,0,2,12
1009,9879,463,58,1124,2018,9,1,2,1.8,0.0,4,0,1,1,0,1,12
1010,3450,900,0,1357,2015,9,1,5,2.4,83099.0,4,0,1,1,0,1,12
1011,15681,0,58,867,2011,3,0,5,1.8,99000.0,4,0,1,1,0,14,0
1012,29087,777,23,812,2014,7,1,1,2.5,152000.0,4,0,1,1,0,1,4
1013,3607,862,16,646,2011,4,1,2,2.5,168966.0,4,0,0,1,0,14,0
1014,10349,915,5,1491,2014,4,1,1,3.0,0.0,6,0,0,1,0,1,0
1015,22357,707,54,237,2011,4,1,1,2.0,127654.0,4,0,1,1,0,12,4
1016,31988,1935,32,780,2016,4,1,5,3.7,155976.0,8,0,0,1,0,14,0
1017,188,1053,36,586,2014,9,1,1,3.5,153115.0,6,0,0,1,0,1,12
1018,15470,419,41,982,2013,3,1,5,1.2,46000.0,4,0,1,1,0,1,4
1019,97219,1646,32,780,2015,4,1,5,3.7,44808.0,8,2,0,1,0,12,10
1020,19974,631,23,618,2012,9,1,5,1.6,438886.75,4,0,1,1,0,1,4
1021,15681,586,23,618,2012,9,0,5,1.8,111104.0,4,0,1,1,0,12,0
1022,3000,0,36,566,1997,9,0,5,2.2,111111.0,4,1,2,1,0,7,0
1023,14113,631,8,523,2012,9,0,5,1.4,438886.75,4,0,1,1,0,1,8
1024,18776,629,23,618,2015,9,1,1,1.6,51895.0,4,0,1,1,0,12,4
1025,4861,333,16,722,2014,9,1,2,2.0,124493.0,4,0,1,1,0,14,0
1026,6272,631,32,781,2013,4,1,5,3.7,438886.75,8,0,0,1,0,1,0
1028,19121,583,23,618,2011,9,1,5,1.6,132742.0,4,0,1,1,0,12,4
1029,43576,730,54,237,2016,4,1,1,1.6,33261.0,4,0,1,1,0,14,4
1030,33243,0,3,208,2015,9,1,5,1.8,38000.0,4,2,1,1,0,7,10
1031,12544,345,58,1124,2016,9,1,2,1.5,296104.0,4,0,1,1,0,1,12
1032,300,0,36,746,2008,4,1,1,3.0,200000.0,6,0,0,1,0,1,8
1033,7213,1515,16,1377,2005,10,0,1,1.8,0.0,8,1,1,1,0,14,4
1035,19874,631,54,902,2012,4,1,1,2.0,438886.75,4,0,1,1,0,1,4
1036,21953,353,58,1124,2015,3,1,2,1.8,57000.0,4,3,1,1,0,1,9
1037,188,1249,58,423,2017,9,1,5,2.5,3854.0,4,0,1,1,0,1,12
1038,18503,1505,58,1124,2012,9,0,2,1.8,176000.0,4,0,1,1,1,12,10
1039,6586,0,39,1065,2003,4,0,0,2.4,156564.0,4,0,0,1,0,2,4
1040,627,1750,58,825,2008,9,1,2,3.3,277405.0,6,0,0,1,0,7,12
1041,1333,831,23,1298,2011,9,1,2,2.4,142741.0,4,0,1,1,0,12,0
1042,12544,765,23,1298,2015,9,1,4,2.0,438886.75,4,0,1,1,0,8,4
1043,45473,0,23,1542,2018,4,0,5,2.0,1300.0,4,2,1,1,0,14,8
1044,13000,2056,32,841,2012,9,1,5,2.5,43000.0,4,0,1,1,1,1,6
1045,9722,1079,58,364,2018,4,1,5,2.0,38712.0,4,0,1,1,0,14,12
1046,17249,0,8,529,2011,9,1,1,2.0,126000.0,4,2,1,1,0,14,6
1047,627,1203,8,978,2011,9,1,5,3.6,231222.0,6,0,1,1,0,14,12
1048,14113,0,58,1124,2011,9,0,2,1.8,0.0,4,0,1,1,0,11,12
1049,13015,585,23,618,2013,9,0,5,1.8,78024.0,4,2,1,1,0,7,6
1050,627,503,21,469,2012,9,1,2,1.5,272189.0,4,0,1,1,0,12,0
1051,470,1211,5,95,2010,1,1,5,3.0,0.0,6,0,2,0,0,14,12
1053,10036,639,23,1298,2014,9,1,4,2.0,438886.75,4,0,1,1,0,12,4
1054,3607,781,58,423,2012,9,1,2,2.5,156518.0,4,0,1,1,0,14,12
1055,18531,583,23,618,2011,9,1,5,1.6,89323.0,4,0,1,1,0,12,4
1056,45473,0,36,1326,2008,6,1,1,2.3,12000.0,4,1,2,0,0,14,2
1057,18503,730,23,618,2016,9,1,4,1.6,31006.0,4,0,1,1,0,14,4
1058,45473,1325,58,423,2019,9,1,5,2.5,17300.0,4,2,1,1,0,1,12
1059,26657,751,23,1298,2013,9,1,5,2.4,127355.0,4,0,1,1,0,1,0
1060,4547,1017,23,618,2017,9,1,5,2.0,115974.0,4,0,1,1,0,14,12
1061,11290,891,23,1298,2016,9,1,4,2.0,363661.0,4,0,1,1,0,12,4
1062,10349,781,61,1090,2012,9,1,5,2.5,185600.0,6,2,1,1,0,4,8
1063,14113,503,58,1132,2012,3,0,2,1.5,206000.0,4,3,1,1,0,14,4
1064,14740,0,36,385,2004,1,1,5,3.2,226000.0,6,2,2,0,0,1,10
1065,14113,584,23,618,2014,9,0,5,1.8,176000.0,4,0,1,1,0,5,6
1066,9722,631,41,1370,2005,3,1,5,1.5,438886.75,4,0,1,1,1,1,2
1067,12541,729,8,523,2016,9,1,1,1.6,32986.0,4,0,1,1,0,12,4
1068,14500,707,28,1049,2011,9,1,5,2.0,0.0,4,2,1,1,0,7,0
1069,29166,0,5,88,2014,9,1,5,2.0,23302.0,4,2,2,1,0,14,4
1070,11604,0,5,183,2002,9,1,1,3.0,300000.0,8,0,2,1,0,12,8
1071,2901,631,28,1049,2013,9,1,5,2.0,438886.75,4,0,1,1,0,1,12
1072,70,642,28,1049,2012,9,1,4,2.0,95000.0,4,2,1,1,0,14,10
1073,10506,0,58,848,2007,7,1,0,2.0,0.0,4,2,1,1,1,1,4
1074,36379,0,58,423,2016,9,1,5,2.5,38400.0,4,2,1,1,0,1,6
1075,14113,0,36,305,2000,9,1,5,1.8,65865.0,4,1,2,1,0,7,6
1076,37633,0,5,1511,2009,4,1,5,3.7,85000.0,8,2,0,1,0,1,12
1077,26196,1024,23,812,2010,7,1,1,2.5,45780.0,4,0,1,1,0,1,4
1078,392,1872,27,804,2018,9,1,5,3.6,30606.0,6,0,1,1,0,7,12
1079,18503,0,21,858,2014,3,0,2,1.3,77000.0,4,0,1,1,0,14,8
1080,5802,460,8,989,2010,9,1,5,1.0,130089.0,4,0,1,1,0,1,4
1081,5370,0,39,475,2003,9,0,5,1.5,175000.0,4,3,1,1,1,1,2
1082,36065,891,5,88,2016,9,1,5,2.0,32000.0,4,0,2,1,0,1,10
1083,65858,1356,36,1246,2014,9,1,5,3.7,65000.0,8,2,0,2,0,1,10
1086,1019,631,13,1177,2014,8,1,1,3.7,438886.75,6,0,1,1,0,1,12
1087,11133,631,23,618,2018,9,1,5,2.0,438886.75,4,0,1,1,0,1,12
1088,14821,836,54,237,2010,9,1,1,2.0,152937.0,4,0,1,1,0,11,4
1089,7066,876,8,523,2009,9,1,5,1.8,67293.0,4,0,1,1,0,14,4
1090,66482,784,21,469,2017,1,1,5,1.5,16639.0,4,0,1,1,0,11,4
1091,10976,911,23,1270,2010,4,1,1,2.2,91393.0,4,0,1,1,0,12,4
1093,10036,639,23,1298,2014,9,1,4,2.0,374141.0,4,0,1,1,0,12,4
1094,15681,0,23,1425,2011,3,0,5,1.6,72000.0,4,2,1,0,0,8,12
1095,25264,753,27,483,2012,4,1,5,2.4,65731.0,4,0,1,1,0,11,4
1096,90,0,23,1298,2013,9,0,5,2.4,100800.0,4,0,1,1,0,1,8
1097,6586,1190,58,1360,2014,9,1,5,3.7,0.0,6,0,2,1,0,12,12
1098,8154,0,36,566,1998,9,1,0,2.3,200000.0,4,0,2,1,0,6,4
1099,19444,0,58,1124,2010,3,1,2,1.8,197000.0,4,0,1,1,0,2,6
1100,15053,0,58,251,2012,3,0,2,1.5,161000.0,4,0,1,1,1,2,2
1101,11000,0,58,1124,2008,3,0,2,1.5,182000.0,2,0,1,1,0,3,6
1102,251,530,41,889,2013,4,1,5,1.6,153888.0,4,0,0,1,0,14,0
1103,16621,0,41,1476,2005,4,1,5,3.7,118498.0,6,0,0,0,0,1,6
1104,549,1750,58,825,2008,4,1,2,3.3,269013.0,6,0,0,1,0,1,12
1105,24932,1024,23,812,2010,7,1,1,2.5,84669.0,4,0,1,1,0,12,4
1106,48697,765,23,1270,2015,4,1,1,2.0,155797.0,4,0,1,1,0,14,4
1107,19726,0,36,1336,2002,2,0,1,2.2,280000.0,4,1,2,0,0,14,2
1108,470,1172,58,1284,2011,7,1,5,3.5,347667.0,6,0,1,1,0,1,12
1109,28225,779,58,1179,2013,4,1,5,2.5,59000.0,6,0,0,1,0,1,0
1110,3000,0,42,1291,1998,7,0,5,2.2,30000.0,4,1,1,2,0,11,6
1111,50,0,58,1124,2008,9,0,2,1.5,180000.0,4,0,1,1,0,7,4
1112,17562,308,58,1132,2015,9,0,2,1.5,88000.0,4,0,1,1,0,14,10
1113,470,751,23,1298,2013,9,1,5,2.4,0.0,4,0,1,1,0,1,12
1115,627,780,8,523,2019,9,1,5,1.4,16042.0,4,0,1,1,0,1,12
1116,7840,0,36,599,2002,9,1,0,3.7,315000.0,8,2,2,1,0,2,10
1117,16778,765,8,1060,2015,4,1,4,2.0,33333.0,4,0,1,1,0,7,4
1118,10192,585,58,1124,2013,3,1,2,1.8,438886.75,4,0,1,1,0,12,12
1119,24709,631,23,1401,2010,4,1,1,2.0,438886.75,4,0,1,1,0,1,4
1120,784,448,21,858,2012,3,1,2,1.3,321269.0,4,0,1,1,0,11,0
1121,784,394,58,423,2014,9,1,2,2.5,102397.0,4,0,1,1,0,1,12
1122,5645,0,5,1501,2005,4,1,5,3.7,1000.0,8,2,0,1,0,1,12
1124,392,456,32,608,2015,9,1,2,2.5,267264.0,4,0,1,1,0,7,12
1125,9565,2410,8,420,2010,1,1,5,3.7,217786.0,8,0,2,0,0,2,12
1126,17405,0,58,251,2012,3,0,5,1.5,148000.0,4,0,1,1,1,1,2
1127,21953,1620,36,1326,2006,6,0,1,2.2,100000.0,4,1,2,1,0,14,4
1128,54255,1848,36,1248,2010,9,1,5,3.7,438886.75,6,2,2,1,0,1,12
1129,16621,0,36,390,2004,9,1,5,3.5,211288.0,6,2,2,1,0,1,6
1130,45473,0,16,1385,2007,6,0,1,2.4,290000.0,4,1,2,1,0,14,1
1131,31047,0,36,961,2010,4,1,1,3.0,124000.0,6,2,0,1,0,7,10
1132,49864,833,36,1445,2015,7,0,1,2.2,330000.0,4,1,2,0,0,1,6
1133,20385,333,16,722,2014,9,0,2,2.0,180800.0,4,0,1,1,0,14,8
1134,6429,1104,5,111,2015,1,1,5,3.0,73362.0,6,0,0,0,0,1,12
1135,6586,0,42,1416,1999,9,0,0,1.8,0.0,4,1,1,1,0,12,6
1136,15677,0,16,693,2016,9,0,5,1.6,74800.0,4,0,1,1,0,12,8
1138,15693,1141,27,483,2009,4,1,5,2.4,163866.0,4,0,1,1,0,11,4
1139,470,1249,58,423,2017,9,1,5,2.5,20877.0,4,0,1,1,0,1,12
1140,21012,640,16,722,2013,9,1,5,2.0,137000.0,4,2,1,1,0,7,12
1141,251,749,23,1298,2014,9,1,5,2.4,140885.0,4,0,1,1,0,12,12
1142,23521,0,55,1525,2013,4,1,2,2.0,800.0,6,0,0,1,1,14,6
1143,54048,382,58,251,2017,10,1,2,1.5,9027.0,4,0,1,1,0,2,4
1144,470,631,16,722,2017,9,1,5,2.0,438886.75,4,0,0,1,0,1,12
1145,194438,0,36,737,2013,4,1,1,3.0,94000.0,6,0,0,1,0,1,6
1146,13485,0,5,139,2003,9,1,5,2.5,438886.75,6,1,2,1,0,12,10
1148,2500,0,36,560,1993,1,0,5,2.2,438886.75,4,1,2,0,0,12,2
1149,2430,2151,32,781,2009,4,1,5,3.7,264339.0,8,0,0,1,0,1,0
1150,15053,0,58,1124,2008,3,0,2,1.5,142000.0,4,3,1,1,0,0,4
1151,2500,0,39,1066,2004,4,1,0,2.0,223123.0,4,2,1,1,1,14,4
1152,19444,0,41,889,2012,4,0,5,1.6,100000.0,4,0,0,1,0,11,8
1154,314,834,58,1360,2013,4,1,5,2.7,158870.0,4,0,2,1,0,14,12
1155,314,645,58,1124,2011,4,1,2,1.8,326325.0,4,0,1,1,0,12,12
1156,314,382,16,722,2015,9,1,2,2.0,367720.0,4,0,1,1,0,14,12
1157,627,631,27,466,2019,9,1,5,2.4,438886.75,4,0,1,1,0,1,12
1158,4547,631,42,267,2001,3,0,5,1.8,438886.75,4,0,1,1,1,1,2
1159,38822,382,21,669,2017,10,1,2,1.5,3474.0,4,0,1,1,0,2,4
1160,31,490,21,858,2011,3,1,2,1.3,198891.0,4,0,1,1,0,7,0
1161,9408,531,23,232,2012,3,1,1,1.6,60480.0,4,0,1,1,0,14,4
1163,3763,631,39,543,1996,7,0,5,2.4,438886.75,4,0,2,0,0,1,2
1164,6,595,58,1132,2015,3,1,5,1.5,104000.0,4,0,1,1,0,7,12
1165,20385,584,61,1090,2014,9,1,5,1.8,108000.0,4,2,1,1,0,1,12
1166,6429,1028,45,192,2013,1,1,5,3.4,94010.0,6,0,2,0,0,1,12
1167,17249,779,61,1090,2013,9,1,5,2.5,90000.0,5,2,1,1,0,12,10
1168,17876,585,61,1090,2013,9,1,5,1.8,80000.0,4,2,1,1,0,7,8
1169,24709,707,54,1192,2011,4,1,1,2.0,113368.0,4,0,1,1,0,14,4
1170,15053,584,23,618,2014,9,0,5,1.8,438886.75,4,2,1,1,0,12,6
1171,49237,730,23,1401,2016,4,1,5,1.6,27000.0,4,2,0,1,0,14,12
1172,392,1327,58,1179,2018,4,1,5,2.5,20267.0,4,0,1,1,0,7,12
1173,16621,761,58,1124,2010,3,0,2,1.8,150000.0,4,0,1,1,0,1,12
1174,941,586,32,402,2012,3,1,2,1.8,108499.0,4,0,1,1,0,14,12
1176,39201,1714,36,763,2017,4,1,5,3.5,95541.0,6,0,2,1,0,1,0
1177,21410,642,8,978,2012,9,1,5,2.0,131082.0,4,0,1,1,0,12,4
1178,24029,1099,54,1192,2010,4,1,1,2.7,151949.0,4,0,1,1,0,1,4
1179,133284,690,32,1208,2016,4,1,2,3.5,55000.0,6,2,0,1,0,1,12
1180,26657,1197,41,1107,2012,4,1,5,3.7,170000.0,4,0,0,1,0,1,12
1181,41867,382,21,669,2017,10,1,2,1.5,29220.0,4,0,1,1,0,1,4
1183,37066,880,23,618,2018,9,1,5,1.6,20388.0,4,0,1,1,0,14,4
1184,7683,642,23,1298,2012,9,1,4,2.0,91416.0,4,0,1,1,0,12,4
1185,21953,0,58,1124,2012,3,0,2,1.8,68000.0,4,2,1,1,0,12,12
1186,1803,502,58,1124,2013,3,1,2,1.5,197854.0,4,0,1,1,0,1,12
1187,3763,629,41,889,2015,4,1,5,1.6,88475.0,4,0,0,1,0,14,0
1188,14113,697,61,870,2015,9,1,5,1.8,45605.0,4,0,1,1,0,14,0
1189,19416,1099,54,1192,2010,4,1,1,2.7,98164.0,4,0,1,1,0,14,4
1190,26657,0,58,423,2012,9,1,5,2.5,166400.0,4,2,1,1,0,7,8
1191,11917,0,21,858,2009,3,0,5,1.3,138684.0,4,3,1,1,0,12,6
1192,34184,765,36,371,2015,1,1,5,2.0,43000.0,5,2,0,1,0,11,10
1193,13799,724,42,1536,2010,7,0,1,1.7,176000.0,4,1,1,1,0,12,10
1194,2195,0,41,982,1998,3,0,5,1.0,157000.0,4,0,1,1,1,1,2
1195,5758,447,21,669,2013,3,1,2,1.3,116581.0,4,0,1,1,0,12,4
1196,4547,490,21,858,2011,3,0,2,1.3,150000.0,4,0,1,1,0,4,10
1197,11149,0,58,868,2002,3,0,5,1.5,111111.0,4,0,1,1,1,1,2
1198,20228,890,28,1049,2016,9,1,5,2.0,29112.0,4,0,1,1,0,14,4
1199,11133,631,58,1284,2017,9,1,5,3.5,438886.75,6,0,1,1,0,1,12
1200,29793,528,38,506,2014,4,1,5,1.6,51700.0,4,2,1,1,0,11,12
1201,43868,765,54,1192,2015,4,1,1,2.0,61551.0,4,0,1,1,0,1,4
1202,4704,0,60,34,2006,9,0,5,1.5,131000.0,4,1,2,1,0,14,0
1203,9418,765,23,1298,2015,9,1,4,2.0,43514.0,4,0,1,1,0,14,4
1204,8467,0,41,1037,2005,9,0,5,1.5,16302.0,3,0,1,1,1,14,4
1205,314,475,15,116,2012,9,1,5,1.4,240350.0,4,0,1,1,0,14,12
1206,13485,0,41,1107,2006,4,1,5,3.7,188200.0,6,0,0,1,0,12,12
1207,7683,0,41,1280,2002,7,0,0,2.5,170000.0,4,0,1,1,1,14,6
1208,10976,765,23,1298,2015,9,1,4,2.0,438886.75,4,0,1,1,0,14,4
1209,22894,0,58,1124,2013,3,0,2,1.8,63186.0,4,3,1,1,0,14,12
1210,7840,0,42,262,1998,3,0,5,1.6,200000.0,4,1,1,1,0,2,2
1211,5739,761,11,909,2010,9,1,5,1.8,86382.0,4,0,1,1,0,12,4
1212,10515,639,23,1298,2014,9,1,4,2.0,60850.0,4,0,1,1,0,12,4
1213,8154,0,39,240,2001,10,1,4,2.4,140000.0,4,2,0,1,1,12,6
1214,14113,1024,16,722,2010,9,0,2,2.5,68200.0,4,0,1,1,0,1,12
1215,35902,777,23,812,2014,7,1,1,2.5,169109.0,4,0,1,1,0,15,4
1216,14115,0,21,669,2010,3,0,5,1.3,147857.0,4,0,1,1,1,2,4
1217,5331,0,58,823,1998,4,0,5,3.0,220000.0,6,0,1,1,1,1,4
1218,73620,1079,23,1298,2018,9,1,5,2.0,51106.0,4,0,1,1,0,14,4
1219,38445,696,26,1520,2013,9,1,1,2.2,71201.0,4,0,1,1,0,14,4
1220,26657,0,16,1024,2010,1,0,5,3.7,160000.0,6,0,2,0,0,1,12
1221,15210,1347,23,812,2008,7,1,1,2.5,65625.0,4,0,1,1,0,12,4
1222,51746,0,28,457,2019,10,0,5,1.6,4000.0,4,0,1,1,0,14,5
1223,43592,0,5,1515,2009,9,1,5,3.0,170000.0,6,2,0,1,0,1,12
1224,314,753,23,1401,2012,4,1,5,2.4,177080.0,4,0,1,1,0,12,0
1225,627220,0,36,741,2020,4,1,5,3.7,0.0,8,2,0,1,0,1,12
1226,44134,730,54,237,2016,4,1,1,1.6,35398.0,4,0,1,1,0,2,4
1227,549,631,36,396,2012,9,1,5,3.7,438886.75,8,0,0,1,0,1,12
1228,50,0,58,1124,2008,3,1,2,1.5,185471.0,4,0,1,1,0,12,8
1229,21953,779,58,438,2013,9,1,5,2.5,115123.0,4,2,1,1,0,1,12
1230,4391,1705,54,903,2007,4,1,1,2.7,74944.0,4,0,1,1,0,14,4
1231,21953,505,39,1065,2018,4,1,2,2.0,59674.0,4,0,0,1,0,1,12
1232,29793,1077,23,618,2019,9,1,5,2.0,33693.0,4,0,1,1,0,12,12
1234,10820,0,53,1039,2009,9,0,5,1.6,157000.0,4,1,1,1,0,14,8
1235,2352,353,58,1124,2015,3,1,2,1.8,236898.0,4,0,1,1,0,14,12
1236,6899,642,23,1298,2012,9,1,4,2.0,85471.0,4,0,1,1,0,12,4
1238,20385,781,58,423,2012,9,0,2,2.5,120000.0,4,0,1,1,0,4,6
1239,4861,924,58,492,2017,9,1,5,1.8,22989.0,4,0,1,1,0,12,12
1240,5927,789,8,523,2009,9,1,5,1.6,53434.0,4,0,1,1,0,1,4
1241,27911,2959,58,1279,2008,4,1,5,3.7,244800.0,8,2,1,1,0,1,9
1242,7840,0,39,1077,2000,4,0,0,3.5,287745.0,6,0,0,1,1,12,4
1243,10663,0,61,1090,2006,9,1,5,2.0,200000.0,4,2,1,1,0,1,6
1244,5488,1077,58,364,2019,4,1,5,2.0,78424.0,4,0,1,1,0,11,12
1245,13485,765,35,995,2015,3,0,5,2.0,67825.0,4,0,1,1,0,12,8
1246,21326,531,41,889,2012,4,0,5,1.6,95000.0,4,0,1,1,0,14,12
1247,12544,631,58,1124,2010,3,0,2,1.8,438886.75,4,3,1,1,0,1,9
1248,188,1077,58,364,2019,4,1,5,2.0,10003.0,4,0,1,1,0,2,12
1249,9408,0,58,865,2004,7,0,5,2.4,195000.0,4,0,1,1,1,1,0
1250,10820,585,58,1124,2013,3,0,2,1.8,281600.0,4,3,1,1,0,2,8
1251,34406,880,23,618,2018,9,1,5,1.6,36470.0,4,0,1,1,0,7,4
1252,188,1185,16,646,2009,4,1,2,2.5,196682.0,4,0,1,1,0,1,0
1253,35140,891,23,1401,2016,4,1,1,2.0,125230.0,4,0,1,1,0,1,4
1254,14113,0,31,1214,1996,4,1,1,2.5,438886.75,4,1,0,1,0,2,0
1255,392,697,58,492,2015,9,1,5,1.8,133408.0,4,0,1,1,0,1,12
1256,22502,503,58,251,2012,3,1,5,1.5,28000.0,4,0,1,1,0,12,4
1257,4234,640,23,1298,2013,9,1,5,2.0,232982.0,4,0,1,1,0,7,12
1258,40769,0,58,1179,2015,4,0,5,2.5,60800.0,4,2,0,1,0,7,8
1259,47042,518,58,1179,2016,4,0,2,2.5,30402.0,4,3,0,1,0,2,6
1260,10976,0,27,804,2005,4,1,5,3.7,185000.0,6,2,0,2,0,12,6
1262,15649,1024,23,812,2010,7,1,1,2.5,45252.0,4,0,1,1,0,14,4
1263,2901,777,16,722,2014,9,1,5,2.5,182963.0,4,0,1,1,0,1,12
1264,30107,0,23,850,2011,4,0,5,2.0,52000.0,4,0,0,1,0,1,6
1265,106627,0,5,1511,2015,4,1,1,3.5,150000.0,6,2,0,2,0,1,12
1266,18240,1099,54,1192,2010,4,1,1,2.7,145221.0,4,0,1,1,0,1,4
1267,9722,0,21,512,2002,4,0,5,2.0,168000.0,4,1,0,1,1,6,4
1268,10036,0,41,1372,2008,9,0,5,1.5,167000.0,4,0,1,1,1,14,8
1269,16935,0,23,618,2012,9,0,5,1.8,108000.0,4,0,2,1,0,12,8
1270,50,0,58,1124,2008,9,1,2,1.5,150000.0,4,0,1,1,0,1,12
1271,10976,0,41,1476,2003,4,0,0,3.3,300000.0,6,1,0,1,0,12,2
1273,7997,642,61,870,2012,9,0,5,2.0,66098.0,4,2,1,1,0,12,12
1274,16621,0,16,693,2015,9,0,5,1.6,56199.0,4,0,1,1,0,11,12
1276,18124,707,23,788,2011,1,1,5,2.0,160000.0,4,0,1,1,0,1,4
1277,6269,461,28,1116,2010,9,1,5,1.0,12000.0,3,0,1,1,0,14,4
1278,51746,1327,58,423,2018,9,1,5,2.5,17000.0,6,0,1,1,0,1,12
1279,3763,779,58,423,2013,9,1,2,2.5,124912.0,4,0,1,1,0,14,12
1280,14740,765,23,1298,2015,9,1,4,2.0,50534.0,4,0,1,1,0,12,4
1281,16621,629,23,618,2015,9,1,5,1.6,135378.0,4,0,1,1,0,14,4
1282,20846,730,8,1060,2016,4,1,1,1.6,148101.0,4,0,1,1,0,7,4
1283,3763,0,16,646,2003,4,0,5,3.0,0.0,6,0,1,1,0,7,0
1284,12143,642,23,1298,2012,9,1,4,2.0,255800.0,4,0,1,1,0,12,4
1285,8781,1719,39,1012,1996,8,0,5,0.7,60600.0,3,1,0,0,1,14,0
1286,14113,0,58,251,2013,3,0,2,1.5,100000.0,4,3,1,1,1,14,6
1287,17249,761,58,1124,2010,9,0,2,1.8,165000.0,4,0,1,1,0,1,12
1288,706,631,21,858,2011,3,1,2,1.3,438886.75,4,0,1,1,0,1,0
1289,30740,831,23,618,2017,9,1,5,1.6,88400.0,4,0,1,1,0,14,4
1291,9565,1058,58,825,2012,4,1,5,3.5,285186.0,6,0,1,1,0,7,12
1292,3763,531,41,889,2012,4,1,5,1.6,173576.0,4,0,0,1,0,11,0
1293,470,862,61,870,2011,9,1,5,2.5,212501.0,5,0,1,1,0,7,12
1294,3136,891,5,88,2016,9,1,5,2.0,51930.0,4,0,2,1,0,1,12
1295,17876,585,41,1278,2013,9,0,5,1.8,134400.0,4,0,1,1,0,4,8
1296,9832,645,8,523,2011,9,1,5,1.8,170872.0,4,0,1,1,0,7,4
1298,314,1172,36,586,2011,9,1,1,3.5,132630.0,6,0,2,1,0,12,12
1299,67404,1079,23,1298,2018,9,1,5,2.0,40808.0,4,0,1,1,0,1,4
1300,28225,2858,36,756,2008,4,1,5,3.7,134000.0,8,2,0,1,0,1,12
1301,29479,584,36,322,2014,9,1,5,1.8,85000.0,4,0,2,1,0,12,8
1302,150,0,33,1378,2000,5,1,5,3.7,100000.0,8,0,2,1,0,14,8
1303,1882,1053,36,586,2014,9,1,1,3.5,146395.0,6,0,2,1,0,7,12
1304,10663,0,39,240,2004,10,0,0,2.0,150000.0,4,0,0,1,0,14,4
1305,36065,397,58,1124,2016,9,1,2,1.8,158000.0,4,0,1,1,0,7,12
1306,23521,781,58,423,2012,9,1,5,2.5,91000.0,4,0,1,1,0,1,10
1307,314,645,39,1014,2017,9,1,5,1.2,49774.0,3,0,1,1,0,7,12
1309,5331,0,42,479,2003,2,0,1,1.7,111111.0,4,1,1,0,0,14,2
1310,2274,761,58,1124,2010,3,1,2,1.8,288891.0,4,0,1,1,0,7,12
1311,2038,1172,36,961,2011,4,1,1,3.5,186542.0,6,0,0,1,0,14,12
1312,4234,1249,41,719,2017,9,1,5,2.5,33899.0,4,0,2,1,0,7,12
1314,35752,3156,18,1533,2019,9,1,5,3.7,11325.0,8,0,1,1,0,14,12
1315,19444,831,39,1065,2011,4,0,5,2.4,141000.0,4,2,1,1,0,12,16
1316,74796,830,21,469,2019,3,1,5,1.5,12000.0,4,0,1,1,0,1,4
1317,16151,781,8,527,2018,9,0,5,1.4,33548.0,4,0,1,1,0,12,8
1318,45210,877,23,1401,2017,4,1,1,1.7,16431.0,4,0,1,1,0,14,4
1319,14294,642,8,1060,2012,4,1,1,2.0,258076.0,4,0,1,1,0,14,4
1320,14166,531,23,618,2012,9,1,5,1.6,170713.0,4,0,1,1,0,14,4
1322,7840,0,41,1364,2004,9,0,5,2.3,230000.0,6,0,1,1,0,14,4
1323,157,631,16,722,2013,9,1,2,2.0,438886.75,4,0,1,1,0,1,0
1325,48873,891,23,1298,2016,9,1,5,2.0,33555.0,4,0,1,1,0,7,4
1326,470,781,16,722,2012,9,1,2,2.5,146758.0,4,0,1,1,0,1,12
1327,10976,0,21,1042,2006,7,1,4,3.5,280000.0,6,0,1,1,0,7,14
1328,9252,631,58,1124,2010,3,1,2,1.8,438886.75,4,0,1,1,0,1,12
1329,17249,629,23,232,2015,9,0,5,1.6,144000.0,4,0,1,2,0,7,0
1330,20385,779,58,423,2013,9,0,5,2.5,22400.0,5,2,1,1,0,14,8
1331,12231,0,21,669,2012,3,0,2,1.3,147000.0,4,0,1,1,1,12,8
1332,24462,0,36,322,2012,9,1,5,1.8,105000.0,4,0,2,1,0,13,12
1333,19757,0,58,1132,2012,9,1,2,1.5,83200.0,4,0,1,1,0,7,8
1334,1490,1055,41,249,2013,9,1,5,3.5,130877.0,6,0,1,1,0,14,12
1336,33823,831,54,237,2017,4,1,5,1.6,80425.0,4,0,1,1,0,14,4
1337,470,761,58,1124,2010,4,1,2,1.8,408997.0,4,0,1,1,0,14,12
1339,13589,836,23,1298,2010,9,1,5,2.0,82764.0,4,0,1,1,0,1,4
1340,900,0,16,1381,1998,6,0,1,2.5,1234.0,4,1,2,1,0,14,2
1341,24462,0,23,1298,2014,9,1,2,2.4,104000.0,4,2,1,1,0,12,6
1342,53941,891,36,759,2016,4,1,5,2.0,87091.0,4,2,1,1,0,7,10
1344,470,2225,32,780,2017,4,1,5,3.7,69918.0,8,0,0,1,0,14,0
1345,34905,891,23,1401,2016,4,1,1,2.0,108782.0,4,0,1,1,0,12,4
1347,17249,631,41,889,2011,4,0,5,1.6,438886.75,4,3,0,1,0,1,4
1348,40,0,21,669,2003,3,0,5,1.5,15000.0,4,3,0,1,1,12,4
1349,314,2410,36,586,2010,9,1,1,3.7,274771.0,8,0,2,1,0,14,12
1351,50,0,58,251,2014,9,0,2,1.5,100000.0,4,0,2,1,1,1,0
1352,15681,2177,5,95,2006,1,1,5,3.0,46656.0,6,2,2,0,0,4,10
1353,5018,790,11,909,2009,9,1,5,1.6,159634.0,4,0,1,1,0,12,4
1354,30750,777,23,812,2014,7,1,1,2.5,146216.0,4,0,1,1,0,12,4
1355,15681,631,28,1049,2015,9,0,5,2.4,438886.75,4,2,1,1,0,1,10
1356,12140,1047,23,618,2007,9,1,5,1.6,176869.0,4,0,1,1,0,12,4
1357,3700,0,36,1296,2005,3,0,5,1.5,100000.0,4,0,1,1,1,14,5
1358,44533,0,58,364,2017,4,0,5,2.0,56000.0,8,2,1,1,0,2,0
1359,392,530,45,1085,2015,9,1,2,3.0,154936.0,6,0,2,1,0,14,12
1360,6272,0,36,204,2005,9,1,5,1.9,122000.0,4,2,1,1,0,6,4
1361,20698,1055,36,586,2013,1,1,5,3.5,66500.0,6,0,2,0,0,4,12
1363,8154,777,58,423,2014,9,1,5,2.5,53310.0,4,0,1,1,0,1,12
1365,24462,0,23,1270,2010,9,0,5,2.4,170000.0,4,2,1,1,0,12,10
1366,8467,0,41,249,2006,9,0,5,2.5,160000.0,6,0,1,1,0,1,6
1367,18189,697,61,885,2015,9,1,5,1.8,76800.0,4,2,1,1,0,7,8
1368,7527,1848,36,560,1996,9,0,1,2.2,380000.0,4,1,2,1,0,6,4
1369,19444,697,58,498,2015,9,0,5,1.8,68221.0,4,0,1,1,0,14,6
1370,47,1493,32,1201,2016,4,1,5,3.5,65981.0,6,0,1,1,0,1,12
1371,7683,765,5,109,2015,9,1,5,2.0,0.0,4,0,2,1,0,14,12
1372,706,765,55,1525,2015,9,1,5,2.0,111285.0,4,0,0,1,0,1,0
1374,20005,583,23,618,2011,9,1,5,1.6,115934.0,4,0,1,1,0,1,4
1375,10381,790,8,909,2009,9,1,5,1.6,132000.0,4,0,1,1,0,7,4
1376,15681,891,23,1298,2016,9,1,4,2.0,235261.0,4,0,1,1,0,12,4
1377,11917,531,23,618,2012,9,1,5,1.6,130658.0,4,0,1,1,0,14,4
1378,20071,1172,5,1491,2011,4,1,5,3.5,176080.0,4,2,0,1,0,1,12
1379,19416,640,54,902,2013,4,1,1,2.0,154162.0,4,0,1,1,0,2,4
1380,20385,0,58,1124,2014,3,1,2,1.8,49000.0,4,0,1,1,0,12,12
1381,20071,730,23,618,2016,9,1,4,1.6,27477.0,4,0,1,1,0,7,4
1382,13962,707,23,1270,2011,4,1,1,2.0,240250.0,4,0,1,1,0,12,4
1383,61471,631,21,469,2017,3,1,5,1.5,438886.75,4,0,1,1,0,1,4
1384,17844,503,58,251,2012,3,1,5,1.5,112000.0,4,0,1,1,0,11,4
1385,7527,1236,21,669,2011,9,0,2,1.3,122233.0,4,3,1,1,1,2,0
1387,43905,919,36,961,2012,4,1,1,3.0,179520.0,6,0,0,1,0,2,8
1388,20244,639,54,902,2014,4,1,1,2.0,42202.0,4,0,1,1,0,7,4
1389,9408,777,16,1388,2014,2,0,5,2.5,200968.0,4,2,1,1,0,14,4
1390,10958,586,8,523,2012,9,1,5,1.8,156779.0,4,0,1,1,0,1,4
1391,470,831,23,1298,2011,4,1,2,2.4,278989.0,4,0,1,1,0,2,0
1392,21181,707,23,1401,2011,4,1,1,2.0,114000.0,4,0,1,1,0,7,4
1394,15994,0,21,512,2005,4,0,5,2.4,125000.0,4,1,0,1,0,1,6
1395,14269,586,58,1124,2012,3,0,2,1.8,233562.0,4,0,1,1,0,12,8
1397,3000,631,61,794,1999,3,0,5,1.4,438886.75,4,1,1,1,0,1,2
1399,23207,0,58,1124,2013,3,0,2,1.8,72000.0,4,0,1,1,0,14,12
1400,6500,0,36,305,1996,9,0,5,1.8,230000.0,4,1,2,1,0,11,2
1401,131308,1968,23,1270,2019,4,1,5,3.7,21281.0,4,0,1,1,0,14,4
1402,470,645,58,1124,2011,9,1,2,1.8,353606.0,4,0,1,1,0,7,12
1403,470,862,16,646,2011,4,1,2,2.5,109781.0,4,0,0,1,0,14,12
1404,9095,0,5,88,2002,9,0,5,2.8,438886.75,6,1,2,1,0,12,6
1405,16935,1481,5,1491,2017,4,1,5,3.0,81658.0,6,0,0,1,0,14,12
1406,3136,259,8,1461,2014,3,1,2,1.4,112123.0,4,0,1,1,0,12,12
1408,20636,640,23,1401,2013,4,1,1,2.0,64259.0,4,0,1,1,0,7,4
1409,25402,751,28,1318,2013,4,0,5,2.4,208077.0,4,0,1,1,0,12,7
1410,19914,891,23,1298,2016,9,1,4,2.0,410884.0,4,0,1,1,0,14,4
1411,21953,891,23,632,2016,9,1,5,2.0,17600.0,4,2,1,1,0,1,6
1412,18817,1888,36,1338,2007,6,0,1,3.0,0.0,6,2,2,1,0,14,6
1413,10976,0,58,1457,2007,9,0,5,1.3,83000.0,4,0,1,1,1,12,4
1414,16621,1172,36,586,2011,9,1,1,3.5,119379.0,6,0,0,1,0,12,12
1415,14740,586,23,618,2012,9,1,5,1.8,87000.0,4,0,1,1,0,12,8
1416,17876,0,58,428,2007,9,0,4,2.4,167421.0,4,0,1,1,0,12,6
1417,47,1017,36,759,2017,4,1,5,2.0,43651.0,4,0,1,1,0,12,0
1418,11604,0,41,1477,2002,4,0,5,2.0,135000.0,4,0,0,1,0,5,2
1420,10506,649,21,684,2010,3,0,5,1.5,164800.0,4,0,1,1,0,12,8
1421,9346,761,58,1124,2010,3,1,2,1.8,226000.0,4,0,1,1,0,2,8
1422,7213,1172,58,1284,2011,9,1,5,3.5,210538.0,6,0,1,1,0,14,12
1423,40092,730,54,237,2016,4,1,1,1.6,82658.0,4,0,1,1,0,2,4
1424,25089,0,8,444,2014,4,1,5,3.0,103000.0,6,0,0,1,0,12,6
1425,5331,0,5,85,1995,9,1,5,2.5,300000.0,6,1,2,1,0,1,9
1426,5645,0,5,94,2010,1,1,5,3.0,178000.0,6,2,2,0,0,1,6
1427,14113,631,8,527,2016,9,0,5,1.4,438886.75,4,2,1,1,0,1,12
1428,51526,1017,23,1270,2017,4,1,1,2.0,119986.0,4,0,1,1,0,2,4
1430,9095,631,8,1461,2012,9,1,6,1.4,438886.75,4,0,1,1,0,1,8
1431,627,1308,5,1511,2012,4,1,5,3.7,0.0,8,0,0,1,0,14,12
1432,862,447,21,858,2013,3,1,2,1.3,143597.0,4,0,1,1,0,12,0
1433,941,1055,32,1208,2013,4,1,2,3.5,361603.0,6,0,1,1,0,1,12
1434,5331,1288,8,444,2007,4,1,1,2.0,50412.0,4,0,1,1,0,14,4
1435,6272,0,21,469,1995,3,0,5,1.5,272000.0,4,1,1,0,0,11,2
1436,9656,308,21,669,2015,3,1,2,1.5,152203.0,4,0,1,1,0,12,4
1437,392,1058,36,961,2012,4,1,5,3.5,138766.0,6,0,0,1,0,12,12
1438,4547,0,42,1418,1996,9,0,0,1.8,0.0,4,1,1,1,0,2,2
1439,1568,1493,36,586,2016,9,1,1,3.5,77205.0,6,0,2,1,0,7,12
1441,1700,0,46,910,1996,10,0,5,1.6,10000.0,4,1,1,1,0,2,2
1442,941,1053,36,586,2014,9,1,5,3.5,99562.0,6,0,0,1,0,1,12
1444,14113,631,58,1124,2010,9,0,2,1.8,438886.75,4,0,1,1,0,1,10
1445,12544,749,23,1298,2014,9,1,5,2.4,89000.0,4,2,1,1,0,14,0
1446,12231,862,58,423,2011,9,0,2,2.5,123345.0,4,2,1,1,0,7,12
1447,549,1058,58,825,2012,4,1,2,3.5,0.0,6,0,0,1,0,7,12
1448,70562,0,5,1494,2014,4,1,5,3.0,196000.0,6,2,0,1,0,1,12
1449,14113,0,58,866,2004,7,0,4,2.4,177000.0,4,0,1,1,1,12,4
1450,20789,836,23,1270,2010,4,1,1,2.0,208130.0,4,0,1,1,0,12,4
1451,10349,1273,0,1357,2015,9,1,5,3.5,70562.0,6,0,0,1,0,14,12
1452,14113,0,38,491,2010,1,0,5,1.6,101000.0,4,1,1,0,0,14,8
1453,5175,631,21,512,1996,4,0,0,2.0,438886.75,4,0,1,1,1,1,4
1454,1254,585,23,618,2013,3,1,5,1.8,93650.0,4,0,1,1,0,2,12
1455,549,528,16,693,2014,9,1,5,1.6,126715.0,4,0,1,1,0,14,12
1456,18503,631,58,423,2013,9,0,2,2.5,438886.75,4,3,1,1,0,1,10
1457,26657,919,36,961,2012,4,1,1,3.0,271701.0,6,0,0,1,0,14,12
1458,20500,0,58,423,2013,9,1,5,2.5,152000.0,4,2,1,1,0,1,8
1459,52059,1363,32,780,2012,4,1,5,3.7,229334.0,8,0,0,1,0,1,0
1460,19281,986,27,483,2010,4,1,5,2.4,140000.0,4,0,1,1,0,6,4
1461,627,1356,32,906,2014,9,1,5,3.7,208267.0,8,0,2,1,0,12,12
1462,18503,586,58,1124,2012,3,0,2,1.8,160000.0,4,3,1,1,0,7,16
1463,3136,765,35,1027,2015,9,1,5,2.0,82654.0,4,0,2,1,0,7,12
1464,32412,777,23,812,2014,7,1,1,2.5,131957.0,4,0,1,1,0,14,4
1466,22577,0,61,515,2007,2,0,1,2.5,228000.0,4,1,2,1,0,14,2
1467,42692,730,54,237,2016,4,1,5,1.6,36000.0,4,0,1,1,0,2,4
1468,25716,0,58,1152,2012,3,0,6,1.8,75000.0,12,0,1,1,0,12,10
1469,392,1017,36,198,2017,4,1,5,2.0,38918.0,4,0,0,1,0,14,12
1470,9095,2736,12,1365,2017,9,1,5,3.7,55765.0,8,0,2,1,0,14,12
1471,3450,481,5,5,2017,9,1,2,2.0,0.0,4,0,2,1,0,1,12
1472,7213,1024,58,1179,2010,4,1,5,2.5,108456.0,4,0,0,1,0,12,12
1473,11604,639,23,1298,2014,9,1,4,2.0,312690.0,4,0,1,1,0,12,4
1474,282,1079,23,618,2018,9,1,5,2.0,17254.0,4,0,1,1,0,7,12
1475,2979,1079,23,618,2018,9,1,5,2.0,63195.0,4,0,1,1,0,1,12
1476,15681,1103,28,415,2015,9,1,5,3.0,53772.0,4,0,1,1,0,12,4
1477,12544,557,16,693,2013,3,1,5,1.7,72000.0,4,0,1,1,0,1,0
1478,52853,891,23,1270,2016,4,1,1,2.0,89454.0,4,0,1,1,0,1,4
1479,18189,779,58,423,2013,9,1,5,2.5,90000.0,4,2,1,1,0,7,12
1480,33556,2195,5,1491,2009,4,1,5,3.7,85000.0,6,2,0,1,0,1,5
1481,9408,0,36,582,1998,9,1,0,3.2,230000.0,6,0,2,1,0,1,6
1482,20385,0,23,1299,2012,9,1,5,2.0,203200.0,4,2,1,1,0,1,8
1483,34635,1077,21,469,2019,9,1,5,2.0,2927.0,4,0,1,1,0,7,4
1484,17942,640,8,1060,2013,4,1,1,2.0,143743.0,4,0,1,1,0,14,4
1485,12074,585,23,618,2013,9,0,5,1.8,80699.0,4,0,1,1,0,1,0
1486,14269,761,58,1124,2010,3,0,2,1.8,208000.0,4,0,1,1,0,2,8
1487,78403,0,31,542,2011,4,0,1,2.4,60000.0,4,1,0,0,0,14,0
1488,19757,0,61,870,2012,9,1,5,2.5,120800.0,5,2,1,1,0,12,6
1489,392,779,58,423,2013,9,1,2,2.5,124184.0,4,0,1,1,0,12,12
1490,52687,0,27,1471,2010,4,0,5,3.7,103000.0,6,1,0,1,0,1,8
1491,706,1055,36,961,2013,4,1,5,3.5,127416.0,6,0,0,1,0,14,12
1492,8781,0,21,669,2005,3,1,5,1.5,170000.0,4,3,1,1,1,0,6
1494,41578,730,54,237,2016,4,1,1,1.6,92888.0,4,0,1,1,0,1,4
1495,10036,1024,23,812,2010,7,1,1,2.5,60517.0,4,0,1,1,0,15,4
1496,10663,765,23,1298,2015,9,1,4,2.0,333804.0,4,0,1,1,0,12,4
1497,12256,761,8,909,2010,9,1,5,1.8,176682.0,4,0,1,1,0,1,4
1498,8000,0,39,475,2006,3,0,5,1.5,169969.0,4,0,1,1,1,12,2
1500,11604,0,16,697,2013,9,1,5,2.0,1000.0,4,2,1,1,0,14,6
1501,14000,0,13,463,2010,1,0,5,3.7,0.0,8,1,0,0,0,1,8
1502,40076,891,23,1270,2016,4,1,1,2.0,150415.0,4,0,1,1,0,14,4
1503,7840,843,58,1132,2008,3,0,5,1.5,180000.0,4,3,1,2,0,2,8
1504,157,831,23,1298,2011,9,1,2,2.4,0.0,4,0,1,1,0,12,0
1505,17249,473,8,523,2014,9,1,5,1.4,147718.0,4,0,1,1,0,14,12
1506,21639,0,36,576,2008,9,1,1,2.8,284500.0,6,2,2,1,0,12,12
1508,13178,687,23,618,2010,9,1,5,1.6,86660.0,4,0,1,1,0,12,4
1510,49550,631,36,756,2012,4,1,5,3.7,438886.75,8,2,0,1,0,1,12
1511,549,1190,58,1360,2014,9,1,5,3.7,238203.0,6,0,0,1,0,7,12
1514,10976,0,36,305,2009,9,0,5,1.8,214500.0,4,1,2,1,0,1,4
1515,34572,697,21,469,2015,9,1,5,1.8,67190.0,4,0,1,1,0,14,4
1516,23521,639,5,71,2014,9,1,5,2.0,59000.0,4,2,2,1,0,1,12
1517,17249,749,23,1298,2014,9,1,5,2.4,111111.0,6,2,1,1,0,14,6
1518,4200,0,36,305,2001,9,0,5,2.0,307651.0,4,1,2,1,1,2,6
1519,28225,934,58,1179,2015,4,1,5,2.5,73931.0,4,0,1,1,0,12,0
1521,18033,0,23,1307,2013,9,0,5,1.8,88600.0,4,0,1,1,0,14,6
1522,125,1664,58,1406,2013,1,1,5,3.7,234683.0,8,0,2,1,0,14,12
1523,10672,640,8,1060,2013,4,1,1,2.0,71338.0,4,0,1,1,0,12,4
1524,43905,0,36,753,2009,4,1,5,3.7,160000.0,6,0,0,1,0,1,6
1525,9408,0,36,290,2007,9,0,5,1.7,142000.0,4,2,1,1,1,12,8
1526,18660,723,28,461,2016,9,1,1,1.6,29420.0,4,0,1,1,0,12,4
1527,549,631,58,1124,2013,9,1,2,1.8,438886.75,4,0,1,1,0,1,12
1528,18817,0,38,506,2011,3,1,5,1.6,123984.0,4,0,1,1,0,6,8
1529,470,934,41,249,2015,9,1,5,2.5,118045.0,4,0,1,1,0,12,12
1531,1960,1172,16,615,2011,4,1,5,3.5,193013.0,6,0,0,1,0,14,12
1532,20005,707,54,1192,2011,4,1,1,2.0,200241.0,4,0,1,1,0,1,4
1533,11290,0,58,1124,2007,3,1,2,1.5,297600.0,4,0,1,1,0,13,6
1536,4861,1058,36,586,2012,9,1,1,3.5,128202.0,6,0,2,1,0,1,12
1537,58172,784,21,469,2017,3,1,5,1.5,26166.0,4,0,1,1,0,1,4
1538,7840,0,9,1073,2003,9,1,4,2.0,110000.0,4,2,1,1,0,0,4
1539,53154,891,23,1270,2016,4,1,1,2.0,80737.0,4,0,1,1,0,2,4
1540,6272,0,42,263,1999,9,0,5,1.6,100000.0,4,1,1,1,0,2,3
1541,31581,915,23,812,2014,7,1,1,3.0,114142.0,4,0,1,1,0,12,4
1542,42337,0,16,1381,2016,6,0,1,2.2,56000.0,4,1,2,1,0,14,4
1543,251,584,23,618,2014,9,1,5,1.8,40963.0,4,0,1,1,0,2,12
1544,9252,765,23,1298,2015,9,1,4,2.0,438886.75,4,0,1,1,0,8,4
1545,8467,1111,21,669,2012,3,0,2,1.3,60000.0,4,3,1,1,1,1,4
1546,12388,1399,36,586,2010,9,1,1,3.5,189530.0,6,0,0,1,0,1,12
1547,627,585,58,1124,2013,3,1,2,1.8,247651.0,4,0,1,1,0,11,12
1549,19757,0,23,1312,2011,9,1,2,2.4,179200.0,4,2,1,1,0,7,6
1550,11299,639,23,1298,2014,9,1,4,2.0,54546.0,4,0,1,1,0,12,4
1551,862,1249,55,706,2017,4,1,5,2.5,74562.0,4,0,0,1,0,7,0
1552,1725,1292,36,395,2016,9,1,5,3.0,49968.0,6,0,0,1,0,14,12
1553,10976,0,36,560,2003,9,1,1,2.2,280000.0,4,2,2,1,0,2,5
1555,1568,831,8,643,2011,4,1,5,2.4,80000.0,4,0,1,1,0,14,12
1556,11177,502,58,251,2013,3,1,5,1.5,133682.0,4,0,1,1,0,14,4
1557,81225,631,5,1491,2015,4,1,5,3.5,438886.75,6,2,0,1,0,1,12
1558,23138,836,23,1270,2010,4,1,1,2.0,188083.0,4,0,1,1,0,1,4
1559,10976,0,58,1124,2005,3,0,2,1.5,259000.0,4,3,1,1,0,14,2
1560,470,586,58,1124,2012,3,1,2,1.8,373634.0,4,0,1,1,0,14,12
1561,19757,0,61,870,2012,9,1,5,2.5,120640.0,5,2,1,1,0,12,6
1564,14113,308,58,1124,2014,4,1,2,1.8,339710.0,4,0,1,1,0,14,12
1565,5959,1438,42,479,2003,2,0,1,1.7,235000.0,4,1,2,0,0,2,2
1566,25089,0,58,1179,2012,4,0,5,2.5,83500.0,4,0,0,1,0,4,4
1567,16308,585,23,618,2013,9,0,5,1.8,50545.0,4,2,1,1,0,7,8
1568,6429,1282,8,444,2007,4,1,1,2.0,76198.0,4,0,1,1,0,12,4
1569,12544,639,16,697,2014,9,0,5,2.0,81000.0,4,0,1,1,0,7,0
1570,549,1172,32,608,2011,9,1,5,3.5,229736.0,6,0,1,1,0,7,12
1571,7840,4508,5,79,2001,10,0,5,1.9,183000.0,4,2,2,1,1,1,6
1572,4800,0,3,219,2002,9,1,5,2.7,0.0,6,0,0,1,0,12,0
1573,87497,0,28,1323,2019,4,1,5,2.4,0.0,4,2,0,1,0,7,6
1574,862,1024,16,646,2010,4,1,2,2.5,174926.0,4,0,1,1,0,7,0
1575,282,1399,32,1208,2010,4,1,2,3.5,311949.0,6,0,1,1,0,12,12
1576,16599,531,23,618,2012,9,1,5,1.6,125581.0,4,0,1,1,0,12,4
1577,15367,562,15,116,2015,1,0,5,1.4,19000.0,4,1,1,1,0,7,10
1578,11604,0,36,308,2003,9,0,1,2.2,299000.0,4,2,2,1,0,12,0
1579,23207,0,58,1179,2010,4,1,5,2.0,167300.0,4,3,0,2,0,2,8
1582,64463,880,23,1298,2018,9,1,5,1.6,5187.0,4,0,1,1,0,7,4
1583,40,0,58,1124,2010,9,0,2,1.8,256000.0,6,0,1,1,0,14,1
1584,18503,0,58,1124,2010,9,0,5,1.8,162000.0,4,0,1,1,0,7,12
1585,1333,289,16,646,2008,4,1,2,0.4999999999999998,349288.0,4,0,1,1,0,2,0
1586,35736,777,23,812,2014,7,1,1,2.5,110483.0,4,0,1,1,0,15,4
1587,25638,501,58,251,2014,3,1,5,1.5,35000.0,4,0,1,1,0,8,4
1588,7213,0,36,388,1999,1,1,5,3.7,115000.0,8,2,2,0,0,12,4
1589,15681,0,58,1124,2010,3,0,5,1.8,0.0,4,0,1,1,0,7,8
1590,5331,0,42,262,1997,2,0,0,1.6,0.0,4,1,1,1,0,14,2
1591,11917,753,23,810,2012,9,1,5,2.4,113824.0,4,0,1,1,0,1,4
1592,8154,1172,32,845,2011,9,1,5,3.5,259066.0,6,0,0,1,0,12,12
1593,7527,0,42,1416,2004,2,0,1,2.2,156000.0,4,0,0,1,0,2,2
1594,18826,528,23,618,2014,9,1,1,1.6,111232.0,4,0,1,1,0,14,4
1595,3293,645,32,402,2011,3,1,2,1.8,224267.0,4,0,1,1,0,12,0
1596,24462,738,8,523,2017,9,1,5,1.4,70400.0,4,0,1,1,0,1,0
1597,392,645,58,1124,2011,4,1,2,1.8,146184.0,4,0,1,1,0,14,12
1598,7840,0,41,1364,2003,9,0,5,2.3,145000.0,6,0,1,1,1,2,4
1599,15053,631,58,1124,2011,3,0,2,1.8,438886.75,4,0,1,1,0,1,10
1600,17562,697,21,470,2015,1,0,5,1.8,58190.0,4,0,1,0,0,1,6
1601,40889,697,21,469,2015,9,1,5,1.8,29000.0,4,0,1,1,0,1,4
1602,11133,1277,23,1270,2018,9,1,5,2.4,56150.0,4,0,1,0,0,2,12
1603,392,781,61,870,2012,9,1,5,2.5,220846.0,5,0,1,1,0,1,12
1604,17000,584,41,720,2014,9,0,5,1.8,48000.0,4,0,1,1,0,7,4
1605,18503,730,23,618,2016,9,1,4,1.6,29864.0,4,0,1,1,0,12,4
1608,188,751,8,643,2013,4,1,5,2.4,149445.0,4,0,0,1,0,14,12
1609,112900,0,39,1084,2019,4,1,5,3.0,6000.0,6,2,0,1,0,14,10
1610,120,0,36,1440,2007,7,0,1,2.2,140000.0,4,0,2,1,0,2,2
1612,51746,1620,36,1445,2006,7,0,1,2.2,32000.0,4,1,2,1,0,14,4
1613,37633,0,33,951,2013,9,1,2,2.0,82817.0,4,3,1,1,0,14,12
1614,18817,1018,5,144,2011,9,1,5,3.0,107000.0,6,2,2,1,0,2,10
1615,39559,765,23,1401,2015,4,1,1,2.0,89423.0,4,0,1,1,0,7,4
1616,35046,639,23,1401,2014,4,1,1,2.0,117856.0,4,0,1,1,0,12,4
1617,13172,707,23,1270,2011,4,1,1,2.0,72366.0,4,0,1,1,0,14,4
1618,1568,2018,58,1406,2015,4,1,5,3.7,128000.0,8,0,0,1,0,14,12
1619,11290,0,21,669,2013,3,0,5,1.5,120000.0,4,3,1,1,1,7,4
1620,627,473,8,523,2014,9,1,5,1.4,201974.0,4,0,1,1,0,14,12
1621,21953,836,23,1270,2010,4,1,1,2.0,174000.0,4,0,1,1,0,12,4
1622,35,0,58,1124,2008,9,1,2,1.5,438886.75,6,0,1,1,0,14,6
1623,26613,639,8,978,2014,9,1,5,2.0,121800.0,4,0,1,1,0,14,4
1626,96915,1076,23,1270,2020,4,1,5,2.0,21.0,4,0,1,1,0,7,4
1627,2195,645,23,618,2011,4,1,5,1.8,308501.0,4,0,1,1,0,2,12
1628,14113,473,8,536,2014,9,0,5,1.4,82000.0,4,0,1,1,0,4,6
1629,5331,584,8,523,2014,4,1,5,1.8,45680.0,4,0,1,1,0,3,4
1630,627,585,58,1124,2013,3,1,2,1.8,0.0,4,0,1,1,0,12,12
1631,43278,0,38,507,2014,3,1,5,1.6,53440.0,4,2,1,1,0,2,12
1633,15681,0,23,1425,2011,3,0,5,1.6,115200.0,4,2,1,0,0,8,12
1634,8947,790,8,909,2009,9,1,1,1.6,38254.0,4,0,1,1,0,7,4
1635,8467,0,41,1373,2006,3,1,5,1.5,139000.0,4,3,1,1,1,1,6
1636,16621,761,58,1124,2010,9,0,5,1.8,174000.0,8,0,1,1,0,14,10
1637,18817,0,23,618,2015,9,0,5,1.8,56000.0,4,2,1,1,0,2,10
1639,3450,0,55,927,2000,9,0,0,2.0,200000.0,4,0,0,1,1,1,2
1640,12858,645,58,1124,2011,3,0,2,1.8,116000.0,4,3,1,1,0,7,12
1641,2509,1017,36,759,2017,4,1,5,2.0,44477.0,4,0,1,1,0,2,0
1642,10406,687,23,618,2010,9,1,5,1.6,100963.0,4,0,1,1,0,12,4
1643,9095,473,8,523,2014,9,0,5,1.4,52000.0,4,0,1,1,0,14,8
1644,7840,0,36,374,2001,1,1,5,2.0,259000.0,4,2,2,0,1,12,4
1645,9593,447,21,669,2013,10,1,2,1.3,112405.0,4,0,1,1,0,1,4
1647,94,1202,23,1298,2017,9,1,5,2.4,130678.0,4,0,1,1,0,14,12
1648,17562,0,58,1132,2012,3,0,5,1.5,192000.0,4,0,1,1,0,14,4
1649,9722,1268,58,251,2012,3,0,2,1.5,125000.0,4,0,1,1,1,12,2
1651,30,0,21,669,2005,3,0,5,1.3,145000.0,4,0,1,1,1,14,4
1652,7840,0,56,1350,2006,3,0,5,1.5,19000.0,4,0,0,1,1,12,4
1654,12600,988,58,1124,2007,3,1,2,1.5,170000.0,4,0,1,1,0,12,6
1656,42601,784,58,251,2017,3,1,5,1.5,17247.0,4,0,1,1,0,1,4
1657,49864,891,5,144,2016,9,1,5,2.0,32000.0,4,2,2,1,0,1,12
1658,17942,530,23,618,2013,9,1,5,1.6,196448.0,4,0,1,1,0,1,4
1659,23408,707,23,1270,2011,4,1,1,2.0,176635.0,4,0,1,1,0,14,4
1660,18817,891,23,1298,2016,9,1,4,2.0,287140.0,4,0,1,1,0,14,4
1661,330,765,58,423,2015,9,0,5,2.0,0.0,4,0,1,1,0,1,0
1663,20385,0,36,1326,2005,6,0,1,2.2,245000.0,4,1,2,0,0,14,2
1664,15063,631,23,812,2010,7,1,1,2.5,438886.75,4,0,1,1,0,1,4
1665,627,586,58,1124,2012,3,1,2,1.8,435560.0,4,0,1,1,0,14,12
1666,24462,0,8,1465,2014,3,1,6,1.4,90000.0,4,3,1,1,0,4,8
1667,13485,0,58,1124,2012,3,1,2,1.8,0.0,4,0,1,1,0,14,8
1668,627,1750,58,825,2008,4,1,2,3.3,277405.0,6,0,0,1,0,7,12
1669,13877,531,23,232,2012,9,1,1,1.6,213131.0,4,0,1,1,0,7,4
1670,29793,0,32,1201,2008,4,1,0,3.5,73000.0,6,0,0,1,0,12,10
1671,1176,934,35,3,2015,9,1,5,2.5,142800.0,4,0,1,1,0,7,12
1672,59464,971,54,1192,2016,4,1,1,2.2,43877.0,4,0,1,1,0,3,4
1673,56136,1017,36,580,2017,9,1,5,2.0,50963.0,4,0,2,1,0,1,12
1674,46728,1811,32,780,2010,4,1,5,3.7,260771.0,8,0,0,1,0,1,0
1675,37633,1408,36,1440,2007,7,1,1,2.2,145784.0,4,1,2,1,0,1,10
1676,27284,986,32,820,2010,9,1,2,2.4,169000.0,4,0,1,1,0,1,10
1677,130,0,58,825,2009,4,0,2,3.3,180000.0,6,0,0,1,0,7,12
1678,21953,308,32,406,2014,3,1,2,1.8,192000.0,4,3,1,1,0,7,8
1679,16741,640,23,1298,2013,9,1,5,2.0,149289.0,4,0,1,1,0,14,4
1680,13485,584,8,523,2014,9,0,5,1.8,87000.0,4,2,1,1,0,14,12
1681,2700,0,16,1017,1995,3,0,5,1.8,135000.0,4,1,1,1,0,11,2
1682,22248,836,23,1270,2010,4,1,1,2.0,184554.0,4,0,1,1,0,12,4
1683,5645,0,5,65,1996,9,0,5,1.6,300000.0,4,1,2,1,0,11,2
1684,5645,1436,6,460,2010,9,1,5,3.6,158662.0,6,0,1,1,0,1,12
1685,2509,574,21,858,2010,3,1,2,1.3,210758.0,4,0,1,1,0,12,0
1686,23521,0,39,904,2008,8,0,1,2.5,320582.0,1,1,0,1,0,12,0
1687,21492,1185,23,812,2009,7,1,1,2.5,51273.0,4,0,1,1,0,8,4
1688,16308,474,8,523,2013,3,1,5,1.4,140000.0,4,2,1,1,0,5,12
1689,3136,3301,27,466,1992,4,1,5,3.7,4512.0,8,1,0,1,0,1,11
1690,470,1249,58,423,2017,4,1,5,2.5,58114.0,4,0,1,1,0,2,12
1691,204,0,41,1107,2012,4,0,5,3.6,110000.0,4,0,0,1,0,1,4
1692,470,583,8,287,2011,3,1,5,1.6,155536.0,4,0,1,1,0,1,12
1693,11917,765,16,700,2015,3,0,5,2.0,85985.0,4,2,1,1,0,12,12
1694,11604,0,35,994,2009,9,0,5,2.0,181894.0,4,2,1,1,0,7,4
1695,24148,0,16,722,2013,9,1,2,2.0,70000.0,4,0,1,1,0,14,0
1696,392,761,58,492,2010,9,1,5,1.8,0.0,4,0,1,1,0,7,12
1697,18503,631,58,1124,2010,9,0,5,1.8,438886.75,4,0,1,1,0,1,12
1698,8781,0,21,669,2004,3,0,5,1.5,172000.0,4,0,1,1,1,7,2
1699,10349,765,23,1298,2015,9,1,4,2.0,53341.0,4,0,1,1,0,12,4
1700,12231,2056,55,1061,2012,4,1,5,2.5,110000.0,4,0,0,1,1,1,10
1701,549,289,16,646,2008,4,1,2,0.4999999999999998,438886.75,4,0,1,1,0,1,0
1702,41281,880,54,237,2018,4,1,5,1.6,52349.0,4,0,1,1,0,14,4
1704,51432,631,32,781,2007,4,1,5,3.7,438886.75,8,0,0,1,0,1,12
1705,13485,915,5,154,2014,9,1,1,3.0,98368.0,6,0,0,1,0,14,12
1706,16308,0,21,669,2013,9,0,2,1.5,128000.0,4,0,1,1,1,12,2
1707,29094,730,23,618,2016,9,1,5,1.6,54500.0,4,0,1,1,0,2,4
1708,28225,1017,23,1401,2017,4,0,5,2.0,25000.0,6,0,0,1,0,1,11
1709,30734,0,21,469,2016,9,0,5,1.5,66200.0,4,0,1,1,0,7,12
1710,1500,631,42,1044,1995,2,0,5,2.0,438886.75,1,1,2,1,0,1,0
1711,27284,0,36,603,2006,9,1,4,3.7,134000.0,8,2,2,1,0,1,8
1712,5331,631,21,469,2003,9,0,5,1.7,438886.75,4,3,1,1,1,1,2
1713,157,1058,36,961,2012,4,1,1,3.5,245762.0,6,0,0,1,0,1,12
1714,4391,308,58,1124,2014,3,1,2,1.8,151923.0,4,0,1,1,0,14,12
1715,30906,691,21,669,2017,3,1,5,1.3,68000.0,4,0,1,1,0,14,4
1716,18826,707,54,237,2011,4,1,1,2.0,181000.0,4,0,1,1,0,12,4
1717,28357,777,23,812,2014,7,1,1,2.5,151780.0,4,0,1,1,0,12,4
1718,15100,687,23,618,2010,9,1,5,1.6,98578.0,4,0,1,1,0,12,4
1719,6899,0,55,929,2002,10,0,0,2.0,169000.0,4,2,0,1,1,12,4
1720,549,1017,23,618,2017,9,1,5,2.0,83845.0,4,0,1,1,0,1,12
1721,3607,0,42,502,2000,9,0,0,1.2,300000.0,4,1,1,1,0,10,2
1722,188,645,58,1124,2011,3,1,2,1.8,197328.0,4,0,1,1,0,14,12
1723,10349,0,58,1124,2006,3,0,2,1.5,17778.0,4,0,1,1,0,6,8
1724,16894,530,23,618,2013,9,1,5,1.6,131411.0,4,0,1,1,0,14,4
1725,157,919,5,1491,2012,4,1,1,3.0,296395.0,6,0,0,1,0,7,0
1726,53031,1079,23,1270,2018,4,1,1,2.0,102934.0,4,0,1,1,0,14,4
1727,627,777,32,841,2014,9,1,5,2.5,126021.0,6,0,2,1,0,14,12
1728,16621,586,58,1124,2012,9,0,2,1.8,137000.0,4,3,1,1,0,12,16
1729,35902,631,23,812,2014,7,1,1,2.5,438886.75,4,0,1,1,0,1,4
1730,5645,631,42,479,2002,2,0,1,1.7,438886.75,4,1,1,1,0,1,1
1731,23521,0,58,1124,2013,3,0,2,1.8,169600.0,4,0,1,1,0,12,4
1732,11917,639,23,618,2014,3,0,5,2.0,124226.0,4,0,1,1,0,12,0
1733,12544,0,8,1322,2013,3,1,5,1.2,93000.0,4,0,1,1,0,12,0
1734,12074,1869,13,285,2019,9,1,5,3.6,32453.0,6,0,1,1,0,7,12
1735,8467,0,5,185,1996,9,1,0,3.7,14000.0,8,2,2,1,0,2,6
1737,59586,0,36,1445,2016,7,1,1,2.2,212000.0,4,0,2,1,0,12,0
1738,45,0,58,1124,2004,3,0,5,1.5,100000.0,4,0,1,1,0,14,0
1740,96071,1178,23,1270,2018,4,1,1,2.2,5964.0,4,0,1,1,0,14,4
1741,9000,0,3,228,2006,9,1,5,3.7,205000.0,8,2,0,1,0,1,12
1742,5849,418,41,982,2014,3,1,5,1.2,101537.0,4,0,1,1,0,12,4
1743,1700,0,16,655,1992,3,0,1,1.8,111111.0,6,1,1,1,0,13,0
1744,12858,1820,35,277,2012,9,0,1,2.2,99000.0,4,2,1,1,1,12,12
1746,4234,761,58,1124,2010,3,1,2,1.8,158136.0,4,0,1,1,0,14,12
1747,14113,631,36,1326,2002,6,0,1,2.2,438886.75,5,1,2,0,0,1,2
1748,9408,761,58,1124,2010,3,0,2,1.8,200000.0,4,3,1,1,0,14,12
1749,15681,0,61,1368,2011,4,0,5,2.0,268800.0,4,1,1,1,0,12,12
1751,18240,528,23,618,2014,9,1,1,1.6,206344.0,4,0,1,1,0,12,4
1752,15681,753,23,1298,2012,9,0,5,2.4,100000.0,4,0,1,1,0,1,12
1754,2117,751,23,1298,2013,9,1,5,2.4,104046.0,4,0,1,1,0,12,12
1755,549,394,58,423,2014,9,1,2,2.5,130478.0,4,0,1,1,0,14,12
1756,10506,1268,58,251,2012,9,0,2,1.5,134000.0,4,3,1,1,1,2,2
1757,19757,779,58,433,2013,9,1,5,2.5,124000.0,4,2,1,1,0,1,6
1758,7527,0,41,1370,2005,3,1,5,1.5,130000.0,4,0,1,1,1,12,4
1759,32615,891,21,469,2016,9,1,5,2.0,20000.0,4,0,1,1,0,14,4
1760,20698,639,23,1401,2014,4,1,1,2.0,71101.0,4,0,1,1,0,14,4
1761,7840,0,42,265,2001,1,1,5,2.2,127000.0,4,1,1,0,0,1,6
1762,31358,0,55,1525,2015,4,0,5,2.0,52000.0,6,3,0,1,0,0,12
1763,29793,1823,36,763,2018,4,1,5,3.5,9765.0,6,0,2,1,0,14,12
1764,23364,353,58,1124,2015,3,0,2,1.8,128000.0,4,3,1,1,0,14,8
1765,14113,0,36,560,2011,9,1,1,2.2,438886.75,4,1,2,1,0,14,12
1766,50049,891,23,1270,2016,4,1,1,2.0,145329.0,4,0,1,1,0,1,4
1768,37633,631,36,1445,2009,7,1,1,2.2,438886.75,6,1,2,1,0,1,2
1769,10349,1267,58,251,2013,3,0,2,1.5,47000.0,4,0,1,1,1,2,10
1770,20700,0,58,1124,2014,3,1,2,1.8,75621.0,4,0,1,1,0,2,11
1771,21639,0,5,1491,2004,4,1,1,3.0,300000.0,6,2,0,1,0,1,8
1772,12544,473,8,523,2014,9,0,5,1.4,127816.0,4,0,1,1,0,12,0
1773,2666,891,36,332,2016,9,1,5,2.0,51725.0,4,0,2,1,0,1,12
1774,157,1172,36,961,2011,4,1,1,3.5,220323.0,6,0,0,1,0,1,12
1775,10669,836,8,909,2010,9,1,1,2.0,161629.0,4,0,1,1,0,7,4
1776,5893,966,11,909,2009,9,1,5,2.0,74429.0,4,0,1,1,0,14,4
1777,7778,1413,41,1370,2011,3,1,5,1.5,98000.0,4,0,1,1,1,1,4
1778,11604,640,16,697,2013,3,1,5,2.0,200000.0,4,0,1,1,0,12,6
1779,11760,0,21,674,2012,3,0,2,1.3,96000.0,4,0,1,1,1,14,4
1780,6429,2225,58,1406,2017,9,1,5,3.7,190875.0,8,0,0,1,0,14,12
1781,51454,1202,27,466,2017,4,1,5,2.4,109478.0,4,0,1,1,0,1,4
1782,43868,730,54,237,2016,4,1,1,1.6,85134.0,4,0,1,1,0,2,4
1784,27889,707,54,1192,2011,4,1,1,2.0,70336.0,4,0,1,1,0,12,4
1785,47,1399,58,423,2010,9,1,5,3.5,195613.0,6,0,1,1,0,7,12
1786,17249,0,58,1438,2011,7,0,1,2.0,40000.0,4,1,1,1,0,12,6
1787,47042,0,36,1246,2007,9,1,5,3.7,185000.0,8,2,0,1,0,1,8
1788,8467,639,23,1298,2014,9,1,4,2.0,438886.75,4,0,1,1,0,8,4
1789,19757,528,41,889,2014,4,0,5,1.6,65600.0,4,2,1,1,0,12,6
1790,7840,528,16,693,2014,9,1,5,1.6,66888.0,4,0,1,1,0,7,0
1791,7370,0,56,1350,2003,9,0,5,1.5,0.0,4,1,1,0,1,15,2
1792,6272,1079,58,364,2018,4,1,5,2.0,18754.0,4,0,1,1,0,11,12
1793,22580,0,16,1381,2007,6,0,1,2.2,160000.0,4,1,1,1,0,12,4
1794,19444,0,61,799,2012,3,0,1,2.0,248000.0,4,1,1,1,0,1,6
1795,13485,836,61,1090,2010,9,1,5,2.0,114000.0,4,2,1,1,0,14,8
1796,15367,0,36,1326,2004,6,0,1,2.2,210000.0,4,1,2,0,0,14,2
1797,17355,707,23,788,2011,1,1,5,2.0,112387.0,4,0,1,1,0,7,4
1798,17876,781,61,1090,2012,9,1,5,2.5,112000.0,4,2,1,1,0,14,8
1799,392,781,58,423,2012,9,1,2,2.5,314373.0,4,0,1,1,0,7,12
1801,26149,836,23,1401,2010,4,1,1,2.0,72464.0,4,0,1,1,0,7,4
1802,314,749,8,444,2014,4,1,5,2.4,119768.0,4,0,1,1,0,14,12
1803,62722,690,32,1208,2016,4,1,2,3.5,59858.0,6,0,1,1,0,12,12
1804,25716,631,23,1298,2015,9,0,5,2.0,438886.75,4,2,1,1,0,1,6
1805,64290,518,58,1179,2016,4,1,2,2.5,33500.0,4,0,0,1,0,14,0
1806,6272,0,36,43,1996,9,0,0,2.3,438886.75,6,0,2,1,0,6,4
1808,3293,585,23,618,2013,9,1,5,1.8,121029.0,4,0,1,1,0,12,12
1809,19444,0,16,1381,2003,6,1,1,2.4,181000.0,4,1,2,1,0,14,4
1810,20162,765,23,1298,2015,9,1,5,2.0,14368.0,4,0,1,1,0,1,4
1811,15367,765,23,1298,2015,9,1,4,2.0,283895.0,4,0,1,1,0,12,4
1812,627,917,45,453,2013,4,1,1,3.0,313330.0,6,0,0,1,0,1,12
1813,15681,333,55,1525,2014,9,1,2,2.0,270472.0,4,0,0,1,0,14,0
1814,4234,0,41,303,2002,9,0,5,2.0,10000.0,4,2,1,1,1,4,12
1816,18817,0,58,1124,2011,9,0,5,1.8,164800.0,4,3,1,1,0,12,6
1817,40769,971,23,1270,2016,4,1,1,2.2,23216.0,4,0,1,1,0,14,4
1818,30,0,58,1124,2007,3,0,4,1.5,198000.0,4,2,1,1,0,14,4
1819,3763,751,23,1401,2013,4,1,5,2.4,53717.0,4,0,0,1,0,12,0
1820,77775,0,58,921,2014,4,0,1,3.0,117000.0,6,0,0,1,0,12,12
1821,16308,891,23,1298,2016,9,1,4,2.0,410884.0,4,0,1,1,0,14,4
1822,314,781,55,706,2012,4,1,5,2.5,204579.0,4,0,0,1,0,1,0
1824,4704,0,5,66,1997,9,1,5,1.8,211000.0,4,0,2,1,1,2,2
1825,26030,0,32,402,2013,3,1,2,1.8,153600.0,4,0,1,1,0,12,12
1826,5959,0,39,475,2002,9,0,5,1.3,209000.0,4,0,2,1,1,6,2
1827,17000,0,58,423,2007,9,1,2,2.4,220800.0,4,0,1,1,0,1,8
1828,3500,0,42,502,1997,9,0,5,1.4,11111.0,4,1,1,1,0,6,2
1829,18189,1095,8,444,2008,4,1,1,2.0,72000.0,4,2,1,1,0,1,2
1830,28222,640,23,1270,2013,4,1,1,2.0,53729.0,4,0,1,1,0,1,4
1831,2117,730,41,889,2016,4,1,5,1.6,181997.0,4,0,0,1,0,1,0
1832,53759,1017,23,1270,2017,4,1,1,2.0,140097.0,4,0,1,1,0,2,4
1833,16308,0,61,870,2011,9,1,4,2.5,169600.0,5,2,1,1,0,1,8
1834,42667,765,54,1192,2015,4,1,1,2.0,110000.0,4,0,1,1,0,1,4
1836,9408,0,5,10,2004,3,0,5,2.0,100000.0,4,2,2,1,1,12,8
1837,8467,0,35,994,2005,9,0,5,2.3,65000.0,4,2,1,1,0,7,8
1838,15530,631,23,1298,2016,9,1,4,2.0,438886.75,4,0,1,1,0,1,4
1839,7840,0,56,1350,2006,3,1,5,1.6,130000.0,4,1,1,1,1,1,12
1840,20385,0,36,394,2005,9,1,5,3.7,230000.0,8,2,2,1,0,12,10
1841,29950,891,23,1270,2016,4,1,1,2.0,50079.0,4,0,1,1,0,14,4
1842,8154,0,36,380,2000,1,0,5,2.3,290000.0,4,2,2,0,0,2,4
1843,9408,0,56,936,2005,10,0,1,1.4,162000.0,4,1,1,1,0,12,4
1844,10976,1267,58,251,2013,3,0,2,1.5,64000.0,4,3,1,1,1,1,4
1845,18189,488,28,1116,2016,9,1,5,1.0,41370.0,4,0,1,1,0,1,4
1846,314,586,58,1124,2012,3,1,2,1.8,418667.0,4,0,1,1,0,14,12
1847,14426,0,55,927,2011,9,0,4,2.5,185000.0,4,2,0,1,0,2,8
1848,16308,0,5,147,2004,9,1,5,3.0,231000.0,6,0,2,1,0,2,8
1849,549,607,32,606,2019,9,1,2,2.5,13362.0,4,0,1,1,0,1,12
1850,5331,0,36,331,1997,9,1,5,2.8,100000.0,6,0,2,1,0,1,10
1851,220,919,5,1491,2012,4,1,1,3.0,273962.0,6,0,0,1,0,14,0
1852,10663,1268,58,251,2012,3,0,2,1.5,125000.0,4,3,1,1,1,11,2
1853,10349,0,39,1077,2009,4,1,5,2.4,138650.0,4,1,0,1,0,1,4
1854,17249,0,58,247,2005,7,0,4,2.4,251000.0,4,0,1,1,1,1,2
1855,549,530,28,1194,2013,9,1,5,1.6,171733.0,4,0,1,1,0,11,12
1856,8781,0,42,1536,2002,7,0,0,1.8,0.0,4,1,2,1,0,14,8
1857,2274,394,58,423,2014,9,1,2,2.5,128739.0,4,0,1,1,0,6,12
1858,28225,0,32,402,2014,3,1,2,1.8,134131.0,4,0,1,1,0,1,0
1860,28225,0,28,1049,2016,9,0,5,2.4,35200.0,4,2,1,1,0,2,12
1861,17249,697,8,523,2015,9,0,5,1.8,37000.0,4,0,1,1,0,12,0
1863,17249,697,23,618,2015,9,0,5,1.8,88830.0,4,0,1,1,0,12,0
1864,6899,0,21,1106,1998,4,0,5,3.2,0.0,6,0,0,1,0,14,4
1865,7700,0,39,477,2006,3,0,5,1.5,175000.0,4,0,1,1,1,12,2
1866,22580,0,58,825,2008,4,1,2,3.3,189000.0,6,3,0,1,0,6,12
1867,37564,877,23,1401,2017,4,1,1,1.7,202758.0,4,0,1,1,0,7,4
1870,3763,1304,5,1511,2013,4,1,5,3.7,218518.0,8,0,0,1,0,14,12
1872,46919,765,23,1270,2015,4,1,1,2.0,117000.0,4,0,1,1,0,1,4
1873,6586,1017,32,1029,2017,4,1,5,2.0,14813.0,4,0,1,1,0,14,12
1874,5331,0,35,976,2001,7,0,0,2.5,192000.0,6,0,0,1,1,2,2
1875,18400,531,41,889,2012,4,0,5,1.6,0.0,4,0,1,1,0,1,10
1877,5645,1324,58,825,2010,9,1,2,3.3,345405.0,6,0,0,1,0,12,12
1878,18817,586,58,1124,2012,3,0,2,1.8,288000.0,4,3,1,1,0,7,10
1879,20250,271,58,251,2014,10,1,2,1.5,86400.0,4,0,1,1,0,11,4
1880,17249,645,58,1124,2011,3,1,2,1.8,188800.0,4,3,1,1,0,7,10
1881,9252,765,23,1298,2015,9,1,4,2.0,411260.0,4,0,1,1,0,8,4
1882,4234,779,58,423,2013,9,1,2,2.5,26918.0,4,0,1,1,0,14,12
1883,32615,0,3,213,2013,9,1,5,2.0,69000.0,4,2,0,1,0,1,8
1884,45473,0,58,434,2016,9,1,2,2.5,143388.0,6,3,1,1,0,7,12
1885,14113,753,23,1313,2012,9,1,2,2.4,157000.0,4,2,1,1,0,7,10
1886,4704,751,6,460,2013,9,1,5,2.4,146552.0,4,0,1,1,0,12,12
1887,12544,1024,58,423,2010,9,0,5,2.5,152000.0,4,1,1,1,0,1,8
1888,600,0,16,1287,1988,9,0,5,2.0,300000.0,4,1,2,1,0,7,0
1889,14113,0,23,232,2013,3,0,5,1.6,136000.0,4,2,1,1,0,14,6
1890,36567,777,23,812,2014,7,1,1,2.5,106533.0,4,0,1,1,0,14,4
1891,28225,934,58,423,2015,9,0,5,2.5,110734.0,4,0,1,1,0,1,12
1892,7213,0,36,305,1997,9,0,5,1.8,438886.75,4,1,2,1,0,12,2
1893,10349,1267,58,251,2013,9,0,2,1.5,438886.75,4,3,1,1,1,12,2
1895,9722,363,8,1322,2014,9,1,5,1.0,41984.0,4,0,1,1,0,7,4
1896,392,753,27,483,2012,4,1,5,2.4,0.0,4,0,1,1,0,14,12
1897,18189,0,27,937,2012,4,0,5,3.7,124670.0,6,0,0,1,0,7,6
1898,14426,394,32,606,2014,9,1,2,2.5,176213.0,4,0,1,1,0,1,12
1900,1254,1399,32,608,2010,9,1,5,3.5,187144.0,6,0,1,1,0,1,12
1901,11604,631,58,1124,2006,3,0,2,1.5,438886.75,4,3,1,1,0,1,6
1902,18503,585,58,1124,2013,3,0,2,1.8,51000.0,4,0,1,1,0,14,8
1903,36197,831,8,1060,2017,4,1,1,1.6,65124.0,4,0,1,1,0,7,4
1904,19757,640,28,1049,2013,9,1,5,2.0,124000.0,4,2,1,1,0,14,16
1906,15994,0,61,794,2013,3,0,5,2.5,103000.0,4,2,1,1,0,1,12
1907,21953,0,23,812,2009,7,1,1,2.5,120000.0,6,2,2,2,0,12,12
1908,11290,2108,28,450,2006,7,0,1,2.9,171000.0,4,1,1,1,0,1,8
1909,38260,1327,58,429,2018,9,1,5,2.5,41068.0,4,0,1,1,0,1,10
1910,9722,1267,58,251,2013,3,0,2,1.5,143000.0,4,0,1,1,1,14,8
1913,38574,1211,5,1491,2010,4,1,1,3.0,248000.0,6,2,0,1,0,1,12
1914,20526,629,23,618,2015,9,1,5,1.6,75000.0,4,0,1,1,0,14,4
1915,26657,0,61,870,2017,9,1,5,1.4,50000.0,4,2,1,1,0,14,4
1916,53314,0,36,1440,2013,7,1,1,2.2,250000.0,4,2,2,1,0,7,7
1917,7000,0,21,696,2003,3,0,5,1.5,140203.0,16,0,1,1,1,12,2
1918,37633,1327,35,3,2018,4,1,5,2.5,42246.0,4,0,0,1,0,7,0
1919,9095,0,58,848,2006,7,0,5,2.0,204000.0,4,3,1,1,1,14,8
1921,21395,730,23,618,2016,9,1,5,1.6,144889.0,4,0,1,1,0,14,4
1922,19757,0,23,1401,2007,4,1,5,2.7,199000.0,6,2,0,1,0,1,6
1923,11290,0,41,1435,2012,9,0,5,1.6,109000.0,4,0,1,1,0,2,2
1924,15681,891,23,1298,2016,9,1,4,2.0,255591.0,4,0,1,1,0,12,4
1925,15367,585,58,1124,2013,3,1,2,1.8,130000.0,4,0,1,1,0,14,12
1926,3607,1104,5,1491,2015,4,1,1,3.0,201056.0,6,0,0,1,0,1,0
1927,15053,473,8,523,2014,9,0,5,1.4,74222.0,4,2,1,1,0,12,10
1928,12544,862,16,722,2011,9,1,2,2.5,49669.0,4,0,1,1,0,12,0
1929,15994,761,58,1124,2010,3,1,2,1.8,118000.0,4,2,1,1,0,2,10
1930,14583,738,8,527,2017,3,0,5,1.4,62971.0,4,0,1,1,0,1,8
1931,14740,690,16,722,2016,9,0,5,1.5,93000.0,4,2,1,1,0,7,8
1932,21953,0,23,1298,2015,9,0,5,2.4,91200.0,4,2,1,1,0,1,12
1933,6272,0,42,267,2002,10,0,1,1.7,270000.0,4,1,1,1,0,12,2
1934,7527,0,3,209,2006,9,1,5,2.0,278173.0,4,2,0,1,0,12,6
1935,11447,765,16,697,2015,9,1,5,2.0,94600.0,4,2,1,1,0,1,6
1936,14069,707,23,1298,2011,9,1,5,2.0,162095.0,4,0,1,1,0,7,4
1937,549,753,23,1298,2012,9,1,2,2.4,246450.0,4,0,1,1,0,12,12
1938,78,1104,26,665,2015,4,1,5,3.0,24984.0,6,0,2,0,0,11,12
1939,784,1079,58,364,2018,4,1,5,2.0,25850.0,4,0,1,1,0,7,12
1940,14113,0,39,811,2006,7,0,5,2.4,131000.0,4,2,0,1,1,14,4
1942,6868,836,8,523,2010,9,1,1,2.0,47221.0,4,0,1,1,0,1,4
1944,1882,382,23,1298,2014,9,1,2,2.4,247835.0,4,0,1,1,0,1,0
1945,4861,1324,58,825,2010,4,1,2,3.3,264877.0,6,0,0,1,0,14,12
1946,20266,583,23,618,2011,9,1,5,1.6,94910.0,4,0,1,1,0,12,4
1947,11604,761,58,1124,2010,9,0,2,1.8,154000.0,4,0,1,1,0,7,10
1949,12858,521,8,523,2011,9,0,5,1.4,178000.0,4,0,1,1,0,11,8
1950,9408,0,36,1445,2004,2,0,1,2.2,438886.75,4,1,2,1,0,14,2
1951,21326,919,5,144,2012,9,1,5,3.0,150000.0,6,2,2,1,0,12,12
1952,16327,836,23,788,2010,1,1,5,2.0,95510.0,4,0,1,1,0,12,4
1953,9408,0,36,597,1999,9,1,5,3.7,333333.0,8,0,2,1,0,10,4
1954,19444,781,58,423,2012,9,1,5,2.5,167360.0,4,2,1,1,0,14,6
1956,69502,1079,23,1298,2018,9,1,5,2.0,75938.0,4,0,1,1,0,14,4
1957,38737,631,23,1270,2014,4,1,1,2.0,438886.75,4,0,1,1,0,1,4
1958,11760,0,21,683,2010,3,0,5,1.3,138000.0,4,0,0,1,1,12,7
1959,8154,631,21,861,2003,9,0,5,3.0,438886.75,6,2,1,1,1,1,6
1960,9500,0,16,1381,1995,6,0,1,2.5,150000.0,5,1,2,1,0,14,2
1961,30420,0,33,1378,2005,5,1,5,3.7,72000.0,8,0,2,1,0,14,12
1963,470,831,32,820,2011,9,1,2,2.4,0.0,4,0,1,1,0,12,12
1964,40,0,58,1124,2013,3,0,2,1.5,150400.0,4,0,1,1,0,1,16
1966,13328,1266,21,669,2014,3,1,2,1.5,58000.0,4,0,1,1,1,1,4
1967,18346,765,8,1060,2015,4,1,4,2.0,31880.0,4,0,1,1,0,1,4
1968,8467,0,36,556,1988,9,0,5,2.0,1000.0,4,1,2,1,0,1,4
1969,5018,1399,32,1208,2010,4,1,2,3.5,167222.0,6,0,0,1,0,1,12
1970,114468,915,31,923,2014,4,1,1,3.0,126000.0,6,0,0,1,0,14,12
1971,13454,862,23,812,2011,7,1,1,2.5,85226.0,4,0,1,1,0,2,4
1973,1646,584,36,322,2014,1,1,5,1.8,121699.0,4,0,2,0,0,1,12
1974,4547,834,58,1431,2013,4,1,5,2.7,186349.0,4,0,0,1,0,14,12
1975,3293,1659,58,1406,2014,9,1,5,3.7,0.0,8,0,0,1,0,14,12
1976,20266,583,23,618,2011,9,1,5,1.6,125062.0,4,0,1,1,0,1,4
1977,35043,640,54,1192,2013,4,1,1,2.0,110190.0,4,0,1,1,0,14,4
1978,13000,1505,39,1199,2012,3,0,5,1.8,139000.0,4,0,1,1,1,14,6
1979,4701,1282,28,1323,2007,4,1,1,2.0,58497.0,4,0,1,1,0,12,4
1980,3450,1624,36,586,2009,9,1,1,3.5,109139.0,6,0,2,1,0,1,12
1981,19444,631,58,1124,2013,9,0,2,1.8,438886.75,4,3,1,1,0,1,8
1982,314,862,16,646,2011,4,1,2,2.5,130306.0,4,0,0,1,0,6,0
1983,8154,0,42,1416,1999,9,0,5,1.6,266342.0,4,1,1,1,0,6,2
1984,17249,0,58,251,2013,3,0,2,1.5,50000.0,4,3,1,1,1,7,6
1985,14113,0,9,1379,2008,7,0,5,3.3,272000.0,6,2,1,1,0,14,6
1986,7840,0,55,706,2000,4,0,6,2.0,148000.0,4,0,0,1,1,1,2
1987,18660,862,23,812,2011,7,1,1,2.5,55248.0,4,0,1,1,0,1,4
1988,10976,781,61,870,2012,9,1,5,2.5,76000.0,5,2,1,2,0,14,12
1989,9565,1356,36,756,2014,4,1,5,3.7,98466.0,8,0,0,1,0,14,12
1991,18531,687,23,618,2010,9,1,5,1.6,111280.0,4,0,1,1,0,14,4
1993,75266,0,58,921,2014,4,0,1,3.0,90000.0,4,1,0,1,0,14,6
1995,11604,639,23,1298,2014,9,1,4,2.0,357150.0,4,0,1,1,0,12,4
1996,3450,1869,8,854,2019,9,1,5,3.6,18438.0,6,0,1,1,0,12,12
1997,5959,0,42,262,1999,2,0,5,1.6,258000.0,4,1,1,1,0,2,2
1998,10976,0,5,147,2005,9,1,4,3.0,2200.0,6,2,0,1,0,1,8
1999,33000,779,58,1179,2013,4,0,5,2.5,90000.0,4,0,1,1,0,7,7
2001,10349,0,23,1270,2002,4,1,4,2.7,1000.0,6,2,0,1,0,3,4
2003,8781,640,55,1527,2013,4,1,5,2.0,77777.0,4,3,0,1,0,8,7
2004,4500,0,42,1416,1998,9,0,5,1.6,214000.0,4,0,1,1,0,3,4
2005,10036,639,23,1298,2014,9,1,4,2.0,319850.0,4,0,1,1,0,12,4
2006,40057,891,23,1270,2016,4,1,1,2.0,176927.0,4,0,1,1,0,1,4
2007,4359,1286,8,444,2007,4,1,1,2.0,57438.0,4,0,1,1,0,12,4
2008,19444,631,58,1132,2013,3,1,2,1.5,438886.75,4,0,1,1,0,1,7
2009,3136,0,35,1120,2005,7,0,5,1.8,170000.0,4,0,1,1,1,12,6
2010,53941,87,57,1016,2018,9,1,5,0.4999999999999998,81907.0,6,0,0,1,0,12,12
2011,39750,730,54,237,2016,4,1,1,1.6,72000.0,4,0,1,1,0,11,4
2013,10349,0,16,1381,1995,6,0,1,2.5,327389.0,4,1,2,1,0,2,2
2014,32929,0,58,423,2012,9,1,2,2.5,68000.0,4,0,1,1,0,1,0
2015,26255,707,23,1270,2011,4,1,1,2.0,142000.0,4,0,1,1,0,1,4
2016,14740,0,58,1124,2008,3,1,2,1.5,193000.0,4,0,1,1,0,12,12
2017,21012,0,5,1491,2008,4,1,5,3.7,145000.0,8,2,0,1,0,1,12
2018,27654,629,23,618,2015,9,1,5,1.6,109000.0,4,0,1,1,0,14,4
2019,25089,1058,36,586,2012,9,1,5,3.5,291200.0,6,2,2,1,0,1,0
2021,10349,0,58,867,2005,3,0,5,1.3,135000.0,4,0,1,1,1,14,0
2022,20698,642,58,1124,2012,3,1,2,2.0,181600.0,4,3,1,1,0,2,8
2023,392,1091,58,1179,2016,4,1,5,2.5,125675.0,4,0,0,1,0,11,12
2024,7213,1018,36,1174,2011,4,1,1,3.0,174101.0,6,0,0,1,0,1,12
2025,20005,642,8,1060,2012,4,1,1,2.0,163000.0,4,0,1,1,0,7,4
2026,21326,631,23,1298,2016,9,1,5,2.0,438886.75,4,0,1,1,0,1,4
2027,627,642,61,870,2012,9,1,1,2.0,188603.0,4,0,1,1,0,7,12
2028,2901,1211,5,15,2010,1,1,5,3.0,108826.0,6,0,2,0,0,11,12
2029,32929,880,23,618,2018,9,1,5,1.6,54865.0,4,0,1,1,0,7,4
2030,17942,707,54,237,2011,4,1,1,2.0,122918.0,4,0,1,1,0,12,4
2031,10663,0,39,1065,2003,4,0,5,2.4,156000.0,4,2,0,1,0,12,4
2033,7840,0,36,556,1994,9,0,5,2.0,368268.0,4,1,2,1,0,7,4
2034,1646,631,36,961,2014,4,1,1,3.5,438886.75,6,0,0,1,0,1,12
2035,5802,1327,58,423,2018,9,1,5,2.5,54786.0,4,0,1,1,0,1,0
2036,4077,640,16,722,2013,9,1,2,2.0,320554.0,4,0,1,1,0,14,0
2037,62722,1055,32,1201,2013,4,1,5,3.5,73000.0,6,2,0,1,0,1,16
2038,5018,431,23,1298,2016,9,1,2,2.0,71218.0,4,0,1,1,0,1,0
2039,18503,631,61,1090,2012,9,1,5,2.5,438886.75,4,0,1,1,0,1,5
2040,7806,687,11,909,2010,9,1,5,1.6,81709.0,4,0,1,1,0,14,4
2041,12231,0,36,568,2002,9,1,0,2.6,189000.0,6,2,2,1,0,12,8
2042,14269,1399,32,1208,2010,4,1,2,3.5,186005.0,6,0,0,1,0,12,0
2044,21326,0,16,1024,2011,1,1,5,3.7,58000.0,8,2,2,0,0,2,6
2045,23521,0,58,423,2012,9,1,5,2.5,145600.0,6,0,1,1,0,12,4
2046,10036,1411,42,1536,2006,7,0,1,1.9,188570.0,4,0,1,1,0,12,6
2047,2038,1172,36,961,2011,4,1,5,3.5,186542.0,6,0,0,1,0,14,12
2048,11604,0,58,251,2012,9,0,2,1.5,174000.0,4,0,1,1,1,12,4
2049,17249,810,58,499,2016,9,1,5,1.8,128788.0,4,0,1,1,0,1,8
2050,15681,0,23,1401,2008,4,0,5,2.0,194286.0,2,1,0,1,0,7,0
2051,314,2410,36,586,2010,9,1,5,3.7,274771.0,8,0,2,1,0,14,12
2052,28852,259,8,1461,2014,3,1,6,1.4,35000.0,4,0,1,1,0,3,10
2053,19130,1194,58,1360,2013,9,1,5,3.7,57554.0,6,0,0,1,0,12,12
2054,54568,1360,32,781,2013,4,1,5,3.7,202651.0,8,0,0,1,0,1,0
2055,51746,0,5,1491,2013,4,1,1,3.0,124800.0,6,0,0,1,0,7,12
2056,14113,0,58,1124,2010,9,1,2,1.8,0.0,4,0,1,1,0,1,12
2057,15681,1436,8,1397,2010,4,0,5,3.6,200000.0,4,0,0,1,0,12,0
2058,50184,877,23,1401,2017,4,1,1,1.7,31220.0,4,0,1,1,0,14,4
2059,18817,639,39,1065,2014,4,1,5,2.0,136000.0,4,2,1,1,0,14,12
2060,706,645,32,402,2011,3,1,2,1.8,116869.0,4,0,1,1,0,1,0
2061,5645,0,35,545,2005,9,0,5,1.3,293940.0,4,1,1,1,1,2,2
2062,1019,1017,3,209,2017,9,1,5,2.0,110051.0,4,0,0,1,0,7,0
2063,4234,0,42,1416,1997,9,0,5,2.0,0.0,4,1,1,1,0,2,2
2064,16500,0,61,874,2012,9,0,5,2.0,139555.0,4,1,1,1,0,1,8
2066,13485,584,16,1387,2014,2,0,1,1.8,176000.0,4,1,1,1,0,14,6
2067,2979,780,8,523,2019,9,1,5,1.4,78771.0,4,0,1,1,0,7,12
2068,16289,629,23,232,2015,9,1,1,1.6,112360.0,4,0,1,1,0,12,4
2069,12544,0,58,1124,2010,3,0,2,1.8,260000.0,4,0,1,1,0,11,12
2070,60,0,58,1124,2011,9,0,2,1.8,178000.0,4,0,1,1,0,14,6
2071,50805,0,36,964,2012,4,1,5,3.5,144000.0,6,2,0,1,0,7,12
2072,8781,531,41,889,2012,4,1,5,1.6,167405.0,4,0,0,1,0,1,0
2074,28225,0,36,389,2003,1,1,5,3.7,240000.0,8,2,2,0,0,1,8
2075,30800,1058,36,586,2012,9,1,5,3.5,438886.75,6,2,2,1,0,7,12
2076,23239,642,54,902,2012,4,1,1,2.0,155255.0,4,0,1,1,0,8,4
2077,12544,0,16,693,2010,3,0,5,1.6,153600.0,4,0,1,1,0,4,6
2078,15624,528,23,618,2014,9,1,5,1.6,164649.0,4,0,1,1,0,7,4
2080,7392,0,41,1037,2005,3,0,5,1.5,117000.0,4,3,1,1,1,14,4
2081,15053,779,35,409,2013,4,0,5,2.5,91000.0,4,2,0,1,0,12,10
2082,784,528,41,889,2014,4,1,5,1.6,158280.0,4,0,1,1,0,14,0
2083,8947,640,23,1298,2013,9,1,4,2.0,52857.0,4,0,1,1,0,1,4
2084,20698,640,3,1160,2013,4,1,2,2.0,261160.0,4,0,0,1,0,1,0
2085,58495,631,16,1362,2017,9,1,5,2.0,438886.75,4,0,1,1,0,1,4
2086,15053,0,56,901,2010,9,0,5,2.4,92000.0,4,1,1,1,0,14,6
2087,31988,0,36,961,2010,4,1,5,3.5,124000.0,12,2,0,1,0,1,12
2089,17562,0,36,313,2006,9,0,1,2.2,300000.0,4,0,2,1,0,1,12
2091,24283,640,8,978,2013,9,1,5,2.0,106048.0,4,0,1,1,0,1,4
2092,188,862,58,423,2011,9,1,5,2.5,201578.0,4,0,1,1,0,7,12
2093,28852,0,58,825,2008,4,1,2,3.3,215000.0,6,2,0,1,0,14,12
2094,21805,707,23,812,2011,6,1,1,2.0,55622.0,4,0,1,1,0,12,4
2096,16766,1185,23,812,2009,10,1,1,2.5,162332.0,4,0,1,1,0,15,4
2097,19444,308,58,1124,2014,9,0,2,1.8,125000.0,4,0,1,1,0,14,10
2098,37633,0,32,781,2005,4,1,4,3.7,336000.0,8,0,0,1,0,1,10
2099,1176,779,16,646,2013,4,1,5,2.5,241638.0,4,0,1,1,0,12,12
2100,15681,1528,16,1381,2007,6,0,1,2.4,168000.0,4,1,2,1,0,14,2
2102,26657,0,58,921,2002,4,0,1,3.0,27000.0,4,1,0,1,0,12,4
2103,8154,0,36,198,2004,3,0,5,1.4,167000.0,4,0,1,1,0,13,4
2104,2195,0,46,910,2002,3,1,5,2.9,25000.0,6,2,1,1,0,12,6
2105,9252,765,23,1298,2015,9,1,4,2.0,438886.75,4,0,1,1,0,8,4
2106,3450,1172,32,1201,2011,4,1,5,3.5,253174.0,6,0,0,1,0,12,12
2107,30931,880,23,618,2018,9,1,5,1.6,35798.0,4,0,1,1,0,14,4
2108,36401,880,23,618,2018,9,1,5,1.6,71551.0,4,0,1,1,0,7,4
2109,54393,891,23,1270,2016,4,1,1,2.0,101671.0,4,0,1,1,0,14,4
2110,44166,971,54,1192,2016,4,1,1,2.2,115193.0,4,0,1,1,0,14,4
2112,15681,631,58,1124,2010,3,1,2,1.8,438886.75,4,0,1,1,0,1,4
2113,47042,891,5,88,2016,9,1,5,2.0,32000.0,4,2,2,1,0,14,8
2114,19416,530,23,618,2013,9,1,4,1.6,186234.0,4,0,1,1,0,12,4
2115,10349,1266,21,669,2014,3,0,2,1.5,130000.0,3,0,1,1,1,12,2
2116,23207,0,32,820,2010,9,1,5,2.5,79000.0,4,0,1,1,0,7,8
2118,12544,765,23,1298,2015,9,1,4,2.0,432994.0,4,0,1,1,0,8,4
2120,200,0,36,556,2011,9,0,0,2.0,11111.0,4,1,2,1,0,0,0
2121,2430,1091,41,249,2016,9,1,5,2.5,142469.0,4,0,1,1,0,7,12
2122,6115,0,39,475,2003,3,0,5,1.3,0.0,4,0,1,1,1,2,2
2123,7997,640,23,1298,2013,9,1,4,2.0,438886.75,4,0,1,1,0,12,4
2124,25591,528,23,618,2014,9,1,5,1.6,120000.0,4,0,1,1,0,12,4
2126,9252,765,23,1298,2015,9,1,4,2.0,431626.0,4,0,1,1,0,8,4
2127,8467,631,23,1298,2014,9,1,4,2.0,438886.75,4,0,1,1,0,1,4
2128,6272,0,55,706,2000,4,0,0,2.0,200000.0,4,0,0,1,1,14,4
2129,16850,631,58,423,2012,9,1,5,2.5,438886.75,4,2,1,1,0,1,12
2130,19130,1869,7,242,2019,9,1,5,3.6,41198.0,6,0,0,1,0,12,12
2132,20071,1018,39,1065,2011,4,1,5,3.0,123000.0,6,0,0,1,0,12,8
2133,8311,1273,28,1323,2020,9,1,5,2.4,17466.0,4,0,1,1,0,1,12
2134,28225,779,58,423,2013,9,1,2,2.5,100000.0,4,2,1,1,0,14,12
2135,15681,0,28,1049,2012,9,1,5,2.4,102000.0,4,0,1,1,0,7,10
2136,14113,631,36,315,2006,9,1,5,2.5,438886.75,6,2,2,1,0,1,8
2137,3293,1051,23,1298,2016,9,1,5,2.4,189104.0,4,0,1,1,0,12,12
2138,16308,891,23,1298,2016,9,1,4,2.0,438886.75,4,0,1,1,0,14,4
2139,6500,0,42,481,2001,2,0,1,1.7,236424.0,4,1,1,0,0,14,2
2141,314,631,36,586,2011,9,1,1,3.5,438886.75,6,0,2,1,0,1,12
2142,41886,1091,23,812,2016,7,1,1,2.5,104697.0,4,0,1,1,0,12,4
2143,7840,0,36,1242,2000,9,1,5,3.7,276396.0,8,2,2,1,0,7,4
2146,23734,1172,16,1362,2011,9,1,5,3.5,75010.0,4,0,1,1,0,12,4
2147,12676,836,23,1270,2010,4,1,1,2.0,229757.0,4,0,1,1,0,14,4
2148,17249,777,16,722,2014,9,0,5,2.5,92525.0,4,0,1,1,0,12,12
2151,47042,3292,5,165,1995,9,1,5,3.7,173000.0,8,1,2,1,0,1,12
2152,23436,631,8,444,2015,4,1,1,2.0,438886.75,4,0,1,1,0,1,4
2153,24775,0,16,733,2013,9,0,6,2.0,177600.0,4,0,1,1,0,1,8
2154,9095,988,58,1124,2007,3,0,2,1.5,175000.0,4,3,1,1,0,11,8
2155,21012,781,58,423,2012,9,1,5,2.5,101000.0,4,2,1,1,0,1,12
2156,17876,919,16,646,2012,4,1,5,3.0,135000.0,4,0,0,1,0,14,6
2157,23521,777,58,423,2014,9,1,5,2.5,74000.0,4,0,1,1,0,11,8
2158,7840,0,41,1037,2008,9,0,5,1.5,161468.0,4,3,1,1,1,5,0
2159,10349,7058,55,927,2005,9,1,5,3.0,147000.0,6,2,0,1,1,1,6
2161,42651,0,23,1270,2013,4,1,5,2.4,88000.0,4,2,0,1,0,7,4
2162,12858,934,55,706,2015,4,1,5,2.5,93170.0,4,0,0,1,0,11,0
2163,470,1451,5,1511,2011,4,1,5,3.7,135800.0,8,0,0,1,0,1,12
2164,14269,1324,58,825,2010,4,1,2,3.3,300366.0,6,0,0,1,0,2,12
2165,14426,779,58,423,2013,9,1,2,2.5,131400.0,4,0,1,1,0,2,12
2166,19130,0,15,118,2013,1,0,5,1.4,98000.0,4,1,1,0,0,1,6
2168,20698,697,58,278,2015,3,0,5,1.8,78000.0,4,1,1,1,0,12,10
2169,18500,836,23,1270,2010,4,1,1,2.0,142427.0,4,0,1,1,0,12,4
2170,3136,1578,5,179,2015,9,1,5,3.7,60709.0,8,0,2,1,0,14,12
2171,862,583,16,693,2011,3,1,5,1.6,175198.0,4,0,1,1,0,6,12
2172,4000,0,42,262,1998,3,0,5,1.6,20400.0,4,1,1,0,0,1,2
2173,470,697,61,870,2015,9,1,5,1.8,117006.0,4,0,1,1,0,14,12
2174,18189,631,23,618,2012,9,0,5,1.8,438886.75,4,2,1,1,0,1,2
2175,784,271,58,1124,2014,3,1,2,1.5,0.0,4,0,1,1,0,14,12
2176,549,1091,58,423,2016,9,1,5,2.5,117453.0,4,0,1,1,0,12,12
2177,15053,631,8,978,2014,9,1,1,2.0,438886.75,4,0,1,1,0,1,4
2178,549,891,36,371,2016,9,1,5,2.0,50552.0,4,0,1,1,0,14,12
2179,28300,0,5,71,2013,9,1,5,2.0,150000.0,4,2,2,1,0,1,12
2180,750,0,17,46,1984,9,0,5,2.4,86632.0,4,1,2,1,0,14,0
2181,16935,0,39,904,1998,8,0,1,2.5,0.0,4,1,0,1,0,2,2
2182,78917,1156,16,661,2017,4,1,5,2.3,111416.0,4,0,1,1,0,14,4
2183,19416,531,23,618,2012,9,1,5,1.6,79534.0,4,0,1,1,0,7,4
2184,49858,631,23,1270,2016,4,1,1,2.0,438886.75,4,0,1,1,0,1,4
2185,27284,639,23,1270,2014,4,1,1,2.0,51106.0,4,0,1,1,0,14,4
2186,23129,730,23,618,2016,9,1,5,1.6,87973.0,4,0,1,1,0,7,4
2187,4704,0,43,24,2009,9,0,5,1.4,130000.0,4,1,1,1,0,12,0
2188,13172,891,23,1298,2016,9,1,4,2.0,438886.75,4,0,1,1,0,8,4
2190,19130,707,3,217,2011,9,1,5,2.0,181155.0,4,2,0,1,0,1,8
2191,28852,0,36,332,2012,9,1,5,3.0,70000.0,6,2,0,1,0,11,12
2192,83107,0,58,921,2014,4,0,1,3.0,120000.0,8,0,0,1,0,1,12
2193,37897,765,23,1270,2015,4,1,1,2.0,148387.0,4,0,1,1,0,14,4
2194,10036,0,38,486,2006,1,1,5,1.6,1200.0,4,2,1,0,1,10,2
2195,17939,639,8,523,2014,9,1,1,2.0,135804.0,4,0,1,1,0,7,4
2197,13736,911,23,1270,2010,4,1,1,2.2,112483.0,4,0,1,1,0,12,4
2198,4704,934,35,997,2015,9,1,5,2.5,120342.0,4,0,1,1,0,14,12
2200,22197,609,21,669,2016,3,1,5,1.3,70000.0,4,0,1,1,0,12,4
2201,12858,843,58,1124,2008,3,0,2,1.5,217600.0,4,0,1,1,0,2,8
2202,94,986,32,820,2010,9,1,2,2.4,224062.0,4,0,1,1,0,1,12
2203,8500,1268,21,715,2012,7,0,5,1.5,100000.0,4,0,1,1,1,1,2
2204,282,753,23,1298,2012,9,1,2,2.4,226814.0,4,0,1,1,0,1,0
2205,4547,0,42,1416,1996,9,0,5,1.6,157000.0,4,1,1,1,0,2,0
2206,8781,0,58,248,2003,9,0,5,2.0,59000.0,6,0,2,1,1,2,4
2207,19444,1051,23,1298,2016,9,0,5,2.4,58000.0,4,2,1,1,0,2,0
2208,27284,830,21,669,2019,3,0,5,1.5,1500.0,4,0,1,1,0,15,6
2209,10349,0,41,1370,2007,9,0,5,1.6,110000.0,4,1,1,1,0,0,6
2210,17249,706,28,1323,2011,4,1,1,2.0,58499.0,4,0,1,1,0,1,4
2211,392,481,16,722,2017,9,1,2,2.0,89758.0,4,0,1,1,0,14,0
2212,5802,874,39,1014,2013,3,0,5,1.0,40000.0,3,0,1,1,1,2,6
2213,7840,0,36,1445,1999,7,1,0,2.8,280000.0,6,0,2,1,1,7,4
2215,23521,0,36,339,2007,9,1,1,3.0,215000.0,6,2,0,1,0,3,8
2216,1019,1018,5,154,2011,9,1,5,3.0,0.0,6,0,2,1,0,1,12
2217,37000,777,23,812,2014,7,1,1,2.5,120804.0,4,0,1,1,0,12,4
2218,4704,0,60,33,1986,9,0,0,1.3,1000.0,2,1,1,1,0,2,0
2219,29166,765,23,1298,2015,9,1,5,2.0,99200.0,4,0,1,1,0,1,12
2220,862,1292,36,763,2016,4,1,5,3.0,70450.0,6,0,0,1,0,7,10
2222,18189,0,58,1132,2012,3,0,2,1.5,174400.0,4,0,1,1,0,7,8
2223,706,1399,32,1201,2010,4,1,5,3.5,172659.0,6,0,0,1,0,14,12
2224,862,1996,21,512,2002,4,1,5,2.4,278728.0,4,0,0,1,0,14,12
2225,19757,631,58,1124,2012,3,1,2,1.8,438886.75,4,0,1,1,0,1,12
2226,21608,2108,32,906,2009,9,1,5,3.7,217614.0,4,0,1,1,0,12,4
2227,47042,0,5,167,2010,9,1,5,3.7,119000.0,8,2,2,1,0,1,12
2228,15681,891,23,1298,2016,9,1,4,2.0,282994.0,4,0,1,1,0,12,4
2229,12544,0,36,961,2004,4,1,0,3.7,195000.0,6,2,0,1,0,12,12
2230,220,777,58,423,2014,9,1,5,2.5,214184.0,4,0,1,1,0,1,12
2231,33870,640,5,88,2013,9,1,5,2.0,111000.0,4,2,2,1,0,1,12
2232,25500,631,55,706,2015,4,1,5,2.5,438886.75,4,3,0,1,0,1,12
2233,43278,0,5,1491,2012,4,1,5,3.7,91000.0,8,0,0,1,0,2,12
2234,10349,585,58,1124,2013,3,0,2,1.8,317000.0,4,3,1,1,0,14,8
2235,37633,631,5,189,2010,9,1,5,3.7,438886.75,8,0,0,1,0,1,12
2236,15681,891,23,1298,2016,9,1,4,2.0,290850.0,4,0,1,1,0,12,4
2237,314,583,41,889,2011,4,1,5,1.6,238995.0,4,0,1,1,0,2,0
2238,14113,0,16,697,2013,9,1,5,2.0,76800.0,4,0,1,1,0,1,6
2239,13485,585,23,618,2013,9,1,5,1.8,17000.0,4,0,1,1,0,1,4
2240,7527,0,36,315,2002,1,1,5,1.8,334000.0,4,1,2,0,0,12,6
2242,12720,475,23,232,2012,9,1,5,1.4,141000.0,4,0,1,1,0,14,4
2243,7997,642,28,1049,2012,9,1,5,2.0,71172.0,4,0,1,1,0,14,4
2244,39085,765,8,444,2015,4,1,1,2.0,76550.0,4,0,1,1,0,1,4
2246,17405,761,58,1124,2010,9,1,2,1.8,217600.0,4,0,1,1,0,7,6
2248,28225,645,36,322,2011,9,1,5,1.8,24000.0,4,2,2,1,0,11,10
2249,32929,584,36,322,2014,1,1,5,1.8,67680.0,6,2,2,0,0,1,8
2250,7527,631,42,262,1998,3,0,4,1.6,438886.75,4,1,1,1,0,1,4
2251,19676,642,8,978,2012,9,1,5,2.0,194664.0,4,0,1,1,0,14,4
2252,2666,382,16,722,2015,9,1,2,2.0,100747.0,4,0,1,1,0,6,0
2253,706,503,58,1124,2012,3,1,2,1.5,160088.0,4,0,1,1,0,11,12
2254,33556,917,5,1491,2013,4,1,5,3.0,119000.0,6,2,0,1,0,12,12
2255,16308,631,23,1298,2016,9,1,4,2.0,438886.75,4,0,1,1,0,1,4
2256,18503,0,58,1124,2010,9,1,2,1.8,116000.0,4,3,1,2,0,12,7
2258,14834,707,23,1298,2011,9,1,5,2.0,190000.0,4,0,1,1,0,7,4
2259,6429,0,42,262,1998,3,0,5,1.6,0.0,4,1,1,1,0,6,4
2260,1254,639,3,209,2014,9,1,5,2.0,42395.0,4,0,0,1,0,7,0
2261,26425,1811,32,906,2010,9,1,5,3.7,224500.0,4,0,1,1,0,12,4
2262,12858,761,58,1124,2010,3,0,5,1.8,19500.0,4,3,1,1,0,2,6
2263,9879,1058,58,825,2012,4,1,2,3.5,157211.0,6,0,0,1,0,14,12
2264,17092,1017,23,628,2017,9,0,5,2.0,33097.0,4,0,1,1,0,11,8
2265,9346,363,8,1322,2014,3,1,5,1.0,73936.0,4,0,1,1,0,14,4
2267,41886,631,23,812,2016,7,1,1,2.5,438886.75,4,0,1,1,0,1,4
2269,13000,1488,41,1037,2016,3,0,5,1.2,58000.0,3,3,1,1,1,2,2
2270,14426,0,36,572,2003,9,0,1,2.7,215000.0,6,2,2,1,0,1,8
2271,6523,631,11,909,2010,9,1,5,1.6,438886.75,4,0,1,1,0,1,4
2272,25716,0,58,423,2012,9,1,5,2.5,147745.0,4,2,1,1,0,7,12
2273,24775,528,16,651,2014,4,1,5,1.6,131000.0,4,2,1,2,0,14,12
2274,10036,639,23,1298,2014,9,1,4,2.0,438886.75,4,0,1,1,0,12,4
2275,15681,1055,36,586,2013,9,1,5,3.5,140800.0,6,0,0,1,0,1,0
2276,1725,1324,58,825,2010,9,1,2,3.3,226198.0,6,0,0,1,0,6,12
2277,5018,631,32,1208,2010,4,1,2,3.5,438886.75,6,0,0,1,0,1,12
2278,6899,0,61,794,1999,9,0,5,1.6,438886.75,4,1,1,1,0,1,4
2279,2038,631,58,423,2015,9,1,5,2.5,438886.75,4,0,1,1,0,1,12
2280,28059,640,23,1270,2013,4,1,1,2.0,52351.0,4,0,1,1,0,14,4
2281,50,0,58,1124,2012,9,1,2,1.8,150000.0,4,0,1,1,0,14,6
2283,219527,0,4,485,2012,1,1,5,3.7,55500.0,8,2,0,0,0,1,0
2284,282,640,3,209,2013,9,1,5,2.0,157584.0,4,0,0,1,0,1,0
2285,30,0,21,669,2003,3,0,5,1.3,0.0,4,0,1,1,1,11,4
2286,3763,1850,36,586,2008,9,1,1,3.5,438886.75,6,0,0,1,0,1,12
2287,27598,1017,23,618,2017,9,1,5,2.0,83200.0,4,2,1,1,0,12,6
2289,42024,0,5,154,2012,9,1,5,3.0,87000.0,6,2,0,1,0,1,12
2290,20071,891,5,109,2016,0,1,5,2.0,52131.0,4,0,2,0,0,1,12
2291,33908,639,23,1401,2014,4,1,1,2.0,85254.0,4,0,1,1,0,1,4
2292,17035,836,23,1298,2010,9,1,5,2.0,144500.0,4,0,1,1,0,14,4
2293,11864,687,23,618,2010,9,1,5,1.6,118698.0,4,0,1,1,0,12,4
2294,42337,0,58,1179,2015,4,0,5,2.5,7520.0,8,0,1,1,0,14,8
2295,45473,0,36,1326,2008,6,0,1,2.2,190000.0,4,2,2,1,0,12,2
2296,30,0,21,669,2007,3,0,5,1.3,0.0,4,0,1,1,1,12,4
2297,3293,475,15,116,2012,3,1,5,1.4,157317.0,4,0,1,1,0,11,12
2298,15367,631,62,354,2010,1,1,5,2.5,438886.75,5,1,1,0,0,1,6
2299,36137,880,23,618,2018,9,1,4,1.6,47181.0,4,0,1,1,0,12,4
2300,470,631,58,825,2008,1,1,2,3.3,438886.75,6,0,0,1,0,1,12
2301,941,631,32,1203,2008,4,1,2,3.5,438886.75,6,0,0,1,0,1,12
2302,20385,781,58,423,2012,9,1,5,2.5,162000.0,4,2,1,1,0,1,10
2303,22580,0,58,423,2012,9,1,5,2.5,304000.0,4,2,1,1,0,4,12
2304,4077,0,41,1009,1998,1,0,5,1.0,130000.0,4,1,1,0,0,12,2
2305,220,259,8,1461,2014,3,1,2,1.4,110958.0,4,0,1,1,0,1,0
2306,7840,0,21,669,2002,3,0,5,1.3,178000.0,4,3,1,1,1,14,2
2308,13799,631,23,1298,2010,9,0,5,2.4,438886.75,4,0,1,1,0,1,16
2309,7524,0,36,305,1998,10,0,0,1.8,333000.0,4,1,2,1,0,1,6
2310,16894,583,23,618,2011,9,1,5,1.6,104090.0,4,0,1,1,0,14,4
2311,36567,765,23,1270,2015,4,1,1,2.0,146844.0,4,0,1,1,0,2,4
2313,15681,585,23,618,2013,9,0,5,1.8,120000.0,4,0,1,1,0,2,14
2314,8154,583,23,232,2011,3,1,1,1.6,43522.0,4,0,1,1,0,12,4
2316,36065,0,5,1505,2010,4,1,1,3.0,162000.0,6,0,0,1,0,14,12
2317,1490,586,32,402,2012,3,1,2,1.8,174106.0,4,0,1,1,0,14,0
2318,18503,0,23,1425,2011,3,1,5,1.6,65600.0,4,2,1,0,0,12,4
2320,20385,0,58,1124,2013,3,1,5,1.8,295142.0,4,0,1,1,0,12,12
2321,17876,0,5,163,2007,9,1,5,3.0,247000.0,6,2,2,1,0,7,8
2322,21482,784,38,486,2017,1,1,5,1.5,26751.0,3,0,1,0,0,6,8
2323,3150,5679,58,657,1997,7,0,5,2.4,230000.0,4,0,0,1,1,12,2
2324,27284,834,58,1360,2013,4,1,5,2.7,397915.0,4,0,2,1,0,14,12
2325,47408,631,23,788,2013,1,1,5,3.7,438886.75,4,0,1,1,0,1,4
2327,21012,0,58,1124,2013,3,0,2,1.8,77000.0,4,0,1,1,0,2,10
2328,10663,765,23,1298,2015,9,1,4,2.0,278223.0,4,0,1,1,0,12,4
2329,6586,259,8,1461,2014,3,1,2,1.4,112123.0,4,0,1,1,0,12,0
2330,84675,0,36,310,2014,9,1,5,2.0,66500.0,4,2,2,1,0,14,12
2331,15994,0,58,1124,2010,9,0,2,1.8,180000.0,4,3,1,1,0,1,8
2332,14113,0,58,251,2013,3,0,2,1.5,141000.0,4,0,1,1,1,12,4
2333,18346,629,23,618,2015,9,1,4,1.6,31891.0,4,0,1,1,0,7,4
2334,18503,631,39,1077,1997,4,0,1,2.8,438886.75,4,2,0,0,1,1,2
2335,13626,583,8,523,2011,9,1,5,1.6,154148.0,4,0,1,1,0,1,4
2337,5645,640,55,1525,2013,9,1,5,2.0,105523.0,4,0,0,1,0,2,0
2338,549,1234,35,412,2011,9,1,5,3.7,134157.0,6,0,0,1,0,1,12
2339,4547,474,8,1461,2013,3,1,2,1.4,150517.0,4,0,1,1,0,1,0
2340,188,781,16,722,2012,9,1,5,2.5,216035.0,4,0,1,1,0,7,12
2341,36899,1091,23,812,2016,7,1,1,2.5,119098.0,4,0,1,1,0,12,4
2342,1019,917,5,1491,2013,4,1,1,3.0,137802.0,6,0,0,1,0,1,0
2343,15681,707,3,209,2011,9,1,5,2.0,190000.0,4,2,0,1,0,7,12
2344,12544,0,58,1457,2012,9,0,5,1.0,106000.0,3,0,1,1,0,14,10
2345,27911,779,58,1179,2013,4,0,5,2.5,83200.0,4,0,0,1,0,12,0
2346,17876,0,36,599,2004,9,1,4,3.7,175000.0,8,2,2,1,0,1,8
2347,14113,779,61,870,2013,9,0,5,2.5,154000.0,6,2,1,1,0,1,6
2348,8000,0,42,272,2000,3,0,5,1.6,258000.0,4,1,1,1,0,1,4
2349,8781,0,36,313,1999,9,0,1,2.2,319990.0,4,1,2,1,0,12,2
2350,14269,1481,5,1491,2017,4,1,1,3.0,98726.0,6,0,0,1,0,14,12
2351,220,1327,58,423,2018,9,1,5,2.5,60915.0,4,0,1,1,0,14,12
2352,5200,0,61,1090,1999,9,1,0,1.8,0.0,4,1,1,1,0,1,2
2353,116036,1325,36,1474,2019,8,1,1,2.5,102.0,4,0,0,1,0,12,12
2354,6586,0,58,492,2001,9,0,5,1.5,138000.0,4,0,1,1,1,12,2
2355,10349,0,21,669,2005,3,0,5,1.3,156000.0,4,0,1,1,1,12,4
2356,26657,0,5,144,2011,9,1,5,3.0,125000.0,6,2,2,1,0,12,16
2357,10036,5603,23,1298,2014,9,1,4,3.7,333686.0,4,0,1,1,0,12,4
2358,25089,0,64,849,2007,6,0,1,2.3,328000.0,4,1,2,1,0,14,1
2360,21500,631,36,956,2007,4,1,1,3.0,438886.75,6,0,0,1,0,1,8
2363,14426,1399,32,1208,2010,4,1,2,3.5,249112.0,6,0,0,1,0,7,0
2364,1254,1292,5,1511,2016,4,1,5,3.0,74674.0,6,0,0,1,0,14,12
2365,97219,0,5,175,2013,9,1,5,3.0,71000.0,6,2,2,1,0,14,12
2366,61154,0,31,1214,2011,4,1,1,3.6,175000.0,8,2,0,1,0,1,12
2367,18817,400,8,1461,2018,9,1,2,1.5,70720.0,4,0,1,1,0,1,12
2368,21012,1077,58,364,2019,4,1,5,2.0,19834.0,4,0,1,1,0,12,12
2369,11290,1277,23,1270,2018,9,1,5,2.4,10990.0,4,0,1,1,0,1,12
2370,627,1024,41,249,2010,9,1,5,2.5,238342.0,4,0,1,1,0,1,12
2371,24775,777,58,431,2014,9,1,5,2.5,96000.0,4,2,1,1,0,7,10
2372,83107,1325,23,812,2019,6,1,1,2.5,21442.0,4,0,1,1,0,14,4
2375,45445,1249,8,854,2017,9,1,5,2.5,65496.0,4,0,1,1,0,1,4
2376,3136,271,58,1132,2014,3,1,2,1.5,252442.0,4,0,1,1,0,7,0
2377,25716,831,16,1381,2011,2,0,1,2.4,117277.0,4,1,2,1,0,14,4
2378,282,753,23,1298,2012,9,1,2,2.4,93816.0,4,0,1,1,0,1,0
2379,11102,790,23,618,2009,9,1,5,1.6,186434.0,4,0,1,1,0,12,4
2381,7840,0,36,582,1997,9,1,4,3.2,170000.0,6,1,2,1,0,6,4
2382,706,1234,35,412,2011,9,1,5,3.7,271904.0,6,0,0,1,0,12,12
2383,13485,878,58,1124,2009,3,0,2,1.8,257000.0,4,0,1,1,0,5,6
2384,11604,583,23,618,2011,9,1,5,1.6,51211.0,4,0,1,1,0,1,4
2385,12544,0,39,1079,2000,4,0,5,2.0,15000.0,5,0,0,1,0,14,4
2387,28852,0,58,492,2014,9,1,5,1.6,112000.0,4,2,1,1,0,14,8
2389,1500,0,58,832,2010,8,1,1,2.5,33200.0,4,1,0,1,0,14,4
2390,5959,0,61,794,2000,9,0,0,1.6,187000.0,4,1,1,1,0,12,4
2391,33908,833,23,1270,2015,4,1,1,2.2,150000.0,4,0,1,1,0,7,4
2392,13172,900,28,1049,2015,9,0,5,2.4,111746.0,4,0,1,1,0,14,0
2393,549,631,23,618,2017,9,1,5,2.0,438886.75,4,0,1,1,0,1,12
2394,9722,609,58,423,2018,9,1,2,2.5,127515.0,4,0,1,1,0,1,12
2395,12544,0,42,262,2005,3,0,1,1.7,179000.0,4,1,1,1,0,12,6
2396,2500,0,60,33,1988,9,0,5,0.4999999999999998,0.0,4,1,2,1,0,15,0
2397,1568,1172,58,825,2011,4,1,2,3.5,342622.0,6,0,0,1,0,1,12
2398,627,1055,36,586,2013,1,1,1,3.5,0.0,6,0,2,0,0,12,12
2399,392,779,58,423,2013,4,1,2,2.5,438886.75,4,0,1,1,0,1,12
2400,9565,919,36,586,2012,9,1,1,3.0,171221.0,6,0,2,1,0,1,12
2401,21285,691,21,669,2017,3,1,5,1.3,68415.0,4,0,1,1,0,1,4
2402,11290,843,58,1124,2008,3,0,2,1.5,188000.0,4,3,1,1,0,5,7
2404,10381,583,23,838,2011,3,1,1,1.6,56581.0,4,0,1,1,0,1,4
2406,4704,0,36,71,2000,1,1,5,3.2,320000.0,4,0,1,0,0,1,4
2407,16151,1018,5,88,2011,9,1,5,3.0,135000.0,6,2,0,1,0,12,12
2409,22580,889,28,1049,2016,9,1,5,2.0,62876.0,4,0,1,1,0,14,4
2410,941,586,58,1124,2012,3,1,2,1.8,0.0,4,0,1,1,0,2,12
2411,55528,1017,23,1270,2017,4,1,1,2.0,84315.0,4,0,1,1,0,12,4
2413,9408,0,16,1381,1999,6,0,1,2.5,270000.0,4,1,2,0,1,2,2
2414,9565,631,58,825,2012,4,1,5,3.5,438886.75,6,0,1,1,0,1,12
2415,18503,749,28,1049,2014,9,1,5,2.4,89920.0,4,2,1,1,0,7,12
2416,59586,0,36,961,2012,4,1,1,3.0,0.0,6,2,0,1,0,12,12
2417,25716,781,58,423,2012,9,1,2,2.5,107000.0,4,0,1,1,0,1,12
2418,5331,3268,18,231,2007,9,1,5,3.7,438886.75,8,0,1,1,0,1,12
2419,13485,690,8,531,2016,9,1,5,1.5,112879.0,4,0,1,1,0,1,8
2420,22900,0,58,1124,2012,3,0,2,1.8,99000.0,4,3,1,1,0,14,10
2421,14454,583,23,618,2011,9,1,5,1.6,127500.0,4,0,1,1,0,14,4
2422,22894,777,58,423,2014,9,0,5,2.5,58400.0,4,2,1,1,0,7,12
2423,31650,777,23,812,2014,7,1,1,2.5,164805.0,4,0,1,1,0,14,4
2424,6899,0,36,201,2006,9,0,5,1.7,149000.0,4,2,1,1,1,4,6
2425,10663,503,58,1132,2012,3,1,2,1.5,130000.0,4,0,1,1,0,13,12
2426,8000,875,58,1457,2012,3,0,5,1.0,80000.0,3,3,1,1,1,12,2
2427,5175,919,5,185,2012,9,1,5,3.0,199536.0,6,0,2,1,0,12,12
2428,7000,874,61,1408,2013,3,0,5,1.0,64000.0,3,2,1,1,1,14,2
2429,14426,586,58,1124,2012,9,0,2,1.8,127324.0,4,0,1,1,0,1,5
2430,220,1399,32,1208,2010,4,1,2,3.5,317470.0,6,0,0,1,0,7,12
2431,17876,0,16,1381,2008,6,0,1,2.4,160000.0,4,1,2,0,0,14,2
2432,45633,765,54,1192,2015,4,1,1,2.0,59077.0,4,0,1,1,0,1,4
2433,9722,456,58,423,2015,9,1,2,2.5,241227.0,4,0,1,1,0,12,12
2434,24123,642,23,1401,2012,4,1,1,2.0,169700.0,4,0,1,1,0,12,4
2435,18817,0,46,473,2013,3,0,1,1.5,0.0,4,1,1,1,0,14,4
2438,53154,1017,23,1270,2017,4,1,1,2.0,105751.0,4,0,1,1,0,14,4
2439,22266,631,39,1068,2014,4,0,5,2.0,438886.75,4,2,0,1,0,1,10
2440,1646,1172,8,854,2011,9,1,5,3.5,219043.0,6,0,1,1,0,1,12
2441,29323,765,23,1270,2015,4,1,1,2.0,81142.0,4,0,1,1,0,14,4
2442,7840,1677,16,1381,2003,6,0,1,2.0,240000.0,4,1,1,2,0,14,2
2443,10036,475,15,130,2012,1,0,5,1.4,83545.0,4,0,1,1,0,1,12
2444,26096,631,8,1060,2016,4,1,4,2.0,438886.75,4,0,1,1,0,1,4
2445,23521,584,58,492,2014,9,1,5,1.8,75000.0,6,2,1,1,0,1,10
2446,10000,0,16,1381,2002,2,0,1,2.0,135000.0,4,1,1,1,0,14,2
2447,18503,0,58,423,2007,9,1,2,2.4,248000.0,4,0,1,1,0,11,6
2451,19823,501,58,251,2014,3,1,5,1.5,122727.0,4,0,1,1,0,1,4
2452,35899,770,23,1401,2016,4,1,1,1.7,186097.0,4,0,1,1,0,14,4
2453,16935,777,16,722,2014,9,0,5,2.5,130000.0,4,0,1,1,0,14,10
2454,35438,1325,35,412,2019,9,1,5,2.5,11746.0,4,0,1,1,0,7,12
2455,1333,949,16,1221,2010,8,1,5,2.3,249683.0,4,0,2,1,0,7,12
2456,21012,0,28,1049,2013,9,1,5,2.4,101037.0,4,2,1,1,0,4,12
2457,470,1750,58,825,2008,4,1,2,3.3,182024.0,6,0,0,1,0,1,12
2458,16778,707,23,1401,2011,4,1,1,2.0,83251.0,4,0,1,1,0,14,4
2459,19914,891,23,1298,2016,9,1,4,2.0,209744.0,4,0,1,1,0,14,4
2460,12544,777,61,870,2014,9,1,5,2.5,127000.0,5,2,1,1,0,1,12
2462,43905,0,58,364,2018,4,0,5,2.0,23400.0,4,2,1,1,0,13,12
2463,22269,751,27,483,2013,4,1,5,2.4,165000.0,4,0,1,1,0,7,4
2464,9722,765,23,1298,2015,9,1,4,2.0,438886.75,4,0,1,1,0,8,4
2465,3607,900,9,23,2015,9,1,5,2.4,75486.0,4,0,1,1,0,1,12
2466,13987,642,8,523,2012,9,1,1,2.0,104967.0,4,0,1,1,0,7,4
2468,549,585,32,402,2013,3,1,2,1.8,65989.0,4,0,1,1,0,12,12
2469,470,645,58,1124,2011,4,1,2,1.8,353606.0,4,0,1,1,0,7,12
2470,23521,777,58,423,2014,9,1,5,2.5,88000.0,4,2,1,1,0,1,11
2471,1646,1104,26,1521,2015,9,1,5,3.0,54429.0,6,0,0,1,0,14,12
2472,13998,707,39,1065,2011,4,1,5,2.0,100000.0,4,2,0,1,0,1,8
2473,12544,0,56,1523,2005,4,0,5,2.7,150000.0,6,0,0,1,0,14,4
2474,16766,836,23,1401,2010,4,1,1,2.0,205000.0,4,0,1,1,0,7,4
2475,22840,0,61,515,2007,6,0,1,2.5,200000.0,5,1,2,1,0,14,2
2476,32302,1604,36,586,2014,9,1,5,3.7,101424.0,8,0,0,1,0,7,12
2477,10976,0,16,1381,1998,6,0,1,2.5,235000.0,4,1,1,1,0,7,4
2479,7840,0,27,937,2001,4,0,5,3.7,150000.0,6,0,0,1,0,11,0
2480,35846,1249,23,812,2017,10,1,1,2.5,143629.0,4,0,1,1,0,1,4
2481,16935,503,58,1132,2012,3,0,2,1.5,205712.0,4,0,1,1,0,3,8
2482,4234,694,8,287,2008,9,1,5,1.2,123232.0,4,0,1,1,0,14,4
2483,41083,631,45,453,2017,4,1,5,3.6,438886.75,6,0,0,1,0,1,12
2484,12231,650,8,523,2016,9,0,5,1.4,182880.0,4,0,1,1,0,1,8
2485,25559,631,61,1101,2011,9,1,5,2.5,438886.75,5,0,1,1,0,1,6
2486,6743,1236,21,672,2011,3,0,2,1.3,89421.0,4,0,1,1,1,1,4
2487,35309,730,54,237,2016,4,1,1,1.6,112804.0,4,0,1,1,0,14,4
2488,12858,0,58,251,2013,9,0,2,1.5,160320.0,4,0,1,1,1,12,4
2489,2038,353,58,1124,2015,4,1,2,1.8,104795.0,4,0,1,1,0,14,12
2490,12074,574,21,859,2010,9,0,2,1.3,222000.0,4,2,1,1,0,7,8
2491,5802,505,16,722,2018,4,1,2,2.0,53013.0,4,0,1,1,0,7,12
2492,157,1363,32,780,2012,4,1,5,3.7,189704.0,8,0,0,1,0,7,0
2493,3136,0,3,219,1998,9,1,5,2.8,299689.0,6,2,1,1,0,12,6
2494,19444,502,16,722,2013,9,0,5,1.5,100000.0,4,0,1,1,0,1,8
2495,282,631,32,781,2008,4,1,5,3.7,438886.75,8,0,0,1,0,1,0
2496,15053,0,20,818,2015,4,1,5,1.5,28000.0,4,1,1,1,0,1,12
2497,16621,0,61,361,2011,9,1,5,2.0,177000.0,4,0,1,1,0,1,12
2499,100,0,5,1491,2005,4,1,4,3.7,10000.0,8,2,0,1,0,12,8
2501,8467,639,23,1298,2014,9,1,4,2.0,438886.75,4,0,1,1,0,8,4
2502,45,0,21,669,2006,9,1,5,1.3,180000.0,12,0,1,1,1,1,2
2504,54932,891,16,1362,2016,9,1,5,2.0,42554.0,4,0,1,1,0,1,4
2505,26971,1249,35,1000,2017,9,1,5,2.5,31694.0,4,0,1,1,0,1,10
2506,9722,1211,5,88,2010,9,1,5,3.0,105000.0,6,2,2,1,0,7,2
2508,40142,1202,39,1065,2017,4,0,5,2.4,60800.0,4,3,0,1,0,7,12
2509,5950,0,36,560,2000,9,1,1,2.2,289350.0,4,0,2,1,0,6,6
2510,15994,891,23,1298,2016,9,1,4,2.0,240572.0,4,0,1,1,0,12,4
2511,8154,585,58,1124,2013,3,1,2,1.8,173933.0,4,0,1,1,0,12,10
2512,15681,631,5,1491,2005,4,1,5,3.7,438886.75,6,0,2,1,0,1,0
2513,34074,639,23,1270,2014,4,1,1,2.0,154115.0,4,0,1,1,0,7,4
2514,12858,0,58,1124,2007,3,0,2,1.5,122500.0,4,3,1,1,0,1,6
2515,3136,475,8,1461,2012,3,1,2,1.4,162190.0,4,0,1,1,0,2,0
2517,28423,777,23,812,2014,7,1,1,2.5,190000.0,4,0,1,1,0,14,4
2520,21000,2265,21,715,2019,7,1,5,1.5,6800.0,4,0,1,1,1,7,2
2521,15681,891,23,1298,2016,9,1,4,2.0,263886.0,4,0,1,1,0,12,4
2522,35005,1091,23,812,2016,7,1,1,2.5,113293.0,4,0,1,1,0,14,4
2523,10381,687,8,909,2010,9,1,5,1.6,122590.0,4,0,1,1,0,14,4
2525,12544,0,16,1381,1995,2,0,1,2.5,207888.0,4,1,2,1,0,14,0
2526,21326,0,28,1049,2012,9,0,5,2.0,166400.0,6,0,1,1,0,14,6
2527,9408,1268,58,251,2012,3,0,2,1.5,120000.0,4,3,1,1,1,12,2
2528,6272,1360,32,781,2013,4,1,5,3.7,202651.0,8,0,0,1,0,1,0
2529,470,382,16,722,2015,9,1,2,2.0,367720.0,4,0,1,1,0,14,0
2530,3763,584,23,618,2014,9,1,5,1.8,110685.0,4,0,1,1,0,14,12
2531,10976,528,23,618,2014,9,1,5,1.6,75000.0,4,0,1,1,0,12,4
2532,31220,696,23,1270,2013,4,1,1,2.2,256000.0,4,0,1,1,0,1,4
2533,23521,0,58,1179,2011,4,0,5,2.5,144000.0,4,0,1,1,0,1,6
2534,58338,631,23,1401,2017,4,1,5,1.6,438886.75,4,0,1,1,0,1,4
2535,76835,0,36,373,2014,9,1,5,2.0,66000.0,4,2,0,1,0,1,12
2536,47042,1646,32,781,2015,4,1,5,3.7,106918.0,8,0,0,1,0,1,0
2537,21805,1024,23,812,2010,7,1,1,2.5,58958.0,4,0,1,1,0,1,4
2538,941,1811,32,780,2010,4,1,5,3.7,260771.0,8,0,0,1,0,1,0
2539,1500,0,13,554,2001,4,0,5,3.7,0.0,8,0,0,1,0,1,7
2540,14113,631,5,1491,2014,4,1,1,3.0,438886.75,6,0,0,1,0,1,0
2541,13799,0,13,417,2010,10,0,5,2.0,63000.0,4,0,1,1,0,1,6
2542,20814,919,23,810,2012,9,1,5,3.0,215833.0,4,0,1,1,0,1,4
2543,9408,0,21,669,2007,3,0,5,1.5,180000.0,4,3,1,1,1,2,4
2544,10663,0,41,1280,2005,7,1,5,2.0,117000.0,4,0,1,1,1,1,12
2545,20385,0,41,1022,2005,4,1,0,3.5,155200.0,6,0,0,1,0,12,8
2546,9377,631,8,444,2008,4,1,1,2.0,438886.75,4,0,1,1,0,1,4
2547,30517,777,23,812,2014,7,1,1,2.5,151854.0,4,0,1,1,0,7,4
2548,8500,0,16,1386,1992,6,0,1,2.5,2582.0,4,1,2,0,0,2,0
2550,52687,1055,36,964,2013,4,1,5,3.5,78000.0,6,2,0,1,0,1,12
2551,13000,0,36,599,2000,9,1,5,3.7,168000.0,8,2,2,1,0,1,12
2552,8200,0,21,512,2002,4,0,0,2.0,69000.0,4,0,0,1,1,12,6
2553,28789,694,8,444,2014,4,1,1,2.2,93576.0,4,0,1,1,0,12,4
2554,188,631,16,646,2008,9,1,2,0.4999999999999998,438886.75,4,0,1,1,0,1,0
2555,94,441,23,1298,2015,9,1,2,2.4,261928.0,4,0,1,1,0,1,0
2556,11917,742,42,262,2008,2,0,1,1.3,149000.0,4,1,1,1,0,1,12
2557,549,690,8,978,2016,9,1,5,1.5,229003.0,4,0,1,1,0,1,12
2558,12231,425,28,1116,2015,9,1,5,1.0,39625.0,3,0,1,1,0,0,4
2559,8311,631,5,138,2001,9,0,5,2.3,438886.75,6,1,2,1,0,1,12
2560,57607,784,58,251,2017,3,1,5,1.5,15000.0,4,0,1,1,0,1,4
2561,13799,765,23,1298,2015,9,1,4,2.0,30258.0,4,0,1,1,0,12,4
2562,25089,642,61,1368,2012,4,1,5,2.0,90000.0,4,2,1,1,0,12,8
2563,392,585,23,618,2013,9,1,5,1.8,353774.0,4,0,1,1,0,14,12
2564,6272,0,35,976,2001,7,0,5,2.5,138974.0,6,0,0,1,1,1,0
2566,29793,0,5,80,2013,9,1,5,2.0,161000.0,4,2,2,1,0,1,8
2567,31988,1211,36,1445,2010,7,1,1,3.0,240000.0,6,0,2,1,0,1,2
2568,549,810,23,618,2016,9,1,5,1.8,73674.0,4,0,1,1,0,12,12
2569,48575,891,23,1270,2016,4,1,1,2.0,121639.0,4,0,1,1,0,12,4
2570,157,1058,36,961,2012,4,1,5,3.5,245762.0,6,0,0,1,0,1,12
2571,10036,631,36,384,2004,1,1,5,3.2,438886.75,6,2,2,0,0,1,0
2572,4704,0,42,502,1998,3,0,5,1.4,0.0,4,1,1,1,0,4,3
2573,17719,1202,23,1298,2017,9,0,5,2.4,0.0,4,0,1,1,0,7,0
2574,15681,891,23,1298,2016,9,1,4,2.0,219432.0,4,0,1,1,0,12,4
2575,18814,0,58,1179,2007,4,0,5,3.5,260000.0,6,0,0,1,0,7,8
2576,21500,831,21,512,2011,4,1,5,2.4,116000.0,4,0,0,1,0,3,12
2580,35,0,58,1124,2008,3,0,2,1.5,0.0,4,0,1,1,0,14,6
2581,12544,878,21,469,2009,9,1,5,1.8,75000.0,4,0,1,1,0,14,12
2582,14113,0,8,523,2014,9,0,5,1.8,130000.0,6,2,1,1,0,2,6
2583,28225,0,5,154,2012,9,1,5,3.0,104000.0,6,2,2,1,0,7,12
2584,15053,765,23,1298,2015,9,1,4,2.0,438886.75,4,0,1,1,0,12,4
2585,20071,631,58,423,2012,9,0,5,2.5,438886.75,4,2,1,1,0,1,6
2586,17249,0,16,647,2010,4,0,5,3.0,166635.0,6,0,0,1,0,1,6
2587,24239,502,21,669,2013,3,1,5,1.5,20100.0,4,0,1,1,0,2,4
2588,5645,891,23,1298,2016,9,1,4,2.0,438886.75,4,0,1,1,0,8,4
2589,13172,779,16,722,2013,9,0,5,2.5,208723.0,4,0,1,1,0,7,0
2590,5209,447,21,669,2013,3,1,5,1.3,69219.0,4,0,1,1,0,12,4
2591,2979,1203,13,1213,2011,9,1,5,3.6,252253.0,6,0,2,1,0,1,12
2592,17249,2971,36,341,1995,9,1,5,3.6,150000.0,6,0,2,1,0,12,2
2593,19757,1051,23,1298,2016,9,0,5,2.4,83200.0,4,2,1,1,0,12,12
2594,28,0,58,1124,2006,9,1,2,1.5,252800.0,4,0,1,1,0,12,6
2595,7527,0,42,1418,2000,9,0,5,1.6,11111.0,4,0,1,1,0,14,4
2596,41811,831,54,237,2017,4,1,1,1.6,92627.0,4,0,1,1,0,12,4
2597,40340,640,54,1192,2013,4,1,1,2.0,114778.0,4,0,1,1,0,1,4
2598,7213,0,16,1390,1991,6,0,1,2.5,111111.0,7,1,2,1,0,14,1
2599,408,0,32,908,2010,4,1,5,3.7,174000.0,8,2,0,1,0,14,12
2600,15681,585,58,1124,2013,9,1,2,1.8,0.0,4,2,1,1,0,7,8
2603,13485,0,58,1124,2009,9,0,2,1.5,288000.0,4,0,1,1,0,1,4
2604,51166,765,27,466,2015,4,1,1,2.0,135547.0,4,0,1,1,0,7,4
2605,2430,753,18,1354,2012,4,1,5,2.4,204048.0,4,0,1,1,0,12,12
2606,8467,1249,55,706,2017,4,1,5,2.5,289714.0,4,0,0,1,0,2,0
2607,24123,642,54,902,2012,4,1,1,2.0,132356.0,4,0,1,1,0,1,4
2608,9408,0,36,305,2000,9,0,0,2.0,19000.0,4,2,2,1,0,12,6
2609,16308,631,23,1298,2011,9,1,2,2.4,438886.75,4,2,1,1,0,1,10
2610,4547,614,11,789,2009,9,1,5,1.2,171138.0,4,0,1,1,0,2,4
2611,25000,1816,35,409,2014,4,1,1,2.2,59000.0,4,2,0,1,1,11,8
2613,25089,501,58,251,2014,3,1,5,1.5,96800.0,4,0,1,1,0,1,4
2615,48610,1058,58,825,2012,4,1,2,3.5,75000.0,6,2,0,1,0,14,12
2617,27911,585,21,469,2013,9,1,5,1.8,90000.0,4,0,1,1,0,12,4
2618,59831,640,23,788,2013,1,1,5,2.0,53885.0,4,0,1,1,0,1,4
2619,13172,891,23,1298,2016,9,1,4,2.0,358526.0,4,0,1,1,0,8,4
2620,80,0,39,1079,2000,4,0,5,1.8,1000.0,4,0,0,1,0,14,2
2623,20698,639,23,1298,2014,9,1,5,2.0,78000.0,4,0,1,1,0,11,12
2624,13172,631,21,512,2005,4,0,5,2.4,438886.75,4,0,0,1,0,1,4
2625,5331,0,36,308,1996,9,0,0,2.0,305222.0,4,1,2,1,0,1,2
2627,17876,333,16,722,2014,9,0,2,2.0,110200.0,4,3,1,1,0,14,8
2628,25716,640,23,1270,2013,4,1,1,2.0,36458.0,4,0,1,1,0,14,4
2629,4861,0,42,1416,1996,9,0,5,1.8,319000.0,4,1,1,1,0,5,2
2630,15681,891,23,1298,2016,9,1,4,2.0,265917.0,4,0,1,1,0,12,4
2632,11447,0,5,139,2002,9,1,5,2.5,160000.0,4,2,2,1,0,12,10
2633,37320,0,36,1234,2006,9,1,5,3.5,176000.0,6,2,2,1,0,1,8
2634,4077,0,5,64,1995,3,0,5,1.6,250000.0,4,0,2,0,0,1,1
2635,1960,781,16,722,2012,9,1,2,2.5,375862.0,4,0,1,1,0,1,0
2636,27946,631,23,618,2014,9,1,1,1.6,438886.75,4,0,1,1,0,1,4
2637,2600,0,15,467,2000,3,0,5,1.1,170000.0,4,1,1,0,0,1,2
2638,13172,631,21,669,2010,9,0,2,1.8,438886.75,4,3,1,1,0,1,12
2639,23138,707,23,1270,2011,4,1,1,2.0,191836.0,4,0,1,1,0,12,4
2641,42337,631,41,1112,2010,4,0,1,3.0,438886.75,6,1,0,1,0,1,6
2642,13485,0,58,251,2013,9,0,2,1.5,121000.0,4,0,1,1,1,12,6
2643,14113,761,58,1124,2010,9,0,2,1.8,181022.0,4,0,1,1,0,1,12
2644,29793,0,21,1117,2010,4,1,5,3.5,17000.0,6,0,0,1,0,1,10
2645,31047,1820,58,1360,2019,9,1,5,3.5,17542.0,6,0,2,1,0,12,12
2646,1725,934,41,249,2015,9,1,5,2.5,163875.0,4,0,1,1,0,1,12
2647,220,631,8,1461,2014,3,1,2,1.4,438886.75,4,0,1,1,0,1,0
2648,13500,0,5,114,2004,9,1,5,3.0,210000.0,6,2,2,1,0,12,8
2649,470,1053,36,586,2014,9,1,1,3.5,146395.0,6,0,2,1,0,7,12
2650,627,1604,36,586,2014,9,1,1,3.7,101424.0,8,0,0,1,0,7,12
2652,21395,642,23,1401,2012,4,1,1,2.0,169834.0,4,0,1,1,0,7,4
2653,4234,0,5,85,1997,9,0,5,2.5,225142.0,6,0,2,1,0,1,2
2655,3293,586,21,469,2012,9,1,5,1.8,124509.0,4,0,1,1,0,14,12
2656,10663,0,41,720,2006,9,1,0,3.5,180000.0,6,2,0,1,1,12,10
2657,26475,531,23,618,2012,9,1,5,1.6,75876.0,4,0,1,1,0,7,4
2658,10663,645,41,1435,2011,3,1,5,1.8,143000.0,4,0,1,1,0,1,10
2659,37320,1481,36,763,2017,4,1,5,3.0,51824.0,6,0,0,1,0,14,12
2661,3607,761,58,492,2010,9,1,5,1.8,290280.0,4,0,1,1,0,12,12
2662,9408,631,58,865,2002,9,0,0,2.4,438886.75,4,0,0,1,1,1,6
2663,10117,645,8,523,2011,9,1,5,1.8,170000.0,4,0,1,1,0,7,4
2664,28830,640,23,1401,2013,4,1,1,2.0,132020.0,4,0,1,1,0,12,4
2665,24891,0,41,1435,2011,3,0,5,1.8,53330.0,4,0,1,1,0,1,2
2666,3000,0,61,870,1995,9,0,0,1.8,438886.75,4,1,1,1,0,14,1
2667,50,0,58,1124,2013,9,0,2,1.5,0.0,4,0,1,1,0,12,8
2668,30891,697,21,469,2015,9,1,5,1.8,100658.0,4,0,1,1,0,12,4
2669,282,584,61,870,2014,9,1,5,1.8,35494.0,4,0,1,1,0,1,12
2670,24148,0,58,423,2014,9,1,2,2.4,152000.0,6,3,1,1,0,7,12
2671,46207,1375,23,788,2015,9,1,5,3.7,121758.0,4,0,1,1,0,14,4
2672,5200,1236,21,669,2011,3,0,5,1.3,144000.0,4,0,1,1,1,14,4
2673,43952,1249,23,812,2017,10,1,1,2.5,111643.0,4,0,1,1,0,7,4
2674,2430,697,61,1090,2015,9,1,5,1.8,141875.0,4,0,1,1,0,7,12
2675,55515,891,23,1270,2016,4,1,1,2.0,64691.0,4,0,1,1,0,12,4
2679,10506,761,16,1387,2010,2,1,1,1.8,85000.0,4,1,1,1,0,11,4
2680,22433,777,23,812,2014,4,1,1,2.5,74210.0,4,0,1,1,0,12,4
2681,9095,0,36,568,1999,9,1,5,2.4,26200.0,6,1,2,1,0,12,6
2682,11604,0,58,1124,2006,9,0,2,1.5,331139.0,4,0,1,1,0,7,4
2683,28241,730,54,237,2016,4,1,1,1.6,181809.0,4,0,1,1,0,12,4
2684,627,1405,5,1491,2009,9,1,5,3.0,171382.0,6,0,0,1,0,1,0
2685,34419,891,8,978,2016,9,1,5,2.0,106642.0,4,0,1,1,0,14,4
2686,25089,986,16,1381,2010,6,0,1,2.4,123000.0,4,1,2,1,0,14,2
2687,282,640,16,722,2013,9,1,2,2.0,174619.0,4,0,1,1,0,7,0
2688,10820,919,5,1491,2012,4,1,1,3.0,229966.0,6,0,0,1,0,1,0
2690,18503,481,16,722,2017,9,1,2,2.0,75597.0,4,0,1,1,0,14,12
2691,78403,0,58,921,2014,4,1,1,3.0,142000.0,6,2,0,2,0,1,12
2692,10036,0,39,1065,2003,10,0,4,2.4,200000.0,4,0,1,1,0,14,0
2693,470,1514,32,781,2011,4,1,5,3.7,202048.0,8,0,0,1,0,14,12
2694,29793,1051,21,512,2016,4,0,5,2.4,22400.0,4,3,0,1,0,1,0
2696,27924,880,23,618,2018,9,1,5,1.6,53000.0,4,0,1,1,0,14,4
2697,14113,915,5,1491,2014,4,1,1,3.0,110715.0,6,0,0,1,0,14,0
2702,7200,0,55,706,2000,4,0,0,2.5,149045.0,4,1,0,1,0,5,4
2703,16621,0,61,360,2011,9,1,5,2.0,138000.0,4,1,1,1,0,14,6
2704,6272,0,41,1364,2005,9,0,5,2.3,172000.0,6,0,1,1,0,1,6
2705,17562,765,55,300,2015,1,1,5,2.0,59731.0,4,0,2,0,0,7,12
2706,1411,640,56,1266,2013,9,1,5,2.0,193504.0,4,0,1,1,0,11,0
2707,18117,707,23,1401,2011,4,1,1,2.0,181149.0,4,0,1,1,0,12,4
2708,19130,474,8,1461,2013,3,0,6,1.4,103000.0,4,0,1,1,0,1,12
2709,15612,687,23,618,2010,9,1,5,1.6,138425.0,4,0,1,1,0,14,4
2710,20,0,41,1037,2005,3,0,5,1.5,136000.0,5,0,1,1,1,12,6
2711,12544,0,61,1375,2004,4,1,4,3.0,176000.0,6,2,0,1,0,14,12
2712,15994,631,58,1124,2010,9,0,2,1.8,438886.75,4,3,1,1,0,1,6
2713,4077,780,8,17,2019,9,1,5,1.4,1232.0,4,0,1,1,0,1,12
2714,1646,836,23,618,2010,9,1,5,2.0,172003.0,4,0,1,1,0,2,12
2716,35124,777,58,1179,2014,4,0,5,2.5,55000.0,4,2,1,1,0,14,12
2717,12858,765,36,759,2015,4,1,5,2.0,159928.0,4,0,1,1,0,1,0
2718,4704,790,8,523,2009,9,1,5,1.6,50549.0,4,0,1,1,0,12,4
2719,19130,0,16,1024,2012,1,0,5,3.7,107000.0,6,0,2,0,0,11,8
2721,30351,639,23,1401,2014,4,1,1,2.0,134750.0,4,0,1,1,0,7,4
2722,11290,0,41,1364,2011,9,0,5,2.5,110000.0,6,3,1,1,1,14,6
2723,6272,2297,36,769,2016,4,1,5,3.7,17584.0,8,0,0,1,0,1,0
2725,35839,690,21,669,2016,3,1,5,1.5,9756.0,4,0,1,1,0,2,4
2726,73071,1646,32,780,2015,4,1,5,3.7,188078.0,8,0,0,1,0,1,0
2727,16308,531,41,889,2012,4,0,5,1.6,116000.0,4,2,0,1,0,12,12
2728,98282,1714,16,661,2017,4,1,5,3.5,20000.0,4,0,1,1,0,14,4
2729,21953,730,16,646,2016,4,1,5,1.6,94400.0,4,0,0,1,0,14,0
2732,8467,0,27,806,1999,4,1,5,3.7,20000.0,8,0,0,1,0,1,12
2733,47042,0,36,1440,2013,7,1,1,2.2,350000.0,4,1,2,1,0,12,6
2734,35902,891,23,1270,2016,4,1,1,2.0,196475.0,4,0,1,1,0,1,4
2735,20698,0,36,560,2007,10,0,1,2.2,220000.0,4,0,2,1,0,12,4
2736,8781,0,42,1536,2002,7,0,0,1.6,3000.0,4,1,1,1,0,12,10
2737,13485,0,36,1297,2014,1,1,5,1.0,9000.0,3,0,2,0,0,12,4
2738,4077,1363,32,780,2012,4,1,5,3.7,150909.0,8,0,0,1,0,1,0
2739,188,289,16,646,2008,9,1,2,0.4999999999999998,209843.0,4,0,1,1,0,7,0
2740,6272,893,23,838,2008,3,1,1,1.6,81928.0,4,0,1,1,0,7,4
2741,5175,0,41,1293,2003,9,0,0,2.5,197000.0,6,2,2,1,1,12,4
2742,49165,696,23,1270,2013,4,1,1,2.2,128919.0,4,0,1,1,0,12,4
2744,7840,761,41,1370,2010,3,0,5,1.8,132540.0,4,0,1,1,0,13,8
2746,16480,1347,23,812,2008,10,1,1,2.5,246122.0,4,0,1,1,0,12,4
2748,16778,862,23,812,2011,7,1,1,2.5,45984.0,4,0,1,1,0,14,4
2751,14715,836,23,1298,2010,9,1,5,2.0,154847.0,4,0,1,1,0,14,4
2752,18117,502,58,251,2013,3,1,5,1.5,69000.0,4,0,1,1,0,7,4
2753,862,690,21,669,2016,9,1,5,1.5,31869.0,4,0,1,1,0,1,0
2754,23521,765,16,731,2015,9,1,5,2.0,77431.0,4,2,1,1,0,7,12
2755,28589,639,8,444,2014,4,1,1,2.0,83924.0,4,0,1,1,0,12,4
2756,11917,0,41,1477,2005,4,1,5,2.0,137453.0,4,0,0,1,0,14,6
2757,2979,640,39,1065,2013,4,1,5,2.0,103112.0,4,0,1,1,0,12,12
2758,10349,475,15,122,2012,1,0,5,1.4,128000.0,4,2,1,0,0,14,6
2759,21796,639,61,803,2014,3,1,1,2.0,51742.0,4,1,1,1,0,2,8
2760,12544,639,16,697,2014,3,0,5,2.0,103318.0,4,0,1,1,0,12,0
2761,20385,585,58,1124,2013,9,0,2,1.8,103000.0,4,0,1,1,0,2,6
2762,21012,777,58,440,2014,9,1,5,2.5,140000.0,4,0,1,1,0,7,8
2763,16935,640,16,345,2013,3,1,2,2.0,111467.0,4,2,1,1,0,1,12
2764,17876,0,23,618,2014,3,0,5,1.8,68800.0,8,2,1,1,0,11,8
2765,24618,1324,58,825,2010,4,1,2,3.3,132603.0,4,2,0,1,0,14,8
2768,172486,0,58,914,2018,4,1,1,3.7,13000.0,12,0,0,1,0,14,16
2769,21012,1249,35,1000,2017,9,1,5,2.5,75492.0,4,0,1,1,0,11,8
2770,8000,0,36,1445,1998,7,0,0,2.3,300000.0,4,1,1,2,0,12,5
2772,14426,0,58,1124,2008,3,1,2,1.5,361600.0,4,3,1,1,0,14,4
2773,18000,0,15,118,2013,1,0,5,1.4,142000.0,4,1,1,0,0,14,4
2774,37229,891,23,1401,2016,4,1,1,2.0,149329.0,4,0,1,1,0,1,4
2775,18240,583,23,618,2011,9,1,5,1.6,161518.0,4,0,1,1,0,14,4
2776,251,607,58,423,2019,4,1,2,2.5,56834.0,4,0,1,1,0,1,12
2778,15994,0,58,251,2012,3,0,2,1.5,193000.0,4,3,1,1,1,15,2
2779,19456,642,23,1401,2012,4,1,1,2.0,192534.0,4,0,1,1,0,14,4
2780,37633,640,5,1487,2013,4,1,5,2.0,200000.0,4,2,0,1,0,3,0
2782,17876,753,23,1298,2012,9,1,2,2.4,131000.0,4,2,1,1,0,1,12
2783,18503,2148,36,397,2010,9,1,5,3.7,150121.0,8,2,2,1,0,1,12
2784,7840,0,42,262,1998,2,0,5,1.6,230000.0,4,1,1,1,0,2,4
2785,16935,1017,23,1298,2017,9,1,4,2.0,227911.0,4,0,1,1,0,14,4
2787,6272,530,41,889,2013,4,1,5,1.6,312118.0,4,0,1,1,0,1,0
2788,627,1172,36,586,2011,9,1,1,3.5,230696.0,6,0,0,1,0,1,12
2789,26657,784,8,644,2017,4,0,5,1.5,31006.0,4,0,1,1,0,2,10
2790,14113,0,8,523,2013,9,0,5,1.4,210000.0,4,2,1,1,0,12,12
2791,8781,1275,23,1270,2019,9,1,5,2.4,46264.0,4,0,1,0,0,7,12
2792,13184,502,58,251,2013,3,1,5,1.5,125000.0,4,0,1,1,0,14,4
2794,49058,1091,8,854,2016,9,1,5,2.5,73148.0,4,0,1,1,0,12,4
2795,15681,781,61,1090,2012,9,1,5,2.5,2012.0,4,2,1,1,0,7,8
2796,470,631,41,889,2013,4,1,5,1.6,438886.75,4,0,0,1,0,1,0
2798,18817,640,23,1298,2013,9,1,5,2.0,68000.0,4,2,1,1,0,2,6
2799,61154,1646,32,781,2015,4,1,5,3.7,273493.0,8,0,0,1,0,12,0
2801,5959,0,42,1416,2000,4,0,5,1.8,210000.0,6,1,1,2,0,1,0
2802,15053,0,58,251,2014,3,0,2,1.5,11800.0,4,0,1,1,1,14,7
2803,11917,1062,58,492,2006,9,0,1,1.4,162000.0,4,0,1,1,0,7,6
2804,18422,501,58,251,2014,3,1,5,1.5,35800.0,4,0,1,1,0,12,4
2805,28852,631,27,466,2015,4,0,5,2.4,438886.75,4,2,1,1,0,1,12
2806,3000,0,21,669,2004,3,0,5,1.3,11111.0,2,0,1,1,1,14,6
2807,10697,363,8,1322,2014,3,1,5,1.0,95100.0,4,0,1,1,0,7,4
2808,16935,503,58,1132,2012,3,0,2,1.5,107000.0,4,0,1,1,0,11,12
2809,7213,0,36,315,2002,1,1,5,2.3,157000.0,4,2,2,0,0,12,6
2810,14740,0,33,1032,1998,4,1,0,3.7,116800.0,8,0,0,1,0,14,8
2811,20171,707,54,1192,2011,4,1,1,2.0,148427.0,4,0,1,1,0,1,4
2813,14113,650,8,527,2016,9,0,5,1.4,77000.0,4,2,1,1,0,14,12
2814,18189,631,61,870,2014,9,1,5,1.8,438886.75,4,0,1,1,0,1,8
2815,21031,639,54,902,2014,4,1,1,2.0,128619.0,4,0,1,1,0,1,4
2816,31,1113,35,412,2012,9,1,5,3.7,291840.0,6,0,1,1,0,1,12
2817,21169,1017,39,1067,2017,4,0,5,2.0,41681.0,4,0,1,1,0,2,8
2818,16308,0,36,574,2002,9,1,1,2.7,248000.0,5,2,2,1,0,1,10
2819,29793,0,58,825,2008,4,1,2,3.3,2005.0,6,0,0,1,0,12,12
2820,314,420,23,232,2019,9,1,2,1.6,14587.0,4,0,1,1,0,1,12
2821,13877,586,8,523,2012,9,1,5,1.8,126000.0,4,0,1,1,0,14,4
2822,25086,0,32,777,2008,9,1,5,3.5,132500.0,6,2,2,1,0,7,12
2823,5959,0,41,1468,2003,2,0,5,2.5,0.0,6,2,1,1,1,12,10
2824,24462,810,61,1094,2016,9,1,5,1.8,48935.0,4,0,1,1,0,14,10
2826,14740,2469,5,1507,2004,4,1,5,3.0,320000.0,6,0,0,1,0,5,0
2827,941,781,8,523,2018,9,1,5,1.4,39466.0,4,0,1,1,0,1,12
2828,40769,456,58,434,2015,9,1,2,2.5,0.0,4,0,1,1,0,1,12
2829,42692,640,54,1192,2013,4,1,1,2.0,105909.0,4,0,1,1,0,14,4
2830,51746,1104,5,1491,2015,4,1,5,3.0,110400.0,6,2,0,1,0,14,12
2831,1333,1172,32,1201,2011,4,1,5,3.5,259232.0,6,0,0,1,0,12,12
2832,1333,949,35,658,2010,3,1,5,2.3,191110.0,4,0,1,1,0,1,12
2833,14269,761,58,1124,2010,3,0,2,1.8,210000.0,4,3,1,1,0,14,12
2834,42808,1327,58,429,2018,9,1,5,2.5,24382.0,4,0,1,1,0,1,8
2835,44517,1091,23,812,2016,10,1,1,2.5,124708.0,4,0,1,1,0,7,4
2836,6586,1760,9,1076,2017,9,1,5,3.6,31090.0,6,0,1,1,0,7,12
2837,8154,0,15,553,2001,2,0,1,1.9,266000.0,4,1,1,1,0,4,2
2838,41811,831,54,237,2017,4,1,5,1.6,53811.0,4,0,1,1,0,7,4
2839,8467,658,21,858,2009,3,0,2,1.3,155000.0,4,2,1,1,0,12,8
2840,5300,0,5,95,2007,9,1,5,3.0,1000.0,6,0,2,1,0,12,3
2841,470,1058,36,586,2012,9,1,5,3.5,98310.0,6,0,0,1,0,1,12
2842,11917,0,58,1124,2007,9,0,2,1.5,318400.0,4,0,1,1,0,13,5
2843,21639,810,58,492,2016,9,0,5,1.8,131000.0,4,0,1,1,0,7,10
2845,392,642,3,218,2012,1,1,5,2.0,171946.0,4,0,0,0,0,1,12
2846,26657,1018,5,185,2011,9,1,5,3.0,154000.0,6,2,2,1,0,1,12
2847,5018,1646,32,780,2015,4,1,5,3.7,188078.0,8,0,0,1,0,1,0
2849,38260,640,3,243,2013,10,1,5,2.0,117000.0,4,2,0,2,0,1,8
2852,26475,707,23,1401,2011,4,1,1,2.0,151186.0,4,0,1,1,0,12,4
2853,19707,1273,54,1192,2009,4,1,1,2.7,170347.0,4,0,1,1,0,1,4
2855,23521,1197,41,1476,2012,4,0,5,3.7,203200.0,6,2,0,1,0,7,6
2856,8000,631,58,251,2014,3,0,2,1.5,438886.75,4,0,1,1,1,1,6
2857,21639,1399,36,587,2010,9,1,5,3.5,135000.0,6,2,2,1,0,2,8
2858,6586,0,31,716,2004,4,1,5,2.0,150000.0,4,1,1,1,0,12,4
2859,76835,631,45,1088,2012,9,1,5,3.7,438886.75,8,2,2,1,0,1,8
2860,5645,0,21,669,2002,9,0,5,1.3,260000.0,4,0,1,1,1,11,0
2861,38894,640,23,1270,2013,4,1,1,2.0,128919.0,4,0,1,1,0,12,4
2862,35043,631,54,1192,2013,4,1,1,2.0,438886.75,4,0,1,1,0,1,4
2863,1568,1079,23,618,2018,9,1,5,2.0,61795.0,4,0,1,1,0,2,12
2865,13485,501,16,722,2014,9,1,5,1.5,133260.0,4,0,1,1,0,12,12
2866,17876,0,23,618,2011,9,0,5,1.8,68771.0,4,2,1,1,0,1,12
2867,23521,781,58,423,2012,9,0,5,2.5,113000.0,4,2,1,1,0,1,12
2868,16935,0,58,1132,2012,3,0,2,1.5,91400.0,4,3,1,1,0,12,12
2869,44752,639,54,1192,2014,4,1,1,2.0,37546.0,4,0,1,1,0,14,4
2870,8781,0,39,475,2005,3,0,5,1.5,157000.0,4,2,1,1,1,12,5
2872,5488,0,61,870,2003,9,1,5,1.8,228000.0,4,1,1,1,0,1,6
2873,19200,0,26,1521,1999,9,1,5,3.7,1000.0,8,2,0,1,0,6,7
2874,7527,862,55,710,2011,4,0,5,2.5,420800.0,4,2,0,1,0,1,0
2876,2587,1079,58,364,2018,4,1,5,2.0,16213.0,4,0,1,1,0,7,12
2880,13485,0,56,809,2005,4,0,5,2.7,180000.0,6,0,0,1,0,4,6
2882,3000,0,42,262,1994,9,0,5,1.4,1111.0,4,1,1,1,0,6,0
2883,11704,530,8,287,2013,3,1,5,1.6,71000.0,4,0,1,1,0,2,4
2884,10976,0,42,479,2008,9,0,0,1.6,205000.0,4,1,1,1,0,12,4
2887,1568,753,23,1298,2012,9,1,5,2.4,246230.0,4,0,1,1,0,1,12
2888,14900,530,16,693,2013,9,0,5,1.6,37000.0,4,0,1,1,0,14,8
2889,22545,707,54,902,2011,4,1,1,2.0,99895.0,4,0,1,1,0,12,4
2890,32929,1017,39,1069,2017,4,0,5,2.0,21000.0,4,3,0,1,0,3,6
2891,862,749,8,444,2014,4,1,5,2.4,195069.0,4,0,1,1,0,14,12
2892,26343,0,16,1024,2012,1,0,5,3.7,92000.0,6,1,2,0,0,2,9
2893,941,1646,32,780,2015,4,1,5,3.7,188078.0,8,0,0,1,0,1,0
2894,348,0,41,1281,2005,7,0,5,2.0,46702.0,4,3,1,1,1,13,6
2895,15053,765,23,1298,2015,9,1,4,2.0,272769.0,4,0,1,1,0,12,4
2896,314,831,8,978,2011,9,1,5,2.4,205307.0,4,0,1,1,0,14,12
2897,5645,0,42,1418,2001,10,1,1,2.0,438886.75,4,1,1,1,0,1,4
2898,4077,0,61,413,1997,2,0,1,1.9,194000.0,4,1,1,0,0,2,2
2899,10036,0,58,1457,2007,9,0,5,1.0,11111.0,3,0,1,1,1,12,4
2900,180,0,36,602,2012,1,1,5,3.7,104000.0,8,2,2,0,0,1,12
2901,16621,915,5,1491,2014,4,1,1,3.0,110715.0,6,0,0,1,0,14,0
2902,7840,0,41,1009,1997,9,0,0,1.0,2888.0,4,1,1,0,0,1,2
2903,10976,765,23,1298,2015,9,1,4,2.0,438886.75,4,0,1,1,0,14,4
2905,16041,586,8,523,2012,9,1,5,1.8,80497.0,4,0,1,1,0,7,4
2906,7840,0,35,976,2004,7,0,4,2.3,150783.0,4,0,1,1,1,12,2
2907,862,753,23,1298,2012,9,1,5,2.4,289920.0,4,0,1,1,0,11,12
2908,35,0,58,251,2013,3,0,2,1.3,240000.0,4,3,1,1,1,12,4
2911,314,891,38,490,2016,3,1,5,2.0,59408.0,4,0,1,1,0,1,12
2912,172486,1951,36,1250,2015,9,1,5,3.7,73600.0,8,2,2,1,0,1,16
2913,4861,308,21,469,2015,9,1,2,1.5,49272.0,4,0,1,1,0,2,0
2914,17405,706,28,1323,2011,4,1,1,2.0,47232.0,4,0,1,1,0,7,4
2915,3763,0,36,566,1997,9,1,5,2.3,105000.0,4,0,2,1,0,12,4
2916,16891,730,23,232,2016,9,1,1,1.6,43840.0,4,0,1,1,0,14,4
2917,32910,777,23,812,2014,7,1,1,2.5,140000.0,4,0,1,1,0,12,4
2918,20071,753,28,1049,2012,9,1,2,2.4,100000.0,4,0,1,1,0,1,8
2919,21169,0,16,1391,2004,6,0,1,2.0,239000.0,4,1,2,1,0,14,4
2920,6899,0,55,927,2002,10,0,0,2.0,188645.0,4,0,0,1,1,12,2
2921,25716,1051,23,1298,2016,9,0,5,2.4,51000.0,4,2,1,1,0,1,16
2922,109764,0,36,344,2011,9,1,5,3.7,73000.0,8,2,2,0,0,11,10
2924,51272,891,21,469,2016,9,1,5,2.0,42378.0,4,0,1,1,0,14,4
2925,16621,562,8,523,2015,9,1,5,1.4,144000.0,4,2,1,1,0,14,12
2926,13771,790,23,618,2009,9,1,5,1.6,143091.0,4,0,1,1,0,12,4
2927,21639,0,16,347,2013,3,0,2,2.0,125000.0,4,0,1,1,0,7,4
2928,17562,640,16,722,2013,9,1,2,2.0,218400.0,4,0,1,1,0,1,6
2930,10192,456,32,606,2015,9,1,2,2.5,98032.0,4,0,1,1,0,1,12
2933,2901,530,41,889,2013,4,1,5,1.6,166013.0,4,0,1,1,0,14,0
2934,549,1203,8,1397,2011,4,1,5,3.6,248954.0,6,0,1,1,0,12,12
2935,17562,631,8,523,2015,9,0,5,1.4,438886.75,4,2,1,1,0,1,8
2936,8467,781,61,1090,2012,9,0,5,2.5,188485.0,4,2,1,1,0,12,12
2937,10036,631,58,1124,2006,3,0,2,1.7,438886.75,4,0,1,1,0,1,6
2938,14113,0,36,586,2005,9,1,4,3.5,26600.0,6,2,0,1,0,7,10
2939,24462,0,36,970,2006,4,1,5,3.7,216000.0,8,2,0,1,0,12,12
2940,11760,986,32,820,2010,9,1,2,2.4,156000.0,4,2,1,1,0,1,12
2941,87811,0,36,738,2003,4,1,5,3.7,137500.0,8,0,0,1,0,12,8
2943,18189,769,8,444,2011,4,1,1,2.2,70479.0,4,0,1,1,0,7,4
2944,27174,765,8,444,2015,4,1,1,2.0,101537.0,4,0,1,1,0,1,4
2945,17240,0,61,1090,2012,9,1,5,2.5,109000.0,5,2,1,1,0,1,12
2946,22649,642,8,1060,2012,4,1,1,2.0,129760.0,4,0,1,1,0,7,4
2947,14113,761,58,1124,2010,9,1,2,1.8,312000.0,4,3,1,1,0,1,8
2948,22894,738,8,523,2017,9,0,5,1.4,46800.0,4,0,1,1,0,1,6
2949,11290,0,36,953,2000,4,0,1,2.7,335000.0,5,2,0,1,0,12,4
2950,4704,781,8,523,2018,9,1,5,1.4,41822.0,4,0,1,1,0,7,12
2951,38445,891,8,444,2016,4,1,1,2.0,54472.0,4,0,1,1,0,12,4
2952,19757,0,32,907,1998,4,1,5,3.7,404800.0,8,0,0,1,0,1,2
2953,2800,631,60,34,1999,9,0,5,1.6,438886.75,9,1,0,0,0,1,6
2954,13799,631,16,697,2014,9,0,5,2.0,438886.75,4,0,0,1,0,1,4
2955,8938,0,36,377,2000,1,1,5,2.0,189622.0,4,1,2,0,0,12,4
2956,470,934,58,423,2015,9,1,5,2.5,210450.0,4,0,1,1,0,1,12
2957,15053,0,16,697,2012,9,0,5,2.0,200000.0,4,0,1,1,0,12,4
2958,18817,0,36,315,2007,9,1,5,2.5,255000.0,6,2,2,1,0,12,6
2960,12000,2670,21,637,2010,7,0,5,2.4,171000.0,4,0,1,1,1,1,2
2961,9722,765,23,1298,2015,9,1,4,2.0,438886.75,4,0,1,1,0,8,4
2962,8900,1266,58,251,2014,9,0,2,1.5,138000.0,4,0,1,1,1,14,4
2963,9408,0,27,804,1994,4,1,5,3.7,335000.0,6,0,0,1,0,6,0
2964,9408,0,36,603,1999,9,1,5,3.2,150000.0,6,2,2,1,0,12,6
2965,83251,2578,8,420,2016,0,1,5,3.7,81142.0,4,0,1,1,0,1,4
2966,1803,779,58,423,2013,9,1,2,2.5,136861.0,4,0,1,1,0,2,0
2969,22266,353,58,1124,2015,3,0,2,1.8,159000.0,4,0,1,1,0,14,12
2970,9408,641,8,523,2012,9,1,1,2.0,52312.0,4,0,1,1,0,1,4
2971,23678,831,23,618,2017,9,1,4,1.6,110000.0,4,0,1,1,0,14,4
2972,20698,891,23,1298,2016,9,1,4,2.0,26729.0,4,0,1,1,0,7,4
2973,5331,0,61,413,1999,8,0,1,1.9,260000.0,4,1,1,0,0,14,2
2974,11704,631,8,909,2009,9,1,5,1.6,438886.75,4,0,1,1,0,1,4
2975,1960,751,8,444,2013,4,1,5,2.4,132429.0,4,0,1,1,0,12,12
2976,20385,0,36,332,2007,9,1,5,3.0,1000.0,6,2,2,1,0,14,0
2977,14113,1995,16,1383,2003,6,0,1,2.4,193000.0,4,1,2,2,0,15,2
2978,3607,707,23,1298,2011,9,1,5,2.0,169765.0,4,0,1,1,0,12,12
2979,24239,501,58,251,2014,3,1,5,1.5,14486.0,4,0,1,1,0,12,4
2980,20491,730,23,618,2016,9,1,1,1.6,50051.0,4,0,1,1,0,7,4
2981,28532,631,58,251,2013,3,1,5,1.5,438886.75,4,0,1,1,0,1,4
2983,22197,503,58,251,2012,3,1,5,1.5,64400.0,4,0,1,1,0,8,4
2984,10976,1187,8,523,2014,9,0,5,1.4,126000.0,4,0,1,1,1,0,6
2985,37580,765,23,1401,2015,4,1,1,2.0,60000.0,4,0,1,1,0,7,4
2986,5018,645,58,1124,2011,4,1,2,1.8,438886.75,4,0,1,1,0,7,12
2987,10663,1032,41,1037,2012,3,0,5,1.2,181000.0,4,0,1,1,1,14,4
2989,10976,0,56,1269,1984,4,1,0,1.6,100000.0,4,1,0,0,0,6,0
2990,19613,694,8,444,2014,4,1,1,2.2,195691.0,4,0,1,1,0,1,4
2991,45473,0,5,945,2006,9,1,5,3.7,97000.0,10,1,2,1,0,2,10
2992,15367,0,61,803,2012,3,0,1,2.0,130000.0,4,1,1,0,0,14,10
2993,25729,831,23,618,2017,9,1,5,1.6,56378.0,4,0,1,1,0,12,4
2994,6586,1018,5,95,2011,1,1,5,3.0,143950.0,6,0,0,0,0,1,12
2995,18660,631,39,1068,2014,4,0,5,2.0,438886.75,4,0,0,1,0,1,8
2996,57842,879,23,1401,2019,4,1,5,1.6,32724.0,4,0,1,1,0,14,4
2997,3450,915,5,154,2014,9,1,5,3.0,0.0,6,0,2,1,0,1,12
2998,17694,631,21,669,2017,3,1,5,1.3,438886.75,4,0,1,1,0,1,4
2999,15053,0,16,1381,2007,6,0,1,2.2,0.0,5,1,1,0,0,14,0
3000,11290,0,36,384,1999,1,1,5,3.2,237000.0,6,2,2,0,0,12,12
3001,627,584,61,870,2014,9,1,1,1.8,213698.0,4,0,1,1,0,1,12
3002,4861,781,55,706,2012,4,1,5,2.5,260133.0,4,0,0,1,0,12,0
3003,10017,966,61,413,2009,2,0,1,2.0,238000.0,4,1,1,1,0,14,2
3004,31988,1017,32,1029,2017,4,1,5,2.0,54120.0,4,0,0,1,0,7,12
3005,34406,770,23,1401,2016,4,1,1,1.7,101248.0,4,0,1,1,0,7,4
3006,141124,0,31,923,2015,4,1,1,3.0,90000.0,6,2,0,1,0,1,12
3007,392,1304,5,189,2013,9,1,5,3.7,87243.0,8,0,2,1,0,2,12
3008,8154,0,58,416,2003,10,0,5,2.0,112000.0,4,0,1,1,1,12,4
3009,29793,0,23,1401,2010,4,1,5,2.4,180000.0,4,2,0,1,0,14,10
3010,14113,761,58,1124,2010,3,0,2,1.8,196121.0,4,0,1,1,0,14,8
3011,29633,631,23,1401,2016,4,1,1,2.0,438886.75,4,0,1,1,0,1,4
3013,11447,1266,58,258,2014,9,0,2,1.5,133000.0,4,0,1,1,1,12,5
3014,20071,631,23,625,2013,9,1,5,1.8,438886.75,4,0,1,1,0,1,6
3016,8624,0,21,858,2009,3,0,2,1.3,180000.0,4,3,1,1,1,12,4
3019,36068,777,23,812,2014,7,1,1,2.5,85933.0,4,0,1,1,0,12,4
3020,7840,0,43,170,2001,9,1,1,2.2,325000.0,6,2,1,1,0,1,6
3021,47217,1249,23,812,2017,10,1,1,2.5,39071.0,4,0,1,1,0,12,4
3022,37000,1091,23,812,2016,10,1,1,2.5,90000.0,4,0,1,1,0,12,4
3024,6523,687,11,909,2010,9,1,5,1.6,36125.0,4,0,1,1,0,2,4
3025,12231,645,8,523,2011,9,0,5,1.8,130000.0,4,0,1,1,0,13,8
3026,27946,528,23,618,2014,9,1,1,1.6,102152.0,4,0,1,1,0,14,4
3027,23239,583,23,618,2011,9,1,5,1.6,137213.0,4,0,1,1,0,7,4
3028,119172,0,32,1202,2016,4,1,5,3.5,52000.0,6,2,0,1,0,1,8
3029,12544,994,42,270,2008,3,0,5,1.8,168000.0,4,1,1,1,0,1,4
3030,17245,0,16,693,2016,3,0,5,1.6,73600.0,4,2,1,1,0,12,12
3031,2352,0,61,794,1991,9,0,0,1.8,234000.0,4,1,1,1,0,14,0
3032,79902,1011,16,661,2016,4,1,5,2.3,125072.0,4,0,1,1,0,14,4
3033,26343,810,61,1090,2016,9,1,5,1.8,87000.0,4,2,1,1,0,14,12
3034,549,1677,61,1028,2003,9,1,5,2.0,0.0,4,0,1,1,0,9,12
3035,8624,0,36,319,2000,9,0,4,2.6,196600.0,6,1,2,1,0,12,6
3036,21639,503,46,1007,2012,10,1,1,1.5,170000.0,4,1,1,1,0,1,6
3037,70,0,23,618,2014,9,0,5,1.8,0.0,6,0,1,1,0,1,6
3038,39201,0,5,1491,2010,4,1,1,3.5,267632.0,6,2,2,1,0,1,0
3039,17249,0,58,1124,2010,3,1,2,1.8,179200.0,4,3,2,1,0,1,4
3040,25089,585,36,322,2013,9,1,5,1.8,95000.0,4,0,2,1,0,14,12
3042,12281,761,8,909,2010,9,1,5,1.8,128257.0,4,0,1,1,0,7,4
3043,9938,631,23,1298,2014,9,1,4,2.0,438886.75,4,0,1,1,0,1,4
3044,470,1211,5,1491,2010,4,1,1,3.0,265210.0,6,0,0,1,0,1,0
3045,17540,640,28,1049,2013,9,1,5,2.0,41412.0,4,0,1,1,0,14,4
3046,470,1327,58,423,2018,9,1,5,2.5,44845.0,4,0,1,1,0,3,12
3048,37580,891,23,1401,2016,4,1,1,2.0,99000.0,4,0,1,1,0,14,4
3050,18000,631,41,1477,2016,4,1,5,2.0,438886.75,4,0,0,1,1,1,8
3051,1725,473,8,523,2014,9,1,5,1.4,184835.0,4,0,1,1,0,12,12
3052,23521,0,53,1039,2011,10,0,5,1.8,180000.0,4,1,0,1,0,12,10
3053,13485,0,36,961,2003,4,1,0,3.7,235200.0,6,2,0,1,0,1,12
3054,25089,0,36,391,2008,9,1,5,3.5,63000.0,6,2,2,1,0,1,0
3055,29777,640,23,1270,2013,4,1,1,2.0,182217.0,4,0,1,1,0,14,4
3056,22580,1172,58,825,2011,4,1,5,3.5,368064.0,6,0,0,1,0,7,12
3057,7840,0,58,1457,2004,3,0,5,1.3,170342.0,4,3,1,1,1,12,4
3058,36166,831,8,1060,2017,4,1,1,1.6,71400.0,4,0,1,1,0,12,4
3059,34497,631,16,722,2015,9,1,6,2.0,438886.75,4,0,1,1,0,1,0
3060,17186,642,23,1298,2012,9,1,5,2.0,157367.0,4,0,1,1,0,7,4
3061,17158,530,23,618,2013,9,1,5,1.6,117500.0,4,0,1,1,0,7,4
3062,5018,830,8,978,2019,1,1,5,1.5,8710.0,4,0,1,1,0,1,12
3063,42337,917,3,1162,2013,4,1,5,3.0,139259.0,6,2,0,1,0,1,12
3064,49858,749,23,1270,2014,4,1,5,2.4,87000.0,4,0,1,1,0,7,4
3065,19757,0,16,1381,2006,6,0,1,2.4,286000.0,4,1,2,0,0,14,4
3066,16621,1296,58,1179,2008,4,0,5,2.4,113600.0,5,0,1,1,0,14,0
3067,30038,880,23,618,2018,9,1,1,1.6,60000.0,4,0,1,1,0,14,4
3068,16308,1327,58,423,2018,9,1,5,2.5,45371.0,4,0,1,1,0,12,12
3069,29793,0,5,1483,2013,4,1,5,2.0,68000.0,4,2,0,1,0,8,12
3070,862,631,8,978,2013,9,1,5,2.0,438886.75,4,0,1,1,0,1,12
3071,12858,0,36,382,2002,1,1,1,2.7,260000.0,5,2,2,0,0,1,8
3072,16618,1408,16,1381,2007,6,0,1,2.2,158000.0,4,1,1,1,0,14,2
3074,18817,0,58,1124,2009,9,1,2,1.8,288034.0,4,0,1,1,0,12,8
3075,34406,777,23,812,2014,7,1,1,2.5,119884.0,4,0,1,1,0,7,4
3076,45044,1017,23,1298,2017,9,1,5,2.0,95948.0,4,0,1,1,0,14,4
3077,1490,631,32,781,2013,4,1,5,3.7,438886.75,8,0,0,1,0,1,0
3078,8938,0,36,1445,1998,7,1,1,2.3,222000.0,4,1,1,0,0,6,4
3080,282,1273,0,1191,2015,4,1,5,3.5,0.0,6,0,0,1,0,2,12
3081,8467,0,55,706,2005,10,0,5,2.0,145576.0,4,0,0,1,1,12,4
3082,3136,0,12,1292,2002,3,0,5,1.2,25000.0,4,1,1,1,0,6,2
3083,8467,765,23,1298,2015,9,1,4,2.0,438886.75,4,0,1,1,0,8,4
3085,251,586,32,402,2012,3,1,2,1.8,149981.0,4,0,1,1,0,7,0
3086,84675,0,58,921,2014,4,1,1,3.0,137000.0,6,2,0,2,0,1,12
3087,10663,528,16,693,2014,3,0,5,1.6,84800.0,4,0,1,1,0,1,8
3088,20,0,58,1124,2008,3,1,2,1.5,135000.0,4,0,1,1,0,1,4
3089,11917,0,16,1381,1995,6,0,1,2.5,0.0,4,1,2,1,0,14,0
3090,14740,639,23,623,2014,3,0,5,2.0,51950.0,4,0,1,1,0,7,8
3091,6899,0,36,315,1996,9,0,5,2.3,210456.0,4,1,2,1,0,12,2
3092,15624,528,23,232,2014,9,1,1,1.6,126265.0,4,0,1,1,0,14,4
3093,10349,0,39,475,2010,9,0,5,1.3,89617.0,4,3,1,1,1,0,8
3095,14740,586,23,618,2012,9,0,5,1.8,129000.0,4,2,1,1,0,2,11
3096,549,780,8,523,2019,9,1,5,1.4,14074.0,4,0,1,1,0,7,12
3098,6586,0,36,582,1998,9,1,0,3.2,0.0,6,0,2,1,0,14,6
3099,46101,0,58,423,2015,9,1,2,2.5,89600.0,6,0,2,1,0,14,10
3101,111332,0,58,914,2013,4,1,5,3.7,180000.0,8,2,0,1,0,1,8
3102,14113,0,36,572,2002,9,1,1,2.7,5000.0,6,0,2,1,0,14,4
3103,16621,642,8,1060,2012,4,1,1,2.0,198000.0,4,0,1,1,0,12,4
3104,19130,650,8,532,2016,9,0,5,1.4,32000.0,4,2,1,1,0,7,12
3105,2430,631,36,322,2013,1,1,5,0.4999999999999998,438886.75,4,0,2,1,0,1,12
3106,21639,631,8,523,2016,9,1,5,1.4,438886.75,4,2,1,1,0,1,10
3107,17249,0,16,722,2009,9,1,2,2.5,245000.0,4,0,1,1,0,12,10
3108,19757,585,58,1124,2013,9,0,5,1.8,137568.0,4,0,1,1,0,2,6
3109,1000,0,60,38,1983,9,0,5,1.3,0.0,4,1,0,0,0,0,0
3110,11604,0,27,804,2001,4,1,0,3.7,297600.0,8,0,0,1,0,7,12
3112,32302,0,58,423,2013,9,1,2,2.5,73600.0,6,0,1,2,0,2,6
3113,40390,891,23,1270,2016,4,1,1,2.0,134413.0,4,0,1,1,0,12,4
3114,9879,761,58,1124,2010,3,0,2,1.8,146000.0,4,0,1,1,0,7,12
3116,16621,0,23,618,2014,9,0,5,1.8,105600.0,4,2,1,1,0,4,0
3117,17719,1017,23,628,2017,9,0,5,2.0,53895.0,4,0,1,1,0,12,8
3118,7527,0,35,997,2002,9,0,5,2.3,150000.0,4,2,1,1,1,14,2
3119,18245,0,58,1124,2010,9,0,2,1.8,172707.0,4,3,1,1,0,1,4
3121,16800,707,54,237,2011,9,1,1,2.0,173987.0,4,0,1,1,0,12,4
3122,18817,0,5,185,2006,9,1,5,3.7,180000.0,8,2,2,1,0,1,12
3123,13485,0,5,13,2009,1,1,5,2.8,163000.0,6,0,2,0,0,1,6
3124,26343,890,28,1049,2016,9,1,5,2.0,27390.0,4,0,1,1,0,1,4
3126,16091,836,23,788,2010,1,1,5,2.0,100000.0,4,0,1,1,0,7,4
3127,52263,891,23,1270,2016,4,1,1,2.0,108025.0,4,0,1,1,0,1,4
3129,15367,0,5,189,2005,9,1,5,3.7,177000.0,8,2,2,1,0,1,12
3130,2666,155,61,779,2015,3,1,5,0.4999999999999998,104618.0,4,0,1,1,0,14,12
3131,27598,891,23,618,2016,9,0,5,2.0,41000.0,4,0,1,1,0,14,8
3132,49751,765,23,1298,2015,9,1,5,2.0,24148.0,4,0,1,1,0,1,4
3133,16000,0,55,927,2006,9,0,5,2.0,1111.0,4,1,0,1,1,14,6
3134,9408,642,61,870,2012,9,1,1,2.0,119619.0,4,0,1,1,0,1,12
3135,22000,0,61,1090,2012,9,1,5,1.8,250000.0,4,0,1,1,0,1,14
3136,20297,836,23,1298,2010,9,1,5,2.0,155590.0,4,0,1,1,0,7,4
3137,58579,891,23,1270,2016,4,1,1,2.0,35000.0,4,0,1,1,0,7,4
3138,17562,0,5,1491,2004,4,1,5,3.7,141454.0,8,2,0,1,0,1,16
3139,3900,0,42,1418,2000,9,0,5,1.8,156000.0,4,1,1,1,0,7,2
3140,8467,0,41,1480,2002,4,1,5,2.0,254321.0,4,1,0,1,0,7,6
3141,23521,585,32,402,2013,3,1,2,1.8,125000.0,4,0,1,1,0,4,12
3143,17249,1141,27,483,2009,4,1,5,2.4,54575.0,4,0,1,1,0,12,4
3144,26971,640,16,697,2013,9,1,5,2.0,53000.0,4,1,1,1,0,15,8
3146,10976,0,58,833,1998,4,0,5,3.4,262000.0,6,0,0,1,1,1,0
3147,6586,1077,58,364,2019,1,1,5,2.0,5219.0,4,0,1,1,0,14,12
3148,12701,1024,23,812,2010,4,1,1,2.5,56765.0,4,0,1,1,0,12,4
3149,58018,0,58,1179,2018,4,0,5,2.5,1358.0,4,2,0,1,0,7,12
3150,18531,583,23,618,2011,9,1,5,1.6,165845.0,4,0,1,1,0,12,4
3151,10976,0,36,23,1998,9,0,5,1.8,0.0,4,1,2,1,0,1,2
3153,9408,0,25,1424,1999,4,0,5,3.2,170000.0,6,0,0,0,1,2,4
3154,10036,988,58,1124,2007,3,1,5,1.5,240000.0,4,3,1,1,0,7,0
3155,21953,0,23,812,2009,7,1,1,2.5,150000.0,6,0,2,2,0,12,0
3156,11604,0,58,1528,2008,1,0,5,1.5,0.0,4,1,1,0,0,1,2
3157,28222,0,23,618,2016,9,0,5,2.0,71200.0,4,2,1,1,0,12,12
3158,17249,0,61,359,2010,9,1,5,2.0,168000.0,4,0,1,1,0,14,6
3159,61154,609,58,423,2018,9,1,2,2.5,32000.0,4,0,1,1,0,1,12
3161,41720,891,23,1270,2016,4,1,1,2.0,113120.0,4,0,1,1,0,7,4
3162,21326,0,58,1137,2013,3,0,2,1.5,87000.0,4,0,1,1,0,7,6
3163,13172,650,61,870,2016,9,0,5,1.4,45312.0,4,2,2,1,0,1,10
3164,15292,836,23,788,2010,1,1,5,2.0,146691.0,4,0,1,1,0,1,4
3166,10976,0,21,858,2009,3,0,2,1.3,200000.0,4,0,1,1,1,12,2
3167,48873,639,54,1192,2014,4,1,1,2.0,52576.0,4,0,1,1,0,1,4
3168,8154,1750,32,1203,2008,4,1,2,3.3,224629.0,6,0,0,1,0,12,12
3169,11917,631,23,618,2013,9,0,5,1.8,438886.75,4,2,1,1,0,1,12
3170,282,761,58,1124,2010,3,1,2,1.8,423418.0,4,0,1,1,0,1,12
3171,21326,0,58,1132,2015,9,1,2,1.5,79500.0,4,0,1,1,0,7,10
3172,22580,0,36,592,2007,9,1,5,3.5,151000.0,6,0,2,1,0,1,12
3174,17562,0,28,1049,2013,9,1,5,2.4,120000.0,4,0,1,1,0,1,8
3175,26594,642,23,1270,2012,4,1,1,2.0,138525.0,4,0,1,1,0,1,4
3176,15994,584,61,1090,2014,9,1,5,1.8,65282.0,4,0,1,1,0,1,8
3177,27911,1172,32,1201,2011,4,1,5,3.5,438886.75,12,2,1,1,0,1,12
3178,706,431,5,1491,2016,4,1,2,2.0,73856.0,4,0,0,1,0,1,12
3179,39515,889,28,1318,2016,4,1,1,2.0,21683.0,4,0,1,1,0,1,4
3180,220,574,21,858,2010,3,1,2,1.3,184250.0,4,0,1,1,0,7,0
3181,17562,1017,23,618,2017,9,0,5,2.0,44000.0,4,0,1,1,0,1,6
3182,14113,1816,35,997,2014,9,1,1,2.2,136000.0,4,0,1,1,1,1,8
3183,17249,584,61,870,2014,9,1,5,1.8,107200.0,4,0,2,1,0,14,8
3184,14113,631,46,473,2010,10,0,1,1.5,438886.75,4,1,1,1,0,1,6
3186,19306,502,58,251,2013,9,1,5,1.5,48300.0,4,0,1,1,0,11,4
3187,188,382,8,1461,2017,3,1,2,1.5,125358.0,4,0,1,1,0,7,0
3188,10663,0,36,319,2001,9,1,5,2.4,240000.0,6,2,2,1,0,1,8
3190,4391,0,61,1430,1995,9,0,5,1.8,107000.0,4,1,1,1,0,6,2
3191,25089,781,58,434,2012,9,1,2,2.5,95000.0,4,2,1,1,0,7,12
3192,22649,707,23,1401,2011,4,1,1,2.0,191264.0,4,0,1,1,0,14,4
3193,10515,639,23,1298,2014,9,1,4,2.0,55210.0,4,0,1,1,0,12,4
3195,31248,751,27,483,2013,4,1,5,2.4,59897.0,4,0,1,1,0,14,4
3196,6272,1292,36,763,2016,4,1,5,3.0,59099.0,6,0,0,1,0,14,0
3197,8781,1236,21,669,2011,3,0,2,1.3,111000.0,4,0,1,1,1,6,4
3198,24148,0,41,889,2014,4,0,5,1.6,56000.0,4,2,1,1,0,4,6
3199,10672,1347,23,812,2008,7,1,1,2.5,66846.0,4,0,1,1,0,12,4
3200,188,631,32,1208,2011,4,1,2,3.5,438886.75,6,0,0,1,0,1,12
3201,4000,0,41,1280,2002,7,0,0,2.0,281000.0,4,0,1,1,1,1,4
3202,314,1024,16,722,2010,9,1,5,2.5,168960.0,4,0,1,1,0,12,12
3203,24273,562,8,287,2015,3,1,5,1.4,58052.0,4,0,1,1,0,14,4
3205,4704,0,42,502,2003,3,1,5,1.2,22863.0,4,1,1,0,0,12,4
3206,39829,0,36,961,2011,4,1,1,2.9,255000.0,6,0,0,1,0,7,16
3207,23935,631,41,982,2015,3,1,5,1.2,438886.75,4,0,1,1,0,1,4
3208,8467,0,36,1414,2004,10,0,1,1.7,0.0,4,1,1,1,0,2,4
3209,14113,0,58,1124,2008,3,1,4,1.5,120000.0,4,0,1,1,0,14,4
3211,19757,0,58,423,2010,9,0,2,2.4,165000.0,4,0,1,1,0,14,12
3212,15681,891,23,1298,2016,9,1,4,2.0,257102.0,4,0,1,1,0,12,4
3214,20385,308,58,1124,2014,3,0,2,1.8,155000.0,4,2,1,1,0,7,8
3215,39559,765,23,1270,2015,4,1,1,2.0,129254.0,4,0,1,1,0,14,4
3216,124989,1077,21,469,2019,10,1,5,2.0,5492.0,4,0,1,1,0,1,4
3217,19601,707,23,1270,2011,4,1,1,2.0,58548.0,4,0,1,1,0,14,4
3218,10000,1268,21,858,2012,3,0,2,1.5,102000.0,4,0,1,1,1,12,8
3219,13328,0,16,1381,1999,6,0,1,2.5,395000.0,4,1,2,1,0,4,2
3221,16621,0,58,423,2008,9,1,2,2.4,145567.0,4,0,1,1,0,1,10
3222,15681,0,16,660,2000,4,0,5,3.7,0.0,8,0,0,1,0,1,0
3223,19679,583,23,618,2011,9,1,5,1.6,133783.0,4,0,1,1,0,7,4
3224,9879,1202,21,235,2017,9,1,5,2.4,39762.0,4,0,1,1,0,7,12
3225,27654,629,23,618,2015,9,1,5,1.6,104674.0,4,0,1,1,0,12,4
3226,32929,0,36,586,2010,9,1,5,3.5,165000.0,6,2,0,1,0,7,16
3227,17663,501,58,251,2014,3,1,5,1.5,53800.0,4,0,1,1,0,12,4
3228,52959,765,23,1270,2015,4,1,1,2.0,99106.0,4,0,1,1,0,1,4
3229,18189,831,23,1301,2011,9,1,2,2.4,88400.0,4,2,1,1,0,7,10
3232,14740,0,21,858,2011,3,0,2,1.3,136000.0,4,2,1,1,0,12,12
3233,5018,631,41,889,2015,4,1,5,1.6,438886.75,4,0,0,1,0,1,0
3234,27924,642,23,1401,2012,4,1,1,2.0,105437.0,4,0,1,1,0,1,4
3236,28225,0,36,958,2009,4,1,1,3.0,245470.0,6,2,0,1,0,7,12
3237,16621,0,21,512,2005,4,0,5,2.4,120000.0,4,0,0,1,0,12,6
3238,10400,843,58,1124,2008,3,1,2,1.5,288000.0,4,0,1,1,0,7,4
3239,1960,753,18,1354,2012,4,1,5,2.4,212682.0,4,0,1,1,0,11,12
3240,24283,639,23,1401,2014,4,1,1,2.0,189000.0,4,0,1,1,0,14,4
3241,3920,779,58,423,2013,9,1,5,2.5,308694.0,4,0,1,1,0,7,12
3242,9364,631,8,1322,2015,3,1,5,1.0,438886.75,4,0,1,1,0,1,4
3243,23110,986,27,483,2010,4,1,5,2.4,121000.0,4,0,1,1,0,12,4
3244,4391,0,16,1381,1991,6,0,1,2.5,0.0,4,1,2,0,0,14,1
3246,9722,1032,41,1037,2012,3,0,5,1.2,69000.0,4,0,1,1,1,1,6
3247,5645,0,35,976,2004,7,0,0,2.3,16000.0,4,0,1,1,1,12,12
3250,140,0,5,1491,2008,4,1,5,3.0,240000.0,6,2,0,1,0,1,8
3251,392,631,13,1213,2012,9,1,5,3.6,438886.75,6,0,2,1,0,1,12
3252,10036,0,23,1298,2006,9,1,4,3.3,243200.0,6,2,1,1,0,1,10
3253,7527,0,58,832,1998,8,0,5,2.0,123000.0,4,1,2,1,0,14,2
3254,8781,0,3,209,2002,9,1,5,3.0,265600.0,6,1,0,1,0,12,8
3255,50178,0,31,1215,2012,4,1,5,2.0,125000.0,4,2,0,1,0,11,8
3257,15681,891,23,1298,2016,9,1,4,2.0,267209.0,4,0,1,1,0,12,4
3258,35344,934,23,812,2015,10,1,1,2.5,90660.0,4,0,1,1,0,14,4
3259,8154,0,36,568,2000,9,1,4,2.6,314000.0,6,0,2,1,0,6,7
3260,15925,447,21,669,2013,3,1,5,1.3,86996.0,4,0,1,1,0,12,4
3261,23521,777,58,423,2014,9,1,5,2.5,47152.0,4,2,1,1,0,14,7
3263,15681,640,16,722,2013,9,1,5,2.0,134982.0,4,0,1,1,0,11,0
3264,21953,0,16,646,2008,4,1,2,2.5,93000.0,4,0,0,1,0,12,10
3265,11290,891,23,1298,2016,9,1,4,2.0,258906.0,4,0,1,1,0,12,4
3266,5959,966,11,909,2009,9,1,1,2.0,75644.0,4,0,1,1,0,12,4
3267,2274,1360,36,753,2013,4,1,5,3.7,230397.0,8,0,0,1,0,1,12
3268,11000,631,58,1147,2015,3,0,2,1.8,438886.75,4,0,1,1,1,1,6
3269,4547,631,23,618,2017,9,1,5,2.0,438886.75,4,0,1,1,0,1,12
3270,11604,528,16,693,2014,9,0,5,1.6,49000.0,4,2,1,1,0,6,10
3271,12544,0,32,1200,2000,4,1,0,3.0,209123.0,4,2,0,1,0,1,9
3272,17249,0,36,599,2005,9,1,5,3.7,125000.0,8,2,2,1,0,12,12
3273,28059,639,8,1060,2014,4,1,1,2.0,73650.0,4,0,1,1,0,12,4
3275,31361,0,36,1332,2007,6,0,1,2.1,268022.0,6,1,1,0,0,14,0
3276,13485,0,58,1124,2012,3,0,2,1.8,0.0,4,0,1,1,0,14,8
3277,9408,0,39,1077,1995,4,0,1,2.5,205000.0,4,1,0,0,0,2,0
3278,19130,0,5,1491,2007,4,1,5,3.0,310000.0,6,2,0,1,0,7,6
3279,21326,0,39,1065,2012,4,0,5,2.4,7964.0,6,2,0,1,0,12,16
3280,34074,777,23,812,2014,7,1,1,2.5,126970.0,4,0,1,1,0,12,4
3281,11099,645,8,909,2011,9,1,5,1.8,142600.0,4,0,1,1,0,12,4
3284,29793,1249,58,423,2017,9,1,5,2.5,32000.0,4,2,1,1,0,6,14
3285,31675,784,21,469,2017,3,1,5,1.5,46935.0,4,0,1,1,0,1,4
3286,21012,0,58,1124,2013,9,1,2,1.8,150000.0,4,0,1,1,0,1,8
3288,941,631,21,469,2011,9,1,5,1.8,438886.75,4,0,1,1,0,1,12
3289,470,382,28,1049,2014,9,1,2,2.4,141410.0,4,0,1,1,0,12,12
3291,12544,0,41,636,2004,7,1,5,3.5,122000.0,6,2,2,1,1,6,12
3292,16308,528,28,1196,2014,3,1,5,1.6,100800.0,4,0,1,1,0,14,12
3293,18503,584,61,1090,2014,9,1,5,1.8,144000.0,4,2,1,1,0,14,10
3294,11368,1047,23,618,2007,9,1,5,1.6,122587.0,4,0,1,1,0,12,4
3296,43435,0,5,1506,2012,4,1,1,3.5,243087.0,6,0,0,1,0,1,12
3299,4234,1058,21,1042,2012,9,1,5,3.5,236698.0,6,0,1,1,0,1,12
3300,3450,585,58,1124,2013,3,1,2,1.8,74838.0,4,0,1,1,0,14,12
3301,43868,730,54,237,2016,4,1,1,1.6,43300.0,4,0,1,1,0,14,4
3302,28225,0,32,402,2012,3,1,2,1.8,128297.0,4,0,1,1,0,3,4
3303,39201,891,36,759,2016,3,1,5,2.0,48000.0,4,0,0,1,0,14,0
3304,22266,0,58,1124,2012,3,0,2,1.8,57000.0,4,3,1,1,0,1,12
3305,125,1324,58,825,2010,9,1,2,3.3,316912.0,6,0,0,1,0,2,12
3306,6429,961,8,444,2009,4,1,1,2.0,74594.0,4,0,1,1,0,1,4
3307,9252,640,23,1298,2013,9,1,4,2.0,102788.0,4,0,1,1,0,14,4
3308,25889,528,23,618,2014,9,1,5,1.6,147957.0,4,0,1,1,0,14,4
3309,7370,0,39,1079,1999,4,0,5,1.8,156000.0,4,0,0,1,0,14,2
3310,17249,631,27,1471,2010,4,0,5,3.7,438886.75,6,0,0,1,0,1,0
3311,16151,638,28,1049,2014,9,1,5,2.0,38878.0,4,0,1,1,0,12,4
3312,24860,1347,23,812,2008,7,1,1,2.5,134955.0,4,0,1,1,0,12,4
3313,22894,781,58,423,2012,9,1,5,2.5,200000.0,6,0,2,1,0,14,0
3314,10349,631,32,608,2019,9,1,5,3.5,438886.75,6,0,1,1,0,1,12
3317,15681,0,36,735,1988,4,0,1,2.9,138000.0,4,1,0,0,0,1,2
3318,7100,0,61,870,2002,9,0,5,2.0,20000.0,4,1,1,1,0,1,6
3319,55932,1079,23,1298,2018,9,1,5,2.0,50310.0,4,0,1,1,0,7,4
3320,9252,765,23,1298,2015,9,1,4,2.0,438886.75,4,0,1,1,0,8,4
3321,37633,0,32,1210,2010,4,1,2,3.5,180800.0,8,0,1,1,0,12,8
3322,251,645,58,1124,2011,3,1,2,1.8,230939.0,4,0,1,1,0,2,12
3323,14113,631,8,527,2017,9,0,5,1.4,438886.75,4,0,1,1,0,1,8
3324,8154,0,27,937,2002,4,0,5,3.7,208000.0,6,0,0,1,0,12,4
3325,3293,1273,32,1201,2015,4,1,5,3.5,71939.0,6,0,0,1,0,1,12
3326,12544,765,23,1298,2015,9,1,4,2.0,438886.75,4,0,1,1,0,8,4
3327,24123,707,54,1192,2011,4,1,1,2.0,162977.0,4,0,1,1,0,12,4
3328,3800,0,42,239,2001,9,0,5,1.0,184592.0,3,1,1,1,0,2,4
3330,37633,1058,58,831,2012,4,1,5,3.5,134114.0,6,0,0,1,0,14,10
3331,14113,639,16,697,2014,3,0,5,2.0,13000.0,4,1,1,1,0,14,8
3332,157,1055,36,586,2013,9,1,1,3.5,237158.0,6,0,0,1,0,1,12
3333,1882,639,28,284,2014,9,1,5,2.0,89526.0,4,0,1,1,0,1,12
3334,39559,765,23,1270,2015,4,1,1,2.0,99000.0,4,0,1,1,0,7,4
3336,12544,353,58,1124,2015,3,0,2,1.8,118410.0,4,2,1,1,0,12,12
3337,7840,0,36,582,2000,9,1,5,3.2,111111.0,6,2,2,1,0,1,6
3338,12500,0,41,1364,2008,9,0,5,3.5,160000.0,6,3,1,1,0,12,4
3342,14426,0,5,1491,2001,4,1,0,3.7,3000.0,8,0,0,1,0,1,16
3343,15681,862,58,423,2011,9,1,5,2.5,165222.0,4,0,1,1,0,1,8
3344,39797,730,54,237,2016,4,1,1,1.6,97181.0,4,0,1,1,0,2,4
3345,80,0,41,636,2004,7,0,0,3.5,215000.0,6,2,2,1,1,14,4
3346,13297,531,8,287,2012,3,1,5,1.6,46000.0,4,0,1,1,0,11,4
3347,12231,1537,23,788,2009,9,1,5,3.3,159747.0,4,0,1,1,0,1,4
3348,1098,1829,55,706,2006,4,1,5,2.5,262298.0,4,0,0,1,0,2,12
3349,35908,764,28,1049,2016,9,1,1,1.7,30177.0,4,0,1,1,0,14,4
3350,140,631,32,781,2007,4,1,4,3.7,438886.75,8,2,0,1,0,1,12
3352,9722,631,58,423,2018,9,1,2,2.5,438886.75,4,0,1,1,0,1,12
3353,26475,631,23,618,2013,9,1,5,1.6,438886.75,4,0,1,1,0,1,4
3354,16935,0,58,1124,2009,3,0,2,1.8,124000.0,4,0,1,1,0,1,6
3355,8467,0,55,706,2002,10,1,0,2.5,237688.0,4,0,0,1,0,1,2
3356,16935,642,16,703,2012,3,1,5,2.0,155607.0,4,0,1,1,0,1,4
3357,10036,0,58,1457,2007,3,0,5,1.3,125000.0,4,3,1,1,0,13,2
3358,15850,836,23,1298,2010,9,1,5,2.0,152566.0,4,0,1,1,0,7,4
3359,7683,0,41,1280,2003,7,0,5,2.0,1800.0,4,0,1,1,1,13,8
3360,45473,0,27,1471,2011,4,0,5,3.7,120000.0,6,1,0,0,0,14,2
3361,10976,642,16,697,2012,9,1,5,2.0,121000.0,4,0,1,1,0,1,10
3362,35,0,21,669,2005,3,0,5,1.5,183000.0,4,2,1,1,1,12,5
3363,4077,0,36,305,1995,9,0,0,1.8,200000.0,4,1,2,1,0,12,2
3364,14069,836,23,1298,2010,9,1,5,2.0,170000.0,4,0,1,1,0,1,4
3365,55823,0,45,453,2012,4,1,5,3.6,91000.0,6,2,0,1,0,14,12
3366,38975,501,58,251,2014,9,1,5,1.5,51000.0,4,0,1,1,0,14,4
3367,706,394,58,280,2014,9,1,2,2.5,189216.0,4,0,1,1,0,1,12
3368,17249,0,23,618,2011,9,0,5,1.8,177600.0,4,2,1,1,0,14,9
3369,19444,697,23,618,2015,9,1,5,1.8,96000.0,4,2,1,1,0,12,16
3370,40390,891,23,1270,2016,4,1,1,2.0,175089.0,4,0,1,1,0,14,4
3371,70,0,23,618,2015,9,0,5,1.8,96000.0,4,2,1,1,0,7,8
3372,18817,397,58,1124,2016,3,0,2,1.8,74098.0,4,0,1,1,0,12,8
3375,29166,0,3,1160,2010,4,1,5,3.2,150000.0,6,2,0,1,0,12,8
3376,9408,631,5,1491,2012,4,1,1,3.0,438886.75,6,0,0,1,0,1,0
3377,30,0,21,669,2010,3,0,5,1.3,0.0,4,0,1,1,1,14,4
3378,42337,0,5,88,2015,9,1,5,2.0,26000.0,4,2,0,1,0,14,12
3380,7997,1537,58,825,2009,4,1,2,3.3,251278.0,6,0,0,1,0,6,12
3381,3607,441,23,1298,2015,9,1,2,2.4,229192.0,4,0,1,1,0,12,0
3382,10976,687,23,838,2010,2,1,1,1.6,156000.0,4,1,1,1,0,0,12
3385,6272,0,58,1124,2008,3,0,2,1.5,240000.0,4,0,1,1,0,14,6
3386,56450,0,45,453,2011,4,1,5,3.5,171000.0,6,2,0,1,0,1,10
3388,4234,753,23,1298,2012,9,1,2,2.4,123862.0,4,0,1,1,0,14,12
3389,3920,810,58,492,2016,9,1,5,1.8,155942.0,4,0,1,1,0,12,12
3390,18500,528,23,618,2014,9,1,5,1.6,179664.0,4,0,1,1,0,12,4
3391,19500,1327,41,1107,2011,4,1,5,3.7,127000.0,6,2,0,1,0,1,12
3392,28852,640,5,1483,2013,4,1,5,2.0,10000.0,4,0,0,1,0,8,12
3393,8781,631,18,231,2016,9,1,5,2.5,438886.75,4,0,2,1,0,1,12
3394,23207,631,58,1179,2011,4,1,5,2.5,438886.75,4,0,0,1,0,1,8
3395,17346,531,23,838,2012,3,1,1,1.6,151136.0,4,0,1,1,0,14,4
3396,13172,697,28,713,2015,9,0,5,1.8,72000.0,4,1,1,1,0,14,6
3398,29793,1018,5,185,2011,9,1,5,3.0,123803.0,6,2,2,1,0,14,8
3399,30906,501,58,251,2014,3,1,5,1.5,42000.0,4,0,1,1,0,7,4
3401,10900,503,58,1132,2012,3,0,2,1.5,244800.0,4,0,1,1,0,1,12
3402,9408,0,21,236,2003,9,0,5,2.4,180000.0,4,2,1,1,1,2,4
3403,4077,645,32,402,2011,3,1,2,1.8,228610.0,4,0,1,1,0,1,0
3404,42987,831,54,237,2017,4,1,5,1.6,60013.0,4,0,1,1,0,14,4
3405,15681,0,15,126,2012,3,1,5,1.4,58000.0,4,1,1,0,0,14,12
3406,30712,877,23,1401,2017,4,1,1,1.7,50380.0,4,0,1,1,0,14,4
3407,19914,586,58,1124,2012,3,0,2,1.8,110000.0,4,0,1,1,0,1,8
3408,9722,0,41,1037,2008,3,0,5,1.5,170000.0,4,0,1,1,1,1,2
3409,33076,880,23,618,2018,9,1,5,1.6,41523.0,4,0,1,1,0,2,4
3410,18503,730,23,618,2016,9,1,4,1.6,33091.0,4,0,1,1,0,12,4
3411,7527,0,16,1381,1997,6,1,1,2.5,1000.0,4,1,2,1,0,14,0
3412,12858,0,16,693,2011,3,0,5,1.4,160000.0,4,1,1,1,0,14,4
3413,549,518,58,1179,2016,4,1,2,2.5,74053.0,4,0,0,1,0,2,12
3414,12544,447,21,858,2013,3,0,2,1.3,175930.0,4,0,1,1,0,12,0
3415,470,631,23,1298,2015,9,1,2,2.4,438886.75,4,0,1,1,0,1,0
3416,314,1017,36,759,2017,4,1,5,2.0,46413.0,4,0,0,1,0,2,0
3417,9408,0,16,1381,1998,6,0,1,2.5,11111.0,4,1,2,1,0,14,2
3418,2979,986,0,1358,2010,9,1,5,2.4,203061.0,4,0,1,1,0,2,12
3419,35902,891,23,1401,2016,4,1,1,2.0,99821.0,4,0,1,1,0,14,4
3420,15053,1834,36,1326,2004,6,0,1,2.2,169000.0,6,1,2,1,0,14,2
3421,11676,761,8,909,2010,9,1,5,1.8,153966.0,4,0,1,1,0,12,4
3422,13172,0,58,255,2014,3,0,2,1.5,70000.0,4,2,1,1,1,12,8
3423,43592,765,23,1271,2015,4,1,5,2.0,76000.0,4,2,0,1,0,1,12
3424,706,761,58,1124,2010,4,1,2,1.8,221760.0,4,0,1,1,0,2,12
3425,18189,631,23,618,2013,9,0,5,1.8,438886.75,4,2,1,1,0,1,6
3426,10036,382,16,722,2015,9,1,2,2.0,100747.0,4,0,1,1,0,6,0
3427,48566,1273,16,661,2015,4,1,5,3.5,143604.0,4,0,1,1,0,14,4
3428,25089,915,5,1491,2014,4,1,1,3.0,141384.0,6,0,0,1,0,2,0
3429,16621,779,58,423,2013,9,0,2,2.5,136861.0,4,0,1,1,0,2,0
3430,12544,640,16,345,2013,9,0,2,2.0,144000.0,4,0,1,1,0,2,10
3431,8154,0,36,582,1998,9,1,0,3.2,220000.0,6,2,2,1,0,1,6
3432,31361,1054,36,1328,2009,10,0,1,2.2,350000.0,4,1,2,1,0,6,2
3433,34635,631,21,469,2019,9,1,5,2.0,438886.75,4,0,1,1,0,1,4
3434,18503,1197,41,1476,2012,4,0,5,3.7,138965.0,6,0,0,1,0,1,8
3435,16308,0,61,870,2011,9,0,5,2.0,97600.0,6,2,1,1,0,1,10
3436,21012,0,58,1124,2013,3,0,2,1.8,243200.0,4,0,1,1,0,12,12
3437,7213,0,21,669,2005,9,0,5,1.3,176000.0,4,3,1,1,1,1,8
3438,13485,781,61,870,2012,9,1,5,2.5,160000.0,4,0,2,1,0,2,0
3439,6586,789,8,523,2009,9,1,5,1.6,75996.0,4,0,1,1,0,1,4
3440,15132,836,23,1298,2010,9,1,5,2.0,185120.0,4,0,1,1,0,12,4
3441,12231,0,21,669,2010,3,0,5,1.3,93000.0,4,0,1,1,1,2,2
3442,15850,642,23,1298,2012,9,1,5,2.0,187794.0,4,0,1,1,0,5,4
3443,6269,617,8,287,2009,9,1,5,1.2,73816.0,4,0,1,1,0,12,4
3446,54346,1079,23,1401,2018,4,1,1,2.0,46503.0,4,0,1,1,0,7,4
3447,1019,1017,28,284,2017,9,1,5,2.0,11971.0,4,0,1,1,0,12,12
3448,4077,1529,36,305,1995,9,0,5,1.8,2014.0,4,1,2,1,0,1,2
3449,18817,753,28,1049,2012,9,1,2,2.4,119700.0,4,2,1,1,0,14,10
3450,549,1079,28,1264,2018,9,1,5,2.0,91283.0,4,0,1,1,0,14,12
3451,40769,1091,58,1179,2016,4,0,5,2.5,60000.0,4,2,1,1,0,4,8
3453,14454,836,23,1298,2010,9,1,5,2.0,171734.0,4,0,1,1,0,12,4
3454,6611,502,58,251,2013,3,1,2,1.5,143686.0,4,0,1,1,0,14,4
3455,7527,781,58,1179,2012,4,1,5,2.5,157232.0,4,0,1,1,0,12,12
3456,392,640,16,722,2013,9,1,2,2.0,215965.0,4,0,1,1,0,1,0
3458,25089,1202,23,1298,2017,9,0,5,2.4,50000.0,4,2,1,1,0,14,10
3459,10663,0,5,85,2003,9,0,5,2.5,76000.0,6,0,2,1,0,12,6
3460,20385,0,36,1326,1998,6,1,1,2.9,111111.0,5,1,2,1,0,14,1
3463,21012,781,58,423,2012,9,1,5,2.5,101000.0,4,2,1,1,0,7,8
3465,16000,2266,21,715,2018,7,0,2,1.5,0.0,4,0,1,1,1,2,2
3466,21009,1024,23,812,2010,7,1,1,2.5,92336.0,4,0,1,1,0,12,4
3467,64917,0,36,332,2015,9,1,5,2.0,83000.0,6,2,2,1,0,1,12
3469,19757,0,16,345,2013,3,1,2,2.0,93450.0,4,0,1,1,0,14,10
3470,39026,1172,32,606,2011,9,1,5,3.5,63905.0,4,0,1,1,0,12,4
3471,6272,0,5,77,1999,9,1,5,2.2,55000.0,6,1,2,1,0,2,2
3472,24462,631,36,578,2008,9,1,1,3.0,438886.75,6,2,2,1,0,1,12
3473,13172,502,58,1132,2013,3,0,2,1.5,0.0,4,2,1,1,0,14,12
3474,17562,631,3,209,2010,9,1,5,2.0,438886.75,4,2,0,1,0,1,8
3475,188,1018,5,1491,2011,4,1,5,3.0,196330.0,6,0,0,1,0,14,12
3477,50526,1017,21,469,2017,9,1,5,2.0,41747.0,4,0,1,1,0,14,4
3478,48610,631,58,1179,2016,4,0,2,2.5,438886.75,4,2,0,1,0,1,12
3479,4077,0,55,927,2005,10,0,5,2.0,234082.0,4,2,0,1,1,14,4
3480,627,1304,5,1511,2013,4,1,5,3.7,118656.0,8,0,0,1,0,1,12
3482,19444,631,16,722,2015,9,0,5,2.5,438886.75,4,2,1,1,0,1,8
3483,15681,761,58,1124,2010,9,0,2,1.8,133000.0,4,3,1,1,0,14,10
3484,1176,353,58,1124,2015,3,1,2,1.8,134835.0,4,0,1,1,0,7,12
3485,7527,0,58,1457,2002,9,0,5,1.0,90000.0,4,0,1,0,1,9,2
3486,5175,631,58,1457,2001,1,0,5,1.0,438886.75,4,0,1,0,1,1,2
3490,52106,971,54,1192,2016,4,1,1,2.2,94638.0,4,0,1,1,0,7,4
3491,18503,0,58,423,2007,9,1,2,2.4,22000.0,4,0,1,1,0,12,10
3492,40,0,58,1132,2014,3,1,4,1.4,256000.0,4,0,1,1,0,14,8
3493,9000,637,56,1350,2014,3,0,5,0.7,11000.0,3,0,1,1,1,12,2
3494,21326,891,23,618,2016,9,0,5,2.0,67000.0,4,2,1,1,0,1,12
3495,30,0,21,669,2012,3,0,5,1.3,145000.0,4,0,1,1,1,12,6
3496,19444,900,39,1070,2015,4,0,5,2.4,177600.0,4,0,1,1,0,1,7
3498,2500,0,42,271,1997,2,0,5,2.0,290000.0,4,1,1,1,0,11,2
3499,11604,751,28,1049,2013,9,1,5,2.4,180800.0,4,0,1,1,0,14,4
3500,14113,0,3,209,2008,9,1,5,2.0,190400.0,6,3,1,1,0,1,12
3502,8311,631,16,693,2014,9,0,5,1.6,438886.75,4,2,1,1,0,1,12
3503,15994,475,8,523,2012,9,1,5,1.4,74000.0,4,0,1,1,0,12,8
3504,7213,0,42,262,2000,3,0,5,1.6,215000.0,4,0,1,0,0,12,0
3505,13172,761,58,1124,2010,9,1,2,1.8,368000.0,4,3,1,1,0,7,11
3506,15994,0,36,59,1998,2,0,1,2.8,0.0,6,1,2,0,0,2,2
3507,27174,631,8,444,2015,4,1,1,2.2,438886.75,4,0,1,1,0,1,4
3508,314,1750,58,825,2008,4,1,2,3.3,0.0,6,0,0,1,0,12,12
3509,14113,503,21,469,2012,9,1,2,1.5,142000.0,4,0,1,1,0,14,8
3510,22580,777,58,429,2014,9,1,5,2.5,29800.0,4,0,1,1,0,14,6
3511,8311,631,21,669,2006,3,0,5,1.3,438886.75,4,3,1,1,1,1,2
3512,20918,626,28,461,2015,9,1,5,1.6,41250.0,4,0,1,1,0,1,4
3513,4077,781,58,423,2012,9,1,2,2.5,214098.0,4,0,1,1,0,12,12
3514,16308,0,36,582,2004,9,1,5,3.2,130000.0,6,2,2,1,1,12,8
3515,1725,1363,36,961,2012,4,1,1,3.7,180659.0,8,0,0,1,0,1,12
3516,27356,87,23,618,2016,9,1,4,0.4999999999999998,65004.0,4,0,1,1,0,14,4
3517,470,642,3,1160,2012,4,1,5,2.0,340106.0,4,0,0,1,0,14,0
3518,470,1399,32,1201,2010,4,1,5,3.5,138070.0,6,0,0,1,0,1,12
3519,82166,1104,5,1491,2015,4,1,5,3.0,80000.0,6,2,0,1,0,2,12
3520,10976,1832,36,1452,2005,7,0,1,2.2,215000.0,4,1,2,1,0,2,6
3521,18519,640,8,523,2013,9,1,1,2.0,163855.0,4,0,1,1,0,14,4
3522,9408,631,58,1124,2007,3,0,2,1.5,438886.75,4,0,1,1,0,1,10
3523,1098,574,21,858,2010,3,1,2,1.3,187312.0,4,0,1,1,0,2,0
3524,13877,585,8,523,2013,9,1,5,1.8,137538.0,4,0,1,1,0,1,4
3526,23521,631,16,722,2015,9,0,2,2.0,438886.75,4,0,1,1,0,1,12
3527,7056,707,23,1298,2011,9,1,4,2.0,85419.0,4,0,1,1,0,14,4
3528,21790,730,54,237,2016,4,1,1,1.6,40598.0,4,0,1,1,0,14,4
3529,7840,0,61,1375,2004,4,1,0,3.2,140000.0,6,0,0,1,0,12,8
3530,65858,1325,58,423,2019,9,1,5,2.5,7000.0,4,0,1,1,0,1,10
3531,13476,687,23,618,2010,9,1,5,1.6,132967.0,4,0,1,1,0,7,4
3532,25089,631,58,423,2013,9,0,2,2.5,438886.75,4,3,1,1,0,1,12
3533,22266,1016,8,1060,2017,4,1,5,2.0,48432.0,4,0,1,1,0,1,4
3534,6743,397,32,402,2016,3,1,2,1.8,71904.0,4,0,1,1,0,14,0
3535,6272,0,41,1037,2005,3,0,5,1.5,156000.0,4,0,1,1,1,6,7
3536,4077,0,16,693,1998,9,0,5,1.5,11580.0,4,1,1,2,0,2,2
3538,5645,0,39,1079,2000,4,0,5,1.8,10000.0,4,0,1,0,0,11,12
3539,7840,0,36,556,2000,2,1,4,2.0,0.0,4,1,2,1,0,2,8
3540,1646,919,5,154,2012,9,1,5,3.0,129834.0,6,0,2,1,0,2,12
3541,12544,0,41,636,2003,7,1,4,3.0,185000.0,6,2,0,1,1,5,12
3542,15681,584,23,618,2014,9,1,5,1.8,149000.0,4,2,1,1,0,7,10
3543,10349,2002,23,788,2008,9,1,5,3.7,136192.0,4,0,1,1,0,1,4
3544,941,779,58,423,2013,9,1,2,2.5,225510.0,4,0,1,1,0,14,12
3546,42987,1017,23,1298,2017,9,1,5,2.0,13148.0,4,0,1,1,0,1,4
3547,862,631,36,763,2017,4,1,5,3.5,438886.75,6,0,2,1,0,1,12
3548,10976,765,23,1298,2015,9,1,4,2.0,438886.75,4,0,1,1,0,14,4
3549,5645,503,58,1132,2012,3,0,2,1.5,99000.0,4,0,1,1,0,14,4
3550,27093,730,8,1060,2016,4,1,1,1.6,51287.0,4,0,1,1,0,7,4
3551,17719,585,58,1124,2013,9,1,2,1.8,268800.0,4,0,1,1,0,1,10
3552,19757,777,55,706,2014,4,0,5,2.5,145000.0,4,3,0,1,0,14,7
3553,4704,761,58,1124,2010,9,1,2,1.8,319301.0,4,0,1,1,0,14,12
3554,282,1598,36,961,2008,4,1,1,3.0,213998.0,6,0,0,1,0,12,12
3555,23678,765,8,444,2015,4,1,1,2.0,30000.0,4,0,1,1,0,12,4
3556,250,0,58,921,2019,4,0,1,3.0,33000.0,6,0,0,1,0,14,12
3557,40983,639,23,1270,2014,4,1,1,2.0,120871.0,4,0,1,1,0,12,4
3558,13463,1756,23,788,2009,1,1,5,3.7,187143.0,4,0,1,1,0,14,4
3560,941,400,8,1461,2018,9,1,2,1.5,43128.0,4,0,1,1,0,12,12
3561,1098,777,58,423,2014,9,1,5,2.5,254230.0,4,0,1,1,0,1,12
3563,392,779,58,423,2013,9,1,5,2.5,78670.0,4,0,1,1,0,12,12
3564,37633,1202,23,1270,2017,4,0,5,2.4,79309.0,4,0,1,1,0,1,7
3565,39615,595,58,251,2015,3,1,5,1.5,43578.0,4,0,1,1,0,12,4
3567,157,333,16,722,2014,9,1,2,2.0,186048.0,4,0,1,1,0,1,0
3568,9252,1273,54,1192,2009,4,1,1,2.7,60227.0,4,0,1,1,0,12,4
3569,21953,779,58,423,2013,9,1,5,2.5,78082.0,4,2,1,1,0,1,12
3572,10349,631,5,139,2004,9,1,5,2.5,438886.75,6,0,2,1,0,1,4
3573,19130,528,23,618,2014,9,1,1,1.6,142495.0,4,0,1,1,0,14,4
3574,21326,456,58,423,2015,9,1,2,2.5,14004.0,4,0,1,1,0,1,8
3575,40456,0,5,160,2012,9,1,5,3.0,176480.0,4,2,2,1,0,1,12
3576,10349,1266,58,251,2014,3,0,2,1.5,134800.0,4,3,1,1,1,12,2
3577,13799,0,21,858,2010,3,0,2,1.3,112000.0,4,0,1,1,0,12,4
3578,50,631,58,1124,2008,3,1,2,1.5,438886.75,4,0,1,1,0,1,6
3579,22894,0,36,107,2000,6,0,1,2.7,333333.0,5,1,2,1,0,6,2
3580,31361,1091,58,423,2016,9,1,5,2.5,54400.0,4,0,1,1,0,1,8
3581,7213,0,39,1077,1995,4,0,1,2.5,1958.0,4,0,0,1,0,2,2
3583,1882,746,58,1124,2009,9,1,2,1.5,142426.0,4,0,1,1,0,14,12
3584,41811,831,54,237,2017,4,1,1,1.6,33216.0,4,0,1,1,0,2,4
3586,37000,891,23,1401,2016,4,1,1,2.0,136027.0,4,0,1,1,0,1,4
3587,11000,0,36,582,1999,9,1,0,3.5,0.0,6,0,0,1,0,1,2
3589,29793,0,5,88,2013,1,1,5,3.0,98000.0,8,0,2,0,0,14,12
3590,6586,0,42,1416,1998,9,0,5,1.6,195256.0,4,0,1,1,0,2,4
3591,10036,0,58,286,2004,9,0,5,2.0,138643.0,4,0,1,1,1,12,8
3592,22894,382,23,1302,2014,9,1,2,2.4,76000.0,4,0,1,1,0,1,7
3593,15053,0,16,693,2015,9,0,5,1.6,108000.0,4,2,1,1,0,1,8
3594,7056,707,23,1298,2011,9,1,4,2.0,61208.0,4,0,1,1,0,14,4
3599,19130,0,58,1154,2013,9,0,2,1.8,65000.0,4,3,1,1,1,12,8
3600,4359,1285,8,444,2007,4,1,1,2.0,52699.0,4,0,1,1,0,12,4
3601,14740,528,28,1195,2014,9,0,5,1.6,76800.0,4,0,1,1,0,1,4
3602,43868,880,54,237,2018,4,1,1,1.6,200401.0,4,0,1,1,0,2,4
3603,47000,1058,32,1201,2012,4,1,5,3.5,170000.0,6,2,0,1,0,1,12
3605,3450,0,27,804,1997,4,1,5,3.7,0.0,6,0,0,1,0,11,2
3606,17562,2690,24,1168,2017,4,1,5,3.7,54854.0,8,0,2,1,0,12,12
3607,784,1537,58,825,2009,4,1,2,3.3,438886.75,6,0,0,1,0,14,12
3609,7527,779,55,706,2013,4,1,5,2.5,263459.0,4,0,0,1,0,2,0
3610,8781,0,21,669,2007,3,0,5,1.3,188000.0,4,0,1,1,1,12,7
3611,21012,0,58,1131,2012,3,0,6,1.8,108773.0,4,0,1,1,0,7,10
3612,22649,836,23,1401,2010,4,1,1,2.0,166320.0,4,0,1,1,0,1,4
3613,40983,640,23,1270,2013,4,1,1,2.0,95000.0,4,0,1,1,0,1,4
3614,19416,1099,54,1192,2010,4,1,1,2.7,181385.0,4,0,1,1,0,12,4
3616,16935,631,36,1326,2005,6,0,1,2.2,438886.75,4,1,2,0,0,1,2
3617,15681,584,23,618,2014,9,0,5,1.8,95000.0,4,0,1,1,0,2,0
3618,9408,0,55,1061,2003,4,0,5,2.5,270000.0,4,2,0,1,1,1,12
3619,16621,0,58,423,2007,9,0,2,2.4,215000.0,4,0,1,1,0,12,4
3620,2979,751,23,1298,2013,9,1,5,2.4,191848.0,4,0,1,1,0,1,12
3621,23207,642,8,1060,2012,4,1,1,2.0,132043.0,4,0,1,1,0,14,4
3622,12858,1118,42,262,2005,3,0,1,1.3,18900.0,4,1,1,1,0,1,8
3623,17249,631,28,1049,2013,9,0,5,2.4,438886.75,6,2,1,1,0,1,6
3624,7997,988,58,1124,2007,9,0,2,1.5,438886.75,4,3,1,1,0,14,4
3625,60,0,58,1457,2002,9,0,5,1.3,100000.0,4,0,1,1,0,12,2
3626,12541,761,58,1124,2010,3,0,2,1.8,136000.0,4,3,1,1,0,12,8
3627,14113,0,5,147,2004,9,1,5,3.0,416000.0,6,1,2,1,0,1,6
3628,59006,1077,23,1401,2019,4,1,1,2.0,14000.0,4,0,1,1,0,7,4
3629,8467,915,3,1164,2014,4,1,1,3.0,98803.0,6,0,0,1,0,7,12
3630,10349,394,58,423,2014,9,1,2,2.5,0.0,4,0,1,1,0,1,12
3631,7527,0,41,1122,2003,7,0,5,2.5,190000.0,4,0,1,1,1,14,2
3632,20005,583,23,618,2011,9,1,5,1.6,94479.0,4,0,1,1,0,11,4
3633,12388,1267,58,251,2013,9,0,2,1.5,121840.0,4,2,1,1,1,3,4
3634,392,777,58,1179,2014,4,1,5,2.5,168661.0,4,0,1,1,0,14,12
3636,862,919,5,1491,2012,4,1,5,3.0,133342.0,6,0,0,1,0,1,12
3637,25264,639,23,1401,2014,4,1,1,2.0,191980.0,4,0,1,1,0,14,4
3638,21012,831,58,1529,2018,9,1,5,1.5,20549.0,4,0,1,1,0,7,10
3639,14113,5332,36,581,2007,10,1,5,3.0,75000.0,8,2,2,1,1,14,12
3640,4077,753,23,1298,2012,9,1,2,2.4,259934.0,4,0,1,1,0,11,0
3641,96749,1076,23,1270,2020,4,1,1,2.0,9146.0,4,0,1,1,0,14,4
3642,42337,639,5,144,2014,9,1,5,2.0,156000.0,4,2,2,1,0,14,12
3643,130,631,5,1491,2006,4,1,5,3.7,438886.75,8,2,0,1,0,1,8
3644,10976,0,21,669,2012,9,0,5,1.3,114000.0,4,0,1,1,1,14,4
3645,16621,586,58,1124,2012,3,0,5,1.8,158302.0,4,0,1,1,0,2,6
3646,23734,911,23,1270,2010,4,1,1,2.2,115505.0,4,0,1,1,0,14,4
3647,1725,531,23,232,2012,3,1,5,1.6,104509.0,4,0,1,1,0,2,12
3648,1019,585,32,402,2013,3,1,2,1.8,0.0,4,0,1,1,0,11,0
3649,15681,631,5,1491,2004,4,1,5,3.7,438886.75,8,2,0,1,0,1,6
3650,157,919,36,961,2012,4,1,1,3.0,221312.0,6,0,0,1,0,2,12
3651,24433,631,23,812,2014,7,1,1,2.5,438886.75,4,0,1,1,0,1,4
3653,3000,0,36,556,2001,9,0,5,2.0,11111.0,4,0,2,1,1,2,6
3654,1646,1399,36,586,2010,9,1,5,3.5,205968.0,6,0,0,1,0,14,12
3655,627,1514,36,753,2011,4,1,5,3.7,163298.0,8,0,0,1,0,14,12
3656,34419,640,54,1192,2013,4,1,1,2.0,95430.0,4,0,1,1,0,12,4
3657,784,1646,32,780,2015,4,1,5,3.7,102885.0,8,0,0,1,0,1,12
3658,16935,0,5,1491,2004,4,1,1,3.0,250000.0,8,2,0,1,0,2,0
3659,4704,1714,36,763,2017,4,1,5,3.5,59331.0,6,0,2,1,0,1,0
3660,9879,1018,36,586,2011,9,1,1,3.0,273186.0,6,0,2,1,0,14,12
3661,29793,1083,8,420,2013,1,1,5,3.6,134400.0,6,1,2,0,0,7,8
3662,17249,707,39,1065,2011,4,0,5,2.0,112000.0,4,2,1,1,0,7,10
3663,10349,1266,58,251,2014,3,0,2,1.5,73000.0,4,3,1,1,1,14,4
3664,23932,640,23,1401,2013,4,1,1,2.0,166762.0,4,0,1,1,0,14,4
3665,1098,777,16,722,2014,9,1,5,2.5,284880.0,4,0,1,1,0,2,12
3666,13172,0,23,1401,2006,4,1,5,2.7,160000.0,6,2,0,1,0,1,8
3667,25089,0,23,1425,2015,9,1,5,1.6,59000.0,4,2,1,0,0,12,8
3668,6272,631,42,262,1999,2,0,5,1.6,438886.75,4,1,1,1,0,1,4
3669,5959,0,35,545,2002,3,0,4,1.5,11000.0,4,2,1,1,1,2,4
3670,28539,810,58,1124,2016,3,0,5,1.8,31000.0,4,0,1,1,0,7,8
3671,3058,915,3,226,2014,3,1,5,3.0,140507.0,6,0,0,1,0,12,0
3672,470,1055,36,586,2013,9,1,5,3.5,220696.0,6,0,0,1,0,1,12
3674,1490,980,41,1278,2018,9,1,5,1.8,11469.0,4,0,1,1,0,1,12
3675,9722,843,58,1124,2008,9,0,2,1.5,240000.0,4,0,1,1,0,7,10
3676,18660,723,28,461,2016,9,1,1,1.6,28647.0,4,0,1,1,0,12,4
3677,19444,1807,7,645,2012,4,1,5,3.7,137210.0,8,0,2,1,0,1,12
3678,1568,781,58,423,2012,9,1,2,2.5,119765.0,4,0,1,1,0,11,12
3679,12306,836,54,237,2010,9,1,1,2.0,199868.0,4,0,1,1,0,12,4
3680,41281,730,54,237,2016,4,1,5,1.6,77000.0,4,0,1,1,0,1,4
3681,28830,642,23,1401,2012,4,1,1,2.0,120950.0,4,0,1,1,0,12,4
3682,18817,645,58,1124,2011,9,1,2,1.8,178000.0,4,3,1,1,0,7,6
3683,21326,0,5,88,2011,1,1,5,3.0,220763.0,6,2,0,0,0,1,15
3684,62722,0,22,816,2004,4,1,5,3.7,100070.0,8,0,0,1,0,1,6
3685,16308,761,58,1124,2010,3,0,2,1.8,135797.0,4,0,1,1,0,11,0
3686,49550,631,5,168,2009,3,1,5,3.7,438886.75,6,2,2,2,0,1,9
3687,23521,781,58,423,2012,9,0,2,2.5,214098.0,4,0,1,1,0,12,0
3688,11290,0,58,1124,2008,9,0,2,1.5,173000.0,4,3,1,1,0,2,8
3689,7683,0,42,262,1999,3,0,5,1.6,19066.0,4,1,1,1,0,2,2
3690,23834,1869,27,804,2019,9,1,5,3.6,14096.0,6,0,2,1,0,14,12
3691,3000,0,5,144,1993,9,1,5,2.8,111000.0,6,1,2,1,0,14,1
3692,10036,639,23,1298,2014,9,1,4,2.0,362454.0,4,0,1,1,0,12,4
3693,14426,0,58,1124,2010,3,0,2,1.8,188800.0,4,0,1,1,0,12,8
3694,16308,891,23,1298,2016,9,1,4,2.0,310064.0,4,0,1,1,0,14,4
3695,10976,765,55,855,2015,9,0,5,2.0,96000.0,4,2,0,1,0,14,12
3696,9408,0,36,582,2000,9,1,0,3.2,192000.0,6,2,0,1,0,12,6
3697,20385,2469,21,637,2004,7,1,5,3.0,0.0,4,0,0,1,0,1,1
3699,28852,642,5,71,2012,9,1,5,2.0,190000.0,4,2,2,1,0,13,12
3700,1725,810,61,1090,2016,9,1,5,1.8,89525.0,4,0,1,1,0,14,12
3701,24932,639,23,1270,2014,4,1,1,2.0,52197.0,4,0,1,1,0,0,4
3703,627,382,8,1461,2017,3,1,2,1.5,102379.0,4,0,1,1,0,2,12
3704,51373,631,23,1270,2016,4,1,1,2.2,438886.75,4,0,1,1,0,1,4
3705,100355,0,5,1491,2014,4,1,5,3.7,0.0,8,2,0,2,0,1,12
3708,7997,0,41,1009,2004,9,0,5,1.2,248000.0,4,1,1,0,0,2,7
3710,17562,631,28,1049,2013,9,1,5,2.4,438886.75,4,2,1,1,0,1,10
3711,15994,1185,23,812,2009,7,1,1,2.5,74121.0,4,0,1,1,0,1,4
3712,12720,531,23,232,2012,9,1,1,1.6,169486.0,4,0,1,1,0,7,4
3713,8781,0,42,1416,2003,9,1,1,3.0,199000.0,6,2,1,1,0,7,16
3714,42692,831,54,237,2017,4,1,1,1.6,29308.0,4,0,1,1,0,14,4
3715,9252,765,23,1298,2015,9,1,4,2.0,374013.0,4,0,1,1,0,8,4
3716,24709,528,23,618,2014,9,1,1,1.6,133480.0,4,0,1,1,0,14,4
3717,2430,781,58,423,2012,9,1,2,2.5,228717.0,4,0,1,1,0,7,12
3719,16308,0,36,970,2005,4,1,4,3.7,168520.0,8,2,0,1,0,3,12
3720,45044,1017,23,1298,2017,9,1,5,2.0,87810.0,4,0,1,1,0,3,4
3721,10036,631,23,1298,2016,9,1,4,2.0,438886.75,4,0,1,1,0,1,4
3722,32929,0,5,1504,2007,4,1,5,3.7,248000.0,8,2,0,1,0,1,0
3723,28225,640,16,722,2013,9,1,2,2.0,126000.0,4,3,1,1,0,7,4
3724,8467,0,23,790,2006,3,0,5,1.4,0.0,4,0,1,1,0,12,8
3725,15850,642,54,902,2012,4,1,1,2.0,142014.0,4,0,1,1,0,12,4
3726,4547,1850,36,586,2008,9,1,1,3.5,438886.75,6,0,0,1,0,1,12
3727,5018,0,5,85,2001,1,0,5,2.5,160000.0,6,2,2,0,0,12,0
3728,53540,1091,8,854,2016,9,1,5,2.5,62230.0,4,0,1,1,0,1,4
3729,11917,753,23,1298,2012,9,1,2,2.4,116000.0,4,0,1,1,0,14,8
3731,8938,1267,58,251,2013,3,0,2,1.5,109000.0,4,0,1,1,1,12,2
3732,20005,583,23,618,2011,9,1,5,1.6,106616.0,4,0,1,1,0,1,4
3733,15681,0,3,209,2010,9,1,5,2.0,192000.0,4,1,0,1,0,1,10
3734,7840,0,16,1381,1998,2,0,1,2.5,1000.0,1,1,2,1,0,14,1
3735,7300,1111,21,669,2012,3,0,5,1.3,100000.0,4,0,1,1,1,14,4
3736,8154,843,58,1124,2008,3,0,2,1.5,200000.0,4,0,1,1,0,7,8
3737,25089,0,15,127,2014,3,1,1,1.4,20000.0,4,1,1,0,0,1,12
3740,10506,639,55,1525,2014,9,1,5,2.0,142211.0,4,0,0,1,0,1,0
3741,9095,1438,42,479,2003,2,0,1,1.7,16500.0,4,1,1,1,0,11,2
3742,10976,831,23,1298,2011,9,0,5,2.4,149000.0,4,2,1,1,0,2,10
3743,9095,988,58,1124,2007,3,0,2,1.5,150000.0,4,0,1,1,0,12,9
3745,392,1053,36,586,2014,9,1,1,3.5,29675.0,6,0,0,1,0,1,12
3746,157,749,23,1298,2014,9,1,5,2.4,274981.0,4,0,1,1,0,7,12
3747,6429,639,23,1298,2014,9,1,4,2.0,438886.75,4,0,1,1,0,8,4
3748,28225,1850,36,391,2008,1,1,5,3.5,77300.0,6,2,2,1,0,1,12
3749,941,834,58,1431,2013,4,1,5,2.7,177894.0,4,0,0,1,0,12,12
3750,22580,779,58,423,2013,9,1,5,2.5,47000.0,4,0,1,1,0,14,8
3751,26657,0,36,1173,2007,7,1,1,3.0,180000.0,6,2,0,1,0,14,10
3752,9408,631,13,417,2012,3,0,5,2.0,438886.75,4,0,1,1,0,1,8
3753,8467,0,41,1370,2005,3,0,5,1.5,111111.0,4,0,0,1,1,5,6
3754,14454,531,23,618,2012,9,1,5,1.6,149935.0,4,0,1,1,0,1,4
3756,4077,751,23,1298,2013,9,1,5,2.4,111930.0,4,0,1,1,0,12,12
3757,65858,919,31,923,2012,4,1,1,3.0,110000.0,6,2,0,1,0,1,12
3758,9408,0,36,384,2000,9,1,0,3.2,1000.0,6,0,2,0,0,0,0
3760,15423,687,23,618,2010,9,1,5,1.6,80861.0,4,0,1,1,0,12,4
3761,10349,836,13,417,2010,4,0,5,2.0,90000.0,4,0,1,1,0,15,12
3762,15681,586,23,618,2012,9,1,5,1.8,236800.0,4,0,1,1,0,1,6
3763,16308,562,8,523,2015,4,0,5,1.4,144000.0,4,0,1,1,0,3,0
3764,16308,1811,32,781,2010,4,1,5,3.7,357246.0,8,0,0,1,0,7,0
3765,54568,1363,32,780,2012,4,1,5,3.7,255406.0,8,0,0,1,0,1,0
3766,27598,0,61,359,2013,9,1,5,3.6,101000.0,8,0,1,1,0,7,8
3767,20814,640,8,1060,2013,4,1,1,2.0,151522.0,4,0,1,1,0,12,4
3769,15681,631,23,1298,2016,9,1,4,2.0,438886.75,4,0,1,1,0,1,4
3770,941,640,16,722,2013,9,1,2,2.0,294016.0,4,0,1,1,0,14,12
3771,8467,0,5,71,2003,9,0,5,2.2,135000.0,6,1,2,1,1,12,6
3772,9722,0,21,512,1999,4,0,5,2.0,145785.0,4,1,0,1,0,2,2
3773,706,1399,36,586,2010,9,1,1,3.5,205968.0,6,0,0,1,0,14,12
3774,8781,0,41,249,2005,9,0,5,2.5,53000.0,4,2,1,1,0,1,8
3775,5959,0,56,1523,2001,4,0,5,2.7,0.0,6,0,0,1,0,12,4
3777,45436,765,23,1270,2015,4,1,1,2.0,115459.0,4,0,1,1,0,2,4
3779,15285,836,23,788,2010,1,1,5,2.0,115363.0,4,0,1,1,0,11,4
3781,9408,0,16,1381,1998,6,0,1,2.5,438886.75,4,1,2,1,0,14,2
3782,26343,0,36,1445,2004,7,1,1,2.2,250000.0,4,1,2,1,0,1,4
3783,37633,0,36,1326,2008,6,0,1,2.2,234000.0,4,1,2,1,0,14,2
3784,32935,631,54,1192,2014,4,1,1,2.0,438886.75,4,0,1,1,0,1,4
3785,25763,777,23,812,2014,7,1,1,2.5,273500.0,4,0,1,1,0,1,4
3786,19429,0,23,618,2012,9,0,5,1.8,186560.0,4,2,1,1,0,7,6
3787,9408,0,41,1477,2003,4,0,5,2.0,184000.0,4,0,0,1,1,12,2
3788,10036,631,23,1298,2014,9,1,4,2.0,438886.75,4,0,1,1,0,1,4
3789,470,441,23,1298,2015,9,1,2,2.4,135730.0,4,0,1,1,0,12,0
3790,7213,530,41,889,2013,4,1,5,1.6,0.0,4,0,1,1,0,11,12
3791,25089,0,16,615,2011,4,0,5,3.5,281000.0,6,0,1,1,0,12,6
3792,10349,639,23,1298,2014,9,1,4,2.0,438886.75,4,0,1,1,0,14,4
3793,39201,1055,58,825,2013,4,1,5,3.5,115200.0,6,2,0,1,0,1,8
3794,31361,0,16,722,2017,9,1,6,2.0,204200.0,4,0,1,1,0,14,10
3795,18000,0,23,618,2014,1,1,5,2.0,100000.0,4,0,1,0,0,1,12
3796,12074,707,28,1049,2011,9,1,5,2.0,48656.0,4,0,1,1,0,14,4
3797,13495,707,23,1298,2011,9,1,5,2.0,91678.0,4,0,1,1,0,7,4
3798,18189,650,8,523,2016,9,0,5,1.4,0.0,4,0,1,1,0,2,6
3799,36065,1202,27,483,2017,4,0,5,2.4,38000.0,4,2,0,1,0,13,6
3800,19933,639,8,978,2014,9,1,5,2.0,145783.0,4,0,1,1,0,1,4
3801,34497,749,23,1270,2014,4,1,5,2.4,127200.0,4,0,0,1,0,1,8
3802,8097,363,8,1322,2014,3,1,5,1.0,169617.0,4,0,1,1,0,1,4
3803,18817,0,61,794,2011,3,0,1,2.0,13120.0,4,0,1,1,0,12,8
3804,160,1079,58,1179,2018,4,0,5,2.0,25000.0,4,2,0,1,0,14,12
3805,7997,0,21,1347,2003,7,0,5,2.0,180000.0,6,2,1,2,1,1,3
3806,10349,0,36,308,2004,9,0,5,1.8,96000.0,4,2,2,1,1,12,8
3807,16894,836,23,1298,2010,9,1,5,2.0,211075.0,4,0,1,1,0,14,4
3808,8781,1228,42,262,2007,10,0,1,1.9,2000.0,4,1,1,1,0,1,10
3809,11760,1113,0,950,2012,4,1,5,3.7,124978.0,6,0,0,1,0,1,12
3810,6743,749,6,460,2014,9,1,5,2.4,49384.0,4,0,1,1,0,11,12
3811,18189,1172,36,586,2011,9,1,1,3.5,248525.0,6,0,0,1,0,1,12
3812,11917,1195,16,1381,2008,6,0,1,2.2,150000.0,4,1,1,1,0,14,4
3813,54850,831,21,469,2018,9,1,5,1.5,13048.0,4,0,1,1,0,7,4
3814,20071,781,58,423,2012,9,0,5,2.5,84000.0,4,2,1,1,0,12,12
3815,6899,0,3,209,1999,9,1,5,1.9,193243.0,4,1,1,1,0,12,6
3816,1803,1405,5,1491,2009,4,1,1,3.0,229854.0,6,0,0,1,0,6,0
3817,6272,0,41,1112,1992,4,0,1,3.7,1000.0,6,1,0,1,0,12,0
3818,67981,1077,23,1270,2019,4,1,1,2.0,10120.0,4,0,1,1,0,7,4
3819,32929,1211,36,961,2010,4,1,1,3.0,224000.0,6,0,0,1,0,1,8
3820,9408,0,61,794,1998,3,1,5,2.0,132085.0,4,0,1,1,0,1,4
3821,1000,0,16,895,1999,1,0,5,1.3,13222.0,4,1,1,0,0,13,3
3822,21103,640,8,978,2013,9,1,5,2.0,101124.0,4,0,1,1,0,14,4
3823,27284,640,3,209,2013,9,1,5,2.0,144000.0,4,0,1,1,0,14,12
3824,110,2225,32,780,2017,4,1,5,3.7,0.0,8,0,0,1,0,14,0
3827,862,640,23,1298,2013,9,1,5,2.0,211214.0,4,0,1,1,0,14,12
3828,6900,0,41,1037,2005,9,0,5,1.5,174000.0,4,0,1,1,1,12,4
3829,47201,900,21,469,2015,9,1,5,2.4,104867.0,4,0,1,1,0,1,4
3830,1490,1058,58,825,2012,4,1,2,3.5,363059.0,6,0,0,1,0,14,12
3831,13485,0,58,1124,2009,3,0,2,1.8,270400.0,4,3,1,1,0,1,8
3832,2850,0,36,200,2000,3,0,5,1.6,1000.0,4,2,1,1,0,12,4
3833,941,308,58,1124,2014,3,1,2,1.8,270410.0,4,0,1,1,0,14,12
3834,54882,0,32,840,2015,9,1,5,2.0,71000.0,4,2,2,1,0,1,12
3835,20071,730,23,618,2016,9,1,5,1.6,72507.0,4,0,1,1,0,1,4
3836,47694,1091,23,812,2016,10,1,1,2.5,79000.0,4,0,1,1,0,1,4
3837,15681,777,16,722,2014,9,0,5,2.5,118000.0,4,2,1,1,0,14,10
3838,31,353,32,402,2015,3,1,2,1.8,0.0,4,0,1,1,0,7,0
3839,22423,0,5,12,2013,0,1,5,3.0,67646.0,6,1,1,1,0,1,8
3840,10349,0,58,865,2004,7,0,0,2.4,250000.0,4,0,1,1,1,14,6
3841,1254,584,23,618,2014,9,1,5,1.8,0.0,4,0,1,1,0,7,12
3842,18240,687,23,618,2010,9,1,5,1.6,52418.0,4,0,1,1,0,14,4
3844,7840,0,41,1370,2005,3,1,5,1.5,160000.0,4,3,1,1,1,12,6
3847,9095,585,23,618,2013,9,0,5,1.8,160000.0,4,2,1,1,0,12,8
3848,21953,631,58,1124,2012,9,0,5,1.8,438886.75,4,0,1,1,0,1,6
3849,32302,0,23,810,2012,9,1,5,3.0,122000.0,6,0,1,1,0,14,12
3850,9252,765,23,1298,2015,9,1,4,2.0,438886.75,4,0,1,1,0,8,4
3851,80,631,36,1414,2003,7,1,1,1.7,438886.75,4,1,1,1,0,1,6
3852,10976,631,21,669,2008,3,0,5,1.5,438886.75,4,3,1,1,1,1,0
3854,28100,562,6,640,2015,4,0,5,1.4,85000.0,4,2,1,1,0,1,10
3855,15681,631,23,1298,2011,9,1,5,2.0,438886.75,4,0,1,1,0,1,6
3856,14897,761,58,1124,2010,3,1,2,1.8,163200.0,4,0,1,1,0,3,16
3857,10976,1275,23,1298,2019,9,1,5,2.4,29419.0,4,0,1,1,0,2,12
3858,10349,1132,46,1001,2006,10,0,1,1.5,163000.0,4,1,1,1,0,14,6
3861,11000,0,27,937,2001,4,1,4,3.7,137582.0,6,0,0,1,1,12,6
3863,1019,781,58,1179,2012,4,1,5,2.5,293029.0,4,0,0,1,0,1,12
3864,8590,502,21,669,2013,3,1,2,1.5,122471.0,4,0,1,1,0,2,4
3865,11917,0,21,673,2011,3,0,2,1.3,150000.0,4,0,1,1,1,14,2
3866,20385,1750,32,1203,2008,4,1,2,3.3,182000.0,6,0,0,1,0,7,10
3867,33538,730,54,237,2016,4,1,5,1.6,49799.0,4,0,1,1,0,2,4
3868,16292,446,21,669,2014,10,1,5,1.3,30425.0,4,0,1,1,0,2,4
3869,19306,501,58,251,2014,3,1,5,1.5,82000.0,4,0,1,1,0,1,4
3870,7527,0,5,88,1998,9,0,5,2.8,123000.0,6,1,2,1,0,2,6
3871,19601,690,16,646,2016,4,1,5,1.5,108295.0,4,0,1,1,0,1,10
3872,21953,0,8,1461,2012,9,1,6,1.4,200000.0,4,2,1,1,0,1,10
3873,12231,530,41,889,2013,4,1,5,1.6,110531.0,4,0,0,1,0,11,0
3874,10349,0,58,865,2002,7,0,4,2.4,162000.0,4,0,1,1,1,12,0
3875,10036,0,16,1381,1997,6,1,1,2.5,280000.0,2,1,2,0,0,14,2
3876,17249,0,36,1326,2002,6,0,1,2.7,305000.0,5,1,2,0,0,14,2
3877,13799,1017,23,1298,2017,9,1,4,2.0,388986.0,4,0,1,1,0,8,4
3878,18817,308,58,1124,2014,3,0,2,1.8,145000.0,4,0,1,1,0,7,10
3879,9722,0,36,315,2003,9,0,0,2.4,20000.0,6,2,2,1,1,14,4
3880,15524,0,36,368,2003,1,1,5,3.7,149000.0,8,2,2,0,0,12,12
3881,34406,777,23,812,2014,7,1,1,2.5,125445.0,4,0,1,1,0,12,4
3882,13768,862,23,812,2011,7,1,1,2.5,53440.0,4,0,1,1,0,12,4
3884,30107,1327,55,706,2018,4,0,5,2.5,80000.0,4,0,0,1,0,2,12
3885,40769,0,5,1488,2012,4,1,5,3.0,91000.0,6,0,0,1,0,5,12
3887,549,1327,58,423,2018,4,1,5,2.5,23333.0,4,0,1,1,0,12,12
3889,18817,1768,36,586,2007,9,1,5,2.8,123000.0,6,1,2,1,0,14,8
3890,14113,0,58,423,2007,9,0,2,2.4,208800.0,4,0,1,1,0,7,12
3891,8467,0,16,1381,1997,6,0,1,2.5,250000.0,6,1,2,0,0,14,1
3892,10976,0,36,308,1999,9,0,5,2.0,150000.0,4,2,2,1,0,12,4
3893,10036,639,23,1298,2014,9,1,4,2.0,268046.0,4,0,1,1,0,12,4
3895,13172,0,21,469,2008,9,0,2,1.3,438886.75,4,3,1,1,0,7,4
3896,21953,0,23,1298,2014,9,0,2,2.4,438886.75,4,2,1,1,0,7,12
3897,470,891,36,332,2016,9,1,5,2.0,81014.0,4,0,2,1,0,14,12
3898,470,738,8,523,2017,3,1,5,1.4,46053.0,4,0,1,1,0,11,12
3899,8467,0,58,657,2001,7,0,0,3.0,200000.0,6,0,0,1,1,14,4
3900,36065,1079,58,364,2018,4,0,5,2.0,37214.0,4,0,1,1,0,7,10
3901,23521,0,23,1298,2014,9,1,2,2.4,109000.0,4,2,1,1,0,13,10
3902,10976,0,16,1381,1997,6,0,1,2.5,200000.0,4,1,2,1,0,14,2
3903,16308,934,58,1179,2015,4,0,5,2.5,73000.0,4,0,0,1,0,8,0
3905,58018,1384,36,753,2014,4,1,5,3.7,84000.0,8,2,0,1,0,14,0
3906,49751,1017,23,1298,2017,9,1,5,2.0,43178.0,4,0,1,1,0,14,4
3908,12858,0,58,251,2012,3,0,2,1.5,120000.0,4,0,1,1,1,14,9
3909,44542,765,23,1270,2015,4,1,1,2.0,93876.0,4,0,1,1,0,2,4
3910,220,631,32,1208,2010,4,1,2,3.5,438886.75,6,0,0,1,0,1,12
3911,37633,0,36,1174,2011,4,1,1,3.0,162000.0,6,2,0,1,0,1,12
3912,5300,0,36,308,1995,9,0,5,2.0,1000.0,4,1,2,1,0,13,3
3913,19369,707,23,788,2011,1,1,5,2.0,153651.0,4,0,1,1,0,11,4
3914,45,0,58,1124,2008,3,0,2,1.8,164000.0,4,0,1,1,0,12,4
3915,15994,765,23,1298,2015,9,1,4,2.0,39878.0,4,0,1,1,0,1,4
3916,15367,530,23,1425,2013,1,1,5,1.6,135000.0,4,2,1,0,0,1,12
3917,21357,642,54,902,2012,4,1,1,2.0,143265.0,4,0,1,1,0,1,4
3918,51523,1017,23,618,2017,9,1,5,2.0,17013.0,4,0,1,1,0,7,4
3919,14113,631,58,251,2013,3,0,2,1.5,438886.75,4,3,1,1,1,1,6
3920,15053,631,23,1298,2015,9,1,4,2.0,438886.75,4,0,1,1,0,1,4
3921,941,1885,5,1491,2010,4,1,5,3.7,268565.0,8,0,0,1,0,7,12
3923,64002,1079,23,1270,2018,4,1,1,2.0,41778.0,4,0,1,1,0,2,4
3924,20266,531,23,618,2012,9,1,5,1.6,88288.0,4,0,1,1,0,14,4
3925,9756,0,36,314,2002,9,0,1,2.2,300000.0,6,1,2,1,0,12,6
3926,6899,631,3,209,2003,9,1,5,1.8,438886.75,4,2,0,1,0,1,8
3927,28068,640,23,1270,2013,4,1,1,2.0,53240.0,4,0,1,1,0,7,4
3928,3293,753,8,978,2012,9,1,5,2.4,103541.0,4,0,1,1,0,14,12
3929,17876,640,23,630,2013,3,0,5,2.0,53000.0,4,0,1,1,0,14,8
3930,16465,631,23,618,2014,9,1,5,1.6,438886.75,4,0,1,1,0,1,4
3931,470,631,36,586,2010,9,1,1,3.5,438886.75,6,0,0,1,0,1,12
3933,46414,0,58,1179,2001,4,0,1,2.0,335267.0,4,1,0,1,0,1,2
3934,9000,631,21,669,2012,10,0,2,1.3,438886.75,4,0,1,1,1,1,2
3935,15245,707,23,788,2011,1,1,5,2.0,117492.0,4,0,1,1,0,7,4
3936,392,862,58,1179,2011,4,1,5,2.5,193754.0,4,0,0,1,0,2,12
3937,627,481,16,722,2017,9,1,2,2.0,40157.0,4,0,1,1,0,1,12
3938,784,891,5,71,2016,9,1,5,2.0,88203.0,4,0,0,1,0,1,12
3939,42965,779,58,281,2013,9,1,2,2.5,97852.0,5,2,1,1,0,4,10
3940,56513,930,23,1401,2018,4,1,1,1.7,41500.0,4,0,1,1,0,1,4
3941,7997,631,11,909,2010,9,1,1,2.0,438886.75,4,0,1,1,0,1,4
3942,27259,640,23,1270,2013,4,1,1,2.0,201373.0,4,0,1,1,0,12,4
3943,392,1018,5,1491,2011,4,1,1,3.0,213195.0,6,0,0,1,0,3,0
3944,14113,0,39,1077,2003,4,0,5,3.5,120000.0,6,2,2,0,1,14,2
3945,23521,0,58,423,2014,9,1,2,2.5,212421.0,4,3,1,1,0,14,12
3947,22063,642,8,1060,2012,4,1,1,2.0,110297.0,4,0,1,1,0,7,4
3949,31082,777,23,812,2014,7,1,1,2.5,170971.0,4,0,1,1,0,7,4
3950,53314,1327,58,423,2018,9,1,5,2.5,6800.0,6,0,1,1,0,1,8
3951,8781,0,41,1364,2005,9,1,4,2.3,205000.0,6,0,1,1,0,0,6
3952,16778,531,23,618,2012,9,1,5,1.6,41279.0,4,0,1,1,0,14,4
3953,4547,1018,3,219,2011,9,1,5,3.0,193685.0,6,0,0,1,0,1,12
3954,12585,1047,23,618,2007,9,1,5,1.6,126184.0,4,0,1,1,0,12,4
3955,15681,891,23,1298,2016,9,1,4,2.0,248705.0,4,0,1,1,0,12,4
3956,6272,0,21,669,2002,3,0,5,1.3,115500.0,4,3,1,1,1,2,2
3957,28482,640,54,1192,2013,4,1,1,2.0,198288.0,4,0,1,1,0,14,4
3959,26017,831,23,618,2017,9,1,5,1.6,107220.0,4,0,1,1,0,14,4
3961,17500,0,28,1049,2011,9,0,2,2.4,0.0,4,0,1,1,0,1,12
3962,15053,585,58,1124,2013,9,0,2,1.8,179000.0,4,3,1,1,0,12,6
3963,29711,583,23,618,2011,9,1,5,1.6,45898.0,4,0,1,1,0,14,4
3964,32035,707,54,1192,2011,4,1,1,2.0,53323.0,4,0,1,1,0,1,4
3965,36827,640,23,1270,2013,4,1,1,2.0,171755.0,4,0,1,1,0,12,4
3967,34102,595,21,669,2015,3,1,5,1.5,65000.0,4,0,1,1,0,14,4
3968,314,831,16,1381,2011,6,0,1,2.4,164000.0,4,1,0,1,0,14,2
3969,6272,0,36,23,1995,9,0,5,1.8,0.0,4,0,1,1,0,2,2
3970,57372,765,23,1270,2015,4,1,1,2.0,48764.0,4,0,1,1,0,12,4
3971,26372,631,27,483,2012,4,1,5,2.4,438886.75,4,0,1,1,0,1,4
3973,314,751,23,1298,2013,9,1,2,2.4,197328.0,4,0,1,1,0,1,0
3974,26657,631,28,1049,2017,9,0,5,2.4,438886.75,4,0,1,1,0,1,10
3975,16894,631,23,1298,2010,9,1,5,2.0,438886.75,4,0,1,1,0,1,4
3976,1019,831,23,618,2017,9,1,5,1.6,25635.0,4,0,1,1,0,1,12
3977,2509,1399,32,1208,2010,4,1,2,3.5,315270.0,6,0,0,1,0,7,12
3978,21395,631,23,618,2016,9,1,5,1.6,438886.75,4,0,1,1,0,1,4
3980,10976,707,13,417,2011,10,0,5,2.0,167000.0,4,0,1,1,0,7,5
3981,13642,765,23,1298,2015,9,1,4,2.0,43000.0,4,0,1,1,0,12,4
3982,25559,900,39,1065,2015,4,0,5,2.4,64467.0,4,0,0,1,0,14,8
3984,17405,631,16,702,2014,3,1,5,2.0,438886.75,4,1,1,1,0,1,8
3986,17562,585,58,1124,2013,3,0,2,1.8,120058.0,4,0,1,1,0,12,8
3987,706,891,23,1401,2016,4,1,5,2.0,60269.0,4,0,1,1,0,7,12
3988,4547,475,8,1461,2012,3,1,2,1.4,162190.0,4,0,1,1,0,2,0
3989,10036,0,36,1242,2000,9,1,4,3.7,190000.0,8,2,2,1,0,12,12
3991,3920,1080,8,1397,2014,4,1,5,3.6,174002.0,6,0,1,1,0,12,12
3992,21326,0,36,586,2007,9,1,5,3.5,150000.0,6,2,2,1,0,1,6
3994,13172,7063,58,247,2003,7,1,4,3.0,190000.0,6,0,0,1,1,5,8
3995,6837,765,23,1298,2015,9,1,4,2.0,438886.75,4,0,1,1,0,8,4
3997,97401,631,23,1270,2019,4,1,1,2.0,438886.75,4,0,1,1,0,1,4
3998,17509,271,21,669,2014,10,1,2,1.5,82105.0,4,0,1,1,0,12,4
4000,22266,777,58,442,2014,9,1,5,2.5,72000.0,4,2,1,1,0,1,12
4001,25716,0,61,870,2016,9,1,5,1.8,32000.0,4,0,1,1,0,1,12
4002,18817,0,28,1194,2016,3,0,5,1.4,91000.0,4,1,1,1,0,12,6
4003,7683,1282,8,444,2007,4,1,1,2.0,109063.0,4,0,1,1,0,1,4
4004,4600,0,24,742,2000,9,1,5,2.0,438886.75,4,0,1,1,0,14,2
4005,9722,473,8,1316,2014,9,1,5,1.4,89000.0,4,2,1,1,0,1,10
4007,9900,631,31,550,2008,4,1,1,3.0,438886.75,6,0,0,1,0,1,10
4009,12544,765,23,1298,2015,9,1,4,2.0,438886.75,4,0,1,1,0,8,4
4011,23521,781,58,423,2012,9,0,2,2.5,165472.0,4,0,1,1,0,7,0
4012,9408,641,8,523,2012,9,1,1,2.0,56290.0,4,0,1,1,0,14,4
4013,10349,1268,58,251,2012,3,0,2,1.5,167000.0,4,0,1,1,1,12,4
4014,314,1646,32,780,2015,4,1,5,3.7,102907.0,8,0,0,1,0,1,0
4015,36065,0,5,167,2012,9,1,5,3.7,145000.0,8,2,2,1,0,14,12
4016,33550,971,54,1192,2016,4,1,1,2.2,197826.0,4,0,1,1,0,1,4
4017,18189,1408,16,1381,2007,6,0,1,2.2,214000.0,4,1,1,1,0,2,2
4018,12858,0,36,572,2000,9,1,1,2.7,320000.0,5,2,2,1,0,12,0
4019,13172,0,39,1065,2006,4,0,5,3.0,272000.0,6,2,0,1,1,10,6
4020,19130,779,58,429,2013,9,1,5,2.5,140298.0,4,0,1,1,0,1,10
4021,11917,631,36,384,2000,1,1,5,3.2,438886.75,6,2,2,0,0,1,8
4022,1800,0,60,38,1984,4,0,5,1.6,200000.0,4,1,0,1,0,14,10
4025,13799,0,58,251,2013,3,0,2,1.5,170000.0,4,3,1,1,1,12,4
4026,11917,0,36,1445,1998,7,1,4,2.3,188000.0,4,0,1,1,0,12,6
4029,23592,0,58,1124,2013,3,0,2,1.8,114000.0,4,3,1,1,0,14,12
4032,12544,631,24,689,2002,4,1,5,3.5,438886.75,4,0,0,1,0,1,6
4033,45210,1017,8,978,2017,9,1,5,2.0,93087.0,4,0,1,1,0,12,4
4038,14583,0,21,637,2005,7,0,5,3.0,175000.0,8,0,1,1,1,14,2
4039,7517,687,11,909,2010,9,1,5,1.6,181421.0,4,0,1,1,0,14,4
4040,8467,639,23,1298,2014,9,1,4,2.0,438886.75,4,0,1,1,0,8,4
4041,25089,0,58,1124,2011,3,1,2,1.8,135000.0,4,3,1,1,0,12,12
4042,1725,749,23,1298,2014,9,1,5,2.4,225734.0,4,0,1,1,0,2,12
4043,36065,631,45,453,2009,4,1,1,3.0,438886.75,6,2,0,1,0,1,8
4044,156805,0,36,773,2018,4,1,5,3.0,31000.0,6,2,0,1,0,1,0
4046,23521,631,58,825,2012,4,1,5,3.5,438886.75,6,0,0,1,0,1,12
4047,15681,891,23,1298,2016,9,1,4,2.0,305511.0,4,0,1,1,0,12,4
4048,2038,862,16,722,2011,9,1,5,2.5,174899.0,4,0,1,1,0,14,12
4049,31675,631,58,1360,2020,9,1,5,3.5,438886.75,6,0,0,1,0,1,12
4050,6899,915,5,1511,2014,4,1,5,3.0,0.0,6,0,0,1,0,14,12
4051,66902,0,36,586,2013,9,1,1,3.5,181000.0,8,2,2,1,0,7,0
4052,1019,1537,58,825,2009,9,1,2,3.3,318358.0,6,0,0,1,0,1,12
4053,14900,0,16,646,2007,4,0,2,2.3,261000.0,4,0,0,1,0,14,7
4055,24148,777,35,997,2014,9,0,5,2.5,125000.0,4,0,1,1,0,7,12
4057,21012,0,58,1124,2014,3,0,2,1.8,99040.0,4,3,1,1,0,14,8
4058,24462,631,8,1461,2012,9,1,6,1.4,438886.75,4,0,1,1,0,1,6
4059,13184,501,58,251,2014,3,1,5,1.5,99249.0,4,0,1,1,0,14,4
4060,37837,831,54,237,2017,4,1,5,1.6,72052.0,4,0,1,1,0,3,4
4061,4391,0,42,1416,1996,9,0,5,1.8,438886.75,4,1,1,1,0,2,4
4062,2600,1452,42,1416,1993,9,0,1,1.7,0.0,4,1,1,1,0,7,0
4064,8154,0,42,262,1998,10,0,5,1.6,260000.0,4,1,1,1,0,2,2
4065,21636,862,58,423,2011,9,0,5,2.5,114000.0,4,0,1,1,0,1,8
4066,23207,1664,58,1406,2013,4,1,5,3.7,357933.0,8,0,0,1,0,7,12
4068,72758,1975,36,1246,2016,1,1,5,3.7,50693.0,8,0,0,0,0,11,10
4069,10000,0,5,1496,2001,4,1,5,3.7,220000.0,8,2,0,1,0,1,8
4070,1098,333,55,1525,2014,4,1,2,2.0,127637.0,4,0,0,1,0,14,0
4071,1568,934,58,423,2015,9,1,5,2.5,173101.0,4,0,1,1,0,12,12
4072,9408,0,39,1081,2010,4,0,5,0.7,77000.0,4,0,0,1,1,14,10
4073,31424,631,58,251,2015,3,1,5,1.5,438886.75,4,0,1,1,0,1,4
4075,12544,1185,58,423,2009,9,0,5,2.5,130000.0,4,0,1,1,0,11,8
4076,27911,0,36,322,2013,9,1,5,1.8,71000.0,4,0,2,1,0,14,0
4077,90919,1076,23,1270,2020,4,1,1,2.0,6631.0,4,0,1,1,0,7,4
4078,32973,730,54,237,2016,4,1,1,1.6,94300.0,4,0,1,1,0,14,4
4079,12544,765,23,1298,2015,9,1,4,2.0,438886.75,4,0,1,1,0,8,4
4081,14746,640,8,523,2013,9,1,1,2.0,186872.0,4,0,1,1,0,3,4
4082,21012,640,16,722,2013,9,1,2,2.0,141000.0,4,0,1,1,0,4,8
4083,157,919,36,961,2012,4,1,1,3.0,145227.0,6,0,0,1,0,7,12
4084,84675,631,31,1215,2016,4,1,5,2.0,438886.75,4,0,0,1,0,1,6
4085,8467,0,5,73,2001,9,0,5,2.2,200543.0,6,1,2,1,0,13,2
4086,157,1058,36,586,2012,9,1,1,3.5,174253.0,6,0,0,1,0,1,12
4087,2000,1368,46,1005,1996,1,0,5,1.6,170000.0,4,1,1,0,0,11,2
4088,17562,0,36,586,2007,9,1,5,3.5,238400.0,6,2,2,1,0,12,8
4089,39201,1399,36,591,2010,9,1,5,3.5,76000.0,6,2,2,1,0,14,8
4090,7840,0,36,556,1999,9,0,0,2.0,165000.0,4,1,2,1,0,14,6
4091,13523,707,23,1298,2011,9,1,5,2.0,161830.0,4,0,1,1,0,14,4
4093,13172,639,23,1298,2014,9,1,5,2.0,129445.0,4,0,1,1,0,12,10
4094,3763,0,36,1233,2001,9,1,5,3.2,235000.0,6,2,2,1,0,14,8
4095,16621,781,8,526,2018,9,0,5,1.4,12532.0,4,0,1,1,0,1,8
4097,27911,456,58,424,2015,9,0,2,2.5,193000.0,4,3,1,1,0,1,12
4098,7828,595,21,669,2015,10,1,5,1.5,154691.0,4,0,1,1,0,12,4
4099,14740,878,58,1124,2009,9,0,2,1.8,200000.0,4,3,1,1,0,12,0
4100,24462,0,36,589,2008,9,1,4,3.5,210000.0,6,2,0,1,0,12,8
4101,15681,631,5,178,2004,1,1,5,3.7,438886.75,8,2,2,0,0,1,8
4102,941,639,23,618,2014,3,1,5,2.0,100037.0,4,0,1,1,0,12,12
4103,24775,0,32,402,2011,3,1,2,1.8,119000.0,4,3,1,1,0,14,0
4105,862,584,28,284,2014,9,1,5,1.8,185334.0,4,0,1,1,0,12,11
4106,25032,831,23,618,2017,1,1,5,1.6,22607.0,4,0,1,1,0,14,4
4107,470,585,58,1124,2013,3,0,2,1.8,0.0,4,0,1,1,0,1,0
4108,19757,650,8,527,2016,9,0,5,1.4,58000.0,4,2,1,1,0,1,12
4109,4391,584,23,618,2014,9,1,5,1.8,138838.0,4,0,1,1,0,12,12
4110,10349,0,21,1347,2006,7,0,0,1.8,150000.0,4,0,1,1,1,12,4
4111,33230,640,23,1270,2013,4,1,1,2.0,185000.0,4,0,1,1,0,1,4
4112,15681,586,16,1387,2012,2,0,1,1.8,23000.0,4,1,1,0,0,14,4
4113,2038,631,36,961,2011,4,1,1,3.5,438886.75,6,0,0,1,0,1,12
4114,18660,781,23,812,2012,7,1,1,2.5,62234.0,4,0,1,1,0,12,4
4115,20385,308,58,1124,2014,3,1,2,1.8,59000.0,4,3,1,1,0,1,9
4117,29479,779,58,1179,2013,4,0,5,2.5,83000.0,4,2,0,1,0,1,10
4119,250,631,58,921,2019,4,0,1,3.0,438886.75,6,0,0,1,0,1,12
4120,19657,862,23,812,2011,10,1,1,2.5,180000.0,4,0,1,1,0,15,4
4121,10986,687,23,838,2010,3,1,5,1.6,157730.0,4,0,1,1,0,7,4
4122,7213,0,21,1042,2004,7,1,5,2.4,197000.0,4,2,1,1,1,1,6
4123,157,765,36,332,2015,9,1,5,2.0,73323.0,4,0,0,1,0,14,12
4124,27911,0,8,1461,2015,3,0,6,1.4,65000.0,4,0,1,1,0,14,12
4125,23521,631,58,423,2019,9,0,5,2.5,438886.75,6,2,1,1,0,1,10
4126,2979,645,58,1124,2011,3,1,2,1.8,200200.0,4,0,1,1,0,12,12
4128,4391,631,7,407,2019,9,1,5,2.0,438886.75,4,0,0,1,0,1,12
4130,12425,765,23,1298,2015,9,1,4,2.0,438886.75,4,0,1,1,0,8,4
4131,49237,765,36,332,2015,9,1,5,2.0,45000.0,6,0,2,1,0,7,6
4132,21012,1091,58,423,2016,9,1,5,2.5,72678.0,4,2,1,1,0,7,6
4133,56513,1079,23,1270,2018,4,1,1,2.0,61640.0,4,0,1,1,0,2,4
4134,17876,0,58,423,2009,9,1,2,2.4,300000.0,4,1,1,1,0,0,0
4136,38260,1051,23,1270,2016,4,0,5,2.4,113771.0,4,0,0,1,0,8,7
4137,45,0,58,1124,2013,9,1,2,1.8,100000.0,4,3,1,1,0,14,8
4138,10349,0,58,1457,2010,3,0,5,1.0,95000.0,3,3,1,1,1,6,2
4139,392,640,16,646,2013,4,1,5,2.0,69813.0,4,0,1,1,0,6,12
4140,48048,891,23,1270,2016,4,1,1,2.0,121098.0,4,0,1,1,0,14,4
4141,12544,0,39,911,2007,9,0,5,2.0,249600.0,4,2,1,1,0,7,6
4142,10036,0,36,560,2000,9,0,5,2.4,19000.0,6,2,2,1,0,2,4
4143,23204,0,36,1326,2007,6,0,1,2.2,296000.0,4,1,2,1,0,1,2
4144,21796,764,8,1060,2015,4,1,5,2.0,28633.0,4,0,1,1,0,1,4
4145,20209,531,23,618,2012,9,1,5,1.6,108900.0,4,0,1,1,0,12,4
4146,7056,1249,58,1179,2017,4,1,5,2.5,47301.0,4,0,1,1,0,11,12
4149,5488,631,58,423,2014,9,1,2,2.5,438886.75,4,0,1,1,0,1,12
4150,470,924,21,834,2017,4,1,5,1.8,0.0,4,0,0,1,0,2,12
4151,15681,1347,23,812,2008,7,1,1,2.5,92605.0,4,0,1,1,0,12,4
4152,17054,707,23,1401,2011,4,1,1,2.0,171340.0,4,0,1,1,0,7,4
4153,392,697,23,618,2015,9,1,5,1.8,154045.0,4,0,1,1,0,14,12
4154,10349,702,28,1194,2009,9,0,5,1.4,147600.0,4,1,1,1,0,12,4
4155,40224,770,23,1401,2016,4,1,1,1.7,62232.0,4,0,1,1,0,1,4
4156,23000,631,58,1124,2014,3,0,2,1.8,438886.75,4,0,1,1,0,1,12
4157,27911,0,58,1179,2008,4,1,1,2.2,210000.0,4,1,0,1,0,12,8
4158,16308,0,58,1124,2009,3,0,2,1.8,140000.0,4,0,1,1,0,7,2
4159,6115,0,41,1293,2001,9,0,0,2.5,165000.0,6,2,2,1,1,12,2
4160,7527,0,39,240,2001,4,1,0,2.0,111111.0,4,2,1,1,0,12,4
4161,10349,658,21,858,2009,3,0,2,1.3,278400.0,4,3,1,1,0,1,6
4162,20385,585,58,1124,2013,9,0,2,1.8,98000.0,4,3,1,1,0,7,12
4163,3136,0,41,1293,2003,9,1,5,3.0,500.0,6,2,2,1,1,1,6
4164,26030,781,58,426,2012,9,0,2,2.5,78400.0,4,0,1,1,0,7,12
4165,4200,631,5,139,2002,9,1,5,2.5,438886.75,4,0,2,1,0,1,6
4166,25716,1935,32,906,2016,9,1,5,3.7,45845.0,8,0,2,1,0,3,12
4167,9252,919,36,586,2012,9,1,1,3.0,171221.0,6,0,2,1,0,1,12
4168,42717,631,23,1270,2017,4,1,1,2.0,438886.75,4,0,1,1,0,1,4
4169,31797,639,23,788,2014,1,1,5,2.0,148915.0,4,0,1,1,0,7,4
4170,10036,639,23,1298,2014,9,1,4,2.0,417661.0,4,0,1,1,0,12,4
4171,7188,1282,8,444,2007,4,1,1,2.0,67558.0,4,0,1,1,0,1,4
4172,8800,0,58,867,2002,3,0,5,1.3,131000.0,4,0,1,1,1,12,2
4173,14426,586,23,618,2012,9,0,5,1.8,113600.0,4,0,1,1,0,14,6
4174,4077,0,5,134,1995,9,0,5,2.0,438886.75,6,1,2,1,0,1,2
4175,157,1172,36,586,2011,9,1,1,3.5,377379.0,6,0,0,1,0,12,12
4176,17346,753,8,978,2012,9,1,5,2.4,130000.0,4,0,1,1,0,7,4
4177,80,0,16,722,2017,9,0,2,2.0,40000.0,4,0,1,1,0,1,10
4179,31988,0,5,147,2011,9,1,5,3.0,81000.0,4,2,2,1,0,12,12
4180,12500,1974,21,669,2019,3,0,5,1.3,6000.0,4,0,1,1,1,1,2
4181,67426,0,58,714,2017,4,0,5,2.7,20000.0,4,2,0,1,0,14,8
4183,125500,1604,36,1246,2014,9,1,5,3.7,42500.0,8,2,1,1,0,12,12
4184,4861,0,42,272,2000,2,0,5,1.6,280000.0,4,1,1,2,0,12,2
4185,784,1024,16,722,2010,9,1,5,2.5,178330.0,4,0,1,1,0,1,12
4186,30,0,58,1124,2011,3,0,2,1.5,77000.0,7,2,1,1,0,14,12
4187,5175,585,58,1124,2013,3,1,2,1.8,438886.75,4,0,1,1,0,12,12
4190,31361,0,32,404,2012,3,1,2,1.8,157000.0,4,2,1,1,0,1,10
4191,6272,0,36,23,1996,9,0,0,2.0,233000.0,4,1,2,1,0,6,6
4192,25456,595,58,251,2015,3,1,5,1.5,45650.0,4,0,1,1,0,7,4
4193,10349,631,56,809,2000,4,0,5,2.5,438886.75,6,0,0,1,0,1,2
4194,6899,0,21,469,2002,3,0,5,1.5,157000.0,4,3,1,1,1,4,4
4195,36065,0,8,420,2011,4,1,5,3.6,84800.0,6,2,2,0,0,11,8
4196,15847,1024,23,812,2010,7,1,1,2.5,58788.0,4,0,1,1,0,1,4
4197,24709,836,23,1401,2010,4,1,1,2.0,107374.0,4,0,1,1,0,7,4
4198,24267,642,23,1401,2012,4,1,1,2.0,132976.0,4,0,1,1,0,12,4
4199,3607,629,41,889,2015,4,1,5,1.6,103358.0,4,0,0,1,0,2,0
4200,4704,915,3,226,2014,3,1,5,3.0,401128.0,6,0,0,1,0,7,0
4201,7370,631,16,991,1995,4,0,0,2.4,438886.75,4,1,0,1,0,1,2
4203,32929,1249,58,423,2017,9,1,5,2.5,32000.0,4,2,1,1,0,1,10
4204,20005,707,23,1401,2011,4,1,1,2.0,193926.0,4,0,1,1,0,1,4
4205,15053,631,58,1132,2012,9,1,2,1.5,438886.75,4,0,1,1,0,1,8
4206,10976,0,36,305,1999,9,0,5,1.8,214500.0,4,1,2,1,0,1,4
4207,7213,0,46,910,2003,3,1,1,1.9,70000.0,4,1,1,1,0,12,4
4208,66197,1327,23,812,2018,10,1,4,2.5,20930.0,4,0,1,1,0,15,4
4209,16308,777,58,423,2014,9,1,5,2.5,118582.0,4,2,1,1,0,14,12
4210,7840,0,21,669,2004,3,0,5,1.3,175000.0,4,3,1,1,1,12,0
4211,92515,0,3,243,2015,10,1,1,3.0,92000.0,6,2,0,1,0,7,8
4213,61521,880,23,1401,2018,4,1,5,1.6,14661.0,4,0,1,1,0,2,4
4214,41811,639,54,1192,2014,4,1,1,2.0,97700.0,4,0,1,1,0,3,4
4215,11704,1047,23,618,2007,9,1,5,1.6,114540.0,4,0,1,1,0,12,4
4216,28241,528,23,618,2014,9,1,5,1.6,80856.0,4,0,1,1,0,7,4
4217,470,919,36,332,2012,9,1,5,3.0,116722.0,6,0,0,1,0,12,12
4218,12544,0,21,669,2010,3,0,5,1.3,0.0,4,3,1,1,1,1,4
4219,12388,586,23,627,2012,9,1,5,1.8,87646.0,4,0,1,1,0,12,8
4220,470,631,58,423,2017,9,1,5,2.5,438886.75,4,0,1,1,0,1,12
4221,3700,0,61,870,2000,9,0,5,2.0,206586.0,6,1,1,1,0,6,2
4223,19309,911,23,1270,2010,4,1,1,2.2,185987.0,4,0,1,1,0,14,4
4224,6899,0,5,42,2000,9,1,5,2.5,199866.0,6,1,2,1,0,1,8
4225,20237,753,8,978,2012,9,1,5,2.4,146367.0,4,0,1,1,0,7,4
4227,24462,1017,23,618,2017,9,0,5,2.0,60000.0,4,2,1,1,0,14,8
4228,941,584,23,618,2014,9,1,5,1.8,101526.0,4,0,1,1,0,12,12
4229,13946,501,21,669,2014,3,1,5,1.5,138000.0,4,0,1,1,0,12,4
4231,10976,0,16,1251,2007,10,1,1,2.0,216000.0,4,1,1,1,0,2,8
4232,9408,0,5,143,2003,9,1,5,2.5,190000.0,6,2,2,1,0,7,6
4233,14740,0,36,599,2003,9,1,5,3.7,0.0,8,2,2,1,0,1,12
4234,37633,0,58,429,2016,9,1,5,2.5,15000.0,4,2,1,1,0,12,12
4235,3920,779,16,722,2013,9,1,5,2.5,90672.0,4,0,1,1,0,14,12
4236,11604,475,8,523,2012,9,0,5,1.4,165000.0,4,2,1,1,0,12,10
4238,20005,531,23,618,2012,9,1,5,1.6,132421.0,4,0,1,1,0,12,4
4239,2117,640,3,209,2013,9,1,5,2.0,174941.0,4,0,0,1,0,1,12
4240,5959,1781,26,665,2015,0,1,5,3.7,57381.0,8,0,2,1,0,1,12
4242,12544,645,23,618,2011,9,0,5,1.8,152000.0,4,0,1,1,0,12,8
4243,18814,761,58,1124,2010,3,1,2,1.8,88265.0,4,0,1,1,0,14,10
4244,25716,777,58,423,2014,9,0,5,2.5,10400.0,4,0,1,1,0,7,8
4246,9565,631,5,1491,2015,4,1,5,3.7,438886.75,8,0,0,1,0,1,12
4247,20005,707,54,902,2011,4,1,1,2.0,199569.0,4,0,1,1,0,7,4
4248,862,761,58,1124,2010,9,1,2,1.8,421546.0,4,0,1,1,0,12,12
4249,25089,1292,3,1,2016,4,1,5,3.0,70782.0,6,0,0,1,0,1,12
4250,47042,0,41,1172,2016,7,0,5,3.5,38400.0,6,0,1,1,0,1,6
4251,18503,0,58,1132,2013,3,0,2,1.5,181000.0,4,0,1,1,0,14,3
4252,5175,790,8,523,2009,9,1,5,1.6,149692.0,4,0,1,1,0,14,4
4253,392,738,8,523,2017,9,1,5,1.4,77434.0,4,0,1,1,0,14,12
4254,8311,631,8,444,2007,4,1,1,2.0,438886.75,4,0,1,1,0,1,4
4255,60000,784,21,469,2017,9,1,5,1.5,20147.0,4,0,1,1,0,1,4
4256,34811,919,5,1491,2012,4,1,1,3.0,70994.0,6,0,0,1,0,1,0
4257,12544,574,21,858,2010,9,0,2,1.3,173000.0,4,0,1,1,0,1,8
4258,549,1018,36,332,2011,9,1,5,3.0,155058.0,6,0,2,1,0,14,12
4259,14113,0,42,270,2009,2,0,1,1.9,160000.0,6,2,1,1,0,12,6
4260,15524,919,23,810,2012,9,1,5,3.0,137235.0,4,0,1,1,0,12,4
4261,22894,0,28,1049,2014,9,0,2,2.4,81000.0,4,2,1,1,0,1,8
4262,392,761,58,1124,2010,3,1,2,1.8,267165.0,4,0,1,1,0,14,12
4263,627,640,56,1266,2013,9,1,5,2.0,153590.0,4,0,1,1,0,2,12
4264,26343,1091,58,423,2016,9,1,5,2.5,157802.0,4,0,1,1,0,1,10
4267,27284,779,58,281,2013,9,1,2,2.5,109000.0,4,0,1,1,0,12,10
4268,25889,528,23,618,2014,9,1,5,1.6,102000.0,4,0,1,1,0,14,4
4269,17227,631,23,618,2016,9,1,4,1.6,438886.75,4,0,1,1,0,1,4
4270,22580,777,58,426,2014,9,1,5,2.5,133000.0,4,2,1,1,0,1,10
4271,25810,642,23,1270,2012,4,1,1,2.0,179421.0,4,0,1,1,0,14,4
4273,549,1018,5,1491,2011,4,1,5,3.0,125480.0,6,0,0,1,0,14,12
4274,3136,1249,58,423,2017,9,1,5,2.5,127549.0,4,0,1,1,0,12,12
4275,300,0,36,395,2009,9,1,5,3.7,123000.0,8,2,0,1,0,14,8
4277,39458,831,54,237,2017,4,1,1,1.6,72924.0,4,0,1,1,0,2,4
4279,627,761,58,1124,2010,3,1,2,1.8,256966.0,4,0,1,1,0,2,12
4280,18817,781,58,423,2012,9,1,5,2.5,130000.0,4,0,1,1,0,2,12
4282,1254,891,32,1189,2016,1,1,5,2.0,49222.0,4,0,2,0,0,1,12
4283,24625,640,54,1192,2013,4,1,1,2.0,167333.0,4,0,1,1,0,1,4
4285,157,631,8,523,2017,9,1,5,1.4,438886.75,4,0,1,1,0,1,12
4286,39603,631,23,1270,2016,4,1,1,2.0,438886.75,4,0,1,1,0,1,4
4287,20385,0,16,646,2009,4,1,2,2.5,272000.0,4,0,1,1,0,14,6
4288,11917,0,58,1124,2006,3,0,2,1.5,222000.0,4,0,1,1,0,2,10
4290,8500,0,36,568,2001,9,1,5,2.4,0.0,6,2,2,1,1,5,6
4291,45473,1058,58,825,2012,4,0,2,3.5,68200.0,6,0,0,1,0,14,10
4292,32744,777,23,812,2014,7,1,1,2.5,107483.0,4,0,1,1,0,12,4
4293,6595,631,8,523,2009,9,1,5,1.6,438886.75,4,0,1,1,0,1,4
4294,62408,631,36,396,2012,9,1,5,3.7,438886.75,8,2,2,1,0,1,8
4295,15866,687,23,618,2010,9,1,5,1.6,121263.0,4,0,1,1,0,1,4
4296,37633,0,5,1487,2012,4,1,5,3.0,147000.0,6,2,0,1,0,7,10
4297,12231,0,36,961,2003,4,1,0,3.7,321600.0,6,2,0,2,0,1,0
4299,1411,1172,32,1201,2011,4,1,5,3.5,124003.0,6,0,0,1,0,11,12
4300,46809,971,54,1192,2016,4,1,1,2.2,102066.0,4,0,1,1,0,1,4
4301,82097,1036,27,1471,2015,4,1,1,2.8,64329.0,4,0,1,1,0,15,4
4302,14113,0,58,251,2012,3,0,2,1.5,115000.0,4,0,1,1,1,14,4
4303,14897,631,16,722,2013,9,1,5,1.6,438886.75,4,0,1,1,0,1,10
4304,392,631,8,420,2015,9,1,5,3.6,438886.75,6,0,2,1,0,1,12
4306,204,382,23,1313,2014,9,0,2,2.4,107300.0,4,2,1,1,0,12,10
4307,13485,1024,58,423,2010,9,0,5,2.5,110000.0,4,2,1,1,0,14,10
4308,40,0,21,669,2002,3,0,5,1.3,18000.0,4,3,1,1,1,12,2
4310,14113,0,61,870,2014,9,1,5,1.8,112000.0,4,1,1,1,0,1,6
4311,25089,639,5,72,2014,9,1,5,2.0,97970.0,4,2,2,1,0,1,12
4312,29793,0,5,89,2013,9,1,1,2.0,160000.0,4,2,2,1,0,7,8
4313,40456,765,36,371,2015,9,1,5,2.0,59000.0,4,2,1,1,0,14,12
4314,22580,830,8,644,2019,4,0,5,1.5,5124.0,4,0,0,1,0,1,10
4316,21326,1325,41,249,2019,9,1,5,2.5,30296.0,4,0,1,1,0,7,12
4317,3800,0,42,1416,1994,9,0,5,1.6,270000.0,4,1,1,1,0,11,2
4318,14740,631,58,423,2013,9,0,2,2.5,438886.75,4,2,1,1,0,1,6
4319,17876,382,23,1298,2014,9,1,2,2.4,11000.0,4,2,1,1,0,14,12
4321,13172,781,61,870,2012,9,1,5,2.5,83658.0,4,2,1,1,0,1,12
4322,15718,836,23,1298,2010,9,1,5,2.0,149608.0,4,0,1,1,0,12,4
4323,32929,1327,58,423,2018,9,1,5,2.5,19000.0,4,2,1,1,0,1,11
4324,21987,639,8,978,2014,9,1,1,2.0,133923.0,4,0,1,1,0,7,4
4325,41720,891,23,1270,2016,4,1,1,2.0,114066.0,4,0,1,1,0,14,4
4326,24148,831,54,237,2017,4,1,1,1.6,27067.0,4,0,1,1,0,14,4
4327,8467,0,36,374,2000,1,0,5,2.0,267583.0,4,1,2,0,0,12,4
4330,12544,781,61,870,2012,9,1,5,2.5,120000.0,4,1,1,1,0,7,8
4331,5018,0,16,1381,2000,6,0,1,2.5,3538.0,6,1,2,1,0,0,0
4332,7840,0,5,139,1998,9,1,5,2.5,220000.0,6,1,2,1,0,12,0
4333,18817,631,58,1124,2013,3,1,2,1.8,438886.75,4,2,1,1,0,1,8
4334,20000,1024,61,515,2010,6,0,1,2.5,215000.0,4,1,2,0,0,14,0
4335,7700,944,42,262,2008,10,0,1,1.7,238075.0,4,1,1,1,0,12,8
4336,17249,631,23,632,2012,9,1,5,1.8,438886.75,4,2,1,1,0,1,10
4341,18189,586,58,1124,2012,3,0,2,1.8,186000.0,4,0,1,1,0,12,10
4342,706,631,32,402,2011,3,1,2,1.8,438886.75,4,0,1,1,0,1,12
4343,10349,0,21,687,2007,3,0,5,1.3,180000.0,4,3,0,1,1,10,2
4344,20000,1974,21,669,2019,3,0,5,1.3,3800.0,4,0,0,1,1,1,4
4345,29087,631,27,483,2011,4,1,5,2.4,438886.75,4,0,1,1,0,1,4
4347,470,1493,32,1201,2016,4,1,5,3.5,118133.0,6,0,0,1,0,14,12
4348,784,518,58,1179,2016,4,0,2,2.5,136518.0,4,0,0,1,0,7,0
4349,549,1190,3,1198,2014,3,1,5,3.7,98446.0,8,0,0,1,0,14,12
4350,27174,663,23,1401,2015,4,1,1,1.7,279276.0,4,0,1,1,0,2,4
4351,52059,631,32,780,2012,4,1,5,3.7,438886.75,8,0,0,1,0,1,0
4352,7527,0,35,545,2007,3,0,5,1.5,165000.0,4,1,1,1,1,1,0
4353,20883,836,23,1401,2010,4,1,1,2.0,171157.0,4,0,1,1,0,14,4
4354,549,1325,58,423,2019,9,1,5,2.5,35541.0,4,0,1,1,0,1,12
4355,25299,730,23,618,2016,9,1,5,1.6,79845.0,4,0,1,1,0,14,4
4356,23521,0,28,1318,2010,4,1,1,2.0,178000.0,4,0,1,1,0,12,4
4357,4300,0,39,475,2006,3,0,5,1.3,112000.0,4,3,1,1,1,14,2
4358,43868,730,54,237,2016,4,1,1,1.6,64841.0,4,0,1,1,0,1,4
4359,549,586,23,618,2012,9,1,5,1.8,197589.0,4,0,1,1,0,1,12
4361,14426,0,36,586,2005,9,1,4,3.5,279000.0,6,2,2,1,0,5,8
4362,1176,751,23,1298,2013,9,1,2,2.4,216208.0,4,0,1,1,0,2,0
4363,18826,836,54,237,2010,4,1,1,2.0,118133.0,4,0,1,1,0,12,4
4364,23521,0,8,1461,2012,3,1,6,1.4,237000.0,4,0,1,1,0,7,8
4365,7370,364,8,1322,2012,9,1,5,1.0,39876.0,4,0,1,1,0,14,4
4366,30,0,21,669,2005,3,0,5,1.3,0.0,4,0,1,1,1,12,4
4367,5331,0,58,1179,1997,4,0,5,2.0,80000.0,4,0,1,0,1,14,8
4368,7840,0,42,262,1998,2,0,0,1.8,240000.0,4,1,1,1,0,2,4
4369,251,1750,58,825,2008,4,1,2,3.3,318467.0,6,0,0,1,0,2,12
4370,13485,697,61,1096,2015,9,1,5,1.8,91103.0,4,0,1,1,0,1,8
4371,7213,0,31,550,1997,4,1,1,2.5,423232.0,6,1,0,1,0,1,10
4372,15000,1539,58,1285,2018,7,0,5,1.0,0.0,3,0,1,1,1,14,4
4374,8311,642,23,1298,2012,9,1,4,2.0,36545.0,4,0,1,1,0,14,4
4376,8467,1345,54,1192,2008,4,1,1,2.5,64459.0,4,0,1,1,0,12,4
4377,18817,584,23,618,2014,9,1,5,1.8,53000.0,4,2,1,1,0,12,8
4378,18817,751,23,1298,2013,9,1,2,2.4,0.0,4,0,2,1,0,12,8
4380,35124,0,23,812,2010,6,1,1,2.5,63500.0,4,0,2,1,0,12,5
4381,15053,0,5,147,2004,9,1,5,3.0,200000.0,6,2,2,1,0,14,0
4382,48610,0,39,904,2015,8,1,1,2.5,76000.0,4,1,0,1,0,12,4
4383,862,934,16,722,2015,9,1,5,2.5,182302.0,4,0,1,1,0,1,12
4384,10349,502,58,1132,2013,3,0,2,1.5,145000.0,4,3,1,1,0,13,8
4385,400,631,61,794,1997,3,0,0,1.6,438886.75,4,1,1,1,0,1,2
4386,11917,0,51,1541,2006,3,0,5,1.5,118000.0,4,0,1,1,0,12,2
4387,15367,631,23,812,2010,7,1,1,2.5,438886.75,4,0,1,1,0,1,4
4388,9408,585,23,618,2013,4,1,5,1.8,207606.0,4,0,1,1,0,7,12
4389,11290,585,23,621,2013,9,0,5,1.8,69000.0,4,2,1,1,0,2,12
4390,8467,893,35,994,2008,3,0,1,1.6,185000.0,4,1,1,1,0,2,6
4392,34500,0,58,921,2006,4,0,5,2.7,210000.0,6,0,0,1,0,12,10
4393,23521,1058,58,825,2012,4,1,5,3.5,140966.0,6,0,0,1,0,1,12
4394,9252,765,23,1298,2015,9,1,4,2.0,438886.75,4,0,1,1,0,8,4
4395,19121,530,23,618,2013,9,1,5,1.6,163000.0,4,0,1,1,0,14,4
4396,9095,1680,5,74,2001,1,0,5,2.0,188000.0,6,1,2,0,0,1,9
4397,31361,779,58,283,2013,9,1,2,2.5,132000.0,4,0,1,1,0,4,10
4399,21012,0,28,1055,2012,9,1,5,2.0,155000.0,12,2,1,1,0,4,12
4400,16571,687,23,618,2010,9,1,5,1.6,51994.0,4,0,1,1,0,12,4
4401,16308,631,61,1090,2012,9,1,1,2.0,438886.75,4,2,2,1,0,1,12
4402,13485,0,36,290,2007,3,1,5,1.7,160000.0,4,0,1,1,0,14,12
4406,188,891,23,1270,2016,4,1,5,2.0,80486.0,4,0,1,1,0,8,12
4408,110,0,58,423,2013,9,1,5,2.5,208000.0,4,2,1,1,0,1,12
4410,17249,0,28,713,2015,9,0,5,1.8,120000.0,4,2,1,1,0,7,6
4412,706,753,23,1298,2012,9,1,2,2.4,133162.0,4,0,1,1,0,12,12
4413,28100,781,8,523,2018,3,1,5,1.4,21000.0,4,2,1,1,0,14,10
4414,16621,0,36,315,2007,9,1,5,2.5,262000.0,6,0,2,1,0,12,6
4415,8938,640,23,1298,2013,9,1,4,2.0,106675.0,4,0,1,1,0,12,4
4419,11604,0,13,417,2009,4,0,4,2.0,134500.0,4,3,1,1,0,8,8
4420,17249,1141,23,788,2012,9,1,5,3.7,94055.0,4,0,1,1,0,12,4
4421,9722,0,16,1387,2009,2,0,1,1.8,230000.0,4,1,1,0,0,13,2
4422,9095,502,21,669,2013,3,0,5,1.5,41000.0,4,0,1,1,0,2,6
4423,15053,0,36,599,2002,9,1,5,3.7,25500.0,8,2,2,1,0,12,12
4424,13172,1077,58,364,2019,4,1,5,2.0,24302.0,4,0,1,1,0,11,12
4425,9408,642,16,697,2012,9,1,5,2.0,136000.0,4,0,1,1,0,4,10
4426,15681,2209,21,637,2011,7,1,5,2.4,157000.0,4,0,1,1,1,14,6
4427,14113,0,5,1491,2000,4,1,5,3.7,180351.0,8,2,0,1,0,7,8
4428,14113,741,28,415,2012,9,1,5,2.4,40103.0,4,0,1,1,0,1,4
4429,392,761,58,1124,2010,3,1,2,1.8,408997.0,4,0,1,1,0,14,12
4430,54458,891,23,1270,2016,4,1,1,2.0,49454.0,4,0,1,1,0,14,4
4431,4704,0,36,1296,1999,9,0,5,0.6,142000.0,4,2,2,0,0,1,2
4432,9722,765,23,1298,2015,9,1,4,2.0,438886.75,4,0,1,1,0,8,4
4433,8467,765,16,697,2015,9,0,5,2.0,116923.0,4,2,1,1,0,14,8
4434,12388,518,58,423,2016,9,1,2,2.5,67429.0,4,0,1,1,0,1,0
4435,18817,1017,23,618,2017,9,1,5,2.0,105600.0,4,2,1,1,0,14,8
4436,10976,631,36,337,2000,9,0,0,3.2,438886.75,6,0,2,1,0,1,10
4437,13485,502,58,1132,2013,3,0,2,1.5,77000.0,4,3,1,1,0,11,0
4438,11604,0,61,1376,2004,7,0,5,2.0,176000.0,4,2,1,1,1,1,12
4439,20071,1211,5,1491,2010,4,1,1,3.0,141200.0,4,2,0,1,0,14,12
4442,37947,1575,3,1164,2018,4,1,5,3.0,49122.0,6,0,0,1,0,12,12
4443,34673,777,23,812,2014,7,1,1,2.5,117466.0,4,0,1,1,0,7,4
4444,19736,730,23,618,2016,9,1,1,1.6,37405.0,4,0,1,1,0,14,4
4446,15681,521,8,523,2011,9,1,5,1.4,132000.0,4,0,1,1,0,2,8
4448,1646,631,36,586,2010,9,1,5,3.5,438886.75,6,0,0,1,0,1,12
4449,4704,0,42,1045,1998,9,0,5,2.0,213000.0,4,1,2,1,0,1,4
4450,17876,900,28,1049,2015,9,0,5,2.4,66100.0,4,2,1,1,0,1,12
4451,7840,0,39,240,2002,10,0,5,2.0,155000.0,4,2,0,1,1,11,2
4452,17562,271,58,1132,2014,3,0,2,1.5,66000.0,4,0,1,1,0,12,4
4453,16559,695,8,523,2015,9,1,5,1.8,51678.0,4,0,1,1,0,12,4
4454,47989,1017,23,1298,2017,9,1,5,2.0,65659.0,4,0,1,1,0,1,4
4455,8624,0,58,1457,2006,3,0,5,1.3,190000.0,4,3,1,1,1,10,4
4456,45376,640,23,1270,2013,4,1,1,2.0,43000.0,4,0,1,1,0,14,4
4457,6800,0,42,503,2003,3,0,5,1.2,234313.0,4,1,1,1,0,12,4
4458,392,1024,58,1179,2010,4,1,5,2.5,136139.0,4,0,1,1,0,11,12
4459,4077,1277,23,1298,2018,9,1,5,2.4,67165.0,4,0,1,1,0,2,12
4460,21326,753,58,423,2012,9,1,5,2.4,113000.0,4,2,1,1,0,12,8
4461,12585,687,23,618,2010,9,1,5,1.6,128965.0,4,0,1,1,0,14,4
4462,12544,631,58,825,2008,9,1,2,3.3,438886.75,6,0,0,1,0,1,12
4463,15994,0,16,1381,2010,2,0,1,2.2,190000.0,4,1,1,1,0,2,4
4464,14426,0,41,1477,2006,4,1,5,2.0,98345.0,4,0,0,1,0,14,4
4466,14500,761,58,1124,2010,9,1,2,1.8,97000.0,4,0,1,1,0,1,8
4467,32929,0,5,147,2011,9,1,5,3.0,112000.0,6,2,2,1,0,1,12
4468,41867,400,58,251,2018,10,1,2,1.5,35039.0,4,0,1,1,0,2,4
4469,5000,0,42,1419,2004,10,0,1,2.2,312000.0,4,0,1,1,0,1,4
4470,15612,629,23,232,2015,9,1,1,1.6,97382.0,4,0,1,1,0,14,4
4471,8154,919,5,1491,2012,4,1,1,3.0,103458.0,6,0,0,1,0,14,0
4472,18503,631,23,1298,2017,9,0,5,2.4,438886.75,4,0,1,1,0,1,0
4473,43360,1317,27,1471,2009,4,1,1,2.8,195071.0,4,0,1,1,0,12,4
4474,42337,891,36,565,2016,9,1,1,2.0,127000.0,4,0,2,1,0,1,6
4479,31361,0,38,509,2013,4,0,5,1.6,88000.0,4,2,0,1,0,1,0
4480,25889,730,23,618,2016,9,1,5,1.6,79420.0,4,0,1,1,0,2,4
4482,21012,0,28,1049,2015,9,1,5,2.4,60000.0,4,2,1,1,0,7,10
4483,38737,765,23,788,2015,1,1,5,2.0,93000.0,4,0,1,1,0,14,4
4484,9252,640,8,523,2013,9,1,1,2.0,46721.0,4,0,1,1,0,14,4
4485,14113,638,28,1049,2014,9,1,5,2.0,65376.0,4,0,1,1,0,12,4
4486,28852,0,5,88,2013,9,1,5,2.0,145000.0,4,2,2,1,0,7,8
4487,2200,0,61,798,2002,3,0,5,1.8,199000.0,4,0,1,1,1,12,0
4488,15367,631,21,669,2010,3,0,5,1.5,438886.75,4,0,1,1,0,1,12
4490,12231,503,58,1132,2012,3,0,2,1.5,147698.0,4,0,1,1,0,14,8
4492,21953,595,16,722,2015,9,1,5,1.5,102506.0,4,0,1,1,0,14,6
4493,14686,836,54,237,2010,9,1,1,2.0,120682.0,4,0,1,1,0,12,4
4494,15053,0,58,1132,2012,3,0,2,1.5,95000.0,4,0,1,1,0,12,6
4495,21357,836,23,1270,2010,4,1,1,2.0,193488.0,4,0,1,1,0,12,4
4497,51432,1018,36,748,2011,4,1,1,3.0,103000.0,6,2,0,1,0,14,6
4498,23834,0,23,618,2014,9,1,5,1.6,60000.0,4,2,1,1,0,1,6
4499,49459,1091,23,812,2016,10,1,1,2.5,117671.0,4,0,1,1,0,12,4
4502,42538,831,58,251,2018,3,1,5,1.5,2000.0,4,0,1,1,0,2,4
4503,40983,639,23,1270,2014,4,1,1,2.0,163472.0,4,0,1,1,0,7,4
4505,50,631,21,669,2006,3,0,5,1.3,438886.75,4,0,1,1,1,1,2
4506,9408,0,60,38,1991,4,0,5,1.6,10000.0,4,1,0,0,0,11,0
4508,11133,640,16,345,2013,3,0,2,2.0,135383.0,4,2,1,1,0,1,12
4511,4077,1714,36,763,2017,4,1,5,3.5,39814.0,6,0,2,1,0,1,0
4512,30828,642,23,1270,2012,4,1,1,2.0,115412.0,4,0,1,1,0,14,4
4514,14113,0,21,858,2010,3,0,2,1.3,203200.0,4,3,1,1,0,1,6
4515,549,1077,58,364,2019,4,1,5,2.0,39221.0,4,0,1,1,0,7,12
4517,6429,749,23,1401,2014,4,1,5,2.4,0.0,4,0,1,1,0,12,0
4518,11259,631,28,1049,2014,9,1,5,2.0,438886.75,4,0,1,1,0,1,4
4519,6586,1202,23,1270,2017,9,1,5,2.4,77766.0,4,0,1,1,0,7,12
4520,73714,1077,23,1270,2019,4,1,1,2.0,43598.0,4,0,1,1,0,7,4
4521,18817,891,23,618,2016,9,0,5,2.0,71191.0,4,0,1,1,0,14,7
4522,11290,1277,23,1270,2018,9,1,5,2.4,44240.0,4,0,0,1,0,14,12
4523,25716,0,58,1124,2012,3,0,6,1.8,135200.0,4,3,1,1,0,12,9
4524,35071,891,23,1401,2016,4,1,1,2.0,80700.0,4,0,1,1,0,1,4
4525,7683,640,23,1298,2013,9,1,4,2.0,53000.0,4,0,1,1,0,12,4
4526,9722,0,36,582,2000,9,1,5,3.2,164400.0,6,2,2,1,0,1,8
4527,37947,1481,36,763,2017,4,1,5,3.0,51824.0,6,0,0,1,0,14,12
4528,20385,631,39,1065,2011,4,0,5,2.0,438886.75,4,2,0,1,0,1,4
4529,13900,0,58,434,2010,9,1,2,2.4,204800.0,4,0,1,1,0,13,6
4530,38016,1249,23,812,2017,10,1,1,2.5,100900.0,4,0,1,1,0,12,4
4531,251,749,8,444,2014,4,1,5,2.4,195987.0,4,0,1,1,0,2,12
4533,6586,0,35,546,2004,9,0,5,1.3,134499.0,4,0,1,1,0,1,4
4534,51746,730,23,1405,2016,4,1,5,1.6,96000.0,4,2,0,1,0,2,12
4535,5018,639,61,1090,2014,9,1,1,2.0,77349.0,4,0,1,1,0,14,12
4536,15053,779,16,722,2013,9,0,5,2.5,160000.0,4,3,1,1,0,4,16
4537,24148,919,5,162,2012,9,1,5,3.0,160000.0,6,2,0,1,0,1,12
4538,11917,562,15,117,2015,1,1,5,1.4,75200.0,4,2,1,0,0,14,8
4539,17876,0,58,1132,2012,3,0,2,1.5,152000.0,4,0,1,1,0,14,8
4541,8154,765,23,1298,2015,9,1,4,2.0,438886.75,4,0,1,1,0,8,4
4542,784,353,58,1124,2015,3,1,2,1.8,171306.0,4,0,1,1,0,12,12
4543,7840,1525,36,305,1998,9,1,5,1.8,0.0,4,0,2,1,0,1,3
4544,3500,0,58,1469,2005,7,0,5,2.0,98000.0,4,0,1,1,1,14,4
4546,7997,631,36,586,2011,9,1,1,3.0,438886.75,6,0,2,1,0,1,12
4548,5331,1058,36,586,2012,1,1,5,3.5,185642.0,6,0,2,0,0,12,12
4549,8467,585,23,618,2013,9,0,5,1.8,126000.0,4,2,1,1,0,7,10
4550,23659,784,21,669,2017,3,1,5,1.5,42642.0,4,0,1,1,0,12,4
4552,19914,891,23,1298,2016,9,1,4,2.0,438886.75,4,0,1,1,0,8,4
4553,188,585,58,1124,2013,3,1,2,1.8,0.0,4,0,1,1,0,11,0
4554,19416,631,23,618,2011,9,1,5,1.6,438886.75,4,0,1,1,0,1,4
4555,35309,640,54,1192,2013,4,1,1,2.0,97035.0,4,0,1,1,0,1,4
4556,1700,0,60,38,1983,4,0,5,1.6,1000.0,4,1,0,1,0,2,0
4557,8467,0,41,1370,2006,3,1,5,1.5,129000.0,4,0,1,1,1,15,4
4559,6429,917,3,226,2013,3,1,5,3.0,301707.0,6,0,0,1,0,7,0
4560,1725,1172,36,586,2011,9,1,1,3.5,132630.0,6,0,2,1,0,12,12
4561,32910,777,23,812,2014,7,1,1,2.5,154154.0,4,0,1,1,0,1,4
4562,65,0,58,1124,2013,3,0,2,1.8,137600.0,4,0,1,1,0,2,6
4563,11992,687,8,909,2010,9,1,5,1.6,133608.0,4,0,1,1,0,14,4
4564,7840,0,58,1458,2005,3,0,4,1.5,191558.0,4,3,1,1,1,7,2
4565,9408,490,42,479,2011,2,0,1,1.3,95000.0,4,1,1,1,0,14,4
4566,30734,0,5,1491,2008,4,1,5,3.7,230000.0,12,2,0,1,0,1,12
4567,13956,271,58,1132,2014,3,0,2,1.5,107000.0,4,0,1,1,0,14,12
4568,34692,1091,23,812,2016,10,1,1,2.5,168131.0,4,0,1,1,0,14,4
4570,10976,0,36,1242,2003,9,1,0,3.7,205000.0,8,2,2,1,0,7,12
4571,16308,474,15,120,2013,1,1,5,1.4,81064.0,4,2,1,0,0,6,12
4572,10976,779,61,1090,2013,9,1,5,2.5,145600.0,5,2,1,1,0,14,0
4573,6272,1624,36,961,2009,4,1,1,3.5,274088.0,6,0,0,1,0,1,12
4574,20385,631,58,496,2015,3,0,5,1.8,438886.75,4,1,1,1,0,1,8
4575,784,530,41,1435,2013,9,1,5,1.6,125928.0,4,0,1,1,0,12,12
4576,3763,259,8,1461,2014,3,1,2,1.4,138491.0,4,0,1,1,0,1,0
4577,10986,631,8,523,2011,9,1,1,2.0,438886.75,4,0,1,1,0,1,4
4579,21012,0,62,1516,2010,4,1,5,3.2,102000.0,6,2,1,1,0,14,10
4580,80,631,23,1298,2012,9,0,5,2.4,438886.75,4,0,1,1,0,1,6
4581,250,0,58,921,2019,4,0,1,3.0,32000.0,6,0,0,1,0,7,12
4582,17249,0,5,147,2007,9,0,5,3.0,212000.0,6,2,2,1,0,0,6
4584,27422,751,27,483,2013,4,1,5,2.4,101709.0,4,0,1,1,0,7,4
4585,8154,631,21,669,2004,3,0,5,1.3,438886.75,4,3,1,1,1,1,2
4587,17562,0,58,1124,2010,3,0,2,1.8,19000.0,4,0,1,1,0,7,6
4588,392,781,61,870,2012,9,1,1,2.5,162987.0,5,0,1,1,0,7,12
4589,26971,1820,58,1360,2019,9,1,5,3.5,18555.0,6,0,0,1,0,1,12
4590,88438,1076,23,1270,2020,4,1,1,2.0,120.0,4,0,1,1,0,14,4
4591,18817,0,58,492,2009,9,0,4,1.8,127000.0,4,0,1,1,0,14,8
4592,15612,583,23,618,2011,9,1,5,1.6,120000.0,4,0,1,1,0,7,4
4593,9408,0,42,239,2008,3,0,4,1.2,236000.0,4,1,1,1,0,14,4
4596,40346,631,58,251,2016,10,1,2,1.5,438886.75,4,0,1,1,0,1,4
4597,22843,707,54,902,2011,4,1,1,2.0,115102.0,4,0,1,1,0,14,4
4598,16935,0,5,1487,2005,4,1,5,3.0,155903.0,6,2,0,1,0,1,10
4599,5331,0,21,512,1997,4,0,5,2.0,1972.0,1,0,0,1,0,5,0
4600,12522,631,23,812,2010,7,1,1,2.5,438886.75,4,0,1,1,0,1,4
4601,23207,1172,21,1042,2011,7,1,5,3.5,86000.0,6,2,1,1,0,7,8
4602,3763,631,23,864,2019,3,1,2,1.6,438886.75,4,0,1,1,0,1,12
4603,45,0,58,1124,2011,9,0,2,1.8,256000.0,4,0,1,1,0,14,0
4604,11290,0,5,140,2001,9,1,4,2.5,140000.0,6,0,2,1,0,12,8
4606,12858,0,21,669,2012,9,0,2,1.3,147000.0,4,0,1,1,1,12,6
4607,300,0,8,1380,2004,4,1,5,3.7,3422.0,6,0,0,1,0,1,8
4608,39201,0,28,1053,2017,9,0,5,2.4,17000.0,6,2,1,1,0,14,12
4609,46236,631,23,1270,2016,4,1,1,2.0,438886.75,4,0,1,1,0,1,4
4610,392,1055,36,586,2013,1,1,5,3.5,0.0,6,0,2,0,0,12,12
4611,13485,753,23,1298,2012,9,1,5,2.4,82000.0,4,2,1,1,0,1,14
4612,11133,1273,58,825,2015,4,1,5,3.5,91899.0,6,0,0,1,0,1,12
4613,23521,1091,58,423,2016,9,0,5,2.5,123000.0,4,0,1,1,0,1,12
4614,10976,0,27,804,2003,4,1,5,3.7,161600.0,6,0,0,1,0,1,4
4615,11917,0,5,94,2003,9,0,5,3.0,0.0,6,1,2,1,0,7,8
4616,392,1111,35,412,2013,9,1,5,3.7,55858.0,6,0,0,1,0,7,12
4617,28078,446,21,669,2014,3,1,5,1.3,27083.0,4,0,1,1,0,1,4
4618,11447,501,21,669,2014,3,0,5,1.5,80000.0,4,1,1,1,0,7,4
4619,9722,424,8,1322,2015,9,1,5,1.0,39232.0,4,0,1,1,0,14,4
4620,18189,0,58,1132,2014,3,0,2,1.5,58100.0,4,3,1,1,0,12,0
4621,43905,0,36,736,1994,4,1,5,3.2,200000.0,6,0,0,1,0,1,0
4622,13172,0,58,1124,2013,9,0,2,1.8,156000.0,4,3,1,1,0,1,4
4623,10036,639,23,1298,2014,9,1,4,2.0,255784.0,4,0,1,1,0,12,4
4624,26814,333,55,522,2014,3,1,2,2.0,50342.0,4,0,1,1,0,12,8
4625,5645,1705,54,1192,2007,4,1,1,2.7,76121.0,4,0,1,1,0,12,4
4626,12231,781,61,870,2012,9,1,5,2.5,78000.0,4,0,1,1,0,1,8
4627,9000,971,58,1457,2011,3,0,5,1.0,179000.0,3,3,1,1,1,1,2
4628,26030,0,26,1520,2008,9,1,5,3.7,113600.0,8,2,2,1,0,13,8
4629,94083,0,36,398,2012,9,1,5,3.7,124000.0,8,2,0,1,0,1,12
4630,15132,707,23,1298,2011,9,1,5,2.0,155127.0,4,0,1,1,0,7,4
4631,24148,0,58,921,2000,4,0,4,3.4,150000.0,6,0,0,1,1,13,2
4632,10976,843,21,669,2008,9,0,5,1.5,156000.0,4,0,1,1,0,14,3
4634,41710,0,36,1175,2011,7,1,1,3.0,125000.0,6,2,0,1,0,2,12
4635,6272,777,58,423,2014,9,1,5,2.5,55811.0,4,0,1,1,0,1,12
4636,17876,0,58,1124,2011,9,0,2,1.8,15000.0,4,0,1,1,0,11,12
4637,11917,0,58,1124,2006,9,0,2,1.5,3200.0,4,0,1,1,0,12,4
4638,10036,363,28,1116,2013,9,1,5,1.0,31288.0,4,0,1,1,0,0,4
4639,11917,0,39,1077,2002,4,0,0,3.0,174000.0,6,2,0,1,1,12,2
4640,30455,934,23,812,2015,7,1,1,2.5,35463.0,4,0,1,1,0,12,4
4641,60,0,21,637,2006,7,0,5,3.0,145000.0,6,0,1,1,1,14,8
4642,6272,0,42,262,1999,3,0,0,1.6,200000.0,4,0,1,1,0,12,4
4643,11011,836,54,237,2010,4,1,1,2.0,211344.0,4,0,1,1,0,14,4
4644,12540,0,21,637,2004,7,0,4,3.0,165358.0,6,0,1,1,1,14,0
4645,12544,0,58,423,2010,9,1,2,1.8,180000.0,4,0,1,1,0,1,6
4646,784,382,8,1461,2017,3,1,2,1.5,81440.0,4,0,1,1,0,1,0
4647,7840,0,61,798,2000,3,0,5,1.6,195000.0,4,1,1,1,0,1,4
4648,14426,0,28,1194,2016,3,0,5,1.2,170000.0,4,1,1,1,0,12,2
4650,14269,0,58,251,2012,3,0,5,1.5,158000.0,4,0,1,1,1,12,2
4651,12544,475,8,535,2012,9,1,5,1.4,121000.0,4,0,1,1,0,8,8
4652,4861,1515,8,1038,2005,2,0,5,1.8,127000.0,4,1,1,1,0,2,3
4654,51517,1249,23,812,2017,10,1,1,2.5,44198.0,4,0,1,1,0,12,4
4655,30420,1018,5,1491,2011,4,1,5,3.0,145000.0,6,2,0,1,0,1,12
4656,32772,764,28,1049,2016,9,1,1,1.7,30068.0,4,0,1,1,0,1,4
4657,5645,891,21,469,2016,9,1,5,2.0,78222.0,4,0,1,1,0,2,12
4658,9252,765,23,1298,2015,9,1,4,2.0,438886.75,4,0,1,1,0,8,4
4659,15681,765,16,703,2015,9,1,5,2.0,102000.0,4,2,1,1,0,7,10
4660,8467,631,58,1457,2005,9,0,5,1.5,438886.75,4,0,1,1,1,1,10
4662,58959,0,45,453,2012,4,1,5,3.6,99200.0,6,2,0,1,0,3,12
4663,33575,880,23,618,2018,9,1,5,1.6,53871.0,4,0,1,1,0,14,4
4664,5645,997,23,1270,2014,4,1,5,3.3,165355.0,6,0,1,1,0,1,12
4666,11368,1047,23,618,2007,9,1,5,1.6,117771.0,4,0,1,1,0,12,4
4668,4077,1249,41,249,2017,9,1,5,2.5,70907.0,4,0,1,1,0,1,12
4669,1176,1473,0,1355,2010,9,1,5,3.7,280040.0,6,0,0,1,0,14,12
4670,5488,790,11,909,2009,9,1,5,1.6,112282.0,4,0,1,1,0,12,4
4672,15000,1552,35,288,2015,3,1,5,1.5,39000.0,4,0,1,1,1,3,6
4673,11917,0,15,116,2013,9,1,5,1.4,112000.0,4,1,1,0,0,14,5
4674,23521,781,58,423,2012,9,1,5,2.5,89000.0,4,2,1,1,0,14,12
4675,21012,1405,5,1492,2009,4,1,5,3.0,170000.0,6,2,0,1,0,2,8
4676,37611,639,8,444,2014,4,1,1,2.0,53528.0,4,0,1,1,0,1,4
4677,15681,585,58,1124,2013,9,1,2,1.8,180000.0,4,2,1,1,0,12,0
4678,7213,0,61,794,2001,9,1,1,1.9,200000.0,4,1,1,1,0,12,4
4681,1019,585,36,322,2013,9,1,5,1.8,156477.0,4,0,2,1,0,14,12
4682,9512,761,8,909,2010,9,1,5,1.8,118875.0,4,0,1,1,0,7,4
4683,6429,639,61,1275,2014,9,1,5,2.0,88733.0,4,0,1,1,0,1,12
4684,14897,836,23,1401,2010,4,1,1,2.0,52997.0,4,0,1,1,0,12,4
4685,9252,765,23,1298,2015,9,1,4,2.0,389338.0,4,0,1,1,0,8,4
4686,16443,836,23,1298,2010,9,1,5,2.0,179767.0,4,0,1,1,0,7,4
4687,13485,0,36,71,2000,9,1,5,3.2,25500.0,4,0,2,1,0,1,6
4688,73034,1079,23,1298,2018,9,1,5,2.0,41895.0,4,0,1,1,0,14,4
4689,8500,1148,56,1350,2011,3,0,5,1.2,98000.0,4,0,1,1,1,1,2
4690,12388,761,58,1124,2010,9,1,2,1.8,231003.0,4,0,1,1,0,5,10
4691,15991,707,23,788,2011,1,1,5,2.0,112387.0,4,0,1,1,0,7,4
4692,25591,530,23,618,2013,9,1,5,1.6,48088.0,4,0,1,1,0,7,4
4693,6272,0,36,1296,2001,1,0,5,0.6,126000.0,3,2,2,0,0,12,6
4695,6700,1148,41,982,2011,3,0,5,1.2,58000.0,4,0,1,1,1,12,2
4696,470,645,32,402,2011,3,1,2,1.8,32974.0,4,0,1,1,0,12,0
4697,17249,584,23,618,2014,9,0,5,1.8,88000.0,4,0,1,1,0,7,8
4698,1098,690,58,1528,2016,3,1,5,1.5,132528.0,4,0,1,1,0,12,12
4699,7527,631,42,262,1999,2,0,0,1.6,438886.75,4,1,1,1,0,1,6
4701,17876,0,23,618,2013,9,0,5,1.8,156800.0,4,0,1,1,0,2,12
4702,29793,934,35,409,2015,4,0,5,2.5,140000.0,4,2,0,1,0,7,6
4703,11274,645,8,523,2011,9,1,5,1.8,173877.0,4,0,1,1,0,7,4
4704,16621,0,16,1381,2004,6,0,1,2.4,180000.0,4,1,2,1,0,14,2
4705,61154,0,45,453,2012,4,1,5,3.6,111000.0,6,2,0,1,0,7,12
4706,16935,631,16,345,2012,3,0,2,2.0,438886.75,4,0,1,1,0,1,8
4707,13956,764,8,1060,2015,4,1,5,2.0,34328.0,4,0,1,1,0,7,4
4708,10349,0,41,1370,2005,9,0,4,1.5,243075.0,4,0,1,1,0,5,0
4709,75266,0,45,1085,2010,9,1,5,3.7,57000.0,6,2,2,1,0,14,12
4710,18817,0,58,1124,2012,9,0,5,1.8,123000.0,4,0,1,1,0,7,6
4711,11290,915,3,226,2014,3,1,5,3.0,0.0,6,0,0,1,0,1,0
4713,8154,753,28,1049,2012,9,0,5,2.4,178892.0,4,0,1,1,0,12,8
4715,7213,0,5,88,1999,9,1,5,2.8,9401.0,6,2,2,1,0,12,8
4716,10976,0,5,188,2002,9,1,5,3.7,182000.0,8,2,2,1,1,12,12
4717,9408,0,21,669,2007,3,0,5,1.3,129000.0,4,0,1,1,1,1,6
4718,25086,1249,58,429,2017,9,1,5,2.5,54000.0,4,2,1,1,0,1,12
4719,19444,707,3,206,2011,3,1,5,2.0,145600.0,4,1,1,1,0,1,8
4720,1568,631,36,586,2016,9,1,1,3.5,438886.75,6,0,2,1,0,1,12
4721,8154,1156,16,661,2017,4,1,5,2.3,87688.0,4,0,1,1,0,7,12
4722,175622,2819,4,1021,2016,9,1,5,3.7,6189.0,8,0,2,1,0,1,12
4723,11262,639,23,1298,2014,9,1,4,2.0,71466.0,4,0,1,1,0,14,4
4724,12544,631,36,1445,2005,7,0,1,2.2,438886.75,4,1,2,1,0,1,2
4725,11133,1053,36,586,2014,9,1,1,3.5,238546.0,6,0,0,1,0,1,12
4726,10036,0,5,78,2004,9,1,5,2.2,118000.0,8,2,1,1,1,12,5
4727,24029,707,54,1192,2011,4,1,1,2.0,124718.0,4,0,1,1,0,14,4
4728,38445,770,23,1401,2016,4,1,1,1.7,129816.0,4,0,1,1,0,7,4
4730,21953,0,23,618,2017,9,0,5,2.0,38400.0,4,0,1,1,0,11,6
4731,14454,642,23,1298,2012,9,1,5,2.0,165892.0,4,0,1,1,0,1,4
4733,3293,1083,7,1265,2013,4,1,5,3.6,126043.0,6,0,1,1,0,1,12
4734,47408,1079,8,1060,2018,4,1,4,2.0,33000.0,4,0,1,1,0,12,4
4735,45,0,21,669,2007,3,0,5,1.3,87000.0,4,0,1,1,1,1,5
4736,7840,0,42,479,2004,2,0,1,1.7,20000.0,4,1,1,0,0,2,0
4737,17249,0,58,1124,2010,9,0,2,1.8,102000.0,4,3,1,1,0,14,10
4741,5645,0,36,308,1995,9,1,5,2.0,0.0,4,1,2,1,0,12,4
4742,13172,0,58,1457,2010,3,0,5,1.3,112000.0,4,0,1,1,1,7,6
4743,5551,640,28,1049,2013,9,1,5,2.0,348428.0,4,0,1,1,0,12,4
4744,53314,1058,32,1208,2012,4,1,2,3.5,65000.0,6,0,1,1,0,5,8
4745,32929,1202,27,1225,2017,4,1,5,2.4,43200.0,4,2,0,1,0,7,9
4746,10349,1413,21,669,2011,9,0,5,1.5,0.0,4,1,1,1,1,1,2
4749,784,639,61,870,2014,9,1,5,2.0,107637.0,4,0,1,1,0,12,12
4750,784,518,32,608,2016,9,1,2,2.5,129989.0,4,0,1,1,0,7,12
4753,14113,751,23,1298,2013,9,1,5,2.4,130000.0,4,2,1,1,0,7,6
4754,16308,645,58,1124,2011,3,0,5,1.8,156000.0,4,0,1,1,0,12,0
4755,15681,891,23,1298,2016,9,1,4,2.0,295970.0,4,0,1,1,0,12,4
4757,15994,738,8,523,2017,9,1,5,1.4,97189.0,4,0,1,1,0,12,12
4758,47042,0,36,1326,2008,6,1,1,2.2,360000.0,4,1,2,1,0,14,2
4759,2822,382,16,722,2015,9,1,2,2.0,100747.0,4,0,1,1,0,6,0
4760,31772,730,54,237,2016,7,1,1,1.6,125996.0,4,0,1,1,0,14,4
4761,5959,0,55,927,2003,9,0,0,2.0,222222.0,4,2,0,1,1,1,2
4762,13172,751,28,1049,2013,9,0,5,2.4,84000.0,4,2,1,1,0,5,16
4763,50767,891,23,1270,2016,4,1,1,2.0,113060.0,4,0,1,1,0,7,4
4764,30750,777,23,812,2014,7,1,1,2.5,115474.0,4,0,1,1,0,14,4
4765,8500,0,55,706,2001,10,0,5,2.0,141000.0,4,0,0,1,1,7,2
4766,26030,528,38,506,2014,3,1,5,1.6,104000.0,4,2,1,1,0,14,6
4767,28539,0,32,402,2011,3,1,2,1.8,192000.0,4,0,1,1,0,1,8
4768,14583,834,58,1360,2013,4,1,5,2.7,265558.0,4,0,2,1,0,14,12
4769,19444,890,28,1049,2016,9,1,5,2.0,31117.0,4,0,1,1,0,14,4
4770,26657,442,58,1124,2017,9,0,2,1.8,28885.0,4,0,1,1,0,7,12
4771,4547,1091,8,523,2008,9,1,5,2.0,62823.0,6,0,1,1,0,14,4
4772,549,1292,3,226,2016,3,1,5,3.0,97589.0,6,0,0,1,0,1,0
4773,32393,730,8,1060,2016,4,1,1,1.6,59191.0,4,0,1,1,0,14,4
4774,29793,1202,27,1225,2017,4,1,5,2.4,78000.0,4,2,0,1,0,11,16
4775,62722,0,36,586,2014,9,1,2,3.5,114000.0,6,2,2,1,0,14,12
4776,3,810,61,870,2016,9,1,5,1.8,41000.0,4,0,1,1,0,14,8
4777,24462,697,58,492,2015,9,1,5,1.8,43294.0,4,0,1,1,0,1,12
4778,1568,1598,36,586,2008,9,1,1,3.0,175614.0,6,0,2,1,0,1,12
4780,392,707,61,870,2011,9,1,5,2.0,333512.0,4,0,1,1,0,1,12
4781,17245,810,41,1278,2016,9,0,5,1.8,67200.0,4,0,1,1,0,11,12
4782,10976,0,39,1065,2006,4,0,0,2.4,211656.0,4,0,0,1,1,1,5
4784,12231,702,42,262,2009,3,0,5,1.4,140000.0,4,1,1,1,0,11,6
4785,17249,640,16,722,2013,9,0,2,2.0,112000.0,4,0,1,1,0,14,12
4786,2100,0,13,446,1998,7,0,0,3.0,1000.0,6,1,1,1,0,7,4
4787,15681,0,5,1491,2002,4,1,1,3.0,18000.0,8,2,0,1,0,1,6
4788,10036,0,13,417,2008,3,0,5,2.0,240000.0,4,3,1,1,0,1,6
4789,56450,0,5,1491,2013,4,1,1,3.0,121000.0,6,0,0,1,0,7,12
4790,18660,890,8,1060,2016,4,1,5,2.0,29703.0,4,0,1,1,0,14,4
4791,20071,890,28,1049,2016,9,1,5,2.0,30662.0,4,0,1,1,0,14,4
4792,9408,0,64,775,2005,4,1,5,2.3,102000.0,4,1,2,1,0,12,2
4793,8467,784,8,989,2006,3,0,4,1.0,132000.0,3,0,1,1,0,1,4
4795,941,1356,36,961,2014,4,1,1,3.7,229966.0,8,0,0,1,0,1,12
4796,13172,640,16,722,2013,9,1,2,2.0,191000.0,4,0,1,1,0,1,12
4797,22947,1273,54,1192,2009,4,1,1,2.7,142419.0,4,0,1,1,0,1,4
4799,29793,0,58,423,2012,9,1,2,2.5,204800.0,4,3,1,1,0,1,8
4800,4391,631,36,1236,2004,9,1,5,3.5,438886.75,6,2,2,1,0,1,12
4802,9408,0,58,721,2002,10,0,5,1.3,126000.0,4,0,1,1,1,5,2
4803,706,917,5,95,2013,9,1,5,3.0,136291.0,6,0,0,1,0,2,12
4804,10036,0,61,1090,2007,9,1,5,2.0,290000.0,6,0,1,1,0,7,6
4806,20149,583,23,618,2011,9,1,5,1.6,136292.0,4,0,1,1,0,14,4
4807,18189,631,8,525,2014,9,0,5,1.4,438886.75,4,2,1,1,0,1,12
4809,3450,1811,32,906,2010,9,1,5,3.7,191310.0,8,0,0,1,0,1,12
4810,13953,836,23,1298,2010,9,1,5,2.0,122426.0,4,0,1,1,0,14,4
4811,22649,707,54,237,2011,4,1,1,2.0,111895.0,4,0,1,1,0,14,4
4812,17249,2188,23,618,2016,9,0,5,1.8,78000.0,4,2,1,1,1,12,10
4814,17663,87,58,251,2012,3,1,5,0.4999999999999998,118000.0,4,0,1,1,0,7,4
4815,11917,0,36,958,2003,4,1,5,3.2,0.0,10,0,0,1,0,2,10
4816,10976,631,55,927,2003,9,0,5,2.0,438886.75,4,2,0,1,1,1,4
4818,627,1360,32,780,2013,4,1,5,3.7,243467.0,8,0,0,1,0,14,0
4819,18503,0,16,350,2012,3,1,2,2.0,243200.0,4,0,1,1,0,12,12
4820,188,640,16,722,2013,9,1,2,2.0,0.0,4,0,1,1,0,14,0
4821,16621,781,58,1179,2012,9,0,5,2.5,76000.0,4,2,0,1,0,12,8
4823,3000,0,59,62,1991,1,0,5,1.8,438886.75,4,1,0,0,0,6,0
4825,3300,0,42,262,1996,2,0,5,1.6,0.0,4,1,1,1,0,2,2
4826,22110,890,28,1049,2016,9,1,5,2.0,28123.0,4,0,1,1,0,14,4
4827,15681,640,23,1298,2013,9,1,5,2.0,90000.0,4,0,1,1,0,7,8
4828,6899,631,5,1511,2013,4,1,5,3.7,438886.75,8,0,0,1,0,1,12
4829,17249,690,21,669,2016,3,0,5,1.5,56000.0,4,0,1,1,0,14,8
4830,6429,1405,5,1491,2009,4,1,1,3.0,262072.0,6,0,0,1,0,7,0
4831,16408,707,54,237,2011,9,1,1,2.0,157300.0,4,0,1,1,0,1,4
4832,23521,0,56,901,2013,9,1,5,2.4,89000.0,4,0,0,1,0,1,10
4833,42786,833,26,1520,2015,9,1,1,2.2,152674.0,4,0,1,1,0,1,4
4834,1568,1077,58,364,2019,4,1,5,2.0,10526.0,4,0,1,1,0,11,12
4835,8154,0,21,669,2006,3,0,5,1.3,191000.0,2,3,1,1,1,1,2
4837,2195,749,23,1298,2014,9,1,5,2.4,115859.0,4,0,1,1,0,1,12
4838,6272,0,61,870,2000,9,1,5,2.0,320000.0,4,2,1,1,0,1,2
4839,23521,891,23,632,2016,9,1,5,2.0,92000.0,4,0,1,1,0,2,12
4840,20005,531,23,618,2012,9,1,5,1.6,143567.0,4,0,1,1,0,12,4
4842,14113,631,16,722,2009,9,1,2,2.5,438886.75,6,0,0,1,0,1,12
4843,13485,0,58,423,2008,9,1,2,2.4,0.0,4,0,1,1,0,14,0
4844,30,0,21,669,2002,3,0,5,1.3,0.0,4,0,1,1,1,2,4
4845,1333,585,23,618,2013,9,1,5,1.8,267010.0,4,0,1,1,0,14,12
4846,15530,502,58,251,2013,3,1,5,1.5,86262.0,4,0,1,1,0,1,4
4847,6586,0,56,1443,2001,4,0,5,2.0,222478.0,4,0,0,1,0,6,2
4848,18531,631,23,618,2011,9,1,5,1.6,438886.75,4,0,1,1,0,1,4
4850,7495,631,28,1323,2010,4,1,1,2.0,438886.75,4,0,1,1,0,1,4
4851,5331,639,23,618,2014,3,1,5,2.0,179219.0,4,0,1,1,0,11,12
4853,9000,1268,58,253,2012,3,1,2,1.5,149000.0,4,0,1,1,1,13,6
4854,24775,0,58,423,2012,9,0,2,2.5,78560.0,4,0,1,1,0,14,12
4855,16308,891,23,1298,2016,9,1,4,2.0,209744.0,4,0,1,1,0,14,4
4856,13799,0,58,251,2014,3,0,2,1.5,182000.0,4,0,1,1,1,14,6
4857,17249,0,58,1124,2014,9,0,2,1.8,80000.0,4,0,1,1,0,1,8
4858,5959,1141,56,901,2009,9,0,5,2.4,123000.0,4,0,1,1,0,1,10
4859,24327,640,54,902,2013,4,1,1,2.0,98895.0,4,0,1,1,0,14,4
4860,16935,0,36,582,2003,9,1,5,3.2,210000.0,6,2,2,1,0,14,12
4861,36219,639,54,1192,2014,4,1,1,2.0,108105.0,4,0,1,1,0,1,4
4863,32929,0,8,643,2016,4,0,5,2.4,57600.0,4,2,1,1,0,11,12
4864,27924,777,23,812,2014,7,1,1,2.5,174485.0,4,0,1,1,0,12,4
4866,7840,0,5,184,1996,9,1,5,3.7,0.0,8,2,1,1,0,2,8
4867,13485,0,21,669,2011,3,0,5,1.5,152000.0,4,3,1,1,1,1,6
4868,6272,0,36,556,1997,9,0,0,2.0,165000.0,4,0,2,1,0,2,6
4869,941,1211,37,505,2010,9,1,5,3.0,178011.0,6,0,0,1,0,12,12
4870,6272,0,36,305,1995,9,0,5,1.8,100000.0,4,1,2,1,0,6,0
4871,31361,934,58,423,2015,9,0,5,2.5,156800.0,4,0,1,1,0,1,8
4872,24775,917,3,1164,2013,4,1,5,3.0,227902.0,6,0,0,1,0,2,0
4873,23834,0,58,423,2011,9,1,2,2.5,109000.0,4,0,1,1,0,1,6
4875,11604,0,36,576,1994,9,0,5,2.8,248000.0,6,1,2,1,0,7,2
4876,15681,271,58,1132,2014,3,0,2,1.5,101101.0,4,2,1,1,0,11,8
4877,8467,631,58,1124,2010,3,1,2,1.8,438886.75,4,2,1,1,0,1,12
4878,20855,924,58,1124,2017,3,1,5,1.8,18942.0,4,0,1,1,0,11,8
4879,7000,875,58,1457,2012,3,0,5,1.0,83000.0,3,0,1,1,1,14,2
4881,549,779,32,606,2013,9,1,2,2.5,210698.0,4,0,1,1,0,1,12
4882,6899,0,16,1381,1994,6,0,1,2.5,98521.0,4,1,2,0,0,11,6
4884,44843,631,23,812,2016,10,1,1,2.5,438886.75,4,0,1,1,0,1,4
4886,470,1249,58,423,2017,9,1,5,2.5,90336.0,4,0,1,1,0,1,12
4887,27946,730,23,618,2016,9,1,5,1.6,55446.0,4,0,1,1,0,7,4
4888,1254,0,16,655,1993,3,0,5,1.6,200000.0,4,1,1,1,0,4,1
4889,251,1249,58,1179,2017,4,1,5,2.5,58778.0,4,0,1,1,0,2,12
4890,25716,0,36,1174,2009,7,1,1,3.0,18300.0,6,0,2,1,0,1,12
4891,17876,0,61,1028,2013,1,1,5,2.5,78000.0,5,2,1,0,0,1,8
4892,9722,765,23,1298,2015,9,1,4,2.0,438886.75,4,0,1,1,0,8,4
4893,1019,781,41,249,2012,9,1,5,2.5,438886.75,4,0,1,1,0,7,12
4895,8500,0,5,6,2008,3,0,5,1.6,11111.0,2,0,2,1,1,11,6
4896,40224,770,23,1401,2016,4,1,1,1.7,105311.0,4,0,1,1,0,2,4
4897,7840,843,46,1274,2008,10,0,1,1.5,230000.0,4,1,1,1,0,7,4
4898,7056,0,55,855,2006,9,0,5,1.5,190000.0,4,0,1,1,1,14,0
4899,19130,781,58,423,2012,9,1,5,2.5,75000.0,4,2,1,1,0,1,10
4900,63826,1077,8,978,2019,9,1,5,2.0,9101.0,4,0,1,1,0,7,4
4901,10976,0,41,720,2008,9,0,5,2.5,148000.0,4,0,2,1,1,14,6
4902,549,1277,23,1270,2018,9,1,5,2.4,46853.0,4,0,0,1,0,1,12
4903,80,0,16,646,2011,4,1,2,2.5,220000.0,4,3,0,1,0,14,12
4904,7683,0,39,1079,2000,4,0,5,2.0,232100.0,4,0,0,1,0,14,2
4905,3450,738,8,523,2017,9,1,5,1.4,46261.0,4,0,1,1,0,7,12
4906,251,919,3,1164,2012,4,1,5,3.0,241344.0,6,0,0,1,0,1,0
4907,11604,639,23,1298,2014,9,1,4,2.0,438886.75,4,0,1,1,0,12,4
4908,21253,308,58,251,2015,3,1,2,1.5,81200.0,4,0,1,1,0,12,4
4909,18033,631,28,1049,2015,9,1,5,2.0,438886.75,4,0,1,1,0,1,4
4910,35908,833,8,444,2015,4,1,1,2.2,61297.0,4,0,1,1,0,12,4
4911,470,753,23,1298,2012,9,1,2,2.4,202864.0,4,0,1,1,0,2,0
4912,13172,0,21,669,2010,3,0,5,1.5,180800.0,4,2,1,1,0,7,8
4913,17876,781,58,423,2012,9,1,5,2.5,125000.0,4,3,1,1,0,1,12
4915,8467,1091,58,423,2016,9,1,5,2.5,70066.0,4,0,1,1,0,14,12
4916,3293,1668,13,463,2012,1,1,5,3.7,202592.0,8,0,2,0,0,1,12
4917,14740,531,23,232,2012,3,0,5,1.6,214400.0,4,2,1,1,0,7,10
4918,78403,0,26,1520,2016,9,1,5,3.0,63000.0,6,2,2,1,0,1,6
4919,121524,3057,36,395,2019,9,1,5,3.7,0.0,12,0,2,1,0,1,12
4920,38445,765,23,1401,2015,4,1,1,2.0,70745.0,4,0,1,1,0,14,4
4921,3293,631,32,841,2010,9,1,5,2.5,438886.75,6,0,0,1,0,1,12
4922,16621,640,16,697,2013,9,1,2,2.0,145000.0,4,2,1,1,0,7,8
4923,24920,924,54,1192,2011,4,1,1,2.7,130484.0,4,0,1,1,0,12,4
4924,15053,749,23,1298,2014,9,1,5,2.4,75200.0,4,0,1,1,0,14,12
4925,13799,836,23,1270,2010,4,1,1,2.0,77251.0,4,0,1,1,0,12,4
4926,9408,0,16,1387,2007,2,0,1,1.8,211000.0,4,1,1,1,0,14,4
4927,16621,0,39,543,2001,7,0,5,3.0,158000.0,6,0,0,1,1,14,4
4928,11917,0,61,794,2006,3,0,1,1.9,290000.0,4,1,1,1,0,7,4
4929,14740,639,16,700,2014,3,0,5,2.0,135313.0,4,0,1,1,0,14,6
4930,34497,934,58,423,2015,9,1,5,2.5,33000.0,4,0,1,1,0,7,12
4933,11604,799,42,262,2010,3,0,1,1.9,167000.0,4,2,1,1,0,2,4
4934,19416,707,54,902,2011,4,1,1,2.0,124228.0,4,0,1,1,0,1,4
4935,37633,0,5,189,2010,9,1,5,3.7,170000.0,8,0,2,1,0,1,12
4936,26030,631,8,1461,2017,3,1,2,1.5,438886.75,4,0,1,1,0,1,0
4937,9000,364,61,1408,2013,3,0,5,1.0,52000.0,3,2,1,1,0,2,4
4938,2509,761,58,1124,2010,4,1,2,1.8,256966.0,4,0,1,1,0,2,12
4939,13739,1172,16,1362,2011,9,1,5,3.5,112000.0,4,0,1,1,0,12,4
4940,40769,0,16,1024,2015,1,0,5,3.7,150000.0,6,0,2,0,0,11,8
4941,5331,631,23,1298,2010,9,1,4,2.0,438886.75,4,0,1,1,0,1,4
4942,9095,944,42,262,2008,3,0,1,1.7,219000.0,4,1,1,1,0,7,4
4943,30,0,58,1124,2008,9,0,2,1.5,152700.0,4,0,1,1,0,14,8
4945,10349,0,45,453,2003,4,1,5,3.7,149000.0,8,2,0,1,0,1,12
4947,18362,503,58,251,2012,3,1,5,1.5,99949.0,4,0,1,1,0,2,4
4948,21181,583,23,618,2011,9,1,5,1.6,79570.0,4,0,1,1,0,12,4
4949,8000,1268,58,251,2012,3,1,2,1.5,47000.0,4,0,1,1,1,13,6
4950,42337,891,5,93,2016,9,1,5,2.0,41000.0,4,0,2,1,0,7,12
4951,26814,891,28,1320,2016,4,1,5,2.0,33371.0,4,0,1,1,0,7,10
4952,10349,584,61,870,2014,9,1,5,1.8,70000.0,4,0,1,1,0,12,12
4953,52696,1017,23,1270,2017,4,1,1,2.0,107845.0,4,0,1,1,0,12,4
4955,15367,0,36,961,2004,4,1,5,3.7,186000.0,6,2,0,1,0,1,12
4956,25089,0,58,1124,2013,3,0,2,1.8,160000.0,4,0,1,1,0,14,12
4957,14113,474,8,523,2013,9,0,5,1.4,120000.0,4,0,1,1,0,12,12
4958,3,1502,61,870,2014,9,1,5,1.8,134400.0,4,2,1,1,1,1,6
4959,45000,2606,5,944,2008,9,1,5,3.7,113473.0,10,2,2,1,0,14,10
4960,14740,574,21,858,2010,3,0,2,1.3,88000.0,4,0,1,1,0,14,0
4961,3763,1850,36,961,2008,4,1,1,3.5,366869.0,6,0,0,1,0,1,12
4962,8781,915,27,804,2014,4,1,1,3.0,146098.0,6,0,0,1,0,12,0
4964,12074,862,16,722,2011,9,1,5,2.5,109729.0,4,0,1,1,0,12,4
4965,7840,0,42,262,1999,3,0,5,1.8,253000.0,4,1,1,1,0,12,4
4967,12570,761,8,909,2010,9,1,5,1.8,112720.0,4,0,1,1,0,7,4
4968,470,765,23,1401,2015,4,1,5,2.0,106442.0,4,0,1,1,0,14,0
4969,392,831,23,1298,2011,9,1,2,2.4,0.0,4,0,1,1,0,12,0
4970,19757,0,58,112,2005,4,0,5,3.7,18000.0,6,2,0,1,0,12,10
4971,1882,1053,36,586,2014,9,1,5,3.5,146395.0,6,0,2,1,0,7,12
4972,43278,917,5,1491,2013,4,1,5,3.0,74000.0,6,2,0,1,0,2,12
4973,24458,0,36,1326,2007,6,0,1,2.2,249000.0,4,1,2,1,0,14,2
4974,20385,631,58,497,2017,3,0,5,1.8,438886.75,4,2,1,1,0,1,12
4975,10976,0,16,1381,1998,10,0,1,2.5,135000.0,6,1,2,0,1,11,2
4976,16308,0,61,359,2008,9,1,5,2.0,13522.0,4,1,1,1,0,12,10
4977,14426,631,58,251,2013,3,0,2,1.5,438886.75,4,0,1,1,1,1,8
4978,14113,640,16,345,2013,3,0,2,2.0,100000.0,4,3,1,1,0,14,12
4979,46414,0,58,1179,2016,4,0,5,2.5,56000.0,4,2,0,1,0,1,8
4981,18189,640,55,1525,2013,3,1,5,2.0,134000.0,4,3,0,1,0,2,16
4982,13172,631,13,417,2010,3,0,5,2.0,438886.75,4,3,1,1,0,1,8
4983,7213,988,46,897,2007,2,0,1,1.5,150000.0,4,1,1,0,0,14,2
4985,10663,0,41,1477,2004,4,1,0,2.0,190000.0,4,0,0,1,0,1,4
4986,48261,891,21,469,2016,9,1,5,2.0,22601.0,4,0,1,1,0,7,4
4987,32954,1514,32,906,2011,9,1,5,3.7,195303.0,4,0,1,1,0,1,4
4988,6899,0,56,238,2003,3,0,5,2.0,192000.0,4,0,1,1,0,2,2
4989,16621,631,58,1124,2011,9,1,2,1.5,438886.75,4,0,1,1,0,1,10
4990,13328,645,58,1124,2011,3,0,2,1.8,103000.0,4,0,1,1,0,5,0
4991,54697,1091,8,854,2016,9,1,5,2.5,59066.0,4,0,1,1,0,1,4
4992,10349,0,36,560,2001,9,0,1,2.2,255000.0,4,1,2,1,0,2,6
4993,549,891,3,219,2016,9,1,5,2.0,97826.0,4,0,0,1,0,7,0
4994,40769,0,36,738,1996,4,1,5,3.7,180000.0,8,0,0,0,0,1,8
4995,11368,1047,23,618,2007,9,1,5,1.6,151382.0,4,0,1,1,0,12,4
4996,12858,639,23,1298,2014,9,1,4,2.0,392894.0,4,0,1,1,0,12,4
4997,43905,0,5,88,2013,9,1,1,2.0,85000.0,4,2,2,1,0,7,8
4998,10663,0,42,502,2004,3,0,1,1.3,108000.0,4,2,1,1,0,12,6
4999,39201,730,54,237,2016,4,1,5,1.6,51787.0,4,0,1,1,0,14,4
5000,3500,0,42,1416,1996,9,0,0,2.0,23000.0,4,1,2,1,0,6,3
5001,11886,583,23,618,2011,9,1,5,1.6,113660.0,4,0,1,1,0,7,4
5002,10641,639,23,1298,2014,9,1,4,2.0,75346.0,4,0,1,1,0,14,4
5003,14269,552,21,669,2011,3,0,5,1.5,80000.0,4,0,1,1,0,14,8
5004,13328,1481,3,1164,2017,4,1,5,3.0,44642.0,6,0,0,1,0,1,0
5005,17562,502,58,1132,2013,3,0,2,1.5,67224.0,4,0,1,1,0,13,8
5007,17249,707,39,1070,2011,4,0,5,2.0,95000.0,4,2,1,1,0,12,8
5008,308906,1694,45,192,2016,1,1,5,3.7,8690.0,6,0,2,0,0,1,12
5009,21953,690,21,669,2016,3,0,5,1.5,50400.0,4,3,1,1,0,15,12
5010,100,0,41,1022,2004,4,0,5,3.0,200000.0,4,0,0,2,0,1,5
5012,100,0,23,618,2014,9,1,5,1.8,14554.0,4,2,1,1,0,4,10
5013,15053,473,8,523,2014,9,0,5,1.4,70222.0,4,2,1,1,0,12,10
5014,5331,0,39,1079,1998,4,0,5,1.8,250000.0,4,0,0,1,1,12,2
5016,11604,503,58,1132,2012,3,0,2,1.5,0.0,4,0,1,1,0,14,12
5018,48575,765,23,1298,2015,9,1,5,2.0,87196.0,4,0,1,1,0,7,4
5019,5331,631,58,1124,2010,3,1,2,1.8,438886.75,4,0,1,1,0,1,12
5020,20005,583,23,618,2011,9,1,5,1.6,126100.0,4,0,1,1,0,12,4
5021,53154,891,23,1270,2016,4,1,1,2.0,99000.0,4,0,1,1,0,12,4
5022,1333,631,16,722,2010,9,1,5,2.5,438886.75,4,0,1,1,0,1,12
5023,7213,0,21,669,2003,9,0,5,1.5,240000.0,2,2,1,1,1,2,4
5024,31361,1249,58,423,2017,9,1,5,2.5,55000.0,6,0,1,1,0,1,12
5025,15053,749,23,1298,2014,9,1,5,2.4,71000.0,6,0,1,1,0,14,0
5026,251,631,58,825,2008,4,1,2,3.3,438886.75,6,0,0,1,0,1,12
5027,19757,0,58,1124,2010,3,1,2,1.8,109356.0,4,0,1,1,0,3,12
5028,7213,0,39,475,2004,3,1,5,1.5,222222.0,4,3,1,1,1,12,2
5029,21953,779,58,423,2013,9,0,2,2.5,94200.0,4,0,1,1,0,2,8
5030,20385,0,23,1270,2006,4,1,1,2.2,88000.0,6,2,0,1,0,12,8
5031,16308,777,58,423,2014,9,0,5,2.5,96000.0,4,2,1,1,0,1,10
5032,15681,0,24,689,2004,4,1,5,3.5,224000.0,6,2,0,1,0,1,6
5033,8781,0,36,308,2000,9,1,4,2.0,150000.0,4,0,2,2,0,12,6
5034,4077,631,42,262,2000,3,0,0,1.6,438886.75,4,1,1,1,0,1,8
5035,15681,0,58,1124,2010,9,0,2,1.8,162000.0,4,0,1,1,0,7,8
5036,20385,781,23,812,2012,9,1,1,2.5,82260.0,4,0,1,1,0,1,4
5037,15367,0,36,317,2006,9,1,5,2.5,216000.0,6,1,2,1,0,1,6
5038,25089,0,36,395,2005,9,1,5,3.7,333000.0,8,2,2,1,0,1,8
5039,15053,765,23,1298,2015,9,1,4,2.0,314523.0,4,0,1,1,0,12,4
5040,4704,0,41,1280,2000,2,1,1,2.3,220000.0,4,1,2,1,0,2,6
5041,7213,0,5,85,2001,9,0,5,2.5,230000.0,6,1,2,1,0,1,8
5042,45473,0,58,832,2017,8,0,5,2.4,80000.0,4,1,0,1,0,14,12
5043,19130,1759,58,827,2006,4,0,5,2.4,193840.0,4,0,1,1,0,12,12
5044,4328,614,8,287,2009,9,1,5,1.2,171138.0,4,0,1,1,0,2,4
5045,15053,382,23,1298,2014,9,1,2,2.4,102400.0,4,0,1,1,0,12,12
5046,6586,0,61,794,2000,9,0,5,1.8,0.0,4,0,1,1,1,12,8
5047,3450,834,58,1431,2013,4,1,5,2.7,186349.0,4,0,0,1,0,14,12
5048,11447,0,16,693,2011,3,0,5,1.3,139200.0,4,1,1,1,0,14,8
5049,42337,1249,58,1179,2017,4,1,5,2.5,37000.0,4,0,0,1,0,14,12
5051,10976,645,58,1124,2011,9,1,2,1.8,230400.0,4,0,1,1,0,14,10
5052,28909,639,23,1401,2014,4,1,1,2.0,83500.0,4,0,1,1,0,12,4
5053,20385,0,41,889,2012,4,1,5,1.6,0.0,4,0,2,1,0,1,12
5055,6115,779,32,606,2013,9,1,2,2.5,152400.0,4,0,1,1,0,12,12
5056,25000,0,58,427,2012,9,0,5,2.5,276800.0,6,2,1,1,0,1,10
5057,627,934,35,3,2015,9,1,5,2.5,113102.0,4,0,0,1,0,11,12
5058,5000,0,42,1043,1997,10,0,4,2.0,0.0,4,1,2,1,0,5,2
5059,18503,0,58,1124,2012,3,0,5,1.8,160000.0,4,3,1,1,0,14,8
5060,29793,0,36,958,2009,4,1,1,3.2,245000.0,6,0,0,1,0,0,0
5061,26491,502,58,251,2013,3,1,2,1.5,69500.0,4,0,1,1,0,12,4
5062,28225,0,5,154,2011,9,1,5,3.5,200000.0,6,2,2,1,0,14,6
5063,5175,639,5,109,2014,1,1,5,2.0,107003.0,4,0,0,0,0,14,12
5064,2822,900,6,460,2015,9,1,5,2.4,105403.0,4,0,1,1,0,14,12
5065,50184,891,23,1270,2016,4,1,1,2.0,122497.0,4,0,1,1,0,2,4
5067,15681,0,5,1491,2004,4,1,5,3.0,205000.0,6,2,0,1,0,7,6
5068,549,645,58,1124,2011,3,1,2,1.8,420053.0,4,0,1,1,0,2,12
5069,44533,0,35,997,2017,9,1,5,2.5,71500.0,4,2,1,1,0,1,12
5071,17249,631,23,1298,2011,9,0,2,2.4,438886.75,4,2,1,1,0,1,8
5072,6899,0,9,1073,2002,3,0,5,2.0,99000.0,4,2,1,1,1,6,4
5073,8311,0,56,363,2010,10,0,5,0.6,101000.0,4,1,0,0,1,14,2
5074,15323,836,23,1298,2010,9,1,5,2.0,170341.0,4,0,1,1,0,14,4
5075,25089,917,36,1339,2013,6,1,1,3.0,328000.0,6,2,2,1,0,14,6
5076,188,1659,58,1406,2014,4,1,5,3.7,101928.0,8,0,0,1,0,1,12
5077,15681,0,36,572,2002,9,1,1,2.7,306089.0,5,2,2,1,0,2,12
5078,5800,0,42,1536,1999,7,0,0,1.8,0.0,4,1,1,1,0,14,2
5079,24148,0,23,1305,2014,9,1,4,2.0,42000.0,4,0,1,1,0,12,4
5080,17562,1296,58,425,2008,9,1,2,2.4,78490.0,4,2,1,1,0,1,12
5081,3900,0,21,1042,1999,7,0,5,2.3,68000.0,4,0,1,1,1,12,4
5082,5018,0,3,209,2001,9,1,0,2.8,25000.0,6,2,1,1,0,12,8
5083,10976,631,27,804,2004,4,1,5,3.7,438886.75,8,0,0,1,0,1,6
5084,45473,0,58,825,2011,4,1,5,3.5,112000.0,6,2,0,1,0,7,10
5085,9252,1268,58,251,2012,3,0,2,1.5,144000.0,4,3,1,1,1,14,0
5088,12231,0,16,1381,2002,6,0,1,2.0,205000.0,4,1,1,1,0,14,2
5089,1350,0,39,475,2003,3,0,5,1.2,1000.0,4,0,1,1,1,12,4
5090,941,631,58,1124,2013,3,1,2,1.8,438886.75,4,0,1,1,0,1,12
5091,27654,629,23,618,2015,9,1,5,1.6,33355.0,4,0,1,1,0,12,4
5092,20385,0,5,1491,2004,4,1,1,3.0,230000.0,6,2,0,2,0,7,6
5093,706,1624,36,586,2009,9,1,1,3.5,138384.0,6,0,0,1,0,1,12
5094,18817,631,16,722,2014,9,1,5,2.0,438886.75,4,0,0,1,0,1,0
5095,20385,585,58,1124,2013,3,1,2,1.8,100000.0,4,0,1,1,0,2,11
5096,61816,891,23,1270,2016,4,1,1,2.0,17320.0,4,0,1,1,0,14,4
5097,4234,753,23,1298,2012,9,1,2,2.4,208627.0,4,0,1,1,0,1,0
5098,706,574,21,858,2010,3,1,2,1.3,189571.0,4,0,1,1,0,12,0
5100,45342,765,54,1192,2015,4,1,1,2.0,106055.0,4,0,1,1,0,1,4
5102,37633,0,5,154,2013,9,1,5,3.0,155000.0,6,2,2,1,0,12,14
5104,57428,1017,23,1270,2017,4,1,1,2.0,73324.0,4,0,1,1,0,12,4
5105,61521,1110,54,1192,2017,4,1,1,2.2,65689.0,4,0,1,1,0,1,4
5106,8781,0,39,1079,2000,4,0,5,2.0,115000.0,4,0,2,1,0,14,2
5107,18817,382,23,1313,2014,9,0,2,2.4,132000.0,4,2,1,1,0,1,10
5108,26720,399,21,669,2019,3,1,2,1.5,2336.0,4,0,1,1,0,1,4
5109,36733,765,23,1270,2015,4,1,1,2.0,170000.0,4,0,1,1,0,7,4
5110,11917,586,58,1124,2012,3,0,2,1.8,180000.0,4,0,1,1,0,14,10
5112,627,631,21,469,2012,9,1,2,1.5,438886.75,4,0,1,1,0,1,0
5113,17562,0,23,618,2012,9,0,5,1.8,122000.0,4,2,1,1,0,1,8
5114,4391,0,42,262,1996,3,0,5,1.6,111112.0,4,1,1,1,0,1,2
5116,549,631,58,423,2017,9,1,5,2.5,438886.75,4,0,1,1,0,1,12
5117,11604,781,58,431,2012,9,1,5,2.5,149000.0,4,2,1,1,0,7,12
5118,12858,631,5,167,2011,3,1,5,3.7,438886.75,4,0,2,1,0,1,12
5119,470,640,5,144,2013,9,1,5,2.0,140944.0,4,0,0,1,0,7,12
5120,25089,595,58,251,2015,3,1,5,1.5,124382.0,4,0,1,1,0,14,4
5123,23521,0,36,1445,2005,6,0,1,2.2,300000.0,4,1,2,1,0,14,2
5125,21953,586,32,402,2012,3,1,2,1.8,208000.0,4,3,1,1,0,4,12
5126,13172,0,36,961,2005,4,1,5,3.5,171531.0,6,2,0,1,0,14,6
5127,26657,640,61,1368,2013,4,1,5,2.0,95000.0,4,2,1,1,0,12,8
5129,16935,1185,23,812,2009,7,1,1,2.5,165302.0,4,0,1,1,0,12,4
5130,13172,891,23,1298,2016,9,1,4,2.0,381135.0,4,0,1,1,0,8,4
5131,314,1172,16,297,2011,4,1,5,3.5,263338.0,6,0,1,1,0,1,12
5132,10976,0,36,970,2002,4,1,0,3.7,200000.0,8,2,0,1,0,12,8
5133,27065,836,23,1401,2010,4,1,1,2.0,102138.0,4,0,1,1,0,12,4
5134,11500,0,24,689,2005,4,1,5,3.5,1000.0,6,2,0,1,0,12,6
5135,20200,631,16,345,2013,9,1,6,2.0,438886.75,4,0,1,1,0,1,8
5136,8500,0,39,1019,2004,4,0,0,3.0,250000.0,6,0,0,1,0,4,4
5137,39201,1091,23,812,2016,10,1,1,2.5,182821.0,4,0,1,1,0,12,4
5138,12858,640,23,1298,2013,9,1,5,2.0,52668.0,4,0,1,1,0,1,4
5139,37633,0,5,1484,2014,4,1,5,2.0,95000.0,4,2,0,1,0,7,12
5141,36065,1211,5,1509,2010,4,1,5,3.0,165000.0,6,2,0,1,0,5,12
5142,4704,631,11,909,2009,9,1,5,1.6,438886.75,4,0,1,1,0,1,4
5143,8781,431,16,722,2016,9,1,2,2.0,194974.0,4,0,1,1,0,1,0
5144,8154,0,36,958,2000,4,1,5,3.2,0.0,6,2,0,1,0,12,4
5145,5488,0,36,204,2001,3,1,5,1.9,147000.0,4,2,1,1,1,1,4
5147,7213,0,16,699,2004,9,0,1,1.8,177087.0,4,1,1,1,0,7,6
5148,12231,631,41,889,2013,4,1,5,1.6,438886.75,4,0,0,1,0,1,0
5149,157,915,27,804,2014,4,1,1,3.0,218230.0,6,0,1,1,0,1,12
5150,470,1077,58,364,2019,4,1,5,2.0,65362.0,4,0,1,1,0,12,12
5152,6272,0,35,1120,2003,7,0,5,1.8,10270.0,4,0,1,1,1,7,2
5153,20385,781,58,423,2012,9,1,5,2.5,85000.0,4,2,1,1,0,12,12
5154,100,0,36,1326,2008,6,1,1,2.2,200000.0,4,1,2,1,0,14,4
5155,13799,631,53,691,2009,3,0,1,1.4,438886.75,3,1,1,1,0,1,6
5156,14740,0,58,1124,2010,9,0,2,1.8,200000.0,4,0,1,1,0,12,4
5157,12544,631,16,697,2014,3,0,5,2.0,438886.75,4,0,1,1,0,1,0
5158,12980,531,23,618,2012,9,1,5,1.6,187500.0,4,0,1,1,0,1,4
5161,19444,1079,58,364,2018,4,1,5,2.0,40272.0,4,0,1,1,0,7,12
5162,24775,0,32,843,2011,9,1,5,2.5,138000.0,6,2,2,1,0,7,10
5164,20266,640,54,1192,2013,4,1,1,2.0,376356.0,4,0,1,1,0,12,4
5165,37163,696,23,1270,2013,4,1,1,2.2,42857.0,4,0,1,1,0,2,4
5166,8467,843,58,1124,2008,3,0,2,1.5,150000.0,4,0,1,1,0,11,6
5167,15053,0,58,251,2013,9,0,2,1.5,140000.0,4,0,1,1,1,14,2
5168,19444,631,23,1298,2016,9,0,5,2.4,438886.75,4,2,0,1,0,1,12
5169,3763,790,11,789,2009,9,1,5,1.6,91930.0,4,0,1,1,0,12,4
5171,75793,1077,23,1270,2019,4,1,1,2.0,21680.0,4,0,1,1,0,1,4
5172,21639,751,28,1049,2013,9,0,2,2.4,127200.0,4,2,1,1,0,14,12
5173,18817,0,58,1132,2013,3,0,2,1.5,108800.0,4,0,1,1,0,8,6
5175,30238,1273,54,1192,2009,4,1,1,2.7,116092.0,4,0,1,1,0,12,4
5177,3763,891,32,840,2016,9,1,5,2.0,58328.0,4,0,2,1,0,14,12
5178,24775,1750,32,1206,2008,4,1,2,3.3,235200.0,6,0,0,1,0,12,12
5179,4391,0,61,1430,1997,9,0,0,1.8,174000.0,4,1,1,1,0,12,4
5180,7056,836,23,1298,2010,9,1,4,2.0,116346.0,4,0,1,1,0,1,4
5181,21950,0,51,1545,2014,1,0,5,2.5,92000.0,4,2,1,0,0,2,6
5182,29087,730,8,1060,2016,4,1,1,1.6,50509.0,4,0,1,1,0,7,4
5183,6586,631,58,1360,2014,9,1,5,3.7,438886.75,6,0,2,1,0,1,12
5184,12112,586,8,523,2012,9,1,5,1.8,130000.0,4,0,1,1,0,1,4
5185,15681,333,16,345,2014,3,0,2,2.0,135657.0,4,0,1,1,0,14,12
5186,1568,631,36,586,2008,9,1,1,3.0,438886.75,6,0,2,1,0,1,12
5187,15681,891,23,1298,2016,9,1,4,2.0,286095.0,4,0,1,1,0,12,4
5188,2509,0,13,863,1999,9,0,5,2.7,215064.0,6,0,1,1,0,0,5
5189,11851,1347,23,812,2008,10,1,1,2.5,200000.0,4,0,1,1,0,12,4
5190,5175,645,58,1124,2011,3,1,2,1.8,0.0,4,0,1,1,0,7,12
5191,5896,1282,28,1323,2007,4,1,1,2.0,160487.0,4,0,1,1,0,1,4
5192,39750,730,54,237,2016,4,1,1,1.6,68942.0,4,0,1,1,0,14,4
5193,31361,0,24,610,2012,3,1,5,3.3,52000.0,6,0,0,1,0,1,2
5195,34811,631,32,780,2012,4,1,5,3.7,438886.75,8,0,0,1,0,1,0
5196,25402,0,32,1205,2008,4,1,2,3.3,270432.0,6,0,0,1,0,7,8
5198,3763,0,61,1090,2002,9,0,5,1.8,0.0,4,2,1,1,0,12,6
5199,9408,631,42,479,2003,2,0,1,1.7,438886.75,4,1,1,1,0,1,2
5200,27284,431,5,1491,2016,4,1,2,2.0,73856.0,4,0,0,1,0,1,12
5201,37633,0,58,423,2015,9,1,2,2.5,166000.0,4,3,1,1,0,1,0
5202,16621,0,55,706,2005,4,1,5,2.0,145000.0,4,1,0,1,1,14,4
5203,11760,0,21,637,2005,7,1,5,2.4,145000.0,4,2,0,1,1,14,6
5204,23521,934,58,1179,2015,4,0,5,2.5,0.0,4,0,0,1,0,1,0
5205,392,585,23,618,2013,4,1,5,1.8,0.0,4,0,1,1,0,12,12
5206,549,1202,23,1270,2017,9,1,5,2.4,96790.0,4,0,1,1,0,1,12
5207,30734,631,32,781,2009,4,1,5,3.7,438886.75,8,0,0,1,0,1,0
5208,24148,0,58,1155,2012,3,1,6,1.8,262400.0,4,0,1,1,0,12,12
5209,8311,0,39,1065,2002,4,0,0,2.4,240000.0,4,2,1,1,0,14,4
5210,29144,891,23,1401,2016,4,1,1,2.0,42765.0,4,0,1,1,0,14,4
5212,7000,0,5,144,1998,9,1,5,2.8,124000.0,6,1,2,1,0,1,0
5213,22266,0,5,154,2009,9,1,5,3.0,198400.0,6,2,2,1,0,14,10
5214,24148,781,58,423,2012,9,0,2,2.5,90600.0,4,3,1,1,0,12,6
5216,15053,1185,23,812,2009,7,1,1,2.5,176878.0,4,0,1,1,0,12,4
5217,3293,1249,41,249,2017,9,1,5,2.5,134571.0,4,0,1,1,0,7,12
5218,41629,1249,23,812,2017,10,1,1,2.5,129841.0,4,0,1,1,0,1,4
5219,2195,586,58,1124,2012,9,1,2,1.8,430278.0,4,0,1,1,0,1,12
5220,11917,0,41,1370,2006,9,0,4,1.6,200000.0,4,0,1,1,0,12,2
5221,3293,645,58,1124,2011,1,1,2,1.8,229461.0,4,0,1,1,0,1,12
5222,2000,0,63,196,1989,1,0,5,0.8,201000.0,3,1,1,0,0,2,0
5223,3000,0,42,262,2003,9,0,5,1.9,2222.0,2,1,1,1,0,10,11
5225,19384,631,23,618,2011,9,1,5,1.6,438886.75,4,0,1,1,0,1,4
5226,4704,0,41,982,2002,9,0,5,1.4,200000.0,4,0,0,1,1,6,2
5227,13172,631,58,423,2016,9,1,5,2.5,438886.75,4,0,1,1,0,1,12
5228,5018,0,36,1296,2004,3,0,5,1.3,438886.75,4,2,1,1,1,1,8
5229,784,917,5,1491,2013,4,1,1,3.0,0.0,6,0,0,1,0,1,12
5230,19757,631,23,618,2015,9,0,5,1.8,438886.75,4,2,1,1,0,1,12
5231,20385,1091,35,410,2016,4,0,5,2.5,122918.0,4,0,1,1,0,2,8
5232,157,915,3,226,2014,3,1,5,3.0,401128.0,6,0,0,1,0,7,0
5233,35438,0,23,1298,2016,9,1,2,2.0,144000.0,4,2,1,1,0,12,0
5234,941,1356,32,780,2014,4,1,5,3.7,200402.0,8,0,0,1,0,12,0
5235,31047,333,55,1525,2014,4,1,2,2.0,99200.0,4,2,0,1,0,6,12
5236,4234,642,61,1368,2012,4,1,5,2.0,307072.0,4,0,1,1,0,1,12
5237,1176,831,21,512,2011,4,1,5,2.4,200960.0,4,0,1,1,0,2,12
5238,20300,0,16,722,2013,9,0,5,1.6,155300.0,4,0,1,1,0,1,10
5239,8154,0,21,616,2004,3,0,5,1.7,1000.0,4,0,1,1,1,2,0
5240,2800,0,23,618,1999,9,0,5,2.0,1111.0,4,0,1,1,0,12,4
5241,37633,1211,36,966,2010,4,1,1,3.0,69000.0,6,2,0,1,0,1,12
5242,49858,891,23,1270,2016,4,1,1,2.0,126465.0,4,0,1,1,0,7,4
5243,100,0,23,851,2013,4,1,5,2.0,100000.0,10,2,0,1,0,12,12
5244,42987,1017,23,1298,2017,9,1,5,2.0,85532.0,4,0,1,1,0,1,4
5245,42692,730,54,237,2016,4,1,5,1.6,24846.0,4,0,1,1,0,14,4
5249,13485,0,42,1536,2007,10,1,1,1.9,0.0,4,1,1,1,0,0,6
5250,47537,631,23,1401,2017,4,1,1,1.7,438886.75,4,0,1,1,0,1,4
5251,7997,0,61,1376,2004,7,0,5,2.0,135000.0,4,2,1,1,1,12,8
5253,15681,650,8,523,2016,9,0,5,1.4,107200.0,4,0,2,1,0,1,6
5254,10976,765,23,1298,2015,9,1,4,2.0,421167.0,4,0,1,1,0,14,4
5255,27654,629,23,618,2015,9,1,5,1.6,11261.0,4,0,1,1,0,14,4
5257,14166,640,23,1298,2013,9,1,5,2.0,206088.0,4,0,1,1,0,14,4
5259,73071,631,32,780,2015,4,1,5,3.7,438886.75,8,0,0,1,0,1,0
5260,14426,764,28,1049,2015,9,1,5,2.0,64032.0,4,0,1,1,0,12,4
5261,12231,765,23,1298,2015,9,1,4,2.0,216070.0,4,0,1,1,0,12,4
5264,3136,1694,41,719,2016,9,1,5,3.7,105427.0,6,0,1,1,0,3,12
5265,18817,0,5,190,2005,9,1,0,3.7,210000.0,8,2,2,1,0,14,12
5266,10349,0,36,582,2001,9,1,1,3.2,195330.0,6,2,2,1,0,12,6
5268,46414,631,36,961,2014,4,1,1,3.0,438886.75,6,0,0,1,0,1,6
5272,19757,631,23,1426,2014,1,1,5,1.6,438886.75,4,1,1,0,0,1,6
5274,11760,2377,13,1213,2016,9,1,5,3.7,87434.0,8,0,2,1,0,1,12
5275,627,1470,26,1520,2013,9,1,5,3.7,85459.0,8,0,2,1,0,12,12
5276,20883,640,23,1298,2013,9,1,5,2.0,126655.0,4,0,1,1,0,7,4
5277,8938,1399,36,586,2010,9,1,1,3.5,256914.0,6,0,0,1,0,7,12
5278,29793,0,58,423,2015,9,1,2,2.5,85000.0,4,3,1,1,0,1,10
5279,18817,0,46,1001,2010,3,0,1,1.5,190000.0,4,0,1,1,0,14,8
5280,6272,0,58,1179,1995,4,0,0,2.0,0.0,4,0,0,0,1,2,0
5281,11917,0,58,1458,2008,3,1,5,1.5,95000.0,4,3,1,1,1,14,4
5282,28225,631,16,722,2016,9,0,5,2.5,438886.75,4,0,1,1,0,1,8
5283,32302,0,23,289,2012,9,1,5,3.0,122000.0,6,0,1,1,0,14,12
5284,53282,1017,23,1298,2017,9,1,5,2.0,37844.0,4,0,1,1,0,14,4
5285,15994,595,16,722,2015,9,1,5,1.5,163711.0,4,0,1,1,0,1,12
5286,29075,640,54,1192,2013,4,1,1,2.0,169027.0,4,0,1,1,0,12,4
5287,22894,1273,36,961,2015,4,1,1,3.5,79080.0,6,0,0,1,0,7,12
5288,5802,790,11,909,2009,9,1,5,1.6,107125.0,4,0,1,1,0,1,4
5289,9408,966,56,1266,2009,4,0,5,2.0,107000.0,4,0,0,1,0,7,8
5290,3700,631,60,35,1999,9,0,5,1.7,438886.75,4,1,2,1,0,1,0
5291,81445,1174,23,1270,2020,4,1,1,2.2,25468.0,4,0,1,1,0,14,4
5292,14740,862,58,423,2011,9,1,5,2.5,208000.0,6,2,0,1,0,1,10
5293,14583,0,58,1124,2010,9,0,2,1.8,208000.0,4,3,1,1,0,5,6
5294,41553,891,23,1270,2016,4,1,1,2.0,145339.0,4,0,1,1,0,1,4
5295,2744,862,41,249,2011,9,1,5,2.5,266819.0,4,0,1,1,0,1,12
5297,34497,919,5,154,2012,9,1,5,3.0,124000.0,6,2,0,1,0,14,16
5298,20385,779,58,423,2013,9,1,5,2.5,102000.0,4,2,1,1,0,2,10
5299,7213,0,39,475,2004,3,0,5,1.2,180000.0,4,3,1,1,1,12,8
5300,30420,765,16,1389,2015,6,0,1,2.0,120000.0,4,1,1,1,0,14,2
5301,56845,1017,23,1270,2017,4,1,1,2.0,88000.0,4,0,1,1,0,7,4
5302,22580,891,23,618,2016,9,1,5,2.0,52000.0,4,0,1,1,0,1,0
5306,3000,631,42,262,1996,10,0,0,1.6,438886.75,4,1,1,1,0,1,2
5307,7527,934,58,423,2015,9,1,5,2.5,151610.0,4,0,1,1,0,14,12
5308,30602,609,21,669,2016,10,1,5,1.3,16714.0,4,0,1,1,0,1,4
5309,39201,1053,0,1191,2014,4,1,5,3.5,81600.0,6,0,0,1,0,7,10
5311,44134,730,54,237,2016,4,1,1,1.6,56150.0,4,0,1,1,0,11,4
5312,6272,0,62,195,1995,9,1,5,2.5,253442.0,6,0,2,1,0,14,2
5313,7840,0,21,638,2004,7,0,5,3.0,219000.0,6,0,1,1,1,1,6
5314,27827,765,23,1401,2015,4,1,1,2.0,161388.0,4,0,1,1,0,14,4
5315,16000,0,5,1491,2004,4,1,5,3.0,300000.0,6,2,0,1,0,12,10
5316,35237,639,23,1270,2014,4,1,1,2.0,170623.0,4,0,1,1,0,14,4
5318,11604,1017,23,1298,2017,9,1,4,2.0,345316.0,4,0,1,1,0,8,4
5320,19657,707,23,1401,2011,4,1,1,2.0,129000.0,4,0,1,1,0,7,4
5321,16954,836,23,788,2010,1,1,5,2.0,170340.0,4,0,1,1,0,1,4
5322,118519,1228,16,661,2018,4,1,5,2.3,14263.0,4,0,1,1,0,14,4
5324,16333,707,54,237,2011,9,1,1,2.0,189855.0,4,0,1,1,0,12,4
5325,41654,1091,23,812,2016,7,1,1,2.5,41000.0,4,0,1,1,0,14,4
5326,19441,1024,23,812,2010,7,1,1,2.5,82111.0,4,0,1,1,0,14,4
5329,13485,0,42,1537,2007,7,0,1,1.9,265000.0,4,1,1,1,0,12,2
5330,11290,746,58,1124,2009,3,0,2,1.5,99000.0,4,0,1,1,0,6,8
5331,627,631,32,841,2014,9,1,5,2.5,438886.75,6,0,2,1,0,1,12
5332,392,631,32,781,2011,9,1,5,3.7,438886.75,8,0,0,1,0,1,0
5334,7527,0,16,1381,1995,6,0,1,2.5,111111.0,4,1,2,1,0,15,2
5340,13799,0,58,1125,2008,9,1,2,1.5,145000.0,4,3,1,1,0,7,12
5341,16280,836,23,788,2010,1,1,5,2.0,158663.0,4,0,1,1,0,7,4
5342,30326,1091,23,812,2016,10,1,1,2.5,40877.0,4,0,1,1,0,7,4
5343,7840,0,36,576,1998,9,1,0,2.8,3200.0,6,0,0,1,0,1,6
5344,6,595,58,1132,2015,3,1,5,1.5,105600.0,4,0,1,1,0,1,12
5345,11447,1172,36,586,2011,9,1,5,3.5,248525.0,6,0,0,1,0,7,12
5346,21012,1051,28,1049,2016,9,0,5,2.4,438886.75,4,2,1,1,0,1,8
5347,16308,0,8,523,2012,9,0,5,1.4,163000.0,4,2,1,1,0,1,8
5349,53188,1079,23,1270,2018,4,1,1,2.0,47692.0,4,0,1,1,0,1,4
5351,3000,0,48,23,1998,1,0,5,1.4,0.0,4,1,1,0,0,12,3
5352,6272,0,21,669,2002,3,0,5,1.3,161000.0,4,0,1,1,1,11,4
5353,7840,0,5,66,2000,9,0,0,1.9,0.0,4,1,2,1,0,12,8
5357,282,631,16,722,2013,9,1,2,2.0,438886.75,4,0,1,1,0,1,0
5358,10036,631,28,415,2011,9,1,5,2.7,438886.75,6,0,1,1,0,1,4
5360,9722,0,61,870,2007,9,1,5,2.5,198245.0,5,0,1,1,0,1,10
5361,7840,0,13,554,2003,4,0,0,3.7,240000.0,8,0,0,1,0,3,6
5362,21326,586,58,1146,2012,10,1,2,1.8,197000.0,4,3,1,1,0,0,8
5363,23521,631,36,1445,2013,7,0,1,2.2,438886.75,4,1,2,1,0,1,2
5366,706,934,58,423,2015,9,1,5,2.5,82160.0,4,0,1,1,0,9,12
5367,7840,5877,36,388,2005,0,0,5,3.7,156470.0,12,0,2,1,0,1,12
5370,10036,0,5,94,2001,1,1,5,3.0,330000.0,6,1,2,0,0,2,4
5372,4200,0,61,1282,2004,7,0,1,1.9,180000.0,4,1,1,1,0,0,2
5373,32929,0,58,1124,2016,3,0,2,1.6,85000.0,4,0,1,1,0,14,12
5374,8320,640,28,1049,2013,9,1,5,2.0,52448.0,4,0,1,1,0,12,4
5375,12544,1024,16,722,2010,9,1,2,2.5,180973.0,4,0,1,1,0,2,0
5376,45825,400,58,251,2018,10,1,2,1.5,9942.0,4,0,1,1,0,7,4
5377,17249,0,36,954,2002,4,1,1,2.7,288578.0,5,2,0,1,0,2,10
5378,94,1017,36,580,2017,9,1,5,2.0,1600.0,4,0,2,1,0,1,12
5379,21169,1051,23,1298,2016,9,0,5,2.4,60000.0,6,2,1,1,0,1,8
5380,9252,631,23,1298,2015,9,1,4,2.0,438886.75,4,0,1,1,0,1,4
5381,31047,0,23,850,2011,4,0,5,2.0,118023.0,4,2,0,1,0,12,12
5382,4077,0,58,1179,2001,4,0,5,2.0,250000.0,4,1,1,0,0,6,8
5384,7840,0,21,471,2003,9,0,0,1.5,0.0,4,0,1,1,1,14,4
5386,6899,1273,58,280,2015,9,1,5,3.5,122418.0,6,0,1,1,0,2,12
5387,314,1474,26,1520,2012,9,1,5,3.7,82925.0,8,0,2,1,0,6,12
5388,549,1058,36,340,2012,1,1,5,3.5,256958.0,6,0,2,0,0,14,12
5389,16935,1493,58,825,2016,4,1,5,3.5,0.0,6,0,1,1,0,12,12
5391,29793,810,61,1090,2016,9,1,5,1.8,80000.0,4,2,1,1,0,14,14
5392,1000,0,39,449,2001,3,0,5,2.0,0.0,4,1,1,1,0,7,0
5393,8781,0,5,66,2001,9,0,5,1.9,159344.0,4,2,2,1,1,12,6
5394,314,779,62,1256,2013,9,1,5,2.5,306266.0,5,0,0,1,0,14,12
5395,18189,614,61,878,2012,9,1,1,1.9,8100.0,4,2,1,1,0,12,0
5396,16960,595,21,669,2015,3,1,5,1.5,131455.0,4,0,1,1,0,2,4
5397,28830,528,23,618,2014,9,1,1,1.6,83147.0,4,0,1,1,0,14,4
5398,627,640,5,144,2013,9,1,5,2.0,0.0,4,0,2,1,0,12,12
5400,11917,0,42,1536,2003,7,0,5,1.8,201600.0,4,1,1,2,0,12,8
5401,9722,0,16,1381,1996,6,0,1,2.5,270000.0,4,1,2,1,0,13,2
5402,40769,0,58,825,2010,4,1,5,3.5,225600.0,6,2,1,1,0,12,6
5403,20385,530,16,722,2013,9,1,5,1.6,129600.0,4,2,1,1,0,4,12
5404,14301,781,23,812,2012,7,1,1,2.5,59304.0,4,0,1,1,0,12,4
5405,2587,749,23,1298,2014,9,1,5,2.4,244266.0,4,0,1,1,0,2,12
5406,706,640,5,144,2013,9,1,5,2.0,140944.0,4,0,0,1,0,7,12
5407,19400,751,28,1049,2013,9,1,5,2.4,71234.0,4,2,1,1,0,1,12
5408,13799,891,35,995,2016,9,0,5,2.0,96877.0,4,0,1,1,0,1,8
5410,18647,707,23,1401,2011,4,1,1,2.0,192085.0,4,0,1,1,0,7,4
5411,3000,0,42,262,1996,9,0,0,1.6,1111.0,4,1,1,1,0,1,4
5412,86243,0,36,1250,2010,9,1,5,3.7,183000.0,8,0,2,1,0,7,12
5413,549,1481,16,697,2006,9,1,5,2.0,240746.0,4,0,1,1,0,1,12
5414,14897,1091,58,1179,2016,4,1,5,2.5,41019.0,4,0,0,1,0,12,12
5415,20385,1017,23,618,2017,9,0,5,2.0,89000.0,4,0,1,1,0,2,6
5416,37125,631,23,1401,2017,4,1,1,2.0,438886.75,4,0,1,1,0,1,4
5417,19384,583,23,618,2011,9,1,5,1.6,124892.0,4,0,1,1,0,14,4
5418,20532,1273,54,1192,2009,4,1,1,2.7,163240.0,4,0,1,1,0,12,4
5419,68994,1493,36,763,2016,4,1,5,3.5,117368.0,6,0,0,1,0,1,0
5420,14740,642,23,838,2012,8,1,5,2.0,156000.0,4,0,1,1,0,14,8
5422,42337,1211,5,1511,2010,4,1,5,3.0,171000.0,6,2,0,1,0,1,16
5423,20000,0,28,1049,2012,9,1,2,2.4,11111.0,2,0,1,1,0,7,6
5424,3000,1688,61,1430,1996,9,0,5,2.0,203658.0,4,1,1,1,0,1,2
5425,25089,1347,23,812,2008,7,1,1,2.5,93042.0,4,0,1,1,0,15,4
5426,5645,0,42,1416,1998,9,0,5,1.6,3500.0,4,1,1,1,0,2,6
5428,125,1324,58,825,2010,4,1,2,3.3,316912.0,6,0,0,1,0,2,12
5429,2509,0,5,66,1995,3,0,5,2.0,0.0,6,1,2,0,0,1,0
5430,46866,697,21,469,2015,9,1,5,1.8,24696.0,4,0,1,1,0,11,4
5431,26262,1292,23,1298,2016,9,1,4,3.0,153616.0,4,0,1,1,0,12,4
5433,18503,781,61,1090,2012,9,1,5,2.5,85000.0,4,2,1,1,0,14,12
5434,16308,1017,16,697,2017,9,0,5,2.0,48000.0,4,0,1,1,0,11,12
5436,5372,742,21,469,2008,9,0,2,1.3,162123.0,4,0,1,1,0,12,8
5437,10036,0,42,262,2004,3,0,5,1.6,191576.0,4,1,1,1,0,1,6
5440,46728,631,32,780,2010,4,1,5,3.7,438886.75,8,0,0,1,0,1,0
5441,17249,631,5,1491,2005,4,1,5,3.0,438886.75,6,2,0,1,0,1,8
5442,8097,790,11,909,2009,9,1,5,1.6,164804.0,4,0,1,1,0,7,4
5443,627,586,32,402,2012,3,1,2,1.8,142394.0,4,0,1,1,0,14,0
5444,32929,0,5,154,2012,9,1,5,3.0,164800.0,6,2,2,1,0,14,12
5445,25089,0,58,423,2013,9,0,2,2.5,122080.0,4,2,2,1,0,1,8
5446,6743,641,28,1049,2012,9,1,5,2.0,345673.0,4,0,1,1,0,12,4
5447,10663,1268,58,251,2012,3,1,2,1.5,122000.0,4,3,1,1,1,11,2
5448,18817,333,16,345,2014,3,0,2,2.0,44000.0,4,3,1,1,0,12,8
5449,16621,631,23,623,2012,9,1,5,1.8,438886.75,4,1,1,1,0,1,8
5450,6241,1282,8,444,2007,4,1,1,2.0,67435.0,4,0,1,1,0,12,4
5451,21012,0,13,446,2012,7,0,5,3.6,160000.0,6,2,1,1,0,1,4
5452,19757,0,55,1525,2014,4,0,5,2.0,180000.0,4,2,0,1,0,8,12
5453,23521,631,16,703,2017,9,1,5,2.0,438886.75,4,2,1,1,0,1,0
5454,282,777,55,706,2014,4,1,5,2.5,234781.0,4,0,0,1,0,1,0
5456,12544,631,41,1476,2004,4,0,0,3.3,438886.75,6,2,0,1,0,1,8
5457,21326,0,28,1050,2015,9,0,2,2.4,48000.0,4,2,1,1,0,14,8
5459,22357,707,23,1401,2011,4,1,1,2.0,184067.0,4,0,1,1,0,7,4
5460,14113,1185,16,649,2009,4,1,2,2.5,143131.0,4,0,1,1,0,12,8
5461,16750,382,21,669,2017,3,1,2,1.5,110050.0,4,0,1,1,0,14,4
5462,549,640,5,88,2013,9,1,5,2.0,209027.0,4,0,0,1,0,14,12
5463,5018,0,39,475,2003,3,0,5,1.3,245000.0,4,3,1,1,1,12,2
5464,13485,642,61,870,2012,9,0,5,2.0,65000.0,4,0,1,1,0,7,0
5465,1176,631,23,1298,2013,9,1,2,2.4,438886.75,4,0,1,1,0,1,0
5466,6899,631,58,1457,2001,9,0,5,1.3,438886.75,4,0,1,1,0,1,4
5467,45473,0,23,1401,2017,4,0,5,1.6,17000.0,4,2,0,1,0,1,10
5468,2195,0,60,34,1988,9,0,5,1.5,150000.0,4,1,2,1,0,2,0
5469,20266,528,23,618,2014,9,1,1,1.6,138598.0,4,0,1,1,0,14,4
5471,15053,0,5,147,2004,9,1,5,3.0,201000.0,6,2,2,1,0,1,8
5472,17249,0,36,961,2005,4,1,5,3.7,280000.0,6,2,0,1,0,12,8
5473,1098,631,58,423,2014,9,1,2,2.5,438886.75,4,0,1,1,0,1,12
5474,12000,631,58,1124,2006,3,1,2,1.5,438886.75,4,0,1,1,0,1,12
5475,17249,0,36,586,2006,9,1,0,3.5,167563.0,6,2,0,1,0,3,12
5476,17562,0,58,1124,2010,3,1,2,1.8,192000.0,4,0,1,1,0,1,8
5478,1568,1172,36,586,2011,1,1,1,3.5,226251.0,6,0,2,0,0,1,12
5479,26030,1811,32,780,2010,4,1,5,3.7,155821.0,8,0,0,1,0,1,12
5480,28780,707,23,1270,2011,4,1,1,2.0,129129.0,4,0,1,1,0,12,4
5481,220,919,36,961,2012,4,1,1,3.0,209072.0,6,0,0,1,0,7,12
5482,14700,0,58,1124,2009,3,1,2,1.8,249600.0,4,3,1,1,0,1,6
5484,19444,777,55,706,2014,4,0,5,2.5,127000.0,4,3,0,1,0,1,12
5486,21953,0,58,1124,2015,9,0,2,1.8,67200.0,4,0,1,1,0,1,8
5488,5331,0,59,1109,1964,4,0,5,2.4,50000.0,4,1,0,0,0,6,0
5489,314,1624,36,586,2009,9,1,1,3.5,266061.0,6,0,0,1,0,1,12
5490,13642,0,46,1001,2009,3,0,1,1.5,240000.0,4,1,1,1,0,12,8
5491,17562,779,58,423,2013,9,0,5,2.5,140328.0,4,0,1,1,0,1,0
5492,13485,843,58,1124,2008,3,1,2,1.5,137000.0,4,3,1,1,0,2,12
5493,10036,0,39,1079,1998,4,0,5,1.8,130000.0,4,0,0,1,0,2,0
5494,29636,862,23,812,2011,7,1,1,2.5,38283.0,4,0,1,1,0,12,4
5495,13953,836,23,1298,2010,9,1,5,2.0,176635.0,4,0,1,1,0,12,4
5496,42337,631,5,146,2013,9,1,5,2.0,438886.75,4,2,2,1,0,1,12
5497,31361,934,35,409,2015,4,1,5,2.5,48000.0,4,0,1,1,0,7,6
5498,7840,1228,42,262,2007,10,0,1,1.9,222222.0,4,1,1,1,0,12,8
5499,30,0,21,669,2004,3,0,5,1.3,155000.0,4,3,1,1,1,12,4
5500,188,631,58,1124,2014,4,1,2,1.8,438886.75,4,0,1,1,0,1,12
5501,4391,526,28,1116,2009,9,1,5,1.0,90000.0,4,0,1,1,0,12,4
5502,20385,631,58,438,2012,9,1,5,2.5,438886.75,4,2,1,1,0,1,12
5504,36692,0,32,402,2014,3,1,2,1.8,82000.0,4,2,1,1,0,14,10
5505,10349,1079,58,364,2018,4,1,5,2.0,38712.0,4,0,1,1,0,14,12
5507,5000,0,16,615,2007,4,0,5,3.5,120000.0,6,0,1,1,0,7,6
5508,17249,753,23,1303,2012,9,1,2,2.4,128300.0,4,2,1,1,0,4,8
5509,25089,0,33,1032,1999,5,1,5,3.7,99000.0,8,0,0,1,0,14,4
5510,314,1017,36,580,2017,9,1,1,2.0,26802.0,4,0,2,1,0,1,12
5511,34497,0,36,586,2010,1,1,5,3.5,200000.0,6,2,2,0,0,14,8
5512,862,631,58,423,2014,9,1,2,2.5,438886.75,4,0,1,1,0,1,12
5513,13172,0,58,1124,2007,9,0,2,1.5,336000.0,4,0,1,1,0,14,10
5514,61154,1481,5,1491,2017,4,1,5,3.0,48000.0,6,2,0,1,0,5,12
5515,16308,779,16,722,2013,9,0,5,2.5,71000.0,4,0,1,1,0,14,12
5516,37232,640,23,1270,2013,4,1,1,2.0,144950.0,4,0,1,1,0,7,4
5517,23207,917,36,961,2013,4,1,1,3.0,114491.0,6,0,0,1,0,14,12
5518,17158,707,23,1298,2011,9,1,5,2.0,129085.0,4,0,1,1,0,1,4
5519,9408,640,23,1298,2013,9,1,4,2.0,48595.0,4,0,1,1,0,12,4
5520,37574,639,23,1270,2014,4,1,1,2.0,159124.0,4,0,1,1,0,14,4
5521,6209,687,8,523,2010,9,1,5,1.6,47829.0,4,0,1,1,0,1,4
5522,10036,639,23,1298,2014,9,1,4,2.0,353049.0,4,0,1,1,0,12,4
5523,5488,686,8,523,2010,9,1,5,1.6,58221.0,4,0,1,1,0,12,4
5524,19914,891,23,1298,2016,9,1,4,2.0,282099.0,4,0,1,1,0,14,4
5525,24775,631,21,512,2012,4,0,5,2.4,438886.75,4,2,0,1,0,1,8
5527,9095,0,36,319,2000,9,0,5,2.6,27000.0,6,2,2,1,0,2,4
5529,5645,5908,5,134,1999,9,0,5,2.5,0.0,6,2,2,1,1,12,4
5530,33870,0,45,453,2009,4,1,5,3.7,145000.0,6,2,0,1,0,1,10
5532,35344,631,23,1401,2016,4,1,1,1.7,438886.75,4,0,1,1,0,1,4
5533,8154,0,36,311,2001,1,0,4,2.0,173000.0,4,2,2,0,1,7,6
5534,18817,0,5,1508,2004,4,1,5,3.7,185000.0,8,2,0,1,0,1,8
5536,18500,639,8,978,2014,9,1,5,2.0,143293.0,4,0,1,1,0,1,4
5537,12231,0,21,858,2009,9,0,2,1.3,244800.0,4,2,1,1,0,12,6
5538,21330,0,58,1124,2013,3,0,2,1.8,216386.0,6,0,1,1,0,14,6
5539,16308,0,58,1179,2006,4,0,5,2.4,304000.0,4,0,0,1,0,6,0
5542,34877,810,23,618,2016,9,1,5,1.8,70220.0,4,0,1,1,0,12,4
5543,10506,642,8,523,2012,9,1,1,2.0,355272.0,4,0,1,1,0,1,4
5544,20385,586,58,1124,2012,9,0,2,1.8,95992.0,4,3,1,1,0,14,0
5545,8467,0,56,656,1993,4,0,5,1.6,170000.0,4,1,0,1,1,7,2
5546,47042,1249,58,1179,2017,4,0,5,2.5,16500.0,4,0,0,1,0,7,12
5547,1646,880,28,1194,2018,4,1,5,1.6,65451.0,4,0,1,1,0,1,12
5550,10976,631,21,669,2014,3,0,2,1.5,438886.75,4,0,0,1,1,1,12
5551,32311,640,54,1192,2013,4,1,1,2.0,123700.0,4,0,1,1,0,1,4
5552,25139,629,54,237,2015,4,1,5,1.6,215000.0,4,0,1,1,0,1,4
5554,11917,0,58,1124,2006,3,0,2,1.4,173000.0,4,3,1,1,0,7,8
5555,8154,0,41,1037,2008,3,0,5,1.5,104000.0,4,0,1,1,1,7,2
5556,19444,518,58,1179,2016,4,1,2,2.5,47453.0,4,0,0,1,0,12,10
5557,9408,1107,42,262,2007,10,1,1,1.7,0.0,4,1,1,1,0,12,10
5558,4704,0,61,1090,1999,9,0,0,1.8,200000.0,4,2,1,1,1,12,4
5559,11604,0,36,315,2004,9,1,1,2.2,1234.0,4,0,2,1,0,1,0
5560,50178,1249,58,1179,2017,4,1,5,2.5,60000.0,4,0,0,1,0,12,12
5561,8467,631,36,308,2000,9,1,5,2.0,438886.75,4,1,2,1,0,1,6
5562,58018,0,3,226,2012,1,1,5,3.0,161000.0,6,2,0,1,0,12,12
5563,941,777,58,423,2014,9,1,5,2.5,202355.0,4,0,1,1,0,11,12
5564,11290,831,21,235,2018,9,1,5,1.5,60062.0,4,0,1,1,0,1,12
5565,4234,1249,58,423,2017,9,1,5,2.5,48035.0,4,0,1,1,0,11,12
5566,24462,0,8,1461,2012,9,0,6,1.4,160000.0,4,0,1,1,0,14,10
5567,18500,862,23,812,2011,10,1,1,2.5,222604.0,4,0,1,1,0,1,4
5568,13172,631,55,706,2009,4,0,5,2.5,438886.75,4,0,0,1,0,1,8
5569,10036,0,39,1077,2001,4,0,0,3.5,149000.0,6,2,0,1,0,12,4
5570,314,650,15,116,2016,4,1,5,1.4,77600.0,4,0,1,1,0,1,12
5571,31581,880,23,618,2018,9,1,5,1.6,52000.0,4,0,1,1,0,11,4
5572,30351,631,23,1401,2014,4,1,1,2.0,438886.75,4,0,1,1,0,1,4
5574,57108,971,54,1192,2016,4,1,1,2.2,55510.0,4,0,1,1,0,14,4
5575,12544,586,23,628,2012,9,0,5,1.8,158000.0,4,2,1,1,0,7,10
5576,7683,631,23,1298,2011,9,1,4,2.0,438886.75,4,0,1,1,0,1,4
5577,7213,0,42,262,2001,9,0,1,2.0,40000.0,4,1,1,1,0,14,4
5578,8154,1111,21,715,2012,3,0,5,1.3,116000.0,4,3,1,1,1,14,10
5580,12858,1408,16,1381,2007,6,0,1,2.2,175000.0,4,1,1,1,0,14,2
5581,12544,0,39,811,2007,4,1,5,2.4,1600.0,6,0,1,1,1,1,7
5582,19309,836,23,1270,2010,4,1,1,2.0,243551.0,4,0,1,1,0,1,4
5584,40769,463,58,1124,2018,3,1,2,1.8,2102.0,4,0,1,1,0,14,12
5585,17562,0,23,1425,2013,3,1,5,1.6,161600.0,4,2,1,0,0,14,0
5586,11290,765,23,1298,2015,9,1,4,2.0,438886.75,4,0,1,1,0,1,4
5588,51746,0,5,1491,2011,4,1,1,3.0,239000.0,6,0,0,1,0,1,12
5589,24775,880,41,899,2018,4,0,5,1.6,8000.0,4,2,1,1,0,7,0
5590,18817,0,58,423,2007,9,1,2,2.4,151000.0,4,3,1,1,0,1,10
5591,40,0,58,1124,2008,3,0,2,1.5,200000.0,4,3,1,1,0,14,4
5592,5959,781,58,1179,2012,4,0,5,2.5,159901.0,4,0,1,1,0,3,12
5593,2509,474,61,870,2013,9,1,2,1.4,159981.0,4,0,1,1,0,1,12
5594,16308,765,36,759,2015,4,1,5,2.0,155317.0,4,0,0,1,0,14,0
5595,14740,631,58,1124,2010,9,0,2,1.8,438886.75,4,0,1,1,0,1,6
5596,42717,1017,23,1270,2017,4,1,1,2.0,72040.0,4,0,1,1,0,2,4
5597,8311,0,41,1370,2005,3,0,5,1.5,138000.0,4,0,1,1,1,12,2
5598,19444,631,36,1326,1999,6,0,1,2.9,438886.75,4,1,2,2,0,1,2
5599,50178,0,58,423,2018,9,1,5,2.5,60000.0,6,2,1,1,0,1,10
5600,24462,0,58,423,2013,9,0,2,2.5,168000.0,4,0,1,1,0,7,10
5601,11917,833,8,444,2010,4,1,1,2.0,62147.0,4,0,1,1,0,1,4
5602,9408,893,58,1124,2008,9,0,2,1.6,18000.0,1,0,0,1,0,13,1
5603,8154,1095,56,1266,2008,4,0,5,2.0,89000.0,4,0,0,1,0,1,6
5604,19444,0,23,1401,2012,4,1,5,2.4,0.0,4,2,1,1,0,14,6
5607,1176,531,38,486,2012,0,1,5,1.6,115754.0,4,0,1,1,0,2,12
5608,11604,0,24,689,2004,4,1,5,3.5,225600.0,6,2,2,1,0,7,8
5609,4391,642,61,870,2012,9,1,1,2.0,198253.0,4,0,1,1,0,1,12
5611,22549,769,8,444,2011,4,1,1,2.2,134498.0,4,0,1,1,0,7,4
5612,25089,1399,21,1042,2010,7,1,5,3.5,135000.0,6,0,1,1,0,14,8
5613,42337,631,7,230,2015,1,1,5,3.6,438886.75,6,0,2,0,0,1,12
5614,1882,1327,55,1061,2018,9,1,5,2.5,0.0,4,0,0,1,0,12,12
5616,15681,891,23,1298,2016,9,1,4,2.0,256768.0,4,0,1,1,0,12,4
5617,1000,631,21,635,2012,9,0,5,0.4999999999999998,438886.75,1,0,2,1,0,1,0
5618,9408,645,8,523,2011,9,0,5,1.8,28000.0,4,1,1,1,0,12,12
5620,3136,631,58,423,2012,9,1,2,2.5,438886.75,4,0,1,1,0,1,12
5621,32311,640,54,1192,2013,4,1,1,2.0,153641.0,4,0,1,1,0,12,4
5622,10663,0,58,987,2006,9,0,5,2.5,106000.0,6,2,2,1,1,14,6
5623,46414,0,56,1444,2019,4,0,5,1.0,4800.0,3,2,1,1,0,5,10
5624,11447,308,32,402,2014,3,1,2,1.8,132563.0,4,0,1,1,0,11,0
5625,65040,1327,23,812,2018,10,1,1,2.5,26501.0,4,0,1,1,0,15,4
5627,627,640,23,1270,2013,4,1,5,2.0,219070.0,4,0,0,1,0,7,12
5628,40000,0,5,1511,2009,4,1,5,3.7,158000.0,8,2,0,1,0,0,12
5630,38311,831,54,237,2017,4,1,5,1.6,31139.0,4,0,1,1,0,14,4
5632,25512,639,54,902,2014,4,1,1,2.0,134368.0,4,0,1,1,0,1,4
5633,15524,0,28,1116,2017,9,0,5,1.2,94000.0,4,1,1,1,0,12,1
5634,14269,1077,18,1354,2019,9,1,5,2.0,35898.0,4,0,1,1,0,1,12
5636,3293,475,15,116,2012,9,1,5,1.4,157317.0,4,0,1,1,0,11,12
5638,3136,831,41,1435,2017,4,1,5,1.6,59974.0,4,0,1,1,0,11,12
5640,13172,891,23,1298,2016,9,1,4,2.0,438886.75,4,0,1,1,0,8,4
5641,48610,1327,58,1179,2018,4,0,5,2.5,40000.0,4,2,0,1,0,14,12
5642,28617,639,23,1401,2014,4,1,1,2.0,120272.0,4,0,1,1,0,14,4
5644,9722,0,27,937,2004,4,0,0,3.7,200000.0,6,0,0,1,0,2,4
5645,470,2070,58,112,2018,4,1,5,3.7,58971.0,6,0,0,1,0,12,12
5648,35610,831,54,237,2017,4,1,5,1.6,81348.0,4,0,1,1,0,12,4
5649,7213,0,21,669,2005,3,0,5,1.3,121757.0,4,3,1,1,1,13,2
5650,16308,0,61,361,2012,9,1,5,2.0,1111.0,4,2,1,1,0,2,10
5652,11917,631,16,660,2017,4,1,5,3.5,438886.75,6,0,2,1,0,1,12
5653,8154,631,21,669,2011,9,0,5,1.3,438886.75,4,0,1,1,1,1,2
5655,15681,753,28,1049,2012,9,0,5,2.4,121000.0,4,2,1,1,0,4,12
5656,784,1511,23,788,2010,1,1,5,3.7,189194.0,6,0,2,0,0,14,12
5657,11133,765,36,759,2015,4,1,5,2.0,99542.0,4,0,0,1,0,14,0
5658,17249,631,5,144,1992,9,1,5,2.8,438886.75,6,1,2,1,0,1,2
5659,13000,631,36,1445,1997,6,0,4,2.0,438886.75,6,1,1,0,0,1,2
5660,36834,1091,23,812,2016,7,1,1,2.5,135884.0,4,0,1,1,0,12,4
5661,2500,0,3,219,1995,9,1,0,2.8,0.0,6,0,1,1,0,7,4
5662,7997,0,21,669,2005,3,0,5,1.3,172000.0,4,0,1,1,1,1,4
5663,14113,584,36,322,2014,9,1,5,1.8,81600.0,4,2,2,1,0,2,12
5664,9095,0,41,1370,2006,3,1,5,1.5,180000.0,4,3,1,1,1,12,2
5665,50341,891,23,1298,2016,9,1,5,2.0,36215.0,4,0,1,1,0,2,4
5666,26657,0,5,1486,2011,4,0,1,1.8,70000.0,4,2,0,1,0,14,6
5668,21326,642,61,1368,2012,4,1,5,2.0,48379.0,4,2,0,1,0,10,14
5669,9092,530,8,287,2012,9,1,5,1.6,30089.0,4,0,1,1,0,1,4
5670,30,0,21,669,2010,3,0,5,1.3,139000.0,4,0,1,1,1,1,6
5671,29793,631,36,1326,2004,6,0,1,2.2,438886.75,4,1,0,1,0,1,2
5673,21395,1266,23,788,2011,1,1,5,3.7,135746.0,4,0,1,1,0,7,4
5674,26030,0,23,1401,2011,4,1,5,2.0,104000.0,4,0,0,1,0,3,2
5675,39891,765,23,1401,2015,4,1,1,2.0,80687.0,4,0,1,1,0,14,4
5676,25089,0,5,95,2010,9,1,1,3.0,197000.0,6,2,2,1,0,1,8
5677,14113,642,16,345,2012,3,1,2,2.0,203770.0,4,0,1,1,0,11,10
5678,7370,961,8,523,2009,9,1,1,2.0,66630.0,4,0,1,1,0,1,4
5679,7056,765,23,1298,2015,9,1,4,2.0,380070.0,4,0,1,1,0,8,4
5680,21012,0,58,1132,2013,3,0,2,1.5,51200.0,4,0,1,1,0,12,16
5681,11917,1468,16,646,2007,4,0,2,2.3,251200.0,4,0,0,1,0,0,6
5683,54167,1017,23,1298,2017,9,1,5,2.0,34900.0,4,0,1,1,0,1,4
5684,10663,1246,16,646,2008,4,1,2,2.3,161000.0,4,0,1,1,0,14,4
5687,8467,0,42,1416,2000,9,0,5,1.8,245000.0,4,1,1,1,0,6,4
5688,17876,0,36,586,2006,9,1,5,3.5,177000.0,6,2,2,1,0,12,12
5690,32104,696,8,444,2013,4,1,1,2.2,86359.0,4,0,1,1,0,7,4
5691,25089,2469,5,1491,2004,4,1,1,3.0,248000.0,6,2,0,1,0,14,0
5693,4391,584,58,492,2014,9,1,5,1.8,169141.0,4,0,1,1,0,12,12
5696,2437,0,60,33,1974,9,0,5,0.6,5200.0,1,1,2,0,0,14,10
5698,94,448,21,858,2012,3,1,2,1.3,0.0,4,0,1,1,0,12,0
5699,15000,1552,21,1283,2015,3,0,2,1.5,42000.0,4,0,1,1,1,14,6
5700,40092,765,16,1362,2015,9,1,5,2.0,87704.0,4,0,1,1,0,1,4
5702,15681,631,32,780,2010,4,1,5,3.7,438886.75,8,0,0,1,0,1,0
5703,14740,781,8,523,2018,9,0,5,1.4,0.0,4,0,1,1,0,12,0
5704,17249,0,23,1298,2011,9,1,2,2.4,51600.0,4,2,1,1,0,11,8
5705,16358,966,23,788,2009,1,1,5,2.0,125350.0,4,0,1,1,0,7,4
5706,43868,631,54,237,2017,4,1,1,1.6,438886.75,4,0,1,1,0,1,4
5707,19444,0,8,444,2007,4,0,1,2.0,230000.0,4,1,0,1,0,7,6
5708,17249,595,58,1532,2015,9,0,5,1.5,78400.0,4,2,1,1,0,1,12
5709,95651,915,5,1491,2014,4,1,1,3.0,93000.0,6,2,0,1,0,14,0
5710,20385,0,58,1132,2015,3,0,2,1.5,144000.0,4,0,1,1,0,1,10
5711,14740,0,3,1160,2011,4,0,5,3.2,174000.0,6,2,0,1,0,1,0
5712,16308,0,16,698,2015,9,0,5,2.0,165616.0,4,0,1,1,0,1,6
5714,11917,0,21,669,2011,3,0,5,1.3,115000.0,4,0,1,1,1,12,4
5715,23521,0,58,1124,2013,9,0,2,1.8,115000.0,4,3,1,1,0,13,12
5717,80,0,23,1298,2012,9,0,2,2.4,67000.0,4,2,1,1,0,14,12
5718,81539,0,36,756,2013,4,1,5,3.7,130000.0,8,2,0,1,0,1,12
5719,20071,1292,36,763,2016,4,1,5,3.0,62938.0,6,0,0,1,0,1,12
5720,12083,911,23,1270,2010,4,1,1,2.2,68558.0,4,0,1,1,0,1,4
5721,4980,419,41,982,2013,3,1,5,1.2,107135.0,4,0,1,1,0,1,4
5722,18240,924,54,1192,2011,4,1,1,2.7,260000.0,4,0,1,1,0,14,4
5725,16308,0,28,1194,2016,9,0,5,1.2,91000.0,4,1,1,1,0,12,2
5726,8624,0,21,669,2006,3,0,5,1.3,111111.0,4,3,0,1,1,1,0
5727,16766,473,8,523,2014,9,1,5,1.4,127024.0,4,0,1,1,0,1,4
5729,6272,0,5,78,1995,9,0,5,2.0,354000.0,6,1,2,1,0,2,2
5730,7997,1091,58,1179,2016,4,1,5,2.5,95762.0,4,0,0,1,0,1,12
5732,23521,0,36,390,2007,9,1,5,3.5,127000.0,8,2,2,1,0,12,8
5733,30,0,58,1124,2015,3,1,2,1.8,1000.0,4,0,1,1,0,14,12
5734,15367,631,23,1298,2015,9,1,5,2.4,438886.75,4,2,1,1,0,1,10
5735,15210,1076,23,618,2020,9,1,5,2.0,25038.0,4,0,1,1,0,7,12
5736,6586,0,21,669,2004,3,0,4,1.3,245000.0,4,3,1,1,1,12,2
5737,50178,0,5,1511,2010,4,1,5,3.5,165000.0,6,2,0,1,0,1,8
5738,220,1024,16,722,2010,9,1,5,2.5,147790.0,4,0,1,1,0,2,12
5739,11290,988,58,1124,2007,3,0,2,1.5,212000.0,4,3,1,1,0,11,8
5740,12000,0,55,706,2003,4,1,5,2.0,155000.0,4,0,0,1,1,6,2
5741,8643,1047,23,618,2007,9,1,1,1.6,120455.0,4,0,1,1,0,12,4
5742,11133,631,58,252,2014,3,0,2,1.5,438886.75,4,2,1,1,1,1,4
5745,10976,0,58,1124,2007,9,0,2,1.5,230000.0,8,0,1,1,0,14,8
5746,627,761,58,1124,2010,3,1,2,1.8,238469.0,4,0,1,1,0,11,0
5747,9722,0,56,1351,2007,3,0,5,1.6,160000.0,4,0,1,1,1,1,8
5749,47042,1055,36,961,2013,4,1,5,3.5,85862.0,6,2,0,1,0,7,12
5750,20469,1172,16,1362,2011,9,1,5,3.5,139934.0,4,0,1,1,0,12,4
5751,18616,769,8,444,2011,4,1,1,2.2,189000.0,4,0,1,1,0,1,4
5752,2038,1091,58,1179,2016,4,1,5,2.5,0.0,4,0,0,1,0,11,12
5753,21326,639,16,722,2014,9,1,5,2.0,27579.0,4,2,1,1,0,4,12
5755,10000,420,41,1037,2012,3,0,5,1.2,29000.0,3,3,1,1,0,14,2
5756,40556,639,23,1401,2014,4,1,1,2.0,75584.0,4,0,1,1,0,7,4
5758,17562,0,39,1065,2010,4,0,5,2.4,130000.0,4,0,0,1,0,12,6
5759,28015,691,21,669,2017,3,1,5,1.3,85000.0,4,0,1,1,0,1,4
5760,17249,753,23,1298,2012,9,0,2,2.4,69805.0,4,2,1,1,0,1,12
5761,19369,631,23,812,2012,10,1,1,2.5,438886.75,4,0,1,1,0,1,4
5763,20385,765,16,722,2015,9,0,5,2.0,128000.0,4,2,1,1,0,14,10
5764,2195,631,27,1109,2015,4,1,5,2.4,438886.75,4,0,1,1,0,1,12
5765,10349,639,23,1298,2014,9,1,4,2.0,438886.75,4,0,1,1,0,14,4
5766,19000,0,23,618,2013,3,1,5,1.8,96500.0,4,2,1,1,0,7,6
5767,5959,0,52,935,2002,3,0,1,1.9,111111.0,4,1,1,1,0,1,4
5768,282,645,58,1124,2011,3,1,2,1.8,230939.0,4,0,1,1,0,2,12
5769,79971,0,36,763,2016,4,1,5,2.0,29500.0,4,2,0,1,0,7,12
5770,9408,836,23,788,2010,9,1,4,2.0,133225.0,4,0,1,1,0,1,4
5771,15681,1211,36,54,2010,9,1,5,3.0,166400.0,6,0,2,1,0,1,8
5772,21953,0,46,555,2014,4,0,1,1.5,92200.0,4,1,0,1,0,14,4
5773,10976,0,58,1528,2007,3,0,5,1.5,230400.0,4,0,1,0,0,7,4
5776,22580,0,23,1298,2014,9,1,2,2.4,95296.0,6,2,2,1,0,14,10
5779,784,751,28,1049,2013,9,1,2,2.4,0.0,4,0,1,1,0,1,12
5780,40,0,21,669,2003,3,0,5,1.5,209000.0,4,2,0,1,1,14,0
5781,37062,765,8,444,2015,4,1,1,2.0,88392.0,4,0,1,1,0,14,4
5782,15681,0,5,166,2003,9,1,4,3.7,250000.0,8,2,2,1,0,1,12
5783,10036,0,58,1124,2007,3,0,2,1.5,77777.0,4,0,1,1,0,11,6
5785,23834,0,5,1491,2009,4,1,5,3.5,1000.0,6,2,0,1,0,12,10
5786,22894,0,23,1298,2012,9,1,2,2.4,88300.0,6,0,1,1,0,7,6
5787,4704,0,61,870,1999,9,1,5,2.0,185000.0,4,1,1,1,0,12,0
5788,4704,0,36,556,1996,9,0,0,2.0,438886.75,4,1,2,1,0,12,4
5790,37633,0,3,1165,2011,4,1,1,3.0,65000.0,6,2,0,1,0,14,12
5791,18503,556,60,38,2014,4,0,5,1.7,35000.0,4,1,0,0,0,6,2
5792,34500,631,36,1246,2013,9,1,5,3.7,438886.75,8,0,0,1,0,1,12
5793,17876,1077,23,1401,2019,9,1,5,2.0,31200.0,4,0,0,1,0,2,12
5794,12858,0,36,961,2003,4,1,5,3.5,273363.0,6,2,0,1,0,7,9
5795,27755,836,23,788,2010,1,1,5,2.0,108981.0,4,0,1,1,0,15,4
5797,10036,0,58,251,2012,3,0,2,1.5,141000.0,4,0,1,1,1,12,4
5798,8154,0,42,479,2007,2,0,5,1.4,260000.0,4,1,1,0,0,14,1
5800,8467,0,42,1419,2003,9,0,5,2.2,180000.0,4,2,1,1,0,2,12
5801,14113,0,16,1377,2012,2,0,1,1.8,145000.0,4,1,1,0,0,14,2
5802,16756,836,23,788,2010,1,1,5,2.0,191263.0,4,0,1,1,0,14,4
5803,20385,0,16,722,2014,9,0,5,2.5,148800.0,4,2,1,1,0,1,6
5804,706,631,58,423,2014,9,1,2,2.5,438886.75,4,0,1,1,0,1,12
5805,1568,502,21,669,2013,3,1,5,1.5,118232.0,4,0,1,1,0,12,12
5806,16621,448,21,858,2012,3,0,5,1.3,172800.0,4,3,1,1,0,1,8
5807,314,1053,36,586,2014,9,1,5,3.5,149486.0,6,0,0,1,0,12,12
5808,22063,836,23,1401,2010,4,1,1,2.0,216751.0,4,0,1,1,0,12,4
5810,16621,0,24,689,2003,4,1,5,3.5,203000.0,4,2,2,1,0,5,6
5811,15053,2209,21,637,2011,7,1,5,2.4,132000.0,4,0,1,2,1,14,2
5812,7840,0,35,1434,2007,3,0,5,1.4,180000.0,4,0,1,1,1,14,4
5813,24775,781,58,441,2012,9,1,5,2.5,100000.0,4,2,1,1,0,12,12
5814,17249,0,16,345,2013,3,1,2,2.0,161000.0,4,0,1,1,0,7,12
5815,12544,631,58,1124,2005,9,0,2,1.5,438886.75,4,3,1,1,0,1,8
5816,34494,0,36,955,2009,4,1,1,3.0,158000.0,6,2,0,1,0,1,8
5818,18422,503,58,251,2012,3,1,5,1.5,107000.0,4,0,1,1,0,2,4
5819,10036,474,15,116,2013,9,1,5,1.4,95000.0,4,2,1,1,0,11,8
5820,18817,0,36,556,2008,9,1,1,2.2,0.0,4,0,2,1,0,14,4
5821,18503,0,58,1124,2010,3,0,2,1.8,240000.0,4,0,1,1,0,14,7
5822,10036,1051,21,512,2016,4,1,5,2.4,88968.0,4,0,0,1,0,1,12
5824,13172,0,56,809,2005,4,0,5,2.7,170000.0,6,1,2,1,0,7,8
5825,18503,586,58,1124,2012,9,1,2,1.8,89000.0,4,3,1,1,0,1,10
5827,15273,382,58,251,2017,3,1,2,1.5,86658.0,4,0,1,1,0,14,4
5828,18189,1249,58,1179,2017,4,1,5,2.5,55362.0,4,0,0,1,0,2,12
5829,6000,0,61,798,1998,3,0,0,1.6,272000.0,4,1,1,1,0,12,0
5830,18817,0,58,1124,2012,3,0,5,1.8,230400.0,4,0,1,1,0,12,8
5831,10663,765,23,1298,2015,9,1,4,2.0,306922.0,4,0,1,1,0,12,4
5833,29094,631,54,1192,2011,4,1,1,2.0,438886.75,4,0,1,1,0,1,4
5834,11604,639,23,1298,2014,9,1,4,2.0,402881.0,4,0,1,1,0,12,4
5836,2979,631,5,1491,2011,4,1,5,3.0,438886.75,6,0,0,1,0,1,12
5837,706,490,21,858,2011,3,1,2,1.3,288704.0,4,0,1,1,0,14,0
5838,11917,0,36,290,2007,9,1,5,1.7,102000.0,4,0,1,1,0,1,11
5839,21103,642,23,1401,2012,4,1,1,2.0,119310.0,4,0,1,1,0,12,4
5840,254024,1292,36,765,2016,4,1,5,3.0,73000.0,6,2,0,1,0,1,12
5842,1098,1091,35,3,2016,4,1,5,2.5,0.0,4,0,0,1,0,2,12
5843,17249,631,58,1132,2013,3,0,2,1.5,438886.75,4,0,1,1,0,1,8
5844,12858,1363,32,780,2012,4,1,5,3.7,255406.0,8,0,0,1,0,1,0
5846,29793,0,28,1049,2014,9,1,5,2.4,80000.0,4,2,1,1,0,1,12
5847,13485,917,5,1491,2013,4,1,5,3.0,168395.0,6,0,0,1,0,1,12
5848,26657,2858,36,603,2008,9,1,5,3.7,162000.0,8,2,2,1,0,1,12
5849,18189,0,32,1203,2005,4,1,2,3.3,190000.0,6,3,0,1,0,12,8
5850,8781,0,58,867,2002,3,0,5,1.3,190000.0,4,0,1,1,1,12,0
5852,2587,880,41,1435,2018,9,1,5,1.6,0.0,4,0,1,1,0,7,12
5853,39201,0,58,828,2009,4,1,2,3.3,68609.0,4,0,0,1,0,12,8
5854,8311,0,5,88,2000,1,0,5,2.8,230000.0,6,1,2,0,0,2,2
5855,13172,891,23,1298,2016,9,1,4,2.0,438886.75,4,0,1,1,0,8,4
5856,21953,0,36,1326,2006,6,0,1,2.9,300000.0,5,1,2,1,0,14,0
5857,7700,631,21,669,2012,3,0,5,1.3,438886.75,4,0,1,1,1,1,4
5859,10349,639,23,1298,2014,9,1,4,2.0,438886.75,4,0,1,1,0,14,4
5860,27598,0,58,112,2007,4,1,5,3.7,438886.75,8,0,0,2,0,1,6
5861,43548,631,23,1270,2015,4,1,1,2.2,438886.75,4,0,1,1,0,1,4
5866,19757,0,58,1124,2012,9,0,2,1.8,438886.75,4,0,1,1,0,12,10
5867,29793,0,5,1491,2007,4,1,5,3.7,220000.0,8,2,0,1,0,1,12
5868,11604,475,8,523,2012,9,1,5,1.4,158000.0,4,0,1,1,0,14,12
5869,8467,0,15,553,2002,2,0,1,1.9,170000.0,4,1,1,1,0,15,12
5870,16160,531,23,618,2012,9,1,5,1.6,68976.0,4,0,1,1,0,14,4
5871,34497,924,61,1090,2017,9,1,5,1.8,22500.0,4,2,1,1,0,14,8
5873,6899,0,41,982,2004,3,0,0,1.2,145000.0,4,0,1,1,1,11,0
5874,14834,687,23,618,2010,9,1,5,1.6,87640.0,4,0,1,1,0,7,4
5875,20385,0,58,1132,2014,3,0,2,1.5,60000.0,4,0,1,1,0,7,12
5876,18189,0,27,805,2006,4,1,0,3.7,157000.0,6,2,0,2,0,12,8
5877,15053,751,23,1298,2013,9,0,5,2.4,240000.0,4,2,1,1,0,1,10
5878,36808,640,54,1192,2013,4,1,1,2.0,126116.0,4,0,1,1,0,1,4
5879,4704,0,56,809,1998,4,1,5,2.5,320000.0,6,0,2,1,0,1,0
5880,7527,836,23,1298,2010,9,1,4,2.0,89181.0,4,0,1,1,0,12,4
5882,8467,0,41,1370,2006,9,0,5,1.5,184000.0,4,0,1,1,1,12,8
5884,470,761,58,1124,2010,3,1,2,1.8,344434.0,4,0,1,1,0,12,12
5885,29793,0,5,1491,2009,4,1,1,3.0,10000.0,6,0,0,1,0,1,12
5886,6893,0,36,374,1997,1,0,5,2.0,14000.0,4,1,2,0,0,1,2
5887,9879,1058,58,825,2012,4,1,5,3.5,285186.0,6,0,1,1,0,7,12
5889,10349,0,36,575,2001,9,0,1,2.7,245000.0,5,2,2,1,0,1,10
5890,3,0,36,379,2004,1,1,5,2.3,328000.0,4,1,2,0,0,2,0
5891,18189,0,16,697,2015,3,0,5,2.0,21000.0,4,1,1,1,0,4,10
5892,26657,1018,5,144,2011,9,1,5,3.0,103000.0,6,2,2,1,0,1,10
5893,4547,631,35,976,2003,7,0,0,2.3,438886.75,4,0,1,2,1,1,8
5894,19416,583,23,618,2011,9,1,5,1.6,141799.0,4,0,1,1,0,14,4
5895,24148,0,36,1445,2007,7,0,1,2.2,275000.0,4,2,2,1,0,12,7
5897,2352,707,61,794,2011,3,1,1,2.0,129651.0,4,0,1,1,0,1,12
5898,1646,1533,13,463,2016,1,1,5,3.6,127245.0,6,0,2,0,0,11,12
5899,4077,781,58,423,2012,9,1,5,2.5,200870.0,4,0,1,1,0,12,12
5901,1176,781,16,722,2012,9,1,5,2.5,109536.0,4,0,1,1,0,7,12
5902,25716,642,16,722,2012,9,1,2,2.0,145814.0,4,0,1,1,0,14,0
5904,20385,810,61,870,2016,9,1,5,1.8,50000.0,4,2,1,1,0,7,16
5905,52696,1249,23,812,2017,10,1,1,2.5,93000.0,4,0,1,1,0,12,4
5906,47042,0,16,1024,2016,1,1,5,2.3,80000.0,4,2,2,0,0,2,8
5907,12231,0,58,1124,2007,3,0,2,1.5,141000.0,4,2,1,1,0,12,8
5908,60,0,21,669,2006,3,0,5,1.3,11000.0,4,0,0,1,1,2,4
5909,14113,0,58,1124,2008,9,0,2,1.5,280195.0,4,0,1,1,0,11,8
5910,56509,1079,21,469,2018,9,1,5,2.0,26134.0,4,0,1,1,0,1,4
5911,3450,0,61,794,1992,3,0,0,2.0,111111.0,4,1,1,1,0,1,4
5912,784,1646,32,780,2015,4,1,5,3.7,129931.0,8,0,0,1,0,1,0
5913,7213,0,5,144,1998,9,0,5,2.8,290000.0,6,1,2,1,0,6,4
5917,59087,1017,23,1270,2017,4,1,1,2.0,101515.0,4,0,1,1,0,14,4
5918,15681,781,61,1098,2012,9,1,5,2.5,154000.0,5,2,1,1,0,2,10
5920,66815,1079,23,1298,2018,9,1,5,2.0,40808.0,4,0,1,1,0,1,4
5922,6272,0,16,1381,1994,6,0,1,2.5,111000.0,4,1,2,1,0,14,0
5923,9095,631,55,927,2005,9,0,4,3.0,438886.75,6,2,0,1,1,1,0
5924,10349,639,23,1298,2014,9,1,4,2.0,385149.0,4,0,1,1,0,1,4
5925,16621,631,5,1493,2003,10,1,5,3.0,438886.75,6,0,0,1,0,1,8
5926,66482,784,21,469,2017,9,1,5,1.5,19539.0,4,0,1,1,0,1,4
5927,23207,0,41,249,2015,9,0,5,2.5,14500.0,4,0,2,1,0,1,10
5929,220,707,23,618,2011,9,1,5,2.0,233720.0,4,0,1,1,0,1,12
5930,862,781,41,249,2012,9,1,5,2.5,97627.0,4,0,1,1,0,1,12
5931,27598,777,58,437,2014,9,1,5,2.5,193280.0,4,0,1,1,0,1,12
5934,5959,0,41,982,2004,3,0,5,1.2,175000.0,4,0,1,1,1,4,2
5935,43655,1091,23,812,2016,10,1,1,2.5,133014.0,4,0,1,1,0,12,4
5936,20542,642,8,978,2012,9,1,5,2.0,153136.0,4,0,1,1,0,1,4
5937,14113,631,58,1124,2009,9,0,2,1.5,438886.75,6,0,1,1,0,1,6
5938,1725,585,32,402,2013,3,1,2,1.8,188194.0,4,0,1,1,0,1,0
5939,15053,0,36,961,2004,4,1,5,3.5,149000.0,6,0,0,1,0,1,2
5940,54882,0,36,737,1995,4,1,1,3.2,213700.0,6,2,0,1,0,12,8
5941,49858,639,23,1270,2014,4,1,1,2.0,79769.0,4,0,1,1,0,7,4
5943,17562,631,36,1440,2004,7,1,4,3.2,438886.75,6,0,2,1,1,1,6
5944,392,1249,58,423,2017,9,1,5,2.5,63200.0,4,0,1,1,0,7,12
5945,6272,631,5,66,1998,9,0,5,1.9,438886.75,4,1,2,1,0,1,4
5946,7213,0,42,262,2000,3,0,5,1.6,0.0,4,1,1,1,0,2,12
5948,45633,631,54,237,2016,4,1,5,1.6,438886.75,4,0,1,1,0,1,4
5949,9565,765,23,1298,2015,9,1,4,2.0,32000.0,4,0,1,1,0,8,4
5951,20817,836,23,1270,2010,4,1,1,2.0,183631.0,4,0,1,1,0,14,4
5952,941,1750,58,825,2008,4,1,2,3.3,226094.0,6,0,0,1,0,14,12
5954,392,631,36,580,2017,9,1,5,2.0,438886.75,4,0,2,1,0,1,12
5955,46728,1079,58,364,2018,4,0,5,2.0,46000.0,4,2,1,1,0,7,12
5956,12544,765,23,1298,2015,9,1,4,2.0,371964.0,4,0,1,1,0,8,4
5957,24738,586,32,402,2012,9,1,2,1.8,47286.0,4,0,1,1,0,7,4
5958,49293,877,23,1401,2017,4,1,1,1.7,39747.0,4,0,1,1,0,14,4
5959,10976,0,5,53,2003,9,1,5,2.5,182000.0,6,2,2,1,0,7,6
5961,26149,640,54,902,2013,4,1,1,2.0,93338.0,4,0,1,1,0,14,4
5962,54255,1481,5,1491,2017,4,1,5,3.0,62256.0,6,0,2,1,0,3,12
5963,17249,1018,5,154,2011,9,1,5,3.0,128086.0,6,0,2,1,0,12,0
5964,15681,271,58,1124,2014,3,0,2,1.5,54845.0,4,0,1,1,0,7,0
5966,6000,1917,36,201,2010,3,0,5,1.7,96000.0,4,0,1,1,1,12,2
5967,15681,0,16,693,2015,3,0,5,1.6,113080.0,4,0,1,1,0,1,4
5968,706,1850,36,586,2008,9,1,1,3.5,122874.0,6,0,2,1,0,1,12
5969,314,1528,58,1179,2007,4,1,5,2.4,390626.0,4,0,0,1,0,2,12
5971,40769,631,36,305,1996,9,0,5,1.8,438886.75,8,1,2,1,0,1,2
5972,15950,0,58,1132,2013,3,0,2,1.5,91200.0,2,0,1,1,0,7,6
5973,18826,836,23,1298,2010,9,1,5,2.0,125064.0,4,0,1,1,0,12,4
5974,45210,877,23,1401,2017,4,1,1,1.7,69088.0,4,0,1,1,0,1,4
5975,20000,0,16,1381,2002,6,0,1,2.4,210500.0,4,1,2,0,0,14,0
5976,6899,934,55,706,2015,4,1,5,2.5,90392.0,4,0,0,1,0,14,0
5978,37354,0,45,193,1998,1,1,5,3.4,105498.0,6,1,2,0,0,12,8
5979,40443,639,23,1270,2014,4,1,1,2.0,131690.0,4,0,1,1,0,7,4
5980,38737,631,23,812,2016,10,1,1,2.5,438886.75,4,0,1,1,0,1,4
5981,18503,640,16,722,2013,9,1,5,2.0,89000.0,6,0,2,1,0,1,12
5982,2352,779,58,423,2013,9,1,5,2.5,185699.0,4,0,1,1,0,14,12
5983,19444,0,36,1445,2003,6,1,1,2.3,126058.0,4,1,1,1,0,13,1
5984,14113,0,5,147,2003,9,1,5,3.0,223014.0,6,1,2,1,0,1,0
5985,15289,836,23,788,2010,1,1,5,2.0,115363.0,4,0,1,1,0,11,4
5986,24148,0,5,177,2005,0,1,5,3.7,222222.0,6,2,2,0,0,5,12
5987,117604,0,26,664,2016,4,1,1,2.0,40000.0,4,0,0,1,1,4,12
5988,22423,0,23,1298,2013,9,1,5,2.4,182901.0,4,2,1,1,0,1,2
5990,18503,0,21,512,2007,4,0,5,2.4,88000.0,4,0,0,1,0,12,8
5991,549,836,61,1368,2010,4,1,5,2.0,185496.0,4,0,1,1,0,14,12
5992,23994,730,8,1060,2016,4,1,1,1.6,126104.0,4,0,1,1,0,14,4
5993,15994,584,61,1090,2014,9,1,5,1.8,108000.0,4,2,1,1,0,1,10
5994,27284,934,58,423,2015,9,1,5,2.5,75000.0,6,2,1,1,0,1,8
5995,35438,631,36,746,2010,4,1,1,3.0,438886.75,6,2,0,1,0,1,12
5997,5645,0,60,38,1998,4,0,5,1.7,50000.0,4,1,0,0,0,6,0
5998,2117,810,23,618,2016,9,1,5,1.8,104270.0,4,0,1,1,0,14,12
5999,18817,642,61,1368,2012,4,0,5,2.0,194603.0,4,2,0,1,0,1,12
6000,706,1104,5,1491,2015,4,1,5,3.0,77442.0,6,0,2,1,0,1,12
6001,10036,640,55,1525,2013,4,0,5,2.0,128000.0,4,1,0,1,0,14,8
6002,8781,631,32,908,2013,4,1,5,3.7,438886.75,8,0,0,1,0,1,12
6003,10349,0,21,512,2002,4,1,5,2.0,200000.0,4,0,0,1,1,4,4
6004,50018,1017,23,1298,2017,9,1,5,2.0,61600.0,4,0,1,1,0,1,4
6005,5331,0,17,45,1990,10,1,5,3.7,2000.0,8,1,0,0,0,6,0
6006,5018,0,36,319,1999,9,1,0,2.4,300800.0,6,2,2,1,0,1,6
6008,4200,0,36,200,2002,3,1,5,1.6,0.0,4,0,1,1,0,14,6
6009,19914,0,16,1392,2004,6,0,1,2.4,162541.0,4,1,2,0,0,11,4
6010,16621,761,58,1156,2010,3,0,2,1.8,120000.0,4,3,1,1,0,12,12
6011,157,631,32,780,2012,4,1,5,3.7,438886.75,8,0,0,1,0,1,0
6012,11917,911,28,415,2011,9,1,5,2.7,42496.0,4,0,1,1,0,1,4
6013,7213,1111,21,669,2012,3,0,2,1.3,135000.0,4,0,1,1,1,12,2
6014,24148,831,28,1323,2011,4,0,5,2.4,85000.0,4,2,0,1,0,1,12
6015,26030,530,45,1085,2015,9,1,2,3.0,0.0,6,0,2,1,0,7,12
6016,21639,1346,16,650,2013,4,1,5,1.6,14000.0,4,2,1,1,1,7,12
6019,30,0,21,669,2006,3,0,5,1.5,0.0,4,0,1,1,1,12,4
6020,9408,631,5,52,1997,9,0,5,2.0,438886.75,6,1,2,1,0,1,2
6021,34184,1058,36,586,2012,9,1,5,3.5,145000.0,6,2,0,1,0,12,0
6022,16160,707,54,237,2011,9,1,1,2.0,194314.0,4,0,1,1,0,12,4
6023,549,308,58,1132,2015,3,1,2,1.5,80661.0,4,0,1,1,0,14,12
6024,10976,631,42,479,2009,2,0,0,1.6,438886.75,4,1,1,1,0,1,6
6025,14897,878,58,1124,2009,3,0,2,1.8,162024.0,4,0,1,1,0,11,8
6026,36235,1091,23,812,2016,7,1,1,2.5,109629.0,4,0,1,1,0,12,4
6028,9252,687,11,909,2010,9,1,5,1.6,130000.0,4,0,1,1,0,7,4
6029,21326,0,28,461,2014,9,0,5,1.6,76000.0,4,0,1,1,0,1,6
6031,1500,0,60,38,1995,4,0,0,1.7,0.0,4,1,0,0,0,11,0
6032,11290,0,36,1326,1998,6,0,1,2.9,270000.0,5,1,2,1,1,14,1
6033,17876,1714,58,825,2017,9,1,5,3.5,34082.0,6,0,1,1,0,2,12
6036,19416,531,23,618,2012,9,1,5,1.6,113516.0,4,0,1,1,0,1,4
6038,22894,0,8,1461,2011,3,1,6,1.4,217600.0,4,0,1,1,0,14,12
6040,21953,394,32,606,2014,9,1,2,2.5,131000.0,4,0,1,1,0,1,12
6041,9095,0,16,1387,2003,2,0,1,1.7,159000.0,4,1,1,1,0,14,4
6042,1490,753,23,1298,2012,9,1,5,2.4,180067.0,4,0,1,1,0,2,12
6044,34497,924,61,1090,2017,9,1,5,1.8,49800.0,4,0,1,1,0,7,12
6045,30,0,21,669,2004,3,0,5,1.3,0.0,4,0,1,1,1,12,4
6046,14113,0,58,867,2010,3,0,5,1.8,203000.0,4,0,1,1,0,14,8
6047,22291,732,21,669,2018,3,1,5,1.3,5987.0,4,0,1,1,0,12,4
6048,15524,1347,23,812,2008,7,1,1,2.5,52169.0,4,0,1,1,0,2,4
6049,35328,831,8,1060,2017,4,1,1,1.6,67668.0,4,0,1,1,0,14,4
6050,8778,363,8,1322,2014,9,1,5,1.0,35565.0,4,0,1,1,0,14,4
6051,6899,0,16,646,2002,4,0,0,3.0,262000.0,6,0,0,1,0,2,2
6053,15681,1017,23,618,2017,9,0,5,2.0,60659.0,4,2,1,1,0,1,12
6054,25,0,41,1370,2005,3,0,5,1.5,114000.0,4,0,1,1,1,12,4
6056,18189,862,61,1090,2011,9,1,5,2.5,119000.0,4,0,1,1,0,1,8
6058,10976,0,42,482,2006,2,0,1,1.6,200000.0,4,1,1,1,0,2,6
6059,46621,765,23,1270,2015,4,1,1,2.0,90000.0,4,0,1,1,0,14,4
6060,11290,0,36,598,2000,9,1,5,3.7,160000.0,8,2,2,1,0,1,8
6061,17923,862,23,812,2011,10,1,1,2.5,189347.0,4,0,1,1,0,7,4
6062,13297,530,8,287,2013,3,1,5,1.6,87753.0,4,0,1,1,0,7,4
6064,14385,836,23,1401,2010,4,1,1,2.0,50132.0,4,0,1,1,0,1,4
6065,4704,0,42,1418,1996,9,0,5,1.8,260000.0,4,1,1,1,0,6,2
6066,392,631,58,423,2012,9,1,2,2.5,438886.75,4,0,1,1,0,1,12
6067,15367,919,36,332,2012,9,1,5,3.0,209224.0,6,0,0,1,0,1,12
6068,30107,1053,36,586,2014,9,1,1,3.5,331144.0,6,0,2,1,0,1,12
6069,16308,645,23,618,2011,9,1,5,1.8,0.0,4,2,1,1,0,7,12
6070,17249,0,58,1124,2010,3,0,5,1.8,184717.0,4,0,1,1,0,12,12
6072,14113,0,8,523,2012,9,0,5,1.4,57600.0,4,2,1,1,0,12,8
6073,20385,900,9,23,2015,9,0,5,2.4,196800.0,4,0,1,1,0,3,10
6074,9252,765,23,1298,2015,9,1,4,2.0,438886.75,4,0,1,1,0,8,4
6075,29965,631,16,1362,2013,9,1,5,3.5,438886.75,4,0,1,1,0,1,4
6076,34811,631,32,1208,2016,4,1,2,3.5,438886.75,6,0,1,1,0,1,12
6077,21326,530,41,889,2013,4,1,5,1.6,124000.0,4,0,1,1,0,4,12
6079,784,891,23,1401,2016,9,1,5,2.0,175912.0,4,0,1,1,0,14,0
6081,51746,1327,35,409,2018,4,0,5,2.5,20000.0,4,2,0,1,0,1,12
6082,1960,779,8,978,2013,9,1,5,2.5,0.0,4,0,1,1,0,12,12
6084,48202,891,21,469,2016,9,1,5,2.0,34000.0,4,0,1,1,0,1,4
6085,47042,0,58,1179,2016,4,0,5,2.0,91000.0,4,2,1,2,0,1,12
6086,470,1820,58,825,2019,9,1,5,3.5,10670.0,6,0,0,1,0,3,12
6088,36137,639,23,1270,2014,4,1,1,2.0,174261.0,4,0,1,1,0,12,4
6089,17249,0,36,560,2002,9,1,1,2.2,259000.0,4,1,2,1,0,5,12
6090,6837,891,23,1298,2016,9,1,4,2.0,438886.75,4,0,1,1,0,8,4
6092,10349,765,23,1298,2015,9,1,4,2.0,86280.0,4,0,1,1,0,12,4
6093,54167,971,54,1192,2016,4,1,1,2.2,82907.0,4,0,1,1,0,1,4
6096,109764,0,36,1475,2018,8,1,1,2.5,43000.0,8,0,0,1,0,2,0
6097,12858,631,61,794,2007,3,0,5,2.5,438886.75,4,1,1,1,0,1,10
6098,19613,836,23,788,2010,1,1,5,2.0,104022.0,4,0,1,1,0,14,4
6099,21012,0,32,402,2012,3,1,2,1.5,158000.0,4,0,1,1,0,14,10
6100,15677,0,58,254,2013,3,0,2,1.5,115000.0,4,0,1,1,1,12,7
6103,29166,0,36,961,2009,4,0,5,3.7,208000.0,6,2,0,1,0,1,0
6104,14426,585,58,1146,2013,3,0,2,1.8,260089.0,4,0,1,1,0,3,4
6105,3293,1823,32,1201,2018,4,1,5,3.5,8618.0,6,0,1,1,0,1,12
6106,5645,0,58,459,2000,1,1,5,1.8,203000.0,4,1,1,0,1,12,4
6107,12544,765,23,1298,2015,9,1,4,2.0,438886.75,4,0,1,1,0,8,4
6108,42845,765,8,444,2015,4,1,1,2.0,16285.0,4,0,1,1,0,14,4
6109,17249,697,61,870,2015,9,1,5,1.8,70000.0,4,0,1,1,0,12,4
6111,21639,475,8,1461,2012,3,1,6,1.4,123000.0,4,2,1,1,0,12,12
6112,32929,629,23,1401,2015,4,0,5,1.6,64000.0,4,2,1,1,0,1,8
6114,16879,631,8,523,2014,9,1,5,1.8,438886.75,4,0,1,1,0,1,4
6115,10976,0,36,1233,2002,9,1,1,3.2,350000.0,6,2,2,1,0,12,0
6116,22947,642,23,1401,2012,4,1,1,2.0,146526.0,4,0,1,1,0,14,4
6117,22840,765,8,444,2015,4,1,1,2.0,91751.0,4,0,1,1,0,12,4
6118,36733,770,23,1401,2016,4,1,1,1.7,129800.0,4,0,1,1,0,14,4
6121,17249,0,36,1445,2005,2,0,1,2.2,282000.0,4,1,2,0,0,14,2
6122,21181,642,54,902,2012,4,1,1,2.0,114853.0,4,0,1,1,0,1,4
6123,1646,1017,36,332,2017,1,1,5,2.0,63987.0,4,0,0,0,0,1,12
6124,1725,505,39,1065,2018,4,1,2,2.0,79283.0,4,0,0,1,0,1,12
6125,11133,0,36,582,2001,9,1,5,3.2,214500.0,6,2,2,1,0,2,6
6126,9888,631,23,812,2010,7,1,1,2.5,438886.75,4,0,1,1,0,1,4
6127,6899,961,28,1323,2009,4,1,1,2.0,47520.0,4,0,1,1,0,12,4
6128,25591,707,23,1401,2011,4,1,1,2.0,151144.0,4,0,1,1,0,14,4
6130,25089,0,5,1483,2010,3,0,1,2.0,274000.0,4,1,2,1,0,1,6
6131,1333,697,23,618,2015,9,1,5,1.8,64723.0,4,0,1,1,0,11,12
6132,12980,631,8,523,2011,9,1,5,1.6,438886.75,4,0,1,1,0,1,4
6133,10976,707,13,417,2011,3,0,5,2.0,200000.0,4,3,1,1,0,1,10
6134,42400,631,54,237,2016,4,1,1,1.6,438886.75,4,0,1,1,0,1,4
6135,42171,1091,23,812,2016,10,1,1,2.5,102338.0,4,0,1,1,0,12,4
6138,31361,631,24,610,2012,3,1,5,3.3,438886.75,6,0,0,1,0,1,2
6140,1333,1275,39,1065,2019,9,1,5,2.4,4677.0,4,0,0,1,0,1,12
6142,2509,781,8,17,2018,1,1,5,1.4,29763.0,4,0,0,1,0,12,12
6143,10036,639,23,1298,2014,9,1,4,2.0,421703.0,4,0,1,1,0,12,4
6144,19121,530,23,618,2013,9,1,5,1.6,78633.0,4,0,1,1,0,7,4
6145,14113,0,53,1039,2009,9,0,5,1.6,30000.0,4,1,1,1,0,12,6
6146,13485,1267,58,251,2013,3,0,2,1.5,100211.0,4,0,1,1,1,15,8
6149,27093,765,8,444,2015,4,1,1,2.0,102555.0,4,0,1,1,0,14,4
6150,15053,0,36,962,2003,4,1,0,3.7,170000.0,6,2,0,1,0,1,10
6152,100355,1292,36,396,2016,9,1,5,3.0,35000.0,6,0,0,1,0,1,0
6153,3920,692,11,789,2008,3,1,5,1.2,126702.0,4,0,1,1,0,2,4
6154,9408,1111,58,251,2012,3,0,2,1.3,80000.0,4,3,1,1,1,1,2
6155,18240,687,23,618,2010,9,1,5,1.6,123594.0,4,0,1,1,0,12,4
6156,9095,0,21,669,2005,9,0,5,1.3,20000.0,4,0,1,1,1,14,4
6157,5959,0,36,305,1995,9,0,0,1.8,438886.75,4,1,2,1,0,2,5
6158,33908,639,23,1401,2014,4,1,1,2.0,121189.0,4,0,1,1,0,1,4
6159,10036,639,23,1298,2014,9,1,4,2.0,389854.0,4,0,1,1,0,12,4
6160,16308,473,8,523,2014,9,0,5,1.4,152000.0,4,2,1,1,0,14,6
6161,19579,707,54,902,2011,4,1,1,2.0,155420.0,4,0,1,1,0,12,4
6162,17500,631,16,653,2008,4,0,2,2.3,438886.75,4,3,0,1,0,1,4
6163,470,1308,5,179,2012,1,1,5,3.7,0.0,8,0,2,0,0,2,12
6164,46414,1079,45,1543,2018,9,1,5,2.0,28840.0,4,0,0,1,0,2,12
6165,33378,694,23,1270,2014,4,1,1,2.2,51905.0,4,0,1,1,0,14,4
6166,27770,765,8,978,2015,9,1,1,2.0,133988.0,4,0,1,1,0,14,4
6167,15053,878,58,1124,2009,9,0,2,1.8,195000.0,4,0,1,1,0,14,8
6168,27105,629,54,237,2015,4,1,5,1.6,120641.0,4,0,1,1,0,14,4
6169,14269,579,32,608,2017,9,1,2,2.5,88336.0,4,0,1,1,0,14,12
6170,30,0,41,1037,2005,3,0,5,1.5,117000.0,4,0,1,1,1,11,4
6172,9722,934,55,706,2015,4,1,5,2.5,93170.0,4,0,0,1,0,11,0
6173,4391,631,13,1213,2014,9,1,5,3.6,438886.75,6,0,2,1,0,1,12
6174,16500,631,3,218,2011,1,1,5,2.0,438886.75,4,2,0,0,0,1,8
6175,8311,502,21,469,2013,9,1,2,1.5,144872.0,4,0,1,1,0,14,0
6176,12000,0,36,961,2003,4,1,5,3.7,220000.0,6,2,0,2,0,1,10
6177,12544,0,15,122,2012,1,1,5,1.4,120000.0,4,1,1,0,0,11,8
6178,3607,585,58,1146,2013,7,1,2,1.8,178314.0,4,0,1,1,0,14,12
6179,1000,0,15,1089,1995,9,0,5,1.0,1300.0,4,1,1,0,0,11,0
6180,5959,0,41,1009,2003,3,0,5,1.2,236000.0,4,1,1,1,0,3,2
6181,11917,639,23,1298,2014,9,1,4,2.0,354648.0,4,0,1,1,0,12,4
6182,38888,421,28,1034,2018,4,0,2,1.6,62347.0,4,0,1,1,0,1,10
6184,18240,583,23,618,2011,9,1,5,1.6,119921.0,4,0,1,1,0,7,4
6185,15053,0,16,1381,2002,6,0,1,2.0,15000.0,4,1,1,1,0,12,4
6186,4547,1055,32,1201,2013,4,1,5,3.5,258784.0,6,0,0,1,0,7,12
6187,20385,1051,23,1298,2016,9,0,5,2.4,72000.0,4,2,1,1,0,1,12
6188,17876,749,23,1298,2014,9,1,5,2.4,172800.0,4,2,1,1,0,14,8
6190,11604,639,23,1298,2014,9,1,4,2.0,291437.0,4,0,1,1,0,12,4
6191,10976,0,41,1481,2002,4,0,5,2.0,210000.0,4,0,0,1,0,0,4
6192,30,0,58,1124,2009,9,1,2,1.5,3200.0,5,0,1,2,0,14,6
6193,15367,761,58,1124,2010,3,0,2,1.8,114000.0,4,3,1,1,0,12,8
6194,6272,0,56,1266,2006,3,0,5,1.6,180000.0,4,0,1,1,0,12,0
6195,4861,1104,36,342,2015,9,1,5,3.0,29469.0,6,0,0,1,0,14,12
6197,12074,488,28,1116,2016,9,1,5,1.0,31230.0,3,0,1,1,0,1,4
6199,15336,629,23,618,2015,9,1,5,1.6,37509.0,4,0,1,1,0,14,4
6201,49751,891,23,1298,2016,9,1,5,2.0,25970.0,4,0,1,1,0,7,4
6202,64290,1327,58,423,2018,9,1,5,2.5,12000.0,4,2,1,1,0,1,12
6203,392,333,16,722,2014,9,1,2,2.0,0.0,4,0,1,1,0,12,0
6204,44542,1249,23,812,2017,10,1,1,2.5,100856.0,4,0,1,1,0,12,4
6205,18817,0,36,582,2007,9,1,1,3.0,385000.0,4,0,2,1,0,12,6
6206,10976,640,16,722,2013,9,1,5,2.0,160000.0,4,2,1,1,0,3,8
6207,251,779,58,1179,2013,4,1,5,2.5,104776.0,4,0,0,1,0,7,12
6208,21796,586,32,402,2012,3,1,2,1.8,105000.0,8,0,1,1,0,14,12
6210,43905,639,36,371,2014,9,1,5,2.0,85000.0,4,2,0,1,0,14,10
6212,61154,1104,5,156,2015,9,1,1,3.0,80000.0,6,0,2,1,0,1,12
6214,24775,1024,58,1184,2010,4,1,5,2.5,110571.0,4,2,1,1,0,1,10
6216,1411,640,61,870,2013,9,1,1,2.0,169000.0,4,0,1,1,0,14,12
6217,12231,986,58,423,2010,9,1,2,2.4,132000.0,4,2,1,1,0,6,12
6218,16788,707,23,1401,2011,4,1,1,2.0,185706.0,4,0,1,1,0,14,4
6219,10036,891,23,1298,2016,9,1,4,2.0,438886.75,4,0,1,1,0,8,4
6220,15053,0,36,315,2006,9,1,5,2.5,233000.0,6,2,2,1,0,1,6
6221,22894,738,61,870,2017,9,0,5,1.4,13000.0,4,2,1,1,0,14,12
6224,14113,0,21,669,2013,9,0,5,1.3,113000.0,4,3,1,1,1,14,4
6225,13172,631,21,669,2011,3,0,2,1.3,438886.75,4,3,1,1,1,1,6
6226,22693,836,23,1270,2010,4,1,1,2.0,153997.0,4,0,1,1,0,12,4
6227,5645,0,39,449,2001,9,0,5,1.6,258000.0,4,1,2,1,0,2,4
6228,20385,779,58,423,2013,9,0,5,2.5,10000.0,6,2,1,1,0,14,15
6229,21326,781,58,423,2012,9,1,5,2.5,90000.0,4,0,1,1,0,12,6
6230,28225,1055,58,423,2013,9,1,5,3.5,142000.0,6,2,1,1,0,1,8
6231,4234,1327,58,423,2018,9,1,5,2.5,105235.0,4,0,1,1,0,2,12
6232,43880,770,23,1401,2016,4,1,1,1.7,99881.0,4,0,1,1,0,1,4
6233,12861,790,8,909,2009,9,1,5,1.6,163560.0,4,0,1,1,0,7,4
6234,25,0,21,669,2010,9,0,5,1.3,101000.0,4,3,1,1,1,11,6
6235,1725,1017,16,697,2017,9,1,5,2.0,105157.0,4,0,1,1,0,14,12
6236,11760,988,58,1124,2007,3,0,2,1.5,79030.0,4,0,1,1,0,7,6
6237,37238,595,21,669,2015,3,1,5,1.5,37606.0,4,0,1,1,0,1,4
6238,30,0,21,858,2010,9,1,2,1.3,145000.0,4,3,1,1,0,14,12
6239,7840,645,58,1124,2011,3,0,2,1.8,182400.0,4,0,1,1,0,11,12
6241,9722,0,42,1422,2005,9,0,5,2.2,0.0,4,0,1,1,0,12,0
6242,784,1301,5,1491,2014,9,1,5,3.7,247877.0,8,0,0,1,0,1,0
6243,10381,631,23,618,2008,9,1,5,1.6,438886.75,4,0,1,1,0,1,4
6244,9405,362,8,1322,2014,9,1,5,1.0,31114.0,4,0,1,1,0,1,4
6245,4391,0,42,262,1997,10,0,0,1.6,294271.0,4,1,1,1,0,2,2
6246,100,0,58,423,2008,9,1,2,2.4,150000.0,6,0,1,1,0,1,8
6250,1098,552,21,399,2011,3,1,2,1.5,129123.0,4,0,1,1,0,11,12
6251,15681,0,41,1280,2010,7,0,4,2.0,120000.0,4,3,1,1,1,1,12
6252,20385,631,16,722,2014,9,0,5,2.5,438886.75,4,2,1,1,0,1,12
6253,16935,502,58,1132,2013,3,1,2,1.5,168000.0,4,3,1,1,0,7,10
6254,3607,1018,5,1491,2011,4,1,1,3.0,332243.0,6,0,0,1,0,1,12
6255,11917,474,15,116,2013,3,1,5,1.4,49000.0,4,0,1,1,0,1,0
6257,17405,1017,23,1298,2017,9,1,4,2.0,263823.0,4,0,1,1,0,12,4
6258,25089,631,23,1401,2012,4,1,5,2.4,438886.75,6,0,1,0,0,1,10
6260,4400,0,60,34,2005,9,0,5,1.7,125000.0,4,1,2,1,0,14,0
6261,50,0,36,1342,2002,2,0,1,2.2,240000.0,4,1,2,1,0,14,2
6262,28852,765,36,332,2015,9,1,5,2.0,54739.0,4,0,2,1,0,14,12
6263,6275,494,41,982,2015,3,1,5,1.2,80746.0,4,0,1,1,0,1,4
6264,7056,915,5,1491,2014,4,1,1,3.0,141384.0,6,0,0,1,0,2,0
6266,125,631,58,825,2010,9,1,2,3.3,438886.75,6,0,0,1,0,1,12
6267,8500,1236,21,669,2011,3,0,2,1.3,116048.0,4,2,1,1,1,2,4
6270,17249,0,16,722,2012,10,1,5,2.0,156800.0,4,2,1,1,1,14,8
6272,7213,1438,42,479,2003,2,0,1,1.7,200000.0,4,1,1,1,0,14,2
6274,549,1399,32,1201,2010,4,1,5,3.5,296466.0,6,0,0,1,0,12,12
6277,16383,642,58,251,2012,3,1,5,2.0,92400.0,4,0,1,1,0,11,4
6278,6586,765,23,1298,2015,9,1,4,2.0,438886.75,4,0,1,1,0,8,4
6279,8467,0,41,982,2003,3,0,1,1.5,185000.0,4,1,1,1,0,2,6
6280,23521,1528,16,1381,2007,6,0,1,2.4,245090.0,4,1,2,1,0,14,3
6281,21473,707,54,237,2011,4,1,1,2.0,72080.0,4,0,1,1,0,14,4
6282,33409,640,23,1270,2013,4,1,1,2.0,207187.0,4,0,1,1,0,1,4
6283,14113,751,8,981,2013,9,1,2,2.4,117000.0,4,2,1,1,0,9,12
6284,26030,0,32,402,2012,3,1,2,1.8,326400.0,4,2,1,1,0,12,10
6285,7527,0,5,134,1996,9,0,5,2.0,44444.0,6,1,2,1,0,2,2
6286,8154,0,39,811,2003,7,0,0,2.4,111111.0,4,2,1,1,0,12,4
6287,27065,836,23,1401,2010,4,1,1,2.0,80118.0,4,0,1,1,0,14,4
6288,36564,891,23,1401,2016,4,1,1,2.0,47090.0,4,0,1,1,0,14,4
6290,13172,586,58,1124,2012,3,0,2,1.8,150400.0,4,0,1,1,0,14,6
6293,15681,810,8,523,2016,9,1,5,1.8,53000.0,4,2,1,1,0,14,6
6294,24148,779,58,434,2013,9,1,2,2.5,201600.0,4,0,1,1,0,1,0
6295,17719,639,8,978,2014,9,1,1,2.0,38710.0,4,0,1,1,0,3,4
6296,23602,1185,32,841,2009,9,1,5,2.5,126715.0,4,0,1,1,0,14,4
6297,470,585,23,618,2013,9,1,5,1.8,227853.0,4,0,1,1,0,3,12
6298,5645,0,42,262,2002,3,0,5,1.6,400000.0,4,1,1,1,0,1,4
6299,55195,1823,32,1201,2018,9,1,5,3.5,15744.0,6,0,0,1,0,14,12
6300,11917,586,58,1124,2012,3,0,2,1.8,102000.0,4,0,1,1,0,1,8
6301,27755,631,23,812,2010,7,1,1,2.5,438886.75,4,0,1,1,0,1,4
6302,80074,1077,23,1270,2019,4,1,1,2.0,56000.0,4,0,1,1,0,7,4
6303,6899,0,59,62,1987,6,0,0,2.4,354000.0,4,1,0,1,0,6,6
6304,28225,0,58,423,2012,9,1,2,2.5,156816.0,4,3,1,1,0,2,12
6305,11992,966,8,909,2009,9,1,1,2.0,155025.0,4,0,1,1,0,1,4
6307,392,631,58,1179,2018,9,1,5,2.5,438886.75,4,0,0,1,0,1,11
6308,6899,0,39,475,2003,3,1,5,1.5,160000.0,4,0,0,1,1,12,4
6311,13172,0,41,1477,2004,4,1,0,2.0,190000.0,4,0,0,1,1,12,4
6312,25089,382,58,1132,2017,3,0,2,1.5,144000.0,4,0,1,1,0,14,8
6313,45,0,21,669,2007,3,0,5,1.3,98000.0,4,0,1,1,1,1,4
6315,19444,0,16,722,2014,9,1,5,2.0,115000.0,4,2,1,1,0,4,10
6316,10663,1327,55,706,2018,9,1,5,2.5,32435.0,4,0,0,1,0,1,12
6317,19823,503,58,251,2012,3,1,5,1.5,63000.0,4,0,1,1,0,1,4
6319,2822,1211,16,722,2010,9,1,5,3.0,150000.0,6,0,1,1,0,14,8
6320,17562,1356,32,781,2014,4,1,5,3.7,146218.0,8,0,0,1,0,1,0
6321,7840,1968,9,54,2006,9,0,5,2.7,110456.0,6,2,2,1,0,14,6
6322,7683,0,5,95,2002,9,1,5,2.5,126000.0,6,2,2,1,1,12,6
6323,5331,0,41,982,2004,3,0,4,1.3,127000.0,4,0,1,1,1,8,4
6324,282,1327,55,1061,2018,3,1,5,2.5,41794.0,4,0,0,1,0,12,12
6327,73698,517,58,825,2014,4,1,2,3.5,100000.0,6,2,0,1,0,14,12
6328,11447,934,16,722,2015,9,0,5,2.5,96000.0,4,2,1,1,0,12,10
6329,62697,631,23,1298,2018,9,1,5,1.6,438886.75,4,0,1,1,0,1,4
6330,188,585,23,618,2013,9,1,5,1.8,139125.0,4,0,1,1,0,14,12
6331,627,781,58,423,2012,9,1,2,2.5,151195.0,4,0,1,1,0,7,12
6332,9095,0,5,66,2003,9,0,5,2.0,0.0,4,2,2,1,1,2,6
6333,33556,442,58,1124,2017,9,0,2,1.8,90652.0,4,0,1,1,0,12,10
6334,6272,0,41,1037,2005,3,0,5,1.5,190000.0,4,3,1,1,1,0,2
6335,58018,3505,32,1201,2015,4,1,5,3.5,360125.0,6,2,0,1,1,14,12
6336,23521,862,58,1179,2011,4,0,5,2.5,172800.0,4,0,1,1,0,1,12
6337,8154,0,53,1039,2009,9,0,5,2.0,75000.0,4,1,1,1,0,14,0
6338,17449,642,8,1060,2012,4,1,1,2.0,152595.0,4,0,1,1,0,7,4
6339,22580,779,58,423,2013,9,1,5,2.5,125000.0,4,2,1,1,0,1,12
6340,392,1080,8,854,2014,9,1,5,3.6,0.0,6,0,1,1,0,12,12
6342,21000,0,36,753,2006,4,1,4,3.7,181000.0,6,0,0,1,0,1,6
6343,7997,0,21,512,2002,4,0,5,2.0,158000.0,4,0,0,1,1,12,8
6344,6429,1325,58,423,2019,9,1,5,2.5,4565.0,4,0,1,1,0,7,12
6345,8781,0,36,1242,2003,9,1,5,3.7,300000.0,8,2,2,1,0,1,12
6347,7119,836,23,1298,2010,9,1,4,2.0,81248.0,4,0,1,1,0,14,4
6348,12231,631,5,189,2006,9,1,5,3.7,438886.75,8,0,2,1,0,1,12
6349,15367,0,39,543,1996,7,0,1,2.8,160000.0,4,0,0,0,1,6,1
6350,18817,0,58,1132,2012,3,1,2,1.5,112000.0,4,0,1,1,0,1,10
6351,19444,530,23,623,2013,3,1,1,1.6,58000.0,4,2,1,1,0,14,8
6352,39226,631,23,1270,2013,4,1,1,2.0,438886.75,4,0,1,1,0,1,4
6354,24932,1017,16,614,2017,4,0,5,2.0,15052.0,4,0,0,1,0,14,9
6355,627,397,32,402,2016,3,1,2,1.8,85320.0,4,0,1,1,0,11,0
6356,16621,0,36,599,2003,9,1,5,3.7,125000.0,8,0,2,1,0,14,12
6357,37564,631,23,1270,2016,4,1,1,2.0,438886.75,4,0,1,1,0,1,4
6358,7527,0,58,1412,2003,7,1,0,2.0,210000.0,4,0,2,1,1,1,8
6359,12544,765,23,1298,2015,9,1,4,2.0,438886.75,4,0,1,1,0,8,4
6361,21395,730,23,618,2016,9,1,4,1.6,138241.0,4,0,1,1,0,7,4
6362,784,781,16,646,2012,4,1,2,2.5,95349.0,4,0,1,1,0,2,0
6365,9722,1236,21,680,2011,3,0,2,1.3,100000.0,4,2,1,1,1,15,2
6366,12074,631,55,1525,2014,4,1,2,2.0,438886.75,4,0,0,1,0,1,12
6367,12544,0,8,1316,2013,3,0,5,1.8,160000.0,4,1,1,1,0,2,6
6368,10192,505,16,722,2018,9,1,2,2.0,28813.0,4,0,1,1,0,2,12
6369,32929,631,36,322,2012,9,1,5,1.8,438886.75,4,0,2,1,0,1,12
6370,5331,0,5,71,2003,9,0,5,2.2,144000.0,6,2,2,1,1,2,6
6371,251,1493,21,1117,2016,4,1,5,3.5,43664.0,6,0,0,1,0,7,12
6372,14426,779,35,997,2013,9,1,5,2.5,92800.0,4,0,1,1,0,12,12
6373,21639,1058,41,1022,2012,4,0,5,3.5,132000.0,6,2,0,1,0,12,12
6375,17562,779,58,423,2013,9,0,2,2.5,75000.0,4,0,1,1,0,7,12
6377,6272,0,42,262,1999,2,0,5,1.6,223000.0,4,1,1,1,0,1,8
6378,45473,1091,58,1179,2016,4,0,5,2.5,60800.0,4,0,0,1,0,1,12
6379,65052,1079,23,1298,2018,9,1,5,2.0,27448.0,4,0,1,1,0,1,4
6380,7840,0,55,930,2003,9,0,5,2.0,217000.0,4,2,0,1,1,12,2
6382,7213,924,58,1431,2011,4,1,5,2.7,108398.0,4,0,0,1,0,12,12
6383,49143,891,23,788,2016,1,1,5,2.0,112032.0,4,0,1,1,0,14,4
6385,2509,631,58,1124,2010,4,1,2,1.8,438886.75,4,0,1,1,0,1,12
6386,15681,0,36,582,2004,9,1,0,3.2,290000.0,6,2,0,1,0,13,10
6387,8467,0,36,568,2000,9,0,0,2.4,256000.0,6,2,2,1,0,2,6
6389,1019,769,8,819,2011,4,1,5,2.2,126765.0,4,0,1,1,0,1,12
6390,24148,631,58,1145,2012,3,1,2,1.8,438886.75,4,0,1,1,0,1,8
6391,15053,584,58,492,2014,9,1,5,1.8,85500.0,4,2,1,1,0,11,12
6393,19444,562,8,523,2015,9,1,5,1.4,88000.0,4,0,1,2,0,14,12
6394,10506,777,58,423,2014,9,1,5,2.5,372202.0,4,0,1,1,0,2,12
6395,5018,697,21,469,2015,9,1,5,1.8,64522.0,4,0,1,1,0,7,12
6396,8624,0,41,1370,2007,3,1,5,1.6,150000.0,4,1,1,1,0,1,6
6397,17948,707,23,1401,2011,4,1,1,2.0,191490.0,4,0,1,1,0,7,4
6398,13172,0,16,693,2012,3,0,5,1.6,88000.0,4,0,1,1,0,10,6
6400,12544,0,21,469,2008,1,1,5,1.8,222680.0,4,0,1,0,0,11,6
6401,25,0,41,1370,2006,3,1,4,1.5,178000.0,5,0,1,1,1,6,7
6402,8154,1111,21,669,2012,3,0,2,1.3,99000.0,4,0,1,1,1,12,4
6403,9095,1018,16,646,2011,4,1,5,3.0,70000.0,6,2,0,1,0,7,8
6404,9408,0,16,1381,1998,2,0,1,2.5,228000.0,4,1,2,0,0,14,2
6406,6900,0,60,38,1997,4,0,5,1.7,200000.0,4,1,0,0,0,6,0
6407,21482,631,16,722,2017,9,1,5,2.5,438886.75,4,2,1,1,0,1,8
6408,15053,475,8,523,2012,9,0,5,1.4,115200.0,4,2,1,1,0,4,8
6409,21326,1399,36,586,2010,9,1,5,3.5,140000.0,6,0,2,1,0,2,8
6410,23834,642,10,358,2012,4,1,5,2.0,192840.0,4,0,0,1,0,11,12
6411,16621,638,28,1049,2014,9,1,5,2.0,44768.0,4,0,1,1,0,12,4
6412,6272,0,21,513,1998,4,0,0,2.0,20000.0,4,0,0,1,0,12,5
6413,3293,419,8,1322,2013,3,1,5,1.2,149896.0,4,0,1,1,0,2,12
6416,11604,0,16,1381,2000,6,0,1,2.0,0.0,4,1,1,0,0,14,2
6417,10036,0,41,1280,2005,7,0,5,2.0,111000.0,4,0,1,1,1,7,2
6419,24148,0,58,423,2012,9,1,5,2.5,160800.0,6,2,1,1,0,1,12
6420,2195,0,16,693,1998,9,0,5,1.0,0.0,4,1,1,0,0,2,2
6421,6899,631,58,492,2020,9,1,2,1.8,438886.75,4,0,1,1,0,1,12
6424,51746,631,23,850,2014,4,1,1,2.0,438886.75,4,2,0,1,0,1,8
6425,10349,1855,41,1280,2011,7,0,5,2.0,105000.0,4,3,1,1,1,12,2
6426,21953,0,23,624,2013,3,1,5,1.8,118400.0,4,2,1,1,0,14,6
6427,19130,1292,36,763,2016,4,1,5,3.0,49499.0,6,0,0,1,0,12,0
6428,45160,631,23,1270,2014,4,1,1,2.0,438886.75,4,2,0,1,0,1,10
6429,10663,586,58,1124,2012,3,0,2,1.8,87000.0,4,0,1,1,0,2,7
6431,10000,0,16,1381,2004,6,0,5,2.4,1000.0,6,1,2,0,0,14,2
6432,28225,2711,8,1348,2019,9,1,5,3.7,19901.0,8,0,1,1,0,1,12
6434,10249,631,23,1298,2014,9,1,4,2.0,438886.75,4,0,1,1,0,1,4
6435,9095,934,32,841,2015,9,1,5,2.5,101280.0,6,0,2,1,0,14,12
6436,21950,1079,3,207,2018,9,1,5,2.0,18283.0,4,0,0,1,0,1,10
6437,5331,765,41,2,2015,9,1,5,2.0,70395.0,4,0,1,1,0,14,12
6438,10036,0,58,1124,2005,9,0,2,1.5,21245.0,4,3,1,1,0,5,4
6439,19444,0,16,1381,2008,6,0,1,2.4,214000.0,4,1,2,1,0,8,2
6440,29793,631,3,209,2013,9,1,5,2.0,438886.75,4,2,1,1,0,1,10
6443,941,631,32,1208,2013,4,1,2,3.5,438886.75,6,0,1,1,0,1,12
6444,8000,875,58,1457,2012,3,0,5,1.0,18000.0,3,3,1,1,1,14,2
6445,10976,893,23,838,2008,9,1,5,1.6,136935.0,4,0,1,1,0,12,4
6446,7213,891,36,332,2016,9,1,5,2.0,76218.0,4,0,0,1,0,1,12
6447,18817,0,58,423,2010,9,0,2,2.4,80000.0,4,0,1,1,0,5,8
6448,15681,891,23,1298,2016,9,1,4,2.0,301827.0,4,0,1,1,0,12,4
6450,8311,364,28,1116,2012,9,1,5,1.0,197687.0,4,0,1,1,0,14,4
6451,78829,831,21,469,2018,3,1,5,1.5,2000.0,4,0,1,1,0,1,4
6452,9252,765,23,1298,2015,9,1,4,2.0,438886.75,4,0,1,1,0,8,4
6456,13015,781,58,423,2012,9,0,2,2.5,118882.0,4,2,1,1,0,11,12
6457,136420,1493,36,763,2016,4,1,5,3.5,45000.0,6,2,2,1,0,7,12
6458,2352,503,21,469,2012,4,1,2,1.5,146403.0,4,0,1,1,0,14,0
6459,75266,0,5,1491,2015,4,1,5,3.0,53638.0,6,2,0,1,0,7,12
6460,22894,0,58,1124,2013,9,1,2,1.8,145000.0,4,0,1,1,0,14,0
6461,2666,642,3,209,2012,9,1,5,2.0,292331.0,4,0,0,1,0,1,0
6463,7527,631,41,1370,2005,3,0,5,1.5,438886.75,4,3,1,1,1,1,4
6465,9000,1268,21,715,2012,7,0,2,1.5,83000.0,4,0,1,1,1,14,4
6466,54458,694,23,1270,2014,4,1,1,2.2,83126.0,4,0,1,1,0,14,4
6467,16621,765,16,704,2015,9,0,5,2.0,79000.0,4,2,1,1,0,5,8
6468,172486,0,32,908,2013,4,1,5,3.7,78400.0,8,2,0,1,0,1,12
6469,21326,0,58,1132,2012,3,1,5,1.5,162000.0,4,0,1,1,0,12,0
6470,15053,0,28,1049,2012,9,0,5,2.4,178528.0,6,2,1,1,0,3,0
6471,37066,1091,23,812,2016,7,1,1,2.5,91804.0,4,0,1,1,0,12,4
6472,19800,0,5,940,2002,1,1,5,3.2,213866.0,6,1,2,0,0,1,10
6473,22400,738,61,870,2017,9,1,5,1.4,68000.0,4,1,1,1,0,7,12
6474,36567,1091,23,812,2016,7,1,1,2.5,104112.0,4,0,1,1,0,14,4
6475,2195,915,5,154,2014,9,1,1,3.0,110270.0,6,0,2,1,0,7,12
6476,23301,1292,23,810,2016,9,1,4,3.0,31045.0,4,0,1,1,0,1,4
6478,27654,971,54,902,2016,4,1,1,2.2,354889.0,4,0,1,1,0,2,4
6479,46919,696,23,1270,2013,4,1,1,2.2,138742.0,4,0,1,1,0,7,4
6480,5134,447,21,669,2013,3,1,2,1.3,151715.0,4,0,1,1,0,2,4
6481,627,1363,32,780,2012,4,1,5,3.7,150909.0,8,0,0,1,0,1,12
6483,7840,0,39,1079,1999,4,0,5,1.8,225000.0,4,0,0,1,0,2,2
6484,10036,891,23,1298,2016,9,1,4,2.0,438886.75,4,0,1,1,0,8,4
6485,21953,781,58,423,2012,9,1,5,2.5,110000.0,4,2,1,1,0,11,10
6486,32615,0,58,1124,2016,9,0,2,1.8,239680.0,4,0,1,1,0,7,0
6487,27911,0,58,423,2012,9,1,2,2.5,122000.0,6,0,1,1,0,7,0
6488,17038,629,23,232,2015,9,1,1,1.6,43457.0,4,0,1,1,0,12,4
6490,19130,631,61,1090,2014,9,1,5,1.8,438886.75,6,2,1,1,0,1,8
6492,15524,1024,58,423,2010,9,0,2,2.5,184000.0,6,0,1,1,0,7,8
6493,2430,528,23,1425,2014,9,1,5,1.6,127870.0,4,0,1,1,0,1,12
6494,627,631,5,154,2011,9,1,5,3.0,438886.75,6,0,2,1,0,1,12
6495,25089,0,41,249,2015,9,0,5,2.5,108000.0,4,0,1,1,0,12,8
6496,6586,0,42,262,1998,2,0,0,1.6,200000.0,4,1,1,1,0,12,2
6497,3400,0,36,305,1995,9,0,5,1.8,333333.0,4,1,1,1,0,14,0
6498,31361,0,36,1246,2006,9,1,5,3.7,225600.0,8,0,2,1,0,1,12
6499,17092,0,58,1144,2010,3,0,2,1.8,164000.0,4,0,1,1,0,5,6
6501,8963,631,11,909,2010,9,1,5,1.6,438886.75,4,0,1,1,0,1,4
6502,30577,0,16,1381,2006,2,0,1,2.4,197500.0,4,1,2,0,0,11,0
6503,706,753,28,1049,2012,9,1,2,2.4,224706.0,4,0,1,1,0,14,12
6506,13877,631,58,423,2013,9,0,5,2.5,438886.75,4,2,1,1,0,1,5
6507,12544,765,23,1298,2015,9,1,4,2.0,438886.75,4,0,1,1,0,8,4
6508,7527,0,21,669,2005,9,0,5,1.3,239825.0,4,3,1,1,1,12,2
6509,37006,0,46,555,2017,4,0,5,1.6,39000.0,4,1,1,1,0,7,4
6512,18679,530,23,618,2013,9,1,5,1.6,130000.0,4,0,1,1,0,14,4
6513,27284,0,58,914,2004,4,1,1,3.7,438886.75,6,1,0,1,0,1,4
6514,24462,640,28,1049,2013,9,1,5,2.0,74000.0,4,2,1,1,0,14,12
6515,11227,631,23,623,2013,3,0,5,1.8,438886.75,4,0,1,1,0,1,8
6516,8467,0,41,1370,2005,3,1,5,1.5,1111.0,4,3,1,1,1,6,7
6518,15367,0,41,1476,2005,4,0,4,3.7,196000.0,6,1,0,1,0,1,6
6519,13485,843,58,1124,2008,3,0,2,1.5,92000.0,4,3,1,1,0,7,16
6522,392,784,16,722,2017,9,1,5,1.5,73909.0,4,0,1,1,0,1,12
6523,3763,0,55,927,2002,9,0,5,2.0,16700.0,4,2,0,1,1,12,4
6524,16400,0,58,1124,2011,3,1,2,1.8,124000.0,4,3,1,1,0,7,12
6527,16308,0,16,1381,2006,6,0,1,2.0,22500.0,4,1,1,1,0,14,2
6528,1019,333,16,722,2014,9,1,2,2.0,0.0,4,0,1,1,0,12,0
6529,10092,790,8,909,2009,9,1,5,1.6,96959.0,4,0,1,1,0,7,4
6531,13000,0,61,1375,2004,4,1,5,3.7,250000.0,8,0,0,1,0,0,0
6532,4077,474,8,523,2013,9,0,5,1.4,100000.0,4,0,1,1,0,4,12
6533,24709,640,54,902,2013,4,1,1,2.0,88000.0,4,0,1,1,0,2,4
6535,10036,0,21,669,2009,3,0,5,1.3,185000.0,4,3,1,1,1,2,2
6536,10976,528,41,1435,2014,3,1,5,1.6,91000.0,4,0,1,1,0,13,8
6537,44047,697,21,469,2015,9,1,5,1.8,62137.0,4,0,1,1,0,12,4
6539,7840,0,5,85,2002,1,1,5,2.5,205000.0,6,2,2,0,0,12,6
6541,20382,765,23,1298,2015,9,1,5,2.0,36223.0,4,0,1,1,0,12,4
6543,9722,0,41,1476,2004,4,0,0,3.3,216000.0,6,1,0,1,0,12,4
6544,42717,891,23,1270,2016,4,1,1,2.0,122409.0,4,0,1,1,0,2,4
6545,10036,0,58,1460,2007,3,1,5,1.3,205000.0,4,0,1,1,1,4,4
6546,5645,1586,28,1318,2007,4,1,1,2.5,72872.0,4,0,1,1,0,1,4
6547,2901,751,23,1270,2013,4,1,5,2.4,150440.0,4,0,1,1,0,12,11
6548,706,753,23,1298,2012,9,1,2,2.4,243051.0,4,0,1,1,0,14,12
6549,18817,779,61,1090,2013,9,1,5,2.5,115000.0,10,0,1,1,0,12,12
6550,27598,0,36,313,2009,9,0,1,2.2,278000.0,6,2,2,1,0,12,8
6552,10663,0,42,1416,2000,9,0,0,2.0,203000.0,4,1,1,1,0,12,4
6553,549,1138,23,788,2013,1,1,5,3.7,93470.0,6,0,2,0,0,14,12
6554,941,900,23,1270,2015,4,1,5,2.4,107106.0,4,0,1,1,0,14,12
6555,18189,0,5,95,2008,1,1,5,3.0,0.0,6,2,0,0,0,1,4
6557,50,631,21,669,2012,9,0,2,1.5,438886.75,4,0,1,1,1,1,0
6558,32409,770,23,1401,2016,4,1,1,1.7,172858.0,4,0,1,1,0,14,4
6559,15423,836,23,1401,2010,4,1,1,2.0,138196.0,4,0,1,1,0,12,4
6561,11290,891,23,1298,2016,9,1,4,2.0,259733.0,4,0,1,1,0,12,4
6562,26927,642,23,1401,2012,4,1,1,2.0,88651.0,4,0,1,1,0,14,4
6563,13172,1024,61,794,2010,3,1,5,2.5,105000.0,5,2,1,1,0,11,10
6564,17249,562,8,523,2015,9,1,5,1.4,91200.0,4,0,1,1,0,1,6
6565,8781,1356,42,479,2005,2,0,0,1.6,146300.0,4,1,1,1,0,14,2
6566,6272,0,21,1347,2001,7,0,5,1.7,1000.0,4,0,1,1,1,3,0
6567,7683,0,36,305,1999,9,0,0,1.8,250000.0,4,1,2,1,0,2,4
6568,6272,586,8,523,2012,9,0,5,1.8,129023.0,4,0,1,1,0,14,12
6569,549,1493,36,763,2016,4,1,5,3.5,91493.0,6,0,2,1,0,1,0
6570,21639,0,8,1461,2012,3,1,5,1.4,117000.0,4,0,1,1,0,11,8
6571,47042,1325,58,1179,2019,4,0,5,2.5,2565.0,4,0,0,1,0,14,8
6572,14583,1249,58,423,2017,9,1,5,2.5,74029.0,4,0,1,1,0,2,12
6573,22947,1099,54,1192,2010,4,1,1,2.7,195000.0,4,0,1,1,0,14,4
6574,24148,1018,5,144,2011,9,1,5,3.0,150000.0,6,2,2,1,0,2,12
6575,13642,764,8,1060,2015,4,1,5,2.0,31892.0,4,0,1,1,0,1,4
6576,26343,1481,5,109,2017,1,1,5,3.0,71894.0,6,0,2,0,0,2,12
6577,24415,707,23,1401,2011,4,1,1,2.0,174308.0,4,0,1,1,0,7,4
6578,2600,0,61,1352,1997,3,0,5,1.6,3568.0,4,1,1,1,0,11,2
6579,28225,0,16,646,2015,4,0,5,1.6,98000.0,4,2,1,1,0,12,8
6580,17484,1324,23,788,2010,9,1,5,3.3,235729.0,4,0,1,1,0,12,4
6581,40769,777,58,1186,2014,4,0,5,2.5,20800.0,4,2,0,1,0,14,12
6582,314,3739,16,667,2004,9,1,5,3.7,0.0,8,0,2,1,0,11,12
6583,10663,934,55,706,2015,4,1,5,2.5,81058.0,4,0,0,1,0,12,0
6584,17346,862,23,812,2011,10,1,1,2.5,220000.0,4,0,1,1,0,15,4
6585,392,1246,35,171,2008,3,1,5,2.3,254542.0,4,0,1,1,0,7,12
6586,45009,681,56,1350,2019,3,0,5,1.2,0.0,4,3,1,1,0,11,0
6587,5018,779,58,423,2013,9,1,2,2.5,124184.0,4,0,1,1,0,12,12
6591,3700,0,42,262,1992,9,0,5,1.8,11111.0,4,0,1,1,0,4,3
6592,27654,629,23,618,2015,9,1,1,1.6,87521.0,4,0,1,1,0,14,4
6593,5488,765,5,71,2015,9,1,5,2.0,87358.0,4,0,2,1,0,14,12
6594,549,1104,3,1164,2015,4,1,5,3.0,71717.0,6,0,0,1,0,1,0
6595,11604,488,8,1322,2016,9,1,5,1.0,30901.0,4,0,1,1,0,14,4
6596,8781,0,35,976,2004,7,0,4,2.3,170000.0,4,0,1,1,1,12,4
6597,25591,639,54,902,2014,4,1,1,2.0,75661.0,4,0,1,1,0,1,4
6598,6115,1708,54,1192,2007,4,1,1,2.7,76364.0,4,0,1,1,0,1,4
6601,14426,761,58,1124,2010,9,0,2,1.8,170000.0,4,3,1,1,0,2,10
6604,9408,831,58,423,2011,9,1,2,2.4,248178.0,4,2,1,1,0,14,10
6605,22894,0,41,1476,2005,4,1,4,3.7,16000.0,6,2,0,1,0,2,4
6606,35902,777,23,812,2014,7,1,1,2.5,117917.0,4,0,1,1,0,12,4
6607,119172,0,36,44,1943,9,1,5,2.2,69000.0,4,0,2,1,0,14,0
6608,15850,836,23,1298,2010,9,1,5,2.0,155573.0,4,0,1,1,0,12,4
6609,125,2278,58,1124,2008,3,1,2,1.5,147000.0,4,0,1,1,1,12,0
6610,10976,831,41,1435,2017,9,0,5,1.6,64765.0,4,0,1,1,0,14,6
6611,3920,574,21,858,2010,3,0,2,1.3,3333.0,4,3,1,1,0,11,8
6614,30,0,21,669,2006,3,0,5,1.3,0.0,4,0,1,1,1,14,4
6615,5331,0,41,982,2004,3,0,5,1.2,0.0,4,0,1,1,1,7,2
6616,4300,1701,21,715,2010,7,0,5,1.5,117000.0,4,0,1,1,1,1,4
6617,39201,751,58,1179,2013,4,0,5,2.4,92800.0,4,0,0,1,0,3,6
6618,2500,0,61,796,1989,3,1,5,1.8,123457.0,4,1,1,0,0,2,0
6619,11917,631,36,958,2002,4,1,0,3.2,438886.75,6,2,0,1,0,1,12
6621,11917,639,16,722,2014,9,1,5,2.0,105873.0,4,0,1,1,0,1,12
6622,47042,0,27,1471,2013,4,0,5,3.6,37500.0,6,1,0,0,0,12,4
6623,4700,0,42,1043,1999,9,1,0,3.0,180000.0,6,1,2,1,0,1,12
6624,13799,0,58,1124,2007,3,0,2,1.6,182400.0,4,0,1,1,0,11,6
6625,51689,831,23,1401,2017,4,1,5,1.6,41551.0,4,0,1,1,0,1,4
6626,36065,1405,36,771,2009,4,1,1,3.0,165000.0,6,0,0,1,0,1,8
6627,15132,687,23,618,2010,9,1,5,1.6,103149.0,4,0,1,1,0,12,4
6628,22894,1051,28,1049,2016,9,0,5,2.4,36500.0,4,0,1,1,0,14,6
6629,58391,722,16,1024,2014,1,1,5,2.3,59340.0,4,0,1,1,0,11,4
6630,31988,1482,36,753,2011,4,1,5,3.7,160000.0,8,2,0,1,0,0,12
6631,12231,631,30,1023,2006,7,1,5,1.4,438886.75,4,2,1,1,0,1,12
6633,21326,1829,41,1107,2006,4,0,1,2.5,160000.0,4,1,0,1,0,12,8
6635,25763,639,8,444,2014,4,1,1,2.0,98033.0,4,0,1,1,0,7,4
6636,65858,1017,36,332,2017,9,1,5,2.0,71520.0,6,2,2,1,0,1,10
6638,10976,1528,58,423,2007,9,1,2,2.4,204000.0,4,0,1,1,0,1,8
6641,22580,631,58,1124,2014,9,0,2,1.8,438886.75,4,0,1,1,0,1,12
6642,8154,0,21,469,2005,3,0,5,1.7,160000.0,4,3,1,1,1,12,0
6643,14740,0,58,921,2001,4,0,0,2.7,247000.0,4,0,0,1,0,1,4
6644,21639,1016,28,1049,2017,9,1,5,2.0,33005.0,4,0,1,1,0,1,4
6645,50178,0,5,1491,2010,4,1,1,3.0,180000.0,6,2,0,1,0,1,8
6646,10976,0,5,85,2001,9,1,5,2.5,201000.0,6,1,2,1,0,0,6
6647,7840,928,42,262,2007,3,0,5,1.4,200000.0,4,1,1,1,0,1,6
6648,4547,631,36,586,2008,9,1,1,3.5,438886.75,6,0,0,1,0,1,12
6649,18503,779,61,1090,2013,9,1,5,2.5,61900.0,5,2,1,1,0,7,8
6650,28909,642,23,1270,2012,4,1,1,2.0,120000.0,4,0,1,1,0,14,4
6651,30,0,58,1124,2006,9,0,2,1.5,150000.0,4,0,1,1,0,14,0
6652,93371,1156,16,661,2017,4,1,5,2.3,55000.0,4,0,1,1,0,1,4
6653,8467,0,36,313,1999,9,0,1,2.2,1111.0,4,1,2,1,0,0,6
6654,12388,761,58,1124,2010,3,0,2,1.8,141000.0,4,0,1,1,0,1,12
6655,2509,642,5,88,2012,9,1,5,2.0,237933.0,4,0,2,1,0,2,12
6656,4391,0,42,1416,1998,9,0,0,1.6,30000.0,4,1,1,1,0,14,2
6658,20385,0,28,713,2011,9,1,4,1.6,40000.0,4,0,1,1,0,12,6
6661,22580,0,8,1461,2011,3,1,6,1.4,248000.0,4,0,1,1,0,7,0
6662,30185,751,27,483,2013,4,1,5,2.4,105568.0,4,0,1,1,0,11,4
6663,33236,770,23,1401,2016,4,1,1,1.7,175200.0,4,0,1,1,0,12,4
6664,11604,639,23,1298,2014,9,1,4,2.0,384418.0,4,0,1,1,0,12,4
6665,16741,707,54,237,2011,4,1,1,2.0,181727.0,4,0,1,1,0,14,4
6666,2822,0,61,797,1996,3,0,0,2.0,111111.0,4,1,1,1,0,1,2
6667,20347,640,8,444,2013,4,1,1,2.0,170000.0,4,0,1,1,0,1,4
6670,12544,1872,61,18,2018,9,1,5,3.6,66086.0,6,0,1,1,0,7,12
6672,24183,639,23,1401,2014,4,1,1,2.0,42701.0,4,0,1,1,0,14,4
6673,26306,1091,23,812,2016,10,1,1,2.5,199596.0,4,0,1,1,0,12,4
6674,7527,0,39,1077,1993,4,0,0,3.0,1111.0,6,1,0,0,0,7,0
6675,5959,1470,26,1520,2013,9,1,5,3.7,107837.0,8,0,2,1,0,1,12
6677,15367,640,23,1298,2013,9,1,5,2.0,31381.0,4,0,1,1,0,14,4
6678,14426,0,36,953,2003,4,1,1,2.7,210000.0,6,2,0,1,0,12,6
6680,10036,891,23,1298,2016,9,1,4,2.0,438886.75,4,0,1,1,0,8,4
6681,10976,0,36,305,2001,9,0,5,2.0,20000.0,4,1,2,1,0,2,8
6682,1490,631,23,618,2015,9,1,5,1.8,438886.75,4,0,1,1,0,1,12
6684,3136,919,36,961,2012,4,1,1,3.0,180251.0,6,0,0,1,0,14,12
6685,10036,0,36,319,2002,9,1,4,2.6,300000.0,6,2,2,1,0,1,8
6686,49751,891,23,1298,2016,9,1,5,2.0,17996.0,4,0,1,1,0,14,4
6687,2352,1273,32,845,2015,9,1,5,3.5,80856.0,6,0,0,1,0,1,12
6688,18660,631,28,1049,2015,9,1,5,2.0,438886.75,4,0,1,1,0,1,4
6689,21953,528,41,889,2014,4,0,5,1.6,17600.0,4,2,1,1,0,14,10
6690,2300,0,16,505,1999,1,1,5,2.5,130000.0,6,1,1,0,0,12,6
6691,3450,784,58,1528,2017,3,1,5,1.5,67357.0,4,0,1,1,0,14,12
6692,1646,777,58,423,2014,9,1,5,2.5,92891.0,4,0,1,1,0,14,12
6693,14113,0,31,1214,2003,4,1,5,3.7,150000.0,8,2,0,1,0,14,12
6694,10036,0,39,1079,2001,4,1,5,2.0,0.0,4,0,0,1,0,14,3
6695,6272,827,8,523,2010,9,1,5,2.0,67381.0,4,0,1,1,0,12,4
6696,20698,831,21,512,2018,9,1,5,1.5,56261.0,4,0,0,1,0,2,12
6698,862,891,32,840,2016,9,1,5,2.0,62938.0,4,0,2,1,0,1,12
6699,5018,1292,5,1491,2016,4,1,5,3.0,0.0,6,0,0,1,0,7,12
6702,392,1273,58,1360,2009,8,1,5,2.7,335291.0,4,0,2,1,0,14,12
6703,15681,0,36,596,1996,9,1,4,3.7,125000.0,8,0,2,1,0,1,12
6704,4077,0,42,1416,1997,9,0,0,1.6,0.0,4,1,1,1,0,4,2
6705,12544,0,21,669,2010,3,0,5,1.3,127000.0,4,0,1,1,1,1,0
6706,1254,642,23,618,2012,9,1,5,2.0,219773.0,4,0,1,1,0,2,12
6707,12544,1024,23,812,2010,7,1,1,2.5,65283.0,4,0,1,1,0,12,4
6709,3450,765,23,618,2015,9,1,5,2.0,125890.0,4,0,1,1,0,3,12
6711,47,639,23,618,2014,3,1,5,2.0,57590.0,4,0,1,1,0,7,12
6712,43576,631,54,1192,2014,4,1,1,2.0,438886.75,4,0,1,1,0,1,4
6713,22580,777,58,433,2014,9,1,5,2.5,95000.0,4,2,1,1,0,1,12
6714,13172,891,23,1298,2016,9,1,4,2.0,388495.0,4,0,1,1,0,8,4
6716,42337,0,5,1511,2009,4,1,5,3.5,133000.0,6,2,0,1,0,1,10
6717,5883,790,11,909,2009,9,1,5,1.6,117685.0,4,0,1,1,0,12,4
6718,1725,473,15,116,2014,4,1,5,1.4,110539.0,4,0,1,1,0,15,12
6719,6272,722,36,1296,2004,0,0,1,0.8,22000.0,3,2,2,0,0,1,2
6720,53000,1327,58,423,2018,9,0,5,2.5,7000.0,4,2,1,1,0,12,12
6723,37947,1714,36,763,2017,4,1,5,3.5,21178.0,6,0,0,1,0,1,12
6724,41547,639,23,1270,2014,4,1,1,2.0,133169.0,4,0,1,1,0,14,4
6725,16549,631,23,788,2011,1,1,5,2.0,438886.75,4,0,1,1,0,1,4
6726,18814,586,58,1124,2012,9,0,2,1.8,193000.0,4,0,1,1,0,7,6
6727,1725,1099,58,1431,2010,4,1,5,2.7,176437.0,4,0,0,1,0,14,12
6728,32412,640,23,1270,2013,4,1,1,2.0,144000.0,4,0,1,1,0,12,4
6729,6800,0,5,139,2000,9,0,5,2.5,157000.0,6,1,2,1,0,2,4
6730,23521,781,58,423,2012,9,1,2,2.5,52000.0,4,3,1,1,0,12,12
6731,13799,0,36,49,2002,9,0,1,2.7,354300.0,6,2,1,1,0,12,6
6733,18189,585,36,329,2013,9,1,5,1.8,166400.0,4,2,2,1,0,1,12
6735,8467,697,61,1102,2015,9,1,5,1.8,115974.0,4,2,1,1,0,1,12
6736,27654,836,23,1401,2010,4,1,1,2.0,100563.0,4,0,1,1,0,12,4
6737,9095,0,36,1233,1999,9,1,4,3.2,157000.0,6,2,2,1,0,14,8
6738,24092,642,54,902,2012,4,1,1,2.0,78462.0,4,0,1,1,0,1,4
6739,8938,843,58,1124,2008,9,0,2,1.5,133016.0,4,0,1,1,0,0,8
6741,13485,0,58,1124,2007,9,0,2,1.5,132000.0,4,3,1,1,0,7,11
6742,2666,1018,36,961,2011,4,1,1,3.0,0.0,6,0,0,1,0,1,12
6743,25889,836,23,1401,2010,4,1,1,2.0,127105.0,4,0,1,1,0,12,4
6744,18519,585,8,523,2013,9,1,5,1.8,61573.0,4,0,1,1,0,14,4
6746,15500,631,36,584,2004,9,1,0,3.2,438886.75,4,0,0,1,0,1,8
6747,10000,473,8,523,2014,9,0,5,1.4,87000.0,4,2,1,1,0,12,8
6748,131716,1017,36,762,2017,4,1,5,2.0,28226.0,8,2,0,1,0,14,12
6750,28539,631,35,409,2014,4,0,5,2.0,438886.75,4,0,1,1,0,1,12
6751,2500,0,12,692,1994,4,0,5,1.6,100000.0,4,1,0,0,0,6,0
6752,8154,1750,32,1200,2008,4,1,2,3.3,224629.0,6,0,0,1,0,12,12
6753,11604,639,23,1298,2014,9,1,4,2.0,386544.0,4,0,1,1,0,12,4
6754,10349,790,8,287,2009,9,0,5,1.6,58000.0,4,0,1,1,0,4,7
6755,16308,584,23,618,2014,9,0,5,1.8,110000.0,4,2,1,1,0,4,8
6756,9722,0,36,560,2000,9,0,1,2.2,235000.0,4,1,2,1,0,2,6
6757,8467,1236,21,669,2011,3,0,2,1.3,118000.0,4,3,1,1,1,14,4
6758,10036,988,58,1124,2007,9,1,2,1.5,170000.0,4,3,1,1,0,11,10
6759,862,579,58,423,2017,9,1,2,2.5,174923.0,4,0,1,1,0,1,12
6760,24775,631,58,1179,2011,4,0,5,2.5,438886.75,4,0,0,1,0,1,4
6761,40769,1327,58,423,2018,9,1,5,2.5,31000.0,6,2,2,1,0,7,12
6762,12544,765,16,697,2015,9,0,5,2.0,119000.0,4,1,1,1,0,12,12
6763,1500,0,40,39,1978,2,0,5,1.5,438886.75,4,1,2,0,0,2,0
6764,14113,0,61,880,2014,9,1,5,1.8,130000.0,4,2,1,1,0,7,0
6765,26017,631,8,444,2013,4,1,1,2.0,438886.75,4,0,1,1,0,1,4
6766,18826,531,23,618,2012,9,1,5,1.6,116891.0,4,0,1,1,0,14,4
6767,57698,765,23,1298,2015,9,1,5,2.0,32170.0,4,0,1,1,0,7,4
6770,28592,501,21,669,2014,3,1,5,1.5,119130.0,4,0,1,1,0,1,4
6771,1568,0,12,1365,2002,4,1,5,0.7,88000.0,3,0,0,1,1,12,6
6773,9700,364,58,1457,2012,3,0,5,1.0,135000.0,4,3,1,1,0,14,2
6775,17249,473,15,129,2014,4,1,5,1.4,56431.0,4,2,0,1,0,14,12
6777,40,0,21,669,2005,3,0,5,1.3,100000.0,4,3,1,1,1,14,4
6779,392,631,7,1265,2012,4,1,5,3.6,438886.75,6,0,0,1,0,1,12
6781,314,1292,34,791,2016,9,1,5,3.0,50314.0,6,0,0,1,0,12,12
6782,32973,640,8,444,2013,4,1,1,2.0,62707.0,4,0,1,1,0,14,4
6783,20385,0,5,88,2009,9,1,5,3.0,162000.0,6,2,2,1,0,12,10
6784,18189,0,58,423,2009,9,1,2,2.4,16320.0,4,3,1,1,0,12,9
6785,11917,690,32,1208,2016,4,1,2,3.5,59858.0,6,0,1,1,0,12,12
6786,470,530,45,453,2015,4,1,2,3.0,105022.0,6,0,0,1,0,14,12
6788,46101,631,58,423,2019,9,1,5,2.5,438886.75,4,0,1,1,0,1,12
6791,44134,891,23,1298,2016,9,1,5,2.0,62621.0,4,0,1,1,0,1,4
6792,13485,781,61,870,2012,9,1,5,2.5,106000.0,5,0,1,1,0,1,12
6793,26657,1017,23,618,2017,9,0,5,2.0,70000.0,4,0,1,1,0,1,6
6794,11290,0,21,669,2013,3,0,2,1.3,180000.0,4,3,1,1,1,12,2
6795,9252,765,23,1298,2015,9,1,4,2.0,438886.75,4,0,1,1,0,8,4
6796,7213,0,56,809,2002,4,1,5,2.0,0.0,4,1,0,1,0,12,4
6797,20698,0,58,423,2008,9,1,2,2.4,268800.0,4,3,1,1,0,14,12
6798,39201,0,36,958,2009,4,1,1,3.0,120345.0,6,2,0,1,0,1,8
6799,3763,518,58,423,2016,4,1,2,2.5,39741.0,4,0,1,1,0,1,12
6800,7527,875,58,1105,2012,3,0,5,1.0,118000.0,3,3,1,1,1,12,2
6801,706,751,23,1298,2013,9,1,2,2.4,0.0,4,0,1,1,0,14,0
6802,26343,0,39,1065,2015,4,0,5,2.4,45000.0,4,3,0,1,0,14,10
6803,21012,640,16,346,2013,9,1,2,2.0,160008.0,5,0,1,1,0,0,10
6804,13485,0,41,1107,2001,4,0,0,3.5,392000.0,6,1,0,1,0,1,4
6805,10976,0,61,870,2005,9,1,5,2.5,186000.0,5,2,1,1,0,2,12
6806,39201,0,58,1179,2015,4,0,5,2.5,88000.0,4,2,0,2,0,10,12
6808,3450,0,42,1416,1989,9,0,5,2.0,300000.0,4,1,1,1,0,14,0
6809,10500,0,16,1387,2009,2,0,1,1.8,215000.0,4,1,1,1,0,8,4
6810,20071,0,58,1124,2012,3,0,2,1.8,171200.0,4,0,1,1,0,12,9
6811,5645,1360,42,1536,2002,10,0,5,1.6,216000.0,4,1,1,1,0,7,10
6812,37633,0,32,841,2015,9,1,5,2.5,90000.0,4,2,2,2,0,12,8
6814,6272,631,21,669,2012,3,1,2,1.5,438886.75,4,3,1,1,1,1,2
6815,19444,0,5,166,2005,9,1,5,3.7,220000.0,8,2,2,1,0,14,10
6817,14426,475,8,523,2012,9,1,5,1.4,108800.0,4,2,1,1,0,4,0
6818,29479,642,5,1485,2012,4,1,5,2.0,102400.0,4,2,0,1,0,2,12
6819,26657,0,23,289,2013,9,1,5,3.3,93000.0,6,2,1,1,0,1,12
6821,6899,0,42,262,1998,10,0,5,1.6,100000.0,4,1,1,1,0,7,4
6822,627,639,61,870,2014,9,1,1,2.0,99653.0,4,0,1,1,0,7,0
6823,44166,730,54,237,2016,4,1,1,1.6,45220.0,4,0,1,1,0,1,4
6825,107841,1053,16,667,2014,9,1,5,3.5,91193.0,4,0,1,1,0,14,4
6826,61154,631,32,781,2015,4,1,5,3.7,438886.75,8,0,0,1,0,1,0
6827,15681,777,58,423,2014,9,1,5,2.5,115000.0,4,2,1,1,0,7,12
6828,32245,639,23,1401,2014,4,1,1,2.0,114406.0,4,0,1,1,0,1,4
6829,21683,732,21,669,2018,3,1,5,1.3,10970.0,4,0,1,1,0,12,4
6830,17876,586,23,618,2012,9,1,5,1.8,80000.0,4,2,1,1,0,14,6
6831,12544,631,21,858,2010,9,0,2,1.3,438886.75,4,0,1,1,0,1,8
6832,9408,0,5,66,2002,1,0,5,2.0,222000.0,4,1,2,0,0,12,6
6833,34419,1249,23,812,2017,10,1,1,2.5,184189.0,4,0,1,1,0,12,4
6835,8781,631,36,560,1998,9,0,1,2.2,438886.75,4,1,2,1,0,1,4
6836,5645,1586,28,1318,2007,4,1,1,2.5,77452.0,4,0,1,1,0,12,4
6837,34108,777,23,812,2014,7,1,1,2.5,97010.0,4,0,1,1,0,7,4
6838,3450,0,16,1381,1986,6,0,1,2.5,99999.0,4,1,2,1,0,2,0
6839,3763,832,58,1360,2014,4,1,5,2.7,64994.0,4,0,2,1,0,7,12
6840,6586,0,58,1457,1999,3,0,5,1.0,0.0,4,0,1,1,1,11,2
6841,2822,0,39,1077,1999,4,0,5,1.8,1000.0,4,0,0,0,0,2,2
6842,43905,0,5,150,2010,3,1,1,3.0,165000.0,6,0,0,1,0,12,12
6843,21953,308,58,1124,2014,9,1,2,1.8,111000.0,4,3,1,1,0,11,14
6844,35438,639,23,1270,2014,4,1,5,2.0,15000.0,4,2,1,0,0,3,12
6845,24000,1829,58,364,2019,4,0,5,1.2,84000.0,4,2,1,1,1,4,8
6846,4547,631,41,1009,2000,1,0,5,1.0,438886.75,4,1,1,0,0,1,2
6848,20228,631,23,627,2016,9,1,5,2.0,438886.75,4,0,1,1,0,1,8
6850,2195,1091,58,423,2016,9,1,5,2.5,114389.0,4,0,1,1,0,2,12
6851,69502,1079,23,1298,2018,9,1,5,2.0,28750.0,4,0,1,1,0,7,4
6852,9722,583,16,693,2011,9,0,5,1.6,216000.0,4,0,1,1,0,2,4
6853,15994,0,23,618,2013,9,0,5,1.8,45000.0,4,0,1,1,0,12,8
6854,470,1249,58,423,2017,9,1,5,2.5,63083.0,4,0,1,1,0,1,12
6855,40769,917,36,961,2013,4,1,1,3.0,244800.0,6,0,0,1,0,14,8
6856,13796,836,23,788,2010,1,1,5,2.0,170000.0,4,0,1,1,0,1,4
6857,14426,0,36,572,2002,9,1,1,2.7,350000.0,5,2,2,1,0,2,4
6858,53154,891,23,1270,2016,4,1,1,2.0,102313.0,4,0,1,1,0,14,4
6859,33086,0,5,88,2014,9,1,5,2.0,127000.0,4,2,2,1,0,1,10
6860,14426,761,58,1124,2010,9,0,5,1.8,225600.0,4,0,1,1,0,7,8
6861,14583,911,23,1270,2010,4,1,1,2.2,61146.0,4,0,1,1,0,14,4
6862,8467,0,16,1381,2000,6,0,1,2.0,376000.0,4,1,1,1,1,14,4
6864,6272,629,16,693,2015,9,0,5,1.6,93500.0,4,0,1,1,0,12,10
6865,470,382,33,951,2015,9,1,2,2.0,115232.0,4,0,1,1,0,11,10
6866,40183,631,23,812,2016,10,1,1,2.5,438886.75,4,0,1,1,0,1,4
6867,22567,640,8,978,2013,9,1,5,2.0,201612.0,4,0,1,1,0,14,4
6868,5959,631,36,305,1996,9,0,0,1.8,438886.75,4,1,2,1,0,1,2
6869,13310,527,21,669,2015,3,1,5,1.3,101920.0,4,0,1,1,0,12,4
6870,7213,0,39,811,2004,7,0,0,2.4,1111.0,4,3,1,1,1,14,4
6873,49550,0,3,1164,2010,4,1,1,3.7,178000.0,8,2,0,1,0,1,12
6874,40000,1091,58,1179,2016,4,0,5,2.5,70400.0,4,0,0,1,0,1,10
6875,25086,0,58,1124,2015,3,0,2,1.8,0.0,4,0,1,1,0,12,12
6876,12544,586,8,523,2012,9,0,5,1.8,216000.0,4,1,1,1,0,12,6
6877,25597,639,23,1401,2014,4,1,1,2.0,220240.0,4,0,1,1,0,7,4
6878,23521,0,45,453,2008,4,1,5,3.7,134292.0,8,0,0,1,0,1,3
6881,10349,836,23,788,2010,1,1,5,2.0,125126.0,4,0,1,1,0,1,4
6882,6272,1705,54,1192,2007,4,1,1,2.7,76224.0,4,0,1,1,0,1,4
6883,12544,0,58,1124,2008,9,0,5,1.5,200000.0,4,0,1,1,0,12,6
6884,1882,1694,36,739,2016,4,1,5,3.7,74990.0,8,0,0,1,0,14,12
6885,6272,631,61,870,1999,9,0,0,2.0,438886.75,4,1,1,1,0,1,4
6886,29075,1234,16,1024,2011,1,1,5,3.7,142016.0,4,0,1,1,0,1,4
6888,10100,1266,58,251,2014,3,0,2,1.5,50000.0,4,0,1,1,1,14,4
6889,12544,645,23,618,2011,9,1,5,1.8,163200.0,4,0,1,1,0,4,12
6891,8154,0,42,262,1999,10,0,5,1.6,157000.0,4,1,1,1,0,14,4
6892,9095,1661,3,218,2013,1,1,5,2.0,78000.0,4,2,2,0,1,1,8
6893,470,1018,36,961,2011,4,1,1,3.0,275862.0,6,0,0,1,0,12,12
6894,4500,0,16,1381,1996,2,0,1,2.5,11000.0,4,1,2,1,0,2,1
6895,35124,0,36,1246,2007,9,1,5,3.7,225000.0,8,2,2,1,0,1,12
6896,29166,604,45,453,2016,4,1,2,3.0,0.0,6,0,0,1,0,1,12
6897,29793,0,9,54,2004,5,1,5,3.5,180800.0,6,0,1,1,0,9,2
6898,11447,0,5,1491,2001,4,1,4,3.0,250000.0,6,0,0,1,0,12,12
6899,59827,1077,21,469,2019,9,1,5,2.0,8115.0,4,0,1,1,0,7,4
6900,13799,761,58,1124,2010,3,0,2,1.8,182860.0,4,0,1,1,0,9,10
6901,26343,629,41,889,2015,4,0,5,1.6,91000.0,4,2,1,1,0,11,0
6902,15681,891,23,1298,2016,9,1,4,2.0,285486.0,4,0,1,1,0,12,4
6903,251,645,32,402,2011,3,1,2,1.8,95590.0,4,0,1,1,0,14,0
6904,549,751,23,1298,2013,9,1,5,2.4,149123.0,4,0,1,1,0,2,12
6905,8154,0,21,669,2007,3,0,5,1.3,190000.0,4,3,1,1,1,7,4
6907,3293,631,16,722,2017,9,1,2,2.0,438886.75,4,0,1,1,0,1,12
6908,21012,640,3,209,2013,9,1,5,2.0,157584.0,4,0,0,1,0,1,0
6910,18503,730,23,618,2016,9,1,4,1.6,31151.0,4,0,1,1,0,12,4
6911,4704,0,42,262,1997,2,0,5,1.6,0.0,4,1,1,1,0,6,2
6912,16308,0,58,922,1997,4,0,5,2.7,213700.0,4,0,0,0,1,6,2
6913,22580,631,36,580,2017,9,1,5,2.0,438886.75,4,0,2,1,0,1,12
6915,549,761,58,492,2010,9,1,5,1.8,305237.0,4,0,1,1,0,12,12
6916,7840,631,61,413,2005,2,0,1,1.9,438886.75,4,1,1,0,1,1,3
6918,8467,0,21,669,2005,3,0,5,1.3,178000.0,4,3,1,1,1,12,4
6919,23414,836,23,1401,2010,4,1,1,2.0,118129.0,4,0,1,1,0,7,4
6920,7840,0,42,262,2000,9,0,1,2.0,215000.0,4,1,1,1,0,12,4
6921,862,631,32,781,2008,4,1,5,3.7,438886.75,8,0,0,1,0,1,0
6922,17500,0,5,1491,2004,4,1,5,3.7,194000.0,8,2,0,1,0,2,10
6923,31361,1172,36,772,2011,4,1,5,3.5,185600.0,6,2,0,1,0,1,10
6924,17249,0,15,116,2016,1,0,5,1.6,43000.0,4,0,1,0,0,1,10
6926,20266,531,23,618,2012,9,1,5,1.6,83198.0,4,0,1,1,0,1,4
6927,4077,0,42,262,1996,2,0,5,1.6,304000.0,4,1,1,1,0,4,4
6928,9252,781,58,423,2012,9,1,2,2.5,361035.0,4,0,1,1,0,1,12
6929,23772,781,23,812,2012,7,1,1,2.5,54595.0,4,0,1,1,0,7,4
6930,15053,781,58,423,2012,9,0,2,2.5,142735.0,4,2,1,1,0,1,12
6933,941,986,58,423,2010,9,1,2,2.4,390533.0,4,0,1,1,0,12,12
6935,21012,631,8,1461,2011,9,0,2,1.4,438886.75,4,0,1,1,0,1,0
6936,4701,0,42,262,1995,3,0,5,1.6,231000.0,4,0,1,0,0,4,2
6937,12701,640,28,1049,2013,9,1,5,2.0,54977.0,4,0,1,1,0,14,4
6938,80,0,58,423,2014,9,0,2,2.4,0.0,6,0,1,1,0,1,6
6939,11917,0,21,669,2013,3,0,2,1.3,130000.0,4,3,1,1,1,14,4
6940,24123,836,23,1401,2010,4,1,1,2.0,135720.0,4,0,1,1,0,1,4
6941,32302,1301,5,948,2014,9,1,5,3.7,84341.0,8,0,2,1,0,8,12
6942,4000,0,61,794,1997,9,0,5,1.8,111111.0,4,1,1,0,0,2,2
6943,13485,0,16,1362,2014,9,1,4,3.7,338000.0,6,0,0,1,0,7,6
6944,7213,0,21,469,2001,3,0,5,1.5,210000.0,4,3,1,1,1,12,2
6945,14113,645,58,1124,2011,3,0,5,1.8,174890.0,4,0,1,1,0,7,6
6946,12570,761,8,909,2010,9,1,5,1.8,135702.0,4,0,1,1,0,1,4
6947,18817,650,8,523,2016,9,0,5,1.4,52000.0,4,2,1,1,0,14,12
6948,30734,1399,36,586,2010,9,1,5,3.5,16000.0,6,2,0,1,0,1,12
6949,26262,753,27,483,2012,4,1,5,2.4,91810.0,4,0,1,1,0,12,4
6951,20385,769,16,1381,2011,6,0,1,2.2,318000.0,4,1,2,0,0,14,2
6952,28241,528,23,618,2014,9,1,5,1.6,73628.0,4,0,1,1,0,12,4
6953,114468,1292,31,923,2016,4,1,5,3.0,51000.0,6,2,0,1,0,14,10
6955,7840,0,5,87,2000,1,1,5,2.5,240000.0,6,2,2,0,0,12,0
6956,14583,631,58,1360,2013,4,1,5,2.7,438886.75,4,0,2,1,0,1,12
6957,4234,0,36,21,1989,9,0,5,2.0,0.0,4,1,2,1,0,14,0
6959,13589,531,23,618,2012,9,1,5,1.6,218000.0,4,0,1,1,0,7,4
6960,21169,0,58,1124,2012,9,1,2,1.8,95000.0,4,0,1,1,0,12,16
6961,16621,641,28,1049,2012,9,1,5,2.0,88118.0,4,0,1,1,0,14,4
6963,22947,707,23,1401,2011,4,1,1,2.0,163008.0,4,0,1,1,0,7,4
6965,1960,900,23,1270,2015,4,1,5,2.4,143864.0,4,0,1,1,0,7,12
6966,7514,531,8,287,2012,3,1,5,1.6,62145.0,4,0,1,1,0,14,4
6967,43216,891,23,1270,2016,4,1,1,2.0,153000.0,4,0,1,1,0,1,4
6968,9095,0,21,669,2008,9,0,5,1.3,180000.0,4,0,2,1,1,1,7
6969,7370,707,28,1049,2011,9,1,5,2.0,75012.0,4,0,1,1,0,14,4
6970,19800,586,58,1124,2012,3,1,2,1.8,170000.0,4,0,1,1,0,12,12
6971,18189,0,58,1179,2006,4,0,5,2.4,190000.0,4,0,0,1,0,12,6
6973,23207,0,36,958,2007,4,1,1,3.2,320000.0,6,0,0,1,0,1,8
6975,37633,1091,58,426,2016,9,0,5,2.5,17200.0,4,2,1,1,0,2,12
6977,3763,631,23,1401,2013,4,1,5,2.4,438886.75,4,0,0,1,0,1,0
6978,39750,640,54,1192,2013,4,1,1,2.0,53283.0,4,0,1,1,0,1,4
6979,41547,831,54,237,2017,4,1,5,1.6,50000.0,4,0,1,1,0,14,4
6980,41547,765,23,1270,2015,4,1,1,2.0,68515.0,4,0,1,1,0,7,4
6981,20228,890,28,1049,2016,9,1,5,2.0,26432.0,4,0,1,1,0,1,4
6982,6899,0,43,26,2008,3,0,5,1.6,12700.0,4,0,1,1,0,12,6
6983,11604,639,23,1298,2014,9,1,4,2.0,352050.0,4,0,1,1,0,12,4
6985,9722,742,42,502,2008,3,0,1,1.3,169000.0,4,1,1,1,0,12,8
6986,5331,0,36,305,1996,9,0,5,1.8,290000.0,6,0,2,1,0,12,4
6987,13485,584,8,523,2014,9,0,5,1.8,64111.0,4,2,1,1,0,1,8
6988,18189,765,16,705,2015,9,0,5,2.0,59342.0,4,0,1,1,0,14,12
6989,19914,1347,23,812,2008,7,1,1,2.5,42442.0,4,0,1,1,0,12,4
6990,80,0,5,147,2007,9,1,5,2.5,100000.0,6,0,2,1,0,2,6
6991,14069,687,23,618,2010,9,1,5,1.6,129055.0,4,0,1,1,0,1,4
6992,13172,0,36,582,2003,9,1,4,3.2,220000.0,6,2,1,1,0,14,8
6993,16543,687,23,618,2010,9,1,5,1.6,79995.0,4,0,1,1,0,12,4
6994,1200,0,60,33,1983,9,0,5,1.6,10000.0,4,1,2,1,0,6,0
6995,30085,777,23,812,2014,7,1,1,2.5,196654.0,4,0,1,1,0,14,4
6996,33243,0,39,904,2010,8,0,1,2.5,280000.0,4,1,0,1,0,6,2
6997,706,810,23,618,2016,9,1,5,1.8,92981.0,4,0,1,1,0,14,12
6999,12231,173,5,1539,2014,3,1,2,0.7,107926.0,2,0,2,1,0,12,12
7000,15053,0,36,1326,1998,6,0,1,3.5,438886.75,4,1,2,1,0,15,2
7001,40688,1091,23,812,2016,10,1,1,2.5,135206.0,4,0,1,1,0,14,4
7002,1254,1211,16,646,2010,4,1,5,3.0,358370.0,6,0,0,1,0,12,12
7003,21953,631,55,706,2016,4,0,5,2.5,438886.75,4,3,0,1,0,1,8
7004,29479,917,5,157,2013,9,1,5,3.0,93493.0,6,2,2,1,0,2,12
7005,28225,0,55,706,2015,4,0,5,2.5,37000.0,4,3,0,1,0,3,6
7006,27065,730,23,618,2016,9,1,4,1.6,71000.0,4,0,1,1,0,14,4
7007,784,1493,21,1042,2016,9,1,5,3.5,203338.0,6,0,1,1,0,7,12
7008,22894,0,16,646,2009,4,1,2,2.5,169000.0,4,0,2,1,0,14,12
7009,12334,501,58,251,2014,3,1,5,1.5,121324.0,4,0,1,1,0,14,4
7010,117604,0,45,192,2008,1,1,5,3.6,126000.0,6,2,2,0,0,1,6
7011,23521,1249,58,440,2017,9,1,5,2.5,153000.0,4,2,1,1,0,1,12
7012,14426,0,21,682,2011,3,0,5,1.5,112000.0,4,2,1,1,1,1,5
7013,42337,1017,23,1270,2017,4,1,1,2.0,29853.0,4,0,1,1,0,14,4
7014,30326,631,23,812,2014,10,1,1,2.5,438886.75,4,0,1,1,0,1,4
7015,12544,631,13,417,2010,10,0,5,2.0,438886.75,4,3,1,1,0,1,6
7016,15053,642,23,1298,2012,9,1,4,2.0,67017.0,4,0,1,1,0,12,4
7018,20385,0,58,423,2009,9,1,5,2.5,152000.0,4,3,1,1,0,1,4
7019,941,631,5,88,2014,9,1,1,2.0,438886.75,4,0,2,1,0,1,12
7020,18033,764,28,1049,2015,9,1,5,2.0,39077.0,4,0,1,1,0,1,4
7021,9722,0,58,867,2002,3,0,5,1.5,1000.0,4,0,1,1,1,3,2
7023,20385,585,21,469,2013,9,0,0,1.8,120000.0,4,0,1,1,0,14,6
7024,20610,1024,32,841,2010,9,1,5,2.5,149218.0,4,0,1,1,0,12,4
7025,22580,0,61,878,2012,9,1,1,2.0,52960.0,4,1,1,1,0,11,10
7026,28523,631,23,788,2011,9,1,5,3.7,438886.75,4,0,1,1,0,1,4
7027,8700,0,21,637,2004,7,0,5,3.0,323000.0,6,0,1,0,1,7,4
7028,15053,0,16,697,2014,9,0,5,2.0,33000.0,4,2,1,1,0,4,10
7029,25089,777,58,423,2014,9,0,5,2.5,166400.0,4,2,1,1,0,12,10
7030,2587,631,23,1270,2014,4,1,5,2.0,438886.75,4,0,1,1,0,1,12
7031,141124,1304,5,948,2013,1,1,5,3.7,79500.0,8,2,2,1,0,1,12
7032,15053,765,61,870,2015,9,0,5,2.0,60010.0,4,2,1,1,0,14,10
7034,63152,784,21,469,2017,9,1,5,1.5,7176.0,4,0,1,1,0,2,4
7036,18817,779,61,1090,2013,9,1,5,2.5,180000.0,5,2,1,1,0,7,12
7037,11290,531,23,1425,2012,9,1,5,1.6,136000.0,4,2,1,1,0,15,8
7038,68994,917,31,1214,2013,4,1,1,3.0,112000.0,6,0,0,1,0,7,12
7039,54186,891,23,1270,2016,4,1,1,2.0,95131.0,4,0,1,1,0,1,4
7041,17249,0,28,1049,2011,9,1,5,2.4,103000.0,4,0,1,1,0,1,12
7043,392,836,28,284,2010,9,1,5,2.0,271776.0,4,0,1,1,0,7,12
7044,21012,308,58,1124,2014,3,0,2,1.8,112000.0,4,0,1,1,0,14,12
7045,20385,0,27,1471,1993,4,1,5,3.7,1000.0,6,1,0,0,0,14,0
7046,15060,765,23,1298,2015,9,1,4,2.0,160717.0,4,0,1,1,0,12,4
7048,17876,638,28,1049,2014,9,1,5,2.0,45984.0,4,0,1,1,0,14,4
7053,4234,631,8,523,2009,9,1,5,1.6,438886.75,4,0,1,1,0,1,4
7054,16443,640,23,1298,2013,9,1,5,2.0,162000.0,4,0,1,1,0,7,4
7055,17249,0,36,586,2006,9,1,5,3.7,245000.0,6,2,2,1,0,12,12
7056,54807,891,23,1270,2016,4,1,1,2.0,59000.0,4,0,1,1,0,7,4
7057,16308,584,23,618,2014,9,0,5,1.8,110000.0,4,2,1,1,0,7,4
7058,15681,585,23,618,2013,9,0,5,1.8,102675.0,4,0,1,1,0,1,0
7061,31361,0,36,325,2013,9,1,5,1.8,185000.0,4,2,2,1,0,14,10
7062,17249,0,61,1090,2015,9,1,5,1.8,65400.0,4,2,1,1,0,5,10
7063,13454,528,23,232,2014,9,1,1,1.6,49248.0,4,0,1,1,0,12,4
7064,8450,0,36,305,1999,9,0,5,1.8,218374.0,4,1,2,1,0,12,12
7066,1568,749,8,643,2014,4,1,5,2.4,251514.0,4,0,1,1,0,1,12
7067,37633,779,58,1179,2013,4,0,5,2.5,438886.75,4,2,0,1,0,6,8
7068,30906,501,21,669,2014,3,1,5,1.5,52800.0,4,0,1,1,0,8,4
7069,7840,0,42,262,2001,2,0,5,1.6,0.0,4,1,1,1,0,14,0
7070,38060,891,23,1401,2016,4,1,1,2.0,71826.0,4,0,1,1,0,14,4
7071,55,0,58,1134,2013,3,1,2,1.5,65000.0,4,0,1,1,0,7,2
7072,21953,738,8,523,2017,9,0,5,1.4,16000.0,4,2,1,1,0,11,12
7073,5300,447,21,669,2013,3,1,2,1.3,97536.0,4,0,1,1,0,14,4
7074,5331,631,10,355,2005,9,0,5,1.4,438886.75,4,1,1,1,0,1,4
7075,17876,919,28,415,2012,9,1,5,3.0,61463.0,6,0,1,1,0,12,4
7076,7840,0,41,1468,2003,10,0,4,1.5,235339.0,4,0,1,1,1,12,2
7078,33494,595,58,251,2015,3,1,5,1.5,29000.0,4,0,1,1,0,12,4
7079,15524,586,58,1124,2012,3,0,2,1.8,260000.0,4,0,1,1,0,2,8
7080,10976,0,41,1477,2003,4,1,4,2.0,142000.0,4,1,0,1,1,2,2
7081,5645,0,41,1477,2001,4,1,5,2.0,270000.0,4,0,0,1,1,12,4
7082,7213,0,8,909,2005,9,0,5,1.6,200000.0,4,1,1,1,0,12,2
7085,38260,0,36,1246,2007,9,1,5,3.7,148000.0,8,2,2,1,0,1,12
7086,19130,738,8,527,2017,9,0,5,1.4,104000.0,6,0,1,1,0,12,8
7088,3136,565,8,989,2007,9,1,5,0.8,103486.0,3,0,1,1,0,14,4
7090,627,1341,58,492,2006,9,1,5,1.8,438886.75,4,0,1,1,0,12,12
7091,29950,880,41,900,2018,4,1,5,1.6,9410.0,4,0,1,1,0,11,9
7092,12855,475,15,122,2012,1,1,5,1.4,81050.0,4,0,1,0,0,11,4
7093,10976,843,58,1124,2008,3,1,2,1.5,147000.0,4,0,1,1,0,6,6
7095,19121,531,23,618,2012,9,1,5,1.6,180000.0,4,0,1,1,0,7,4
7096,12231,0,61,413,2004,10,0,1,1.9,320121.0,4,1,1,1,0,12,4
7098,21639,0,5,1491,2004,4,1,1,3.0,246000.0,6,2,0,1,0,1,12
7099,10976,836,13,419,2010,3,0,5,2.0,123000.0,4,3,1,1,0,12,10
7101,10349,1079,58,112,2018,4,1,5,2.0,78579.0,4,0,1,1,0,10,12
7102,3000,0,46,1407,1996,3,0,5,1.2,111000.0,4,1,1,0,0,2,2
7103,16935,663,41,889,2015,4,0,5,1.7,0.0,4,0,1,1,0,1,0
7104,11290,0,16,1381,1997,6,0,1,2.5,0.0,4,1,2,1,0,14,2
7105,33870,1079,39,1070,2018,4,0,5,2.0,4320.0,4,2,0,1,0,7,10
7107,549,585,58,1124,2013,9,1,2,1.8,298248.0,4,0,1,1,0,14,12
7108,23533,765,54,902,2015,4,1,1,2.0,129170.0,4,0,1,1,0,1,4
7109,627,631,26,604,2017,4,1,5,3.0,438886.75,6,0,0,1,0,1,12
7110,6272,1282,8,444,2007,4,1,1,2.0,78972.0,4,0,1,1,0,12,4
7111,1176,777,16,722,2014,9,1,5,2.5,438886.75,4,0,1,1,0,14,12
7112,16935,631,58,1132,2012,3,0,2,1.5,438886.75,4,3,1,1,0,1,12
7113,11000,631,26,1482,2007,9,1,5,2.5,438886.75,6,2,0,1,1,1,5
7114,13172,0,39,1065,2005,4,0,5,2.4,160000.0,4,1,0,1,0,12,8
7116,40,0,21,669,2003,3,0,5,1.5,150000.0,4,0,1,1,1,7,6
7117,35570,1624,32,1201,2009,4,1,5,3.5,82343.0,4,0,1,1,0,14,4
7118,21181,640,8,1060,2013,4,1,1,2.0,143894.0,4,0,1,1,0,7,4
7119,392,3329,16,660,2007,4,1,5,3.7,280429.0,8,0,1,1,0,7,12
7123,10349,0,41,1477,2004,4,0,5,2.0,156000.0,4,0,0,1,1,1,8
7124,36065,0,32,781,2004,4,1,4,3.7,197000.0,8,0,0,1,0,7,10
7125,23521,0,55,706,2013,4,1,5,2.5,80000.0,6,2,0,1,0,12,12
7126,706,761,58,1124,2010,3,1,2,1.8,73402.0,4,0,1,1,0,14,12
7127,45473,639,5,144,2014,9,1,5,2.0,70000.0,4,2,2,2,0,1,10
7128,14740,0,21,858,2010,3,0,4,1.3,320000.0,4,0,1,1,0,14,4
7129,314,650,61,870,2016,9,1,5,1.4,83259.0,4,0,1,1,0,2,12
7130,14740,0,58,492,2007,9,0,5,1.4,241000.0,4,1,1,1,0,2,4
7132,188,631,21,858,2011,3,1,2,1.3,438886.75,4,0,1,1,0,1,0
7133,6899,0,41,458,2006,9,0,0,2.0,107342.0,4,0,1,1,0,14,0
7134,15681,586,23,618,2012,9,0,5,1.8,127226.0,4,0,1,1,0,2,0
7135,15053,810,23,618,2016,9,0,5,1.8,80000.0,4,2,1,1,0,7,12
7136,13172,0,58,1124,2007,9,0,2,1.5,200000.0,4,0,1,1,0,14,4
7137,40092,730,54,237,2016,4,1,5,1.6,72073.0,4,0,1,1,0,14,4
7139,34497,1018,5,1491,2011,4,1,1,3.0,250000.0,6,2,0,1,0,7,10
7140,10976,0,41,1477,2004,4,0,5,2.5,313000.0,4,0,1,1,0,6,0
7141,29793,1051,28,1049,2016,9,1,5,2.4,52000.0,4,2,1,1,0,14,12
7142,3136,631,61,1430,1993,9,0,5,1.8,438886.75,4,0,1,1,0,1,2
7145,42102,730,54,237,2016,4,1,1,1.6,89836.0,4,0,1,1,0,2,4
7146,470,456,58,423,2015,9,1,2,2.5,154312.0,4,0,1,1,0,1,12
7147,51746,1384,36,395,2014,9,1,5,3.7,124893.0,8,2,0,1,0,1,12
7148,600,0,12,1013,2012,3,0,5,0.7,103000.0,3,0,1,1,1,1,2
7149,24775,0,36,390,2005,1,1,5,3.5,92800.0,6,2,1,1,0,12,12
7151,16621,1018,16,646,2011,4,1,5,3.0,104000.0,6,0,0,2,0,1,6
7152,53154,631,23,1270,2016,4,1,1,2.0,438886.75,4,0,1,1,0,1,4
7153,15681,1058,36,586,2012,9,1,5,3.5,70000.0,6,0,2,1,0,14,11
7154,14740,0,21,858,2009,9,0,2,1.3,156000.0,4,3,1,1,0,1,4
7155,15470,631,23,1270,2011,4,1,1,2.2,438886.75,4,0,1,1,0,1,4
7156,80,0,39,1079,2001,4,0,5,2.0,140000.0,4,0,0,1,0,14,0
7157,3058,631,58,1528,2017,9,1,5,1.5,438886.75,4,0,1,1,0,1,12
7158,16308,0,36,961,2004,4,1,0,3.7,279752.0,6,2,0,1,0,7,10
7159,18189,638,28,1049,2014,9,1,5,2.0,40801.0,4,0,1,1,0,1,4
7160,38182,595,21,669,2015,3,1,5,1.5,60539.0,4,0,1,1,0,1,4
7161,5488,631,8,279,2013,9,1,5,3.7,438886.75,8,0,1,1,0,1,12
7162,13172,0,21,400,2010,1,0,2,1.5,185000.0,4,2,1,0,0,2,8
7163,31,631,21,858,2011,3,1,2,1.3,438886.75,4,0,1,1,0,1,0
7164,470,781,61,794,2012,3,1,5,2.5,215747.0,5,0,1,1,0,7,12
7165,78403,0,32,1189,2015,1,1,5,3.5,86000.0,6,2,0,0,0,7,16
7166,18189,777,58,423,2014,9,1,5,2.5,12000.0,4,2,1,1,0,14,6
7169,32973,640,8,1060,2013,4,1,1,2.0,37106.0,4,0,1,1,0,7,4
7170,34692,1249,23,812,2017,10,1,1,2.5,188000.0,4,0,1,1,0,12,4
7171,7997,0,36,958,2000,4,1,0,3.2,111111.0,6,2,0,1,0,7,12
7172,7213,0,36,582,1998,9,1,5,3.2,253000.0,6,0,2,1,0,12,6
7173,21953,0,3,225,2008,9,1,5,3.2,158177.0,6,2,0,1,1,7,12
7174,10400,1267,58,251,2013,3,0,2,1.5,135000.0,4,0,1,1,1,7,4
7175,23521,1399,5,95,2010,9,1,5,3.5,94000.0,6,2,2,1,0,14,6
7178,23521,781,58,1179,2012,4,0,5,2.5,98000.0,4,2,1,1,0,1,10
7180,13956,642,16,348,2012,3,1,6,2.0,199348.0,4,0,1,1,0,6,8
7181,9095,761,16,1387,2010,2,1,1,1.8,160000.0,4,1,1,0,0,12,4
7182,13799,585,23,618,2013,9,0,5,1.8,130000.0,6,0,1,1,0,14,2
7184,3450,0,36,1445,2000,7,0,5,2.3,70300.0,4,1,1,1,1,12,8
7185,55823,765,36,759,2015,4,1,5,2.0,63000.0,4,2,0,1,0,1,14
7186,3500,0,42,1367,1995,1,0,5,1.6,1000.0,4,1,1,0,0,1,2
7187,71647,1077,23,1270,2019,4,1,1,2.0,47778.0,4,0,1,1,0,7,4
7188,4391,0,61,794,2000,3,0,5,1.4,230000.0,4,1,1,0,0,2,16
7189,10036,790,42,479,2009,2,0,0,1.6,240000.0,4,1,1,1,0,14,0
7191,9565,631,3,226,2014,3,1,5,3.0,438886.75,6,0,0,1,0,1,0
7192,13500,0,36,199,1997,6,0,1,2.9,111000.0,1,1,2,1,0,4,1
7193,392,585,58,1124,2013,9,1,2,1.8,114526.0,4,0,1,1,0,14,12
7194,58971,859,27,1471,2014,4,1,1,2.8,176300.0,4,0,1,1,0,3,4
7195,8781,0,5,90,1995,1,0,5,3.1,177000.0,6,1,2,0,0,11,0
7196,34406,777,23,812,2014,7,1,1,2.5,115417.0,4,0,1,1,0,12,4
7198,8467,0,58,867,2005,3,0,5,1.3,138000.0,4,0,1,1,1,14,4
7201,392,474,15,116,2013,4,1,5,1.4,135914.0,4,0,1,1,0,1,12
7202,9400,988,58,1124,2007,3,0,2,1.5,200000.0,4,0,1,1,0,12,8
7203,22110,631,55,711,2015,3,1,5,2.0,438886.75,4,0,0,1,0,1,10
7204,11604,629,23,1425,2015,3,0,5,1.6,62000.0,4,2,1,0,0,2,12
7205,11650,0,39,1079,2005,4,0,5,2.0,231212.0,4,0,0,1,0,12,6
7206,392,585,58,1124,2013,4,1,2,1.8,114526.0,4,0,1,1,0,14,12
7207,35269,1017,23,1401,2017,4,1,1,2.0,150563.0,4,0,1,1,0,1,4
7208,18669,862,23,812,2011,7,1,1,2.5,65564.0,4,0,1,1,0,12,4
7209,314,765,55,1525,2015,4,1,5,2.0,118848.0,4,0,0,1,0,11,12
7210,39201,780,61,870,2019,9,1,5,1.4,5000.0,4,0,1,1,0,7,16
7211,21652,730,23,232,2016,9,1,1,1.6,107393.0,4,0,1,1,0,14,4
7212,44533,1413,23,788,2016,9,1,5,3.3,33705.0,4,0,1,1,0,7,4
7214,19306,501,58,251,2014,3,1,5,1.5,71000.0,4,0,1,1,0,1,4
7215,470,382,16,722,2015,9,1,2,2.0,149048.0,4,0,1,1,0,14,0
7216,7997,836,11,909,2010,9,1,1,2.0,53223.0,4,0,1,1,0,7,4
7217,17876,394,32,606,2014,9,1,2,2.5,113002.0,4,0,1,1,0,1,12
7218,22894,0,36,970,2005,4,1,5,3.7,200000.0,8,2,0,1,0,12,12
7219,32311,1053,16,1362,2014,9,1,5,3.5,154587.0,4,0,1,1,0,1,4
7220,39201,1104,3,1160,2015,4,1,5,3.0,54683.0,6,2,0,1,0,1,12
7223,16480,631,23,1401,2011,4,1,1,2.0,438886.75,4,0,1,1,0,1,4
7224,12544,1185,16,722,2009,9,1,2,2.5,264000.0,4,0,1,1,0,1,8
7225,3136,0,42,1416,1994,9,0,5,2.0,2697.0,4,1,1,1,0,6,2
7226,27284,777,58,423,2014,9,1,5,2.5,113600.0,4,0,1,1,0,12,8
7229,2666,753,28,1049,2012,9,1,5,2.4,150246.0,4,0,1,1,0,3,12
7230,4704,738,8,523,2017,9,1,5,1.4,150453.0,4,0,1,1,0,14,12
7231,29711,924,54,1192,2011,4,1,1,2.7,121649.0,4,0,1,1,0,12,4
7233,31988,0,32,782,2003,4,1,5,3.7,147200.0,8,0,0,1,0,7,0
7234,706,1051,9,23,2016,9,1,5,2.4,90835.0,4,0,1,1,0,1,12
7236,2822,0,41,983,2002,9,0,5,1.2,181000.0,4,0,1,1,1,10,12
7238,20385,530,41,889,2013,4,1,5,1.6,75000.0,4,2,0,1,0,7,8
7239,23659,691,21,669,2017,3,1,5,1.3,49000.0,4,0,1,1,0,1,4
7240,40954,382,58,251,2017,10,1,2,1.5,6589.0,4,0,1,1,0,6,4
7241,15681,0,5,1491,2001,4,1,1,3.0,111111.0,6,2,2,1,0,12,0
7242,33243,2225,32,780,2017,4,1,5,3.7,69918.0,8,0,0,1,0,14,12
7243,16308,0,58,1124,2010,3,0,2,1.8,185000.0,4,3,1,1,0,12,6
7244,470,1481,36,595,2017,1,1,5,3.0,36866.0,6,0,2,0,0,12,12
7246,7370,530,8,287,2012,9,1,5,1.6,83244.0,4,0,1,1,0,1,4
7248,1098,431,16,722,2016,9,1,2,2.0,287178.0,4,0,1,1,0,7,12
7249,22894,0,23,618,2014,9,1,5,1.8,112000.0,4,2,1,1,0,7,10
7250,19601,629,23,618,2015,9,1,4,1.6,35607.0,4,0,1,1,0,14,4
7251,20071,0,58,1124,2012,3,1,2,1.8,150000.0,4,3,1,1,1,12,8
7252,7213,0,8,524,2003,3,0,5,1.3,160000.0,4,0,1,1,1,11,2
7253,15053,474,8,523,2013,9,1,5,1.4,16800.0,4,2,1,1,0,2,10
7254,51746,0,58,914,2008,4,1,5,3.7,138000.0,8,0,0,2,0,1,10
7255,21326,1211,5,92,2010,9,1,5,3.0,94000.0,6,2,0,1,0,13,0
7256,9164,765,23,1298,2015,9,1,4,2.0,384212.0,4,0,1,1,0,8,4
7257,31361,862,5,88,2013,9,1,5,2.8,108800.0,4,2,2,1,0,14,4
7259,5331,0,36,580,1989,9,0,5,3.0,367000.0,6,0,2,1,0,7,0
7260,70,0,23,618,2013,9,1,5,1.8,120000.0,4,0,1,1,0,4,8
7261,54822,1017,21,469,2017,9,1,5,2.0,28899.0,4,0,1,1,0,1,4
7262,15555,836,54,237,2010,9,1,1,2.0,201000.0,4,0,1,1,0,12,4
7263,13360,707,23,1270,2011,4,1,1,2.0,52876.0,4,0,1,1,0,12,4
7266,9408,0,39,1077,1996,4,0,0,2.4,198000.0,6,0,0,0,0,2,2
7267,18817,631,58,1124,2011,3,1,5,1.8,438886.75,4,0,1,1,0,1,6
7268,12544,0,36,560,2004,9,0,1,2.2,259000.0,4,2,2,1,0,12,10
7269,7840,1111,21,669,2012,3,0,5,1.3,108000.0,4,0,1,1,1,2,6
7270,26770,631,23,618,2015,9,1,5,1.6,438886.75,4,0,1,1,0,1,4
7271,31653,891,23,1401,2016,4,1,1,2.0,41674.0,4,0,1,1,0,7,4
7272,35438,0,5,1511,2009,4,1,5,3.7,438886.75,8,2,0,1,0,12,12
7273,35846,631,23,1401,2017,4,1,1,1.7,438886.75,4,0,1,1,0,1,4
7276,3,0,36,738,2020,4,1,4,1.8,1212.0,12,1,0,2,0,10,0
7277,20165,765,23,1298,2015,9,1,5,2.0,14368.0,4,0,1,1,0,1,4
7278,549,586,58,1124,2012,3,1,2,1.8,297496.0,4,0,1,1,0,11,12
7279,27924,891,8,1060,2016,4,1,4,2.0,114058.0,4,0,1,1,0,14,4
7283,228935,0,36,769,2018,4,1,5,3.7,23000.0,8,2,0,1,0,1,16
7284,15681,586,58,1146,2012,3,0,2,1.8,129202.0,4,0,1,1,0,2,10
7286,25089,631,36,965,2008,4,1,4,3.5,438886.75,6,2,0,1,0,1,8
7287,20385,0,58,1132,2012,3,0,2,1.5,177120.0,4,0,1,1,0,11,12
7288,17249,0,58,1132,2014,3,0,2,1.5,120000.0,6,0,1,1,0,14,6
7289,15500,0,36,1326,1998,6,0,1,2.9,0.0,5,1,2,0,0,2,0
7290,470,780,8,523,2019,9,1,5,1.4,17507.0,4,0,1,1,0,3,12
7291,36065,518,58,423,2016,9,0,2,2.5,45000.0,5,0,1,1,0,2,12
7292,2509,167,61,642,2016,9,1,5,0.4999999999999998,57794.0,4,0,1,1,0,14,12
7294,3000,0,60,34,1990,9,0,5,0.4999999999999998,18101.0,4,1,2,1,0,14,0
7295,26491,595,58,251,2015,3,1,5,1.5,67971.0,4,0,1,1,0,14,4
7296,10663,1268,58,251,2012,3,0,2,1.5,128000.0,4,0,1,1,1,1,6
7297,10569,271,21,669,2014,3,1,2,1.5,97512.0,4,0,1,1,0,2,4
7299,25089,0,3,226,2011,3,1,5,3.0,0.0,6,2,0,1,0,14,8
7300,38894,891,23,1401,2016,4,1,1,2.0,116887.0,4,0,1,1,0,1,4
7301,8154,1277,27,483,2018,9,1,5,2.4,12520.0,4,0,1,1,0,6,12
7302,12858,0,42,262,2008,10,0,1,1.7,157000.0,4,1,1,1,0,0,6
7303,7840,961,8,444,2009,4,1,1,2.0,76559.0,4,0,1,1,0,1,4
7304,2500,0,42,276,1998,10,0,1,1.7,0.0,4,1,1,1,0,1,2
7305,392,761,58,1124,2010,3,1,2,1.8,438886.75,4,0,1,1,0,1,12
7306,10349,631,28,415,2013,9,1,5,3.0,438886.75,6,0,1,1,0,1,4
7307,14113,0,15,116,2012,9,1,5,1.4,137600.0,4,1,1,0,0,3,8
7308,549,1750,58,825,2008,4,1,2,3.3,260053.0,6,0,0,1,0,12,12
7309,24462,474,8,1461,2013,3,0,6,1.4,106000.0,4,0,1,1,0,1,10
7310,26186,730,23,1402,2016,4,0,5,1.6,52294.0,4,0,0,1,0,12,10
7311,13015,640,16,722,2013,9,0,5,2.0,91779.0,4,0,1,1,0,12,0
7312,41161,891,23,1298,2016,9,1,5,2.0,77462.0,4,0,1,1,0,1,4
7313,25716,0,38,506,2013,4,1,5,1.6,123000.0,4,2,0,1,0,2,6
7314,8467,308,58,251,2015,3,1,2,1.5,138513.0,4,0,1,1,0,14,4
7315,23207,631,23,1401,2012,4,1,1,2.0,438886.75,4,0,1,1,0,1,4
7316,6272,760,8,523,2010,9,1,5,1.8,74806.0,4,0,1,1,0,1,4
7317,1333,585,32,402,2013,9,1,2,1.8,0.0,4,0,1,1,0,11,0
7319,19757,631,41,889,2011,4,0,5,1.6,438886.75,4,2,0,1,0,1,8
7320,17562,915,34,791,2014,9,1,5,3.0,43710.0,6,0,2,1,0,3,12
7321,14800,530,41,889,2013,4,0,5,1.6,220861.0,4,2,0,1,0,1,12
7322,26657,0,36,1233,2001,9,1,5,3.2,270000.0,6,2,2,1,0,1,12
7323,2195,645,23,618,2011,9,1,5,1.8,308501.0,4,0,1,1,0,2,12
7325,4077,0,17,60,1997,9,0,0,2.4,0.0,4,1,2,1,0,1,0
7326,19121,631,23,618,2012,9,1,5,1.6,438886.75,4,0,1,1,0,1,4
7327,18817,639,16,722,2014,9,1,5,2.0,151846.0,4,0,1,1,0,7,0
7328,26657,1301,5,167,2014,9,1,5,3.7,84909.0,8,0,2,1,0,1,0
7329,14062,966,23,788,2009,1,1,5,2.0,119021.0,4,0,1,1,0,7,4
7330,13172,645,23,618,2011,9,0,5,1.8,150000.0,4,2,1,1,0,13,6
7331,47694,765,23,1298,2015,9,1,5,2.0,51115.0,4,0,1,1,0,7,4
7332,13172,765,16,697,2015,3,0,5,2.0,217600.0,4,0,1,1,0,14,8
7333,862,2002,13,285,2008,9,1,5,3.7,319858.0,6,0,1,1,0,12,12
7334,80,0,39,1079,2007,4,0,5,2.0,180000.0,4,0,0,1,0,11,2
7335,10349,631,42,502,2007,3,0,5,1.4,438886.75,4,1,1,1,0,1,8
7336,20385,650,8,523,2016,9,0,5,1.4,13120.0,4,2,1,1,0,14,12
7339,83107,917,36,749,2013,4,1,1,3.0,99000.0,6,2,0,1,0,7,12
7340,16935,0,5,1491,2006,4,1,4,3.0,260000.0,6,2,0,1,0,7,10
7341,8154,631,36,315,2003,1,1,4,1.8,438886.75,4,0,2,0,0,1,6
7342,15210,586,58,1124,2012,3,1,2,1.8,72288.0,4,0,1,1,0,11,7
7343,43592,0,8,1461,2016,3,1,6,1.5,84000.0,4,0,1,1,0,12,12
7345,6586,746,58,1124,2009,3,1,2,1.5,173213.0,4,0,1,1,0,14,12
7346,22894,631,36,961,2015,4,1,1,3.5,438886.75,6,0,0,1,0,1,12
7348,22947,707,54,902,2011,4,1,1,2.0,114570.0,4,0,1,1,0,14,4
7350,9722,761,58,1124,2010,9,1,2,1.8,400000.0,4,3,1,1,0,4,8
7351,188,308,58,1124,2014,3,1,2,1.8,146019.0,4,0,1,1,0,14,12
7352,9408,645,16,1387,2011,2,0,1,1.8,219123.0,4,1,1,1,0,12,8
7354,23207,1324,23,788,2010,9,1,5,3.3,194404.0,4,0,1,1,0,1,4
7356,13297,707,23,1298,2011,9,1,5,2.0,149000.0,4,0,1,1,0,12,4
7358,21953,781,58,423,2012,9,0,5,2.5,102088.0,4,0,1,1,0,7,0
7359,6,631,5,71,2001,1,0,5,2.5,438886.75,6,1,2,0,0,1,0
7360,941,631,23,618,2014,9,1,5,2.0,438886.75,4,0,1,1,0,1,12
7361,7840,0,56,853,2005,3,0,5,1.3,190000.0,4,1,1,1,0,12,4
7362,42218,1091,23,812,2016,7,1,1,2.5,48800.0,4,0,1,1,0,12,4
7364,15053,765,23,1298,2015,9,1,4,2.0,438886.75,4,0,1,1,0,11,4
7365,7213,1077,55,522,2019,9,1,5,2.0,6384.0,4,0,0,1,0,2,12
7367,17876,1077,58,364,2019,4,1,5,2.0,29541.0,4,0,1,1,0,2,12
7368,3136,0,16,1017,1995,3,0,0,1.6,250000.0,4,1,1,1,0,12,2
7369,28830,707,23,1401,2011,4,1,1,2.0,144166.0,4,0,1,1,0,1,4
7370,32929,0,58,423,2016,9,0,2,2.5,140000.0,4,0,1,1,0,2,12
7371,39201,1811,32,780,2010,4,1,5,3.7,155821.0,8,0,0,1,0,1,0
7372,94080,0,5,1491,2014,4,1,1,2.0,260000.0,4,2,0,1,0,1,12
7374,10349,1267,58,251,2013,3,0,2,1.5,129000.0,4,3,1,1,1,14,4
7375,23521,1083,8,421,2013,1,0,5,3.6,155253.0,6,1,2,0,0,1,12
7376,10976,473,8,523,2014,9,0,5,1.4,147200.0,4,1,1,1,0,11,8
7377,23834,0,32,1203,2007,4,1,2,3.3,14000.0,6,0,0,1,0,1,10
7378,30420,924,58,495,2017,9,1,5,1.8,12865.0,4,2,1,1,0,0,12
7379,50,0,58,251,2013,3,0,2,1.5,150000.0,6,0,2,1,1,14,0
7380,549,1077,58,364,2019,4,1,5,2.0,24339.0,4,0,1,1,0,2,12
7381,41055,891,23,1270,2016,4,1,1,2.0,123178.0,4,0,1,1,0,2,4
7382,11604,843,58,1124,2008,3,1,2,1.5,198000.0,4,3,1,1,0,1,6
7384,15994,0,36,556,2005,9,1,0,1.8,187323.0,4,0,2,1,0,12,6
7385,8154,0,42,267,1999,9,0,5,1.6,200000.0,4,1,1,1,0,12,4
7386,23521,631,58,1184,2010,4,1,5,2.5,438886.75,4,2,0,1,0,1,10
7387,4800,0,7,452,2000,9,1,0,3.0,180000.0,6,1,2,1,0,1,12
7389,7840,843,58,1124,2008,3,1,2,1.5,204000.0,4,0,1,1,0,5,8
7390,31675,1817,58,1360,2020,9,1,5,3.5,1669.0,6,0,0,1,0,1,12
7392,14269,707,28,1049,2011,9,1,5,2.0,41283.0,4,0,1,1,0,1,4
7393,16935,0,3,1164,2008,4,1,5,3.6,220000.0,6,2,0,1,0,12,8
7394,6899,0,42,262,1999,2,0,5,1.6,202966.0,4,1,1,1,0,2,4
7395,5378,494,41,982,2015,3,1,5,1.2,75920.0,4,0,1,1,0,12,4
7396,41538,749,21,469,2014,1,1,5,2.4,58000.0,4,0,1,1,0,1,4
7397,25716,1079,45,456,2018,4,1,5,2.0,1166.0,4,0,2,1,0,14,12
7400,19444,0,31,923,2006,4,1,5,3.7,195000.0,6,2,0,1,0,2,8
7401,20385,1211,36,332,2010,9,0,5,3.0,146000.0,6,2,0,1,0,14,0
7402,8467,0,41,1107,1999,4,0,0,3.3,1600.0,6,0,0,1,0,1,16
7403,23521,585,58,1124,2013,3,1,2,1.8,161600.0,4,0,1,1,0,11,16
7404,44843,1091,23,812,2016,10,1,1,2.5,133687.0,4,0,1,1,0,7,4
7405,43815,640,23,1270,2013,4,1,1,2.0,156000.0,4,0,1,1,0,3,4
7407,25396,595,58,251,2015,3,1,5,1.5,52959.0,4,0,1,1,0,15,4
7408,3293,1202,23,1298,2017,9,1,5,2.4,97614.0,4,0,1,1,0,2,12
7409,44545,877,23,1401,2017,4,1,1,1.7,130039.0,4,0,1,1,0,14,4
7410,28225,1172,36,586,2011,9,1,5,3.5,92500.0,6,0,2,1,0,1,12
7412,24123,836,23,1401,2010,4,1,1,2.0,164578.0,4,0,1,1,0,7,4
7413,30596,924,54,1192,2011,4,1,1,2.7,131391.0,4,0,1,1,0,1,4
7414,17562,0,58,1124,2010,3,1,5,1.8,111111.0,4,3,1,1,0,1,4
7415,6586,1701,41,1371,2010,3,0,5,1.5,39000.0,4,0,1,1,1,0,4
7416,48610,0,5,144,2014,9,1,5,2.0,80000.0,6,2,2,1,0,12,0
7417,24148,631,16,646,2013,4,1,5,1.6,438886.75,4,2,0,1,0,1,12
7418,17876,584,58,498,2014,9,1,5,1.8,66239.0,4,0,1,1,0,14,8
7419,13799,1275,23,1270,2019,9,1,5,2.4,22832.0,4,0,0,1,0,2,12
7420,44000,0,36,71,2009,9,1,1,3.0,223000.0,6,2,0,1,0,1,12
7421,100,0,58,423,2016,9,1,5,2.5,4000.0,6,0,0,1,0,1,6
7423,20068,843,8,444,2015,4,1,1,2.2,63116.0,4,0,1,1,0,12,4
7424,21953,0,61,870,2013,9,1,2,1.4,132399.0,4,2,1,1,0,12,8
7425,21639,1058,36,588,2012,9,1,5,3.5,149000.0,6,0,0,1,0,2,6
7426,8781,0,39,475,2005,3,0,5,1.5,104000.0,4,2,1,1,1,12,5
7427,4500,0,42,262,1994,9,0,5,1.6,250000.0,4,1,1,1,0,6,0
7428,32615,631,36,198,2019,9,1,5,2.0,438886.75,4,0,2,1,0,1,12
7429,6272,0,36,1445,1999,7,0,1,2.3,438886.75,4,1,1,0,0,14,1
7430,73698,0,5,172,2013,9,1,5,3.0,130000.0,6,2,2,1,0,14,0
7431,15681,1077,58,364,2019,4,1,5,2.0,18950.0,4,0,1,1,0,1,12
7432,4704,0,21,469,2000,3,0,5,1.5,185000.0,4,3,1,1,1,10,2
7435,6586,0,42,262,2000,9,0,1,2.0,262140.0,4,0,1,1,0,6,2
7436,2038,765,28,284,2015,9,1,5,2.0,125621.0,4,0,1,1,0,12,12
7437,392,521,8,1461,2011,3,1,2,1.4,140171.0,4,0,1,1,0,12,12
7438,157,631,3,226,2014,3,1,5,3.0,438886.75,6,0,0,1,0,1,0
7439,22580,0,16,646,2010,4,0,2,2.5,150000.0,4,3,0,1,0,14,12
7440,5700,0,36,200,2001,9,0,5,1.6,0.0,4,0,1,1,1,1,4
7442,9408,631,39,1079,2004,4,0,5,2.0,438886.75,4,0,0,1,0,1,2
7443,23207,631,22,817,2008,4,1,5,3.7,438886.75,8,1,0,1,0,1,12
7444,7213,0,35,548,2003,3,0,0,1.4,185000.0,4,1,1,1,0,2,4
7445,627,642,56,1266,2012,9,1,5,2.0,267184.0,4,0,0,1,0,1,0
7446,17559,1017,23,618,2017,9,1,5,2.0,66000.0,4,0,1,1,0,12,12
7448,19914,1017,23,1298,2017,9,1,4,2.0,238025.0,4,0,1,1,0,14,4
7449,20385,640,16,646,2013,4,1,5,2.0,111000.0,4,0,1,1,0,4,10
7452,10976,0,58,1179,2002,4,1,0,2.0,200000.0,4,0,0,1,0,14,4
7453,5645,0,61,802,1994,3,0,5,2.0,126000.0,4,1,1,0,0,7,0
7454,1900,0,21,669,2003,3,0,5,1.3,161000.0,4,3,1,1,1,14,2
7455,35567,751,21,469,2013,1,1,5,2.4,103929.0,4,0,1,1,0,2,4
7456,3136,784,16,722,2017,9,1,5,1.5,77368.0,4,0,1,1,0,5,12
7457,17876,900,13,539,2015,9,1,5,2.4,111000.0,4,2,1,1,0,7,10
7458,13350,0,58,251,2013,9,0,2,1.5,1000.0,4,0,1,1,1,14,6
7459,10036,639,23,1298,2014,9,1,4,2.0,349773.0,4,0,1,1,0,12,4
7461,87497,1275,21,512,2019,9,0,5,2.4,0.0,4,3,0,1,0,12,6
7462,16741,836,54,237,2010,4,1,1,2.0,268065.0,4,0,1,1,0,14,4
7463,11290,0,58,1124,2006,9,1,2,1.5,168000.0,4,0,1,1,0,1,2
7464,12522,1024,23,812,2010,7,1,1,2.5,134990.0,4,0,1,1,0,15,4
7465,13172,0,58,1124,2008,3,1,2,1.5,156000.0,4,3,1,1,0,14,6
7466,30,631,21,669,2002,3,0,5,1.5,438886.75,4,0,1,1,1,1,4
7467,14113,0,58,1124,2010,9,0,2,1.8,243200.0,4,0,1,1,0,12,6
7468,6272,0,16,697,2004,2,0,1,1.8,200000.0,4,1,1,1,0,12,4
7469,25089,880,41,899,2018,4,0,5,1.6,4363.0,4,0,1,1,0,7,0
7470,40,0,21,669,2005,3,0,5,1.5,150000.0,4,0,1,1,1,7,4
7471,5488,1282,8,444,2007,4,1,1,2.0,68417.0,4,0,1,1,0,12,4
7472,55343,891,23,1298,2016,9,1,5,2.0,41891.0,4,0,1,1,0,7,4
7473,14740,986,39,1065,2010,4,0,5,2.4,228800.0,4,0,1,1,0,11,6
7474,16621,781,58,434,2012,9,0,2,2.5,177000.0,4,2,1,1,0,1,10
7475,21012,0,58,1124,2013,3,0,2,1.8,55000.0,4,0,1,1,0,7,12
7476,37633,0,58,1284,2010,7,1,5,3.5,184960.0,6,2,1,1,0,6,10
7478,9408,0,41,1477,2002,4,1,5,2.0,196000.0,4,0,0,1,1,14,2
7479,19444,891,23,629,2016,9,0,5,2.0,44293.0,8,0,1,1,0,12,8
7481,7527,0,42,267,2000,10,0,0,1.6,300000.0,4,1,1,1,0,14,4
7482,10036,761,58,1124,2010,3,0,2,1.8,119000.0,4,0,1,1,0,11,8
7483,24239,502,58,251,2013,3,1,5,1.5,63000.0,4,0,1,1,0,2,4
7485,20385,0,58,1124,2010,9,1,2,2.4,157846.0,6,3,1,1,0,3,6
7486,6899,0,21,512,1998,4,0,5,2.0,282099.0,4,0,1,1,0,1,0
7487,42337,631,58,914,2006,4,1,0,3.7,438886.75,6,0,0,1,0,1,11
7488,39891,770,23,1401,2016,4,1,1,1.7,137445.0,4,0,1,1,0,1,4
7489,13485,0,58,1124,2008,3,0,5,1.5,291200.0,4,0,1,1,0,14,8
7491,8300,0,5,71,2003,9,0,5,2.2,158000.0,6,2,2,1,1,12,4
7492,21639,831,23,618,2017,9,1,5,1.6,16687.0,4,0,1,1,0,7,4
7493,17876,764,28,1049,2015,9,1,5,2.0,35841.0,4,0,1,1,0,1,4
7494,49550,1055,36,961,2013,4,1,5,3.5,97400.0,6,2,0,1,0,1,12
7495,6115,0,61,1430,1996,9,0,5,1.8,32585.0,4,1,1,1,0,2,4
7496,251,753,23,1298,2012,9,1,2,2.4,259184.0,4,0,1,1,0,12,12
7497,38229,877,23,1401,2017,4,1,1,1.7,150377.0,4,0,1,1,0,14,4
7498,10349,0,5,94,2003,9,1,5,3.0,280000.0,6,2,2,1,0,12,8
7500,470,1058,36,586,2012,1,1,5,3.5,161808.0,6,0,2,0,0,1,12
7502,90,0,23,618,2013,9,1,5,1.8,100000.0,6,0,1,1,0,5,8
7503,47042,1058,32,1201,2012,4,1,5,3.5,11700.0,6,2,0,1,0,1,16
7504,31361,1624,36,586,2009,1,1,5,3.5,87985.0,6,2,2,0,0,14,12
7507,250,0,58,921,2019,4,0,1,3.0,0.0,6,0,0,1,0,14,12
7508,18817,631,58,423,2013,9,1,5,2.5,438886.75,6,2,1,1,0,1,6
7510,13000,631,38,506,2013,4,0,5,1.6,438886.75,4,0,0,1,1,1,6
7512,4077,1055,16,661,2013,4,1,5,3.5,122128.0,6,0,1,1,0,7,12
7513,17249,0,58,1124,2009,9,0,2,1.8,380800.0,4,3,1,1,0,1,8
7514,21326,631,58,1124,2014,9,1,2,1.8,438886.75,4,0,1,1,0,1,6
7515,16621,530,23,1425,2013,9,1,5,1.6,114000.0,4,2,1,0,0,1,8
7516,35850,0,36,1326,2006,6,1,1,2.7,37440.0,5,2,2,0,0,15,2
7517,18826,531,23,618,2012,9,1,5,1.6,120334.0,4,0,1,1,0,12,4
7518,32904,640,23,1270,2013,4,1,1,2.0,224077.0,4,0,1,1,0,14,4
7519,18503,473,8,523,2014,9,1,5,1.4,91200.0,4,0,1,1,0,14,12
7520,7213,0,35,549,2003,3,0,0,1.4,185000.0,4,1,1,1,0,2,4
7521,28423,730,8,1060,2016,4,1,1,1.6,66603.0,4,0,1,1,0,14,4
7522,18817,0,5,187,2003,9,1,5,3.7,224000.0,8,2,2,1,0,1,8
7523,6899,0,39,1077,1997,4,1,5,3.5,0.0,6,2,0,0,1,12,8
7524,6272,0,21,512,1998,4,0,5,2.0,111111.0,4,0,0,1,1,6,2
7526,4704,0,13,1033,2002,9,0,5,2.0,104000.0,4,0,1,1,0,11,0
7527,16621,862,55,706,2011,4,0,5,2.5,145000.0,4,2,0,1,0,4,12
7529,7840,828,21,469,2020,9,1,5,1.5,4494.0,4,0,1,1,0,7,12
7530,7840,0,36,315,1999,9,1,0,2.3,300000.0,4,0,2,1,0,12,4
7532,9408,0,3,211,2004,9,1,5,1.8,224000.0,4,1,0,1,0,1,8
7534,13485,0,5,147,2004,9,1,5,3.0,199200.0,6,2,2,1,0,1,5
7535,470,631,41,889,2016,4,1,5,1.6,438886.75,4,0,0,1,0,1,0
7536,8467,994,58,1124,2008,3,1,2,1.8,0.0,4,0,1,1,0,7,10
7537,17249,0,21,669,2012,3,1,5,1.5,125000.0,4,3,1,1,1,1,4
7538,13172,0,58,1124,2007,9,0,2,1.5,108000.0,4,3,1,1,0,11,4
7539,8781,0,41,1370,2005,9,0,5,1.5,12000.0,4,0,1,1,1,12,2
7540,18817,0,16,646,2007,4,1,2,2.3,180000.0,4,3,0,1,0,7,12
7543,7527,583,8,523,2011,9,1,5,1.6,43221.0,4,0,1,1,0,14,4
7544,3293,0,61,794,1992,3,0,0,1.8,288094.0,4,1,1,1,0,1,1
7545,43868,730,54,237,2016,4,1,5,1.6,64071.0,4,0,1,1,0,2,4
7546,17249,0,21,512,2006,4,0,5,2.4,117000.0,4,0,0,1,0,12,6
7549,5959,0,53,1039,2005,9,0,5,2.0,438886.75,4,1,1,1,0,14,4
7550,24302,640,8,444,2013,4,1,1,2.0,118103.0,4,0,1,1,0,7,4
7551,6500,631,58,251,2012,3,0,2,1.5,438886.75,4,0,1,1,1,1,2
7552,1725,1091,16,722,2016,9,1,5,2.5,70344.0,4,0,1,1,0,14,12
7553,9408,0,21,512,1999,4,0,5,2.0,1700.0,4,0,0,1,1,14,3
7556,6272,2082,55,706,1999,4,0,5,2.5,26000.0,4,0,0,1,0,7,4
7557,13589,1347,23,812,2008,10,1,1,2.5,252000.0,4,0,1,1,0,15,4
7558,12231,761,16,1387,2010,2,0,1,1.8,208000.0,4,1,1,1,0,8,2
7559,16621,0,36,1445,2006,7,0,1,2.2,188000.0,4,1,2,1,1,14,2
7560,7840,0,61,794,1992,3,0,5,1.8,100000.0,4,1,1,1,0,1,1
7561,4704,0,36,313,1994,9,0,0,2.2,0.0,4,1,2,1,0,1,2
7562,11099,966,8,909,2009,9,1,1,2.0,158267.0,4,0,1,1,0,14,4
7564,7840,0,42,268,2000,9,0,5,1.6,165000.0,4,1,1,1,0,6,4
7565,54882,0,36,396,2012,9,1,5,3.7,100000.0,8,2,2,1,0,1,12
7566,32311,836,54,1192,2012,4,1,1,2.7,80876.0,4,0,1,1,0,1,4
7567,7683,631,21,669,2003,3,0,5,1.3,438886.75,4,0,1,1,1,1,5
7568,22580,0,58,921,2001,4,0,1,3.0,434000.0,4,1,0,1,0,14,2
7569,24148,631,3,1160,2010,4,1,5,2.0,438886.75,4,0,0,1,0,1,6
7570,21012,631,58,1132,2015,3,0,2,1.5,438886.75,4,0,1,1,0,1,12
7571,37476,891,23,1270,2016,4,1,1,2.0,185011.0,4,0,1,1,0,14,4
7572,2195,585,23,618,2013,9,1,5,1.8,141603.0,4,0,1,1,0,2,12
7573,21953,781,58,423,2012,9,1,5,2.5,114000.0,4,2,1,1,0,12,12
7576,706,631,21,669,2012,4,1,5,1.5,438886.75,4,0,1,1,0,1,0
7577,9408,639,61,870,2014,9,1,5,2.0,185000.0,4,2,1,1,0,7,8
7578,392,631,58,423,2013,9,1,2,2.5,438886.75,4,0,1,1,0,1,12
7579,157,353,58,1124,2015,3,1,2,1.8,104978.0,4,0,1,1,0,7,12
7581,549,639,3,209,2014,9,1,5,2.0,162032.0,4,0,1,1,0,1,0
7582,3900,0,36,1233,2000,9,1,5,3.2,200000.0,6,2,2,1,1,5,10
7583,17562,631,16,646,2008,4,1,2,2.3,438886.75,4,0,0,1,0,1,4
7585,22266,631,41,889,2012,4,0,5,1.6,438886.75,4,2,0,1,0,1,12
7586,10349,836,23,1298,2010,9,1,5,2.0,90000.0,4,0,1,1,0,7,4
7587,9800,790,8,909,2009,9,1,5,1.6,219236.0,4,0,1,1,0,1,4
7588,15681,631,55,927,2004,9,0,5,2.0,438886.75,4,2,0,1,1,1,10
7589,6429,0,21,469,2001,3,0,5,1.4,220000.0,4,1,1,0,0,5,2
7591,46101,631,53,1041,2015,9,0,1,2.0,438886.75,4,2,0,1,0,1,10
7592,6429,631,28,1049,2012,9,1,5,2.0,438886.75,4,0,1,1,0,1,4
7594,392,986,58,423,2010,9,1,2,2.4,277840.0,4,0,1,1,0,14,12
7595,45787,1714,32,844,2017,9,1,5,3.5,21261.0,6,0,0,1,0,7,12
7596,150,0,36,1341,2014,6,1,1,2.7,150000.0,5,1,2,2,0,12,2
7597,12231,0,41,636,2004,7,0,0,3.5,141000.0,6,2,2,1,1,14,4
7598,6115,1249,58,423,2017,9,1,5,2.5,89064.0,4,0,1,1,0,14,12
7599,7840,631,5,144,1997,9,1,5,2.8,438886.75,6,1,2,1,0,1,6
7600,24148,1286,62,1516,2010,4,1,5,3.2,124000.0,6,2,0,1,0,1,9
7601,29586,639,23,1401,2014,4,1,1,2.0,153935.0,4,0,1,1,0,1,4
7602,6899,0,58,1179,2004,4,0,5,1.5,200000.0,4,0,0,1,1,5,12
7603,48108,631,23,1270,2015,4,1,1,2.0,438886.75,4,0,1,1,0,1,4
7604,10663,1236,58,1457,2011,3,1,5,1.3,150000.0,4,0,1,1,1,14,12
7605,12544,0,21,858,2012,9,1,2,1.5,45000.0,4,0,1,1,1,1,6
7606,125,1750,58,825,2008,4,1,2,3.3,287274.0,6,0,0,1,0,14,12
7607,1019,1104,5,1491,2015,4,1,1,3.0,196614.0,6,0,0,1,0,1,0
7609,31248,640,23,1401,2013,4,1,1,2.0,89461.0,4,0,1,1,0,7,4
7610,24176,501,58,251,2014,3,1,5,1.5,28000.0,4,0,1,1,0,2,4
7611,8154,0,35,976,2003,7,0,4,2.3,125000.0,4,0,1,1,1,12,2
7612,21326,779,58,423,2013,9,1,5,2.5,121600.0,4,0,1,1,0,2,6
7613,9095,0,41,1370,2005,3,1,5,1.5,140000.0,4,0,0,1,1,1,6
7614,15500,2266,58,251,2018,3,0,2,1.5,7000.0,4,0,1,1,1,14,6
7617,1019,765,36,371,2015,9,1,5,2.0,74939.0,4,0,1,1,0,7,12
7618,15994,0,3,222,2005,9,0,5,2.4,160000.0,6,0,1,1,0,12,6
7619,10349,0,58,1528,2006,3,0,5,1.0,192000.0,3,0,1,1,0,7,2
7620,26030,1055,28,1318,2013,4,0,5,3.5,102000.0,6,2,0,1,0,1,16
7621,50178,631,5,167,2007,9,1,5,3.7,438886.75,10,2,2,1,0,1,12
7623,19757,0,37,985,2009,4,1,2,2.5,261000.0,4,0,1,1,0,12,10
7624,47042,0,58,921,2008,4,1,1,3.0,170000.0,6,2,0,0,0,12,12
7625,18817,631,58,1124,2010,3,1,2,1.8,438886.75,4,3,1,1,0,1,10
7626,17700,0,16,1381,2007,6,0,1,2.2,231000.0,4,1,1,0,0,14,1
7627,18817,333,16,722,2014,9,1,2,2.0,204800.0,5,0,1,1,0,7,6
7628,251,345,58,1132,2016,3,1,2,1.5,296104.0,4,0,1,1,0,1,12
7629,784,1211,36,332,2010,9,1,5,3.0,202914.0,6,0,2,1,0,7,12
7630,14454,583,23,838,2011,3,1,5,1.6,188244.0,4,0,1,1,0,14,4
7632,53580,1017,23,1298,2017,9,1,5,2.0,30930.0,4,0,1,1,0,14,4
7633,18826,836,54,237,2010,4,1,1,2.0,144879.0,4,0,1,1,0,1,4
7634,14500,697,61,870,2015,9,0,5,1.8,56000.0,4,2,1,1,0,14,8
7635,14426,0,58,251,2012,3,0,5,1.5,140000.0,4,0,1,1,1,13,4
7636,67699,880,23,1298,2018,9,1,5,1.6,35950.0,4,0,1,1,0,1,4
7637,15063,836,23,1270,2010,4,1,1,2.0,57700.0,4,0,1,1,0,14,4
7638,28225,639,5,88,2014,9,1,5,2.0,56000.0,4,2,2,1,0,14,0
7639,15367,631,23,1298,2015,9,1,4,2.0,438886.75,4,0,1,1,0,1,4
7640,34184,0,16,1381,2013,2,0,1,2.2,147000.0,4,1,1,1,0,14,4
7641,65817,831,21,469,2018,1,1,5,1.5,12812.0,4,0,1,1,0,14,4
7643,27755,764,28,1049,2016,9,1,1,1.7,30178.0,4,0,1,1,0,14,4
7644,7500,0,53,1039,2009,3,0,5,2.0,305000.0,4,1,1,1,0,14,4
7645,7370,0,21,669,2004,3,0,5,1.3,136000.0,4,0,1,1,1,13,5
7646,29445,502,58,251,2013,3,1,5,1.5,112200.0,4,0,1,1,0,14,4
7647,1176,528,38,486,2014,1,1,5,1.6,68211.0,4,0,1,0,0,11,12
7648,15681,631,23,1298,2011,9,0,5,2.4,438886.75,6,2,1,1,0,1,4
7649,11563,631,11,909,2011,9,1,5,1.8,438886.75,4,0,1,1,0,1,4
7650,28225,0,5,1491,2007,4,1,1,3.0,221500.0,6,2,0,1,0,12,6
7652,10036,1268,58,251,2012,3,1,2,1.5,160000.0,4,0,1,1,1,8,2
7653,22580,779,58,423,2013,9,1,5,2.5,108000.0,4,0,1,1,0,12,12
7654,21326,1108,16,1025,2014,0,0,5,3.7,111431.0,6,0,2,0,0,7,10
7658,37633,1018,36,961,2011,4,1,1,3.0,111000.0,6,2,0,1,0,7,12
7659,8624,0,36,305,2002,9,0,5,2.0,200000.0,4,1,2,1,0,2,4
7661,1646,1750,58,825,2008,4,1,2,3.3,269162.0,6,0,0,1,0,12,12
7663,40,0,58,1132,2013,3,0,5,1.5,123000.0,4,0,1,1,0,14,2
7664,3136,631,8,978,2016,9,1,5,1.5,438886.75,4,0,1,1,0,1,12
7666,37984,765,54,1192,2015,4,1,1,2.0,147366.0,4,0,1,1,0,7,4
7667,65858,0,16,1024,1965,1,1,5,3.7,68800.0,8,0,1,0,0,11,2
7670,3400,0,55,706,2000,2,0,5,2.0,1000.0,4,1,0,1,1,12,4
7671,13956,0,15,124,2011,3,1,5,1.4,180800.0,4,0,1,0,0,11,6
7673,25816,934,41,249,2015,9,0,5,2.5,145000.0,4,0,1,1,0,1,10
7674,16465,0,58,1132,2012,3,0,2,1.5,129788.0,4,3,1,1,0,7,0
7675,64290,0,3,228,2011,9,1,5,3.7,105700.0,8,2,0,1,0,1,12
7676,28241,642,23,1401,2012,4,1,1,2.0,162300.0,4,0,1,1,0,1,4
7677,2587,530,16,722,2013,9,1,5,1.6,209602.0,4,0,1,1,0,11,12
7678,3058,919,5,154,2012,9,1,5,3.0,218429.0,6,0,0,1,0,1,12
7679,13438,584,8,523,2014,9,1,5,1.8,149621.0,4,0,1,1,0,12,4
7680,28328,639,23,1401,2014,4,1,1,2.0,138451.0,4,0,1,1,0,14,4
7681,10663,0,41,1477,2000,4,0,5,2.0,290000.0,4,0,0,1,0,0,4
7682,21953,640,54,902,2013,4,1,1,2.0,81025.0,4,0,1,1,0,14,4
7683,40983,730,54,237,2016,4,1,1,1.6,26757.0,4,0,1,1,0,2,4
7684,26814,781,61,876,2018,9,0,5,1.4,6380.0,4,0,1,1,0,14,8
7685,47076,87,54,1192,2016,4,1,1,0.4999999999999998,73968.0,4,0,1,1,0,1,4
7687,24000,631,5,1491,2012,4,1,5,3.0,438886.75,12,0,0,1,0,1,12
7688,24462,777,58,423,2014,9,1,5,2.5,74000.0,4,2,1,1,0,7,0
7689,20071,345,58,1132,2016,3,0,2,1.5,131200.0,4,0,1,1,0,12,6
7690,31988,1292,31,1214,2016,4,1,1,3.0,190330.0,6,0,0,1,0,1,12
7691,23935,640,23,1401,2013,4,1,1,2.0,170062.0,4,0,1,1,0,1,4
7692,10976,639,16,697,2014,9,0,5,2.0,54000.0,4,0,1,1,0,7,4
7693,9408,0,21,669,2006,3,0,5,1.5,140000.0,4,3,1,1,1,1,4
7695,706,631,32,1201,2011,4,1,5,3.5,438886.75,6,0,0,1,0,1,12
7696,25387,595,21,669,2015,3,1,5,1.5,87573.0,4,0,1,1,0,1,4
7697,1960,481,21,235,2017,9,1,2,2.0,45770.0,4,0,1,1,0,1,12
7698,8154,0,5,71,2002,9,0,5,2.2,217777.0,6,2,2,1,1,12,4
7699,14113,0,36,383,2005,1,1,4,3.0,111000.0,6,2,2,0,0,12,6
7700,627,1017,21,469,2017,9,1,5,2.0,69088.0,4,0,1,1,0,2,12
7701,36400,975,3,1160,2012,4,1,5,3.2,101000.0,1,2,0,1,0,14,12
7702,71983,1077,23,1270,2019,4,1,1,2.0,10120.0,4,0,1,1,0,7,4
7703,9095,0,21,669,2005,9,0,5,1.5,148000.0,4,3,1,1,0,6,2
7704,1882,0,43,24,1998,9,0,5,1.4,100000.0,4,1,1,1,0,2,2
7705,11917,1493,32,1201,2016,4,1,5,3.5,59858.0,6,0,1,1,0,12,12
7707,11920,0,21,681,2008,3,0,5,1.5,147290.0,4,0,1,1,1,12,4
7708,6899,631,55,706,2000,4,0,0,2.0,438886.75,4,0,0,1,1,1,2
7709,9314,893,23,838,2008,3,1,5,1.6,62337.0,4,0,1,1,0,1,4
7711,3450,475,15,116,2012,4,1,5,1.4,108626.0,4,0,1,1,0,7,12
7712,30420,781,58,440,2012,9,1,5,2.5,75000.0,4,2,1,1,0,14,12
7713,1176,779,61,1090,2013,9,1,5,2.5,170254.0,5,0,1,1,0,1,12
7714,24462,777,58,423,2014,9,1,5,2.5,108000.0,4,2,1,1,0,1,10
7715,9408,0,16,646,2001,4,1,5,3.0,175430.0,6,0,1,1,0,1,2
7716,17562,631,58,423,2013,9,1,5,2.5,438886.75,4,0,1,1,0,1,12
7717,12544,631,5,139,2003,9,1,5,2.5,438886.75,6,2,2,1,0,1,0
7718,167781,1292,31,1214,2016,4,1,1,3.0,81000.0,6,2,0,1,0,7,12
7720,2509,0,3,243,2004,10,1,5,2.7,0.0,6,2,0,1,0,2,8
7721,10506,475,15,123,2012,3,1,5,1.4,110000.0,4,1,1,0,0,1,12
7722,48610,0,36,586,2014,9,1,5,3.5,117700.0,6,2,0,1,0,1,8
7723,106627,1017,5,149,2017,9,1,5,2.0,22500.0,4,2,2,1,0,7,12
7724,4800,0,42,502,1999,9,0,5,1.2,438886.75,4,1,1,1,0,12,2
7725,25889,528,23,618,2014,9,1,1,1.6,147966.0,4,0,1,1,0,14,4
7726,4704,0,39,611,1998,0,0,5,2.4,214400.0,4,0,1,0,0,1,0
7727,5959,638,12,1020,2012,3,0,5,0.7,71000.0,3,0,1,1,1,10,4
7728,13485,631,58,1124,2008,3,0,2,1.5,438886.75,4,3,1,1,0,1,8
7729,9400,631,16,1381,2008,10,1,4,2.0,438886.75,4,0,2,1,1,1,4
7730,5000,631,10,356,2006,9,0,1,1.6,438886.75,4,1,1,1,0,1,4
7732,392,777,58,423,2014,9,1,5,2.5,312786.0,4,0,1,1,0,7,12
7734,3300,0,60,38,1999,4,0,5,1.7,10000.0,4,1,0,0,0,14,0
7735,10036,0,5,71,2001,1,0,5,2.0,164000.0,4,0,2,0,0,12,6
7736,6115,1236,21,669,2011,3,0,2,1.3,158000.0,4,0,1,1,1,14,8
7737,22580,0,41,889,2012,10,1,5,1.6,84000.0,4,0,1,1,0,7,6
7738,11143,631,23,232,2011,9,1,1,1.6,438886.75,4,0,1,1,0,1,4
7739,17876,0,5,144,2008,9,1,5,3.0,280000.0,6,2,0,1,0,14,12
7740,43576,730,54,237,2016,4,1,1,1.6,59197.0,4,0,1,1,0,14,4
7741,5488,0,5,51,1994,1,0,5,2.5,240000.0,6,1,2,0,0,1,0
7742,11422,790,23,618,2009,9,1,5,1.6,133207.0,4,0,1,1,0,1,4
7744,37006,0,5,88,2014,9,1,5,2.0,54000.0,4,2,2,1,0,1,12
7746,10036,0,33,1032,1998,4,1,5,3.7,155200.0,8,0,0,1,0,1,6
7748,3600,724,60,34,2010,9,1,5,1.7,64098.0,4,1,2,1,0,12,4
7750,11290,891,23,1298,2016,9,1,4,2.0,292837.0,4,0,1,1,0,12,4
7752,2822,631,61,1430,1993,9,0,0,1.8,438886.75,4,1,1,1,0,1,2
7754,2430,919,36,961,2012,4,1,1,3.0,221312.0,6,0,0,1,0,2,12
7755,6586,0,36,308,1996,9,0,0,2.0,0.0,4,1,2,1,0,1,4
7756,12720,586,8,523,2012,9,1,5,1.8,163063.0,4,0,1,1,0,14,4
7757,23521,0,16,1381,1996,6,0,1,2.5,123000.0,4,1,2,1,0,14,2
7758,7840,0,41,1415,2004,2,0,1,2.2,300000.0,2,1,2,1,1,14,3
7759,9095,1528,58,423,2007,9,1,2,2.4,369600.0,4,2,2,1,0,12,12
7760,101923,0,36,756,2015,4,1,5,3.7,174400.0,8,2,0,1,0,14,12
7761,15718,687,23,618,2010,9,1,5,1.6,115528.0,4,0,1,1,0,1,4
7762,6272,1018,5,1491,2011,4,1,1,3.0,213195.0,6,0,0,1,0,3,12
7766,43134,1018,27,804,2011,4,1,1,3.0,132255.0,4,0,1,1,0,12,4
7767,18531,583,23,618,2011,9,1,5,1.6,163693.0,4,0,1,1,0,7,4
7768,21395,629,23,838,2015,3,1,1,1.6,170000.0,4,0,1,1,0,14,4
7769,16894,642,8,1060,2012,4,1,1,2.0,156802.0,4,0,1,1,0,5,4
7771,549,631,3,219,2016,9,1,5,2.0,438886.75,4,0,0,1,0,1,0
7772,15994,0,58,1132,2012,3,0,2,1.5,2000.0,4,3,1,1,0,1,8
7773,21953,0,16,1381,2007,6,0,1,2.5,200000.0,4,1,2,1,0,14,2
7774,30,0,41,1037,2005,3,0,5,1.5,0.0,4,0,1,1,1,7,4
7775,19757,765,16,731,2015,9,1,5,2.0,66196.0,4,0,1,1,0,12,8
7776,15837,640,16,348,2013,3,1,2,2.0,72857.0,4,0,1,1,0,11,8
7777,19089,583,23,618,2011,9,1,5,1.6,77483.0,4,0,1,1,0,12,4
7778,65858,517,32,1208,2014,4,1,2,3.5,43000.0,4,2,0,1,0,14,12
7779,8778,836,54,237,2010,4,1,1,2.0,83424.0,4,0,1,1,0,11,4
7780,39201,631,21,512,2014,4,1,5,2.4,438886.75,4,2,0,1,0,1,10
7781,784,631,58,364,2018,4,1,5,2.0,438886.75,4,0,1,1,0,1,12
7782,9600,0,58,1457,2008,9,0,5,1.3,141000.0,4,0,1,1,1,7,8
7783,35344,639,23,1270,2014,4,1,1,2.0,129927.0,4,0,1,1,0,1,4
7784,21639,1172,32,606,2011,9,1,5,3.5,53467.0,4,0,1,1,0,12,4
7785,32377,640,23,1270,2013,4,1,1,2.0,195630.0,4,0,1,1,0,7,4
7786,20786,642,23,1401,2012,4,1,1,2.0,139000.0,4,0,1,1,0,14,4
7788,50,0,58,251,2014,9,1,2,1.5,10000.0,4,0,1,1,1,12,4
7789,22894,0,58,1124,2014,9,1,2,1.8,37000.0,12,0,2,1,0,11,0
7790,41397,0,36,586,2012,9,1,5,3.5,190000.0,6,2,2,1,0,1,8
7791,12607,501,58,251,2014,3,1,5,1.5,123000.0,4,0,1,1,0,14,4
7793,12074,843,21,669,2008,3,0,5,1.5,200000.0,4,2,1,1,0,8,8
7794,12231,730,23,1425,2016,1,1,5,1.6,42000.0,4,1,1,1,0,11,0
7795,12617,583,23,618,2011,9,1,5,1.6,75586.0,4,0,1,1,0,12,4
7796,7840,631,36,556,1998,9,0,0,2.0,438886.75,4,1,2,1,0,1,4
7797,17876,0,58,1124,2010,9,1,2,1.8,141000.0,4,3,1,1,0,5,10
7798,17249,0,21,637,2006,7,1,5,2.4,185792.0,4,0,1,1,1,14,0
7799,8781,658,42,502,2009,2,0,1,1.3,210000.0,4,1,1,1,0,14,2
7800,38894,639,23,1270,2014,4,1,1,2.0,147343.0,4,0,1,1,0,7,4
7801,7840,631,55,927,2001,9,0,5,2.0,438886.75,4,2,0,1,1,1,2
7802,18503,730,23,618,2016,9,1,4,1.6,28332.0,4,0,1,1,0,12,4
7805,6272,0,42,1416,1998,9,0,5,1.6,21000.0,4,0,1,1,0,12,4
7806,3136,631,42,502,1995,3,0,5,1.4,438886.75,4,1,1,0,0,1,2
7807,8154,0,35,997,2003,9,0,5,3.0,220000.0,6,2,1,1,0,1,0
7811,5018,0,61,794,2002,1,1,5,1.4,200000.0,5,1,1,0,0,12,2
7812,11917,761,8,523,2010,9,1,5,1.8,120000.0,4,2,1,1,0,1,6
7813,44134,831,54,237,2017,4,1,1,1.6,67000.0,4,0,1,1,0,6,4
7815,1,0,42,262,1999,9,1,5,1.6,122231.0,4,1,1,1,0,12,4
7816,42171,880,54,237,2018,4,1,1,1.6,74221.0,4,0,1,1,0,2,4
7817,9408,994,16,1377,2008,2,0,1,1.8,121000.0,4,1,1,1,0,14,4
7818,10349,1620,16,1381,2006,6,0,1,2.2,171300.0,4,1,1,1,0,14,2
7819,28225,0,58,423,2013,9,0,2,2.4,126400.0,4,0,1,1,0,1,12
7820,32302,631,3,1161,2010,4,1,5,3.2,438886.75,6,2,0,1,0,1,12
7821,15681,631,61,779,2010,3,0,5,2.0,438886.75,4,1,1,1,0,1,12
7822,2587,333,55,1525,2014,4,1,2,2.0,123472.0,4,0,0,1,0,14,0
7823,4704,0,55,706,2000,10,0,0,2.5,267200.0,4,0,0,1,0,12,2
7824,47537,877,23,1401,2017,4,1,1,1.7,60646.0,4,0,1,1,0,7,4
7825,14740,0,58,251,2012,3,0,2,1.5,144000.0,4,0,1,1,1,14,8
7826,18240,687,23,618,2010,9,1,5,1.6,100230.0,4,0,1,1,0,1,4
7829,19121,583,23,618,2011,9,1,5,1.6,123593.0,4,0,1,1,0,12,4
7830,36692,0,5,109,2014,1,1,5,2.0,94950.0,4,2,2,0,0,1,12
7831,1411,751,23,1298,2013,9,1,5,2.4,145568.0,4,0,1,1,0,1,12
7832,16308,503,58,1132,2012,3,0,2,1.5,131200.0,4,3,1,1,0,11,8
7833,21181,642,23,1298,2012,9,1,5,2.0,118643.0,4,0,1,1,0,12,4
7834,7840,631,49,0,2003,9,0,1,2.2,438886.75,4,1,1,1,0,1,0
7835,15060,765,23,1298,2015,9,1,4,2.0,143522.0,4,0,1,1,0,12,4
7837,27000,0,16,722,2014,9,1,6,2.0,68700.0,4,3,1,1,0,7,8
7839,7840,0,21,669,2003,3,0,5,1.3,157000.0,4,3,1,1,1,11,2
7841,627,862,16,646,2011,4,1,5,2.5,209814.0,4,0,0,1,0,8,12
7842,314,1646,32,780,2015,9,1,5,3.7,102907.0,8,0,0,1,0,1,0
7843,30,0,21,669,2003,3,0,5,1.3,126000.0,4,0,1,1,1,11,4
7844,6241,1282,8,444,2007,4,1,1,2.0,60280.0,4,0,1,1,0,12,4
7849,20814,642,23,1401,2012,4,1,1,2.0,168462.0,4,0,1,1,0,1,4
7851,47989,891,23,1298,2016,9,1,5,2.0,43000.0,4,0,1,1,0,1,4
7852,37006,0,58,423,2016,9,0,2,2.4,101000.0,6,1,1,1,0,1,8
7853,6115,0,61,873,2001,9,0,5,2.0,290826.0,4,0,1,1,0,12,6
7855,3293,1079,23,618,2018,9,1,5,2.0,47200.0,4,0,1,1,0,7,12
7856,36065,0,58,921,2005,4,0,5,2.7,167000.0,4,0,0,1,0,1,8
7858,3920,353,58,1124,2015,3,1,2,1.8,135042.0,4,0,1,1,0,1,12
7859,21012,779,58,423,2013,9,1,5,2.5,111232.0,4,2,1,1,0,14,10
7860,16308,629,41,889,2015,4,0,5,1.6,50260.0,4,2,1,1,0,11,6
7861,13956,631,32,1208,2015,4,1,2,3.5,438886.75,6,0,0,1,0,1,12
7862,40,0,58,1132,2014,3,0,2,1.5,115200.0,4,0,1,1,0,14,4
7863,16308,862,55,706,2011,4,0,5,2.5,122000.0,4,0,0,1,0,12,0
7864,10036,639,23,1298,2014,9,1,4,2.0,335782.0,4,0,1,1,0,12,4
7865,31361,0,23,1401,2014,4,1,5,2.4,66413.0,4,2,1,1,0,14,12
7866,16621,586,58,1124,2012,3,0,2,1.8,220800.0,4,3,1,1,0,14,8
7868,7840,0,17,82,1996,4,1,5,2.8,215852.0,8,1,2,0,0,15,15
7869,7000,0,36,308,1995,9,0,5,2.0,0.0,4,1,2,1,0,2,6
7870,17249,631,58,848,2010,7,0,4,1.8,438886.75,4,0,0,1,1,1,6
7871,10349,1268,58,251,2012,3,0,2,1.5,161200.0,4,0,1,1,1,12,6
7872,15825,836,23,788,2010,1,1,5,2.0,81384.0,4,0,1,1,0,14,4
7873,7997,640,23,1298,2013,9,1,4,2.0,82314.0,4,0,1,1,0,12,4
7875,5466,1699,3,219,2008,9,1,5,3.2,147168.0,6,2,0,1,0,5,12
7877,24123,642,23,1401,2012,4,1,1,2.0,182000.0,4,0,1,1,0,7,4
7878,3763,0,3,219,1997,9,0,5,2.6,111111.0,6,0,0,1,0,11,2
7883,15681,585,23,618,2013,9,0,5,1.8,184874.0,4,0,1,1,0,1,8
7884,27504,629,23,618,2015,9,1,5,1.6,47562.0,4,0,1,1,0,14,4
7885,17117,707,23,1401,2011,4,1,1,2.0,191000.0,4,0,1,1,0,14,4
7886,20071,631,16,345,2013,3,1,6,2.0,438886.75,4,0,1,1,0,1,12
7887,549,574,21,858,2010,3,1,2,1.3,245070.0,4,0,1,1,0,14,0
7889,1568,631,58,1406,2015,4,1,5,3.7,438886.75,8,0,0,1,0,1,12
7890,42102,730,54,237,2016,4,1,5,1.6,23379.0,4,0,1,1,0,14,4
7892,157,640,16,722,2013,9,1,2,2.0,339920.0,4,0,1,1,0,14,0
7893,18500,1024,23,812,2010,10,1,1,2.5,222784.0,4,0,1,1,0,7,4
7894,17719,781,23,812,2012,7,1,1,2.5,52600.0,4,0,1,1,0,14,4
7895,37633,631,53,1039,2019,9,0,5,1.6,438886.75,4,0,1,1,0,1,6
7896,14740,474,28,1194,2013,3,0,5,1.4,140800.0,4,0,1,1,0,11,0
7897,24148,631,16,646,2010,4,1,2,2.5,438886.75,4,3,0,1,0,1,6
7898,220,631,16,661,2015,4,1,5,3.5,438886.75,6,0,1,1,0,1,12
7899,157,1051,23,1298,2016,9,1,5,2.4,68941.0,4,0,1,1,0,7,12
7900,1646,586,23,618,2012,9,1,5,1.8,199432.0,4,0,1,1,0,11,12
7901,37633,0,58,824,2010,6,0,5,2.7,190000.0,4,1,2,0,0,14,2
7902,53518,1375,23,788,2015,9,1,5,3.7,60741.0,4,0,1,1,0,14,4
7903,5645,1018,5,95,2011,1,1,5,3.0,143950.0,6,0,0,0,0,1,12
7905,9565,397,32,402,2016,3,1,2,1.8,71904.0,4,0,1,1,0,14,0
7907,7527,0,36,1240,2000,9,1,5,3.7,123456.0,8,2,2,1,0,1,12
7908,19914,631,23,1298,2017,9,1,4,2.0,438886.75,4,0,1,1,0,1,4
7909,2744,1080,8,854,2014,9,1,5,3.6,143862.0,6,0,1,1,0,12,12
7910,17876,0,31,552,2005,4,1,5,3.7,252000.0,6,2,0,1,0,1,8
7911,10349,0,42,502,2008,3,0,5,1.2,135000.0,4,1,1,1,0,3,3
7912,251,631,55,1525,2014,4,1,2,2.0,438886.75,4,0,0,1,0,1,0
7913,4704,631,35,277,2004,9,0,5,2.3,438886.75,4,0,1,1,1,1,8
7914,20385,631,39,1065,2011,4,0,5,2.0,438886.75,4,2,0,1,0,1,12
7915,61951,780,56,1444,2019,4,0,5,1.4,0.0,4,0,1,1,0,11,0
7917,17249,502,36,468,2013,2,0,1,1.5,267000.0,4,1,1,0,0,1,10
7918,54458,765,16,661,2015,4,1,5,2.0,121956.0,4,0,1,1,0,14,4
7919,29793,631,61,794,2014,3,1,5,2.0,438886.75,4,1,1,1,0,1,0
7921,9095,0,39,478,2006,3,0,5,1.5,59000.0,4,3,1,1,1,9,4
7922,2274,753,9,23,2012,9,1,5,2.4,185821.0,4,0,1,1,0,7,12
7923,18240,707,54,237,2011,4,1,1,2.0,114000.0,4,0,1,1,0,12,4
7925,36065,1079,61,1095,2018,9,1,5,2.0,68800.0,4,2,1,1,0,7,6
7926,2500,0,42,1045,1996,9,0,0,2.0,177777.0,4,1,2,1,0,1,4
7927,39559,584,21,469,2014,9,1,5,1.8,80000.0,4,0,1,1,0,14,4
7928,3293,1080,8,643,2014,4,1,5,3.6,97106.0,6,0,0,1,0,12,12
7929,34980,770,23,1401,2016,4,1,1,1.7,99217.0,4,0,1,1,0,14,4
7933,4704,0,36,21,1991,9,0,5,2.0,200000.0,4,1,1,1,0,11,4
7934,7370,0,39,1077,2003,4,0,5,0.7,150000.0,4,0,0,0,1,1,2
7935,6272,706,56,250,2011,3,0,5,0.7,128000.0,3,3,1,1,1,1,4
7936,470,382,16,722,2015,9,1,2,2.0,0.0,4,0,1,1,0,1,0
7937,17249,586,23,618,2012,9,1,5,1.8,130000.0,4,0,1,1,0,1,8
7938,36401,891,23,1270,2016,4,1,1,2.0,146358.0,4,0,1,1,0,7,4
7939,15681,0,16,646,2008,4,1,2,2.3,146000.0,4,3,0,1,0,7,8
7940,14113,1058,36,586,2012,9,1,5,3.5,130000.0,4,0,0,2,0,1,10
7941,83107,0,5,1511,2012,4,1,1,3.0,224000.0,6,2,0,1,0,1,8
7942,3136,0,61,794,1990,9,0,0,1.8,500.0,4,1,1,1,0,2,0
7943,15367,642,28,1323,2012,4,1,1,2.0,98000.0,4,0,1,1,0,12,4
7944,8781,631,58,867,2002,3,0,5,1.5,438886.75,4,0,0,1,1,1,4
7945,16308,531,23,618,2012,9,1,5,1.6,165294.0,4,0,1,1,0,12,4
7946,21639,639,39,1072,2014,4,0,5,2.0,82000.0,4,0,0,1,0,14,8
7947,27541,639,23,1270,2014,4,1,1,2.0,8782.0,4,0,1,1,0,14,4
7948,3450,0,61,794,1993,3,0,0,1.6,110000.0,4,1,1,1,0,12,2
7949,8938,631,16,345,2012,3,0,2,2.0,438886.75,4,0,1,1,0,1,6
7950,6272,0,55,706,2000,10,0,5,2.0,202000.0,4,2,0,1,1,1,2
7951,7213,0,58,1412,2003,7,0,0,2.0,154295.0,4,0,1,1,1,12,5
7952,11917,0,58,1124,2008,3,0,2,1.5,183000.0,4,0,1,1,0,14,5
7953,10349,765,23,1298,2015,9,1,4,2.0,77418.0,4,0,1,1,0,12,4
7954,8000,0,21,512,2000,4,0,5,2.0,170000.0,4,1,0,1,1,12,4
7955,14542,836,23,1298,2010,9,1,5,2.0,104259.0,4,0,1,1,0,1,4
7956,13485,0,16,697,2013,9,0,5,2.0,145000.0,4,0,1,1,0,14,8
7957,56431,1533,8,854,2016,9,1,5,3.6,34030.0,4,0,1,1,0,14,4
7959,8781,353,58,1124,2015,3,0,2,1.8,198000.0,4,0,1,1,0,1,12
7960,110,1399,41,1171,2010,7,1,5,3.5,70000.0,6,0,1,1,0,12,8
7961,23207,836,23,1401,2010,4,1,1,2.0,98713.0,4,0,1,1,0,7,4
7963,21326,730,38,508,2016,3,1,5,1.6,26000.0,4,0,0,1,0,6,12
7965,44865,891,8,444,2016,4,1,1,2.0,70922.0,4,0,1,1,0,14,4
7967,1803,2073,8,1289,2010,9,1,5,3.7,0.0,8,0,1,1,0,1,12
7968,16621,753,28,1049,2012,9,1,5,2.4,138000.0,4,2,1,1,0,1,12
7969,18817,0,58,1132,2012,3,0,2,1.5,108000.0,4,3,1,1,0,11,10
7970,61154,1194,58,113,2013,4,1,5,3.7,112000.0,6,2,0,1,0,7,8
7972,1568,639,5,88,2014,9,1,1,2.0,78194.0,4,0,0,1,0,1,12
7973,17092,503,58,1132,2012,9,0,2,1.5,108480.0,4,0,1,1,0,14,8
7975,314,631,58,1124,2011,3,1,2,1.8,438886.75,4,0,1,1,0,1,0
7976,10976,1268,58,251,2012,3,0,2,1.5,0.0,4,3,1,1,1,8,2
7977,11133,707,28,1049,2011,9,1,5,2.0,51425.0,4,0,1,1,0,1,4
7978,282,1211,5,1491,2010,4,1,5,3.0,268528.0,6,0,0,1,0,2,12
7979,52696,971,23,1270,2016,4,1,1,2.2,113321.0,4,0,1,1,0,12,4
7980,251,631,58,423,2019,9,1,2,2.5,438886.75,4,0,1,1,0,1,12
7982,13485,645,58,1124,2011,9,0,2,1.8,281600.0,6,0,1,1,0,7,8
7983,31361,631,36,322,2014,9,1,5,1.8,438886.75,4,0,2,1,0,1,12
7984,17249,765,23,623,2015,3,1,5,2.0,73335.0,4,0,1,1,0,7,8
7985,25089,585,58,1149,2013,3,0,2,1.8,65649.0,4,3,1,1,0,13,9
7987,60840,518,58,1182,2016,4,1,2,2.5,36063.0,4,0,0,1,0,1,12
7988,10349,1018,5,1491,2011,4,1,1,3.0,332243.0,6,0,0,1,0,1,0
7989,450,0,5,71,2004,9,1,5,1.6,10000.0,4,1,0,1,0,1,2
7990,18189,531,41,889,2012,4,1,5,1.6,195200.0,4,2,1,1,0,2,8
7991,627,1325,35,412,2019,4,1,5,2.5,14186.0,4,0,1,1,0,14,12
7992,18500,707,23,788,2011,1,1,5,2.0,168315.0,4,0,1,1,0,1,4
7993,16935,583,41,889,2011,4,1,5,1.6,90102.0,4,2,1,1,0,1,8
7995,23364,442,8,979,2017,9,0,2,1.8,39187.0,4,0,1,1,0,7,8
7996,862,640,8,978,2013,9,1,5,2.0,114107.0,4,0,1,1,0,2,12
7997,147397,1869,27,1471,2019,4,1,5,3.6,18000.0,6,0,0,1,0,7,16
7998,14740,0,58,1124,2010,9,0,5,1.8,165000.0,4,3,1,1,0,14,6
8000,6272,0,36,379,2001,1,0,5,2.3,236687.0,4,1,2,0,0,1,2
8001,4391,1018,5,1491,2011,4,1,1,3.0,143134.0,6,0,0,1,0,3,12
8002,31047,0,3,218,2013,1,1,5,2.0,78400.0,4,2,0,0,0,1,8
8003,23408,836,23,1270,2010,4,1,1,2.0,177719.0,4,0,1,1,0,12,4
8004,11290,0,58,1124,2006,3,0,2,1.5,199840.0,4,3,1,1,0,12,6
8005,8000,1031,41,1037,2013,3,0,5,1.2,58000.0,3,0,1,1,1,4,2
8006,7840,0,21,669,2005,9,0,5,1.3,230000.0,4,3,1,1,1,14,6
8007,12231,0,21,512,2002,4,0,0,2.0,150000.0,4,0,0,1,1,12,4
8008,42171,631,23,1270,2014,4,1,1,2.0,438886.75,4,0,1,1,0,1,4
8009,34340,1292,28,415,2016,9,1,5,3.0,27812.0,6,0,1,1,0,12,4
8010,13956,1327,58,423,2018,9,1,5,2.5,56173.0,4,0,1,1,0,12,12
8011,18817,0,58,1124,2013,9,1,2,1.8,136000.0,4,2,2,1,0,1,12
8013,15681,891,23,1298,2016,9,1,4,2.0,272772.0,4,0,1,1,0,12,4
8014,16621,0,58,1124,2010,3,1,5,1.8,164000.0,4,0,1,1,0,11,10
8015,21953,0,36,1445,2004,7,0,1,2.2,0.0,4,1,1,1,0,14,4
8016,68994,0,36,332,2015,9,1,5,2.0,66000.0,4,2,0,1,0,1,12
8018,188,738,15,116,2017,3,1,5,1.4,47208.0,4,0,1,1,0,7,12
8019,15060,765,23,1298,2015,9,1,4,2.0,145744.0,4,0,1,1,0,11,4
8020,17500,1503,36,305,2013,9,0,5,1.8,48000.0,4,2,2,1,1,14,6
8022,50529,891,23,1270,2016,4,1,1,2.0,116770.0,4,0,1,1,0,1,4
8024,44545,770,23,1401,2016,4,1,1,1.7,56331.0,4,0,1,1,0,1,4
8025,39201,0,36,371,2014,9,1,5,2.0,65000.0,4,0,1,1,0,7,12
8026,90,0,39,543,2005,7,0,5,3.0,85000.0,6,0,0,1,1,12,4
8027,36068,1091,23,812,2016,7,1,1,2.5,112193.0,4,0,1,1,0,12,4
8028,10036,0,42,1422,2003,3,1,5,2.2,226000.0,4,1,1,1,0,0,8
8030,5000,631,36,296,1998,9,0,5,1.8,438886.75,4,1,1,1,0,1,4
8031,11541,642,28,1049,2012,9,1,5,2.0,65514.0,4,0,1,1,0,12,4
8032,16308,0,58,1124,2010,3,0,2,1.8,1000.0,4,2,1,1,0,12,8
8034,392,502,58,1124,2013,3,1,2,1.5,72240.0,4,0,1,1,0,7,12
8035,64171,1079,23,1298,2018,9,1,5,2.0,21122.0,4,0,1,1,0,14,4
8036,72130,2364,32,780,2019,4,1,5,3.7,26138.0,8,0,0,1,0,14,10
8038,3293,761,58,492,2010,9,1,5,1.8,221627.0,4,0,1,1,0,11,12
8039,392,308,58,1124,2014,3,1,2,1.8,274381.0,4,0,1,1,0,7,12
8040,9408,834,42,262,2009,2,0,1,1.7,169000.0,4,1,1,1,0,12,2
8041,24283,642,23,1401,2012,4,1,1,2.0,140566.0,4,0,1,1,0,14,4
8042,24148,0,58,429,2012,9,1,5,3.5,94000.0,6,2,1,1,0,1,10
8043,45160,1017,58,364,2017,4,0,5,2.0,39400.0,4,2,1,1,0,1,12
8044,38229,1091,23,812,2016,7,1,1,2.5,137134.0,4,0,1,1,0,14,4
8045,16621,638,28,1049,2014,9,1,5,2.0,36037.0,4,0,1,1,0,12,4
8046,46414,631,36,586,2014,9,1,5,3.5,438886.75,6,2,1,1,0,1,0
8047,22894,474,8,1461,2013,3,0,6,1.4,144000.0,4,0,1,1,0,7,12
8049,13172,0,58,251,2014,9,0,2,1.5,16000.0,4,0,1,1,1,14,4
8050,11917,0,36,583,2000,9,1,0,3.2,265000.0,6,2,0,1,0,12,8
8051,25716,891,39,1065,2016,4,0,5,2.0,65000.0,4,2,1,1,0,7,6
8052,7056,1018,23,810,2011,9,1,4,3.0,77538.0,4,0,1,1,0,12,4
8053,14740,0,58,251,2012,3,0,2,1.5,149000.0,4,3,1,1,1,12,2
8054,150,0,36,1245,2010,9,1,5,3.7,15000.0,8,2,0,1,0,1,12
8055,6115,0,32,776,2002,9,1,0,3.5,190000.0,6,0,1,1,0,12,4
8056,19130,631,58,1124,2013,9,1,2,1.8,438886.75,4,0,1,1,0,1,12
8057,81808,1156,16,661,2017,4,1,5,2.3,80000.0,4,0,1,1,0,14,4
8058,25716,915,5,1491,2014,4,1,1,3.0,141384.0,6,0,0,1,0,2,0
8059,3600,0,36,21,1992,9,0,5,1.8,0.0,4,1,1,1,0,1,2
8060,29793,0,5,144,2011,9,1,5,2.0,11000.0,4,2,2,1,0,7,8
8062,41701,631,23,1270,2013,4,1,1,2.0,438886.75,4,0,1,1,0,1,4
8063,30734,1578,5,179,2015,1,1,5,3.7,92213.0,8,0,2,0,0,14,12
8065,17876,585,32,402,2013,3,1,2,1.8,115000.0,4,2,1,1,0,14,12
8066,3763,0,61,798,1997,9,0,0,1.6,0.0,4,1,1,1,0,12,2
8067,7840,0,60,38,2007,4,1,5,1.7,11000.0,4,1,0,1,0,1,6
8068,15994,0,58,439,2008,9,1,2,2.4,221000.0,4,2,1,1,0,12,10
8070,8500,0,5,71,2004,9,0,5,2.2,13700.0,6,1,2,1,0,0,6
8072,8781,0,36,384,2003,1,1,5,3.2,245000.0,6,2,2,0,0,12,6
8073,16508,836,23,1298,2010,9,1,5,2.0,133392.0,4,0,1,1,0,14,4
8074,57698,1079,23,1298,2018,9,1,5,2.0,36304.0,4,0,1,1,0,7,4
8075,549,1292,36,768,2016,4,1,5,3.0,59099.0,6,0,0,1,0,14,12
8076,15681,631,23,619,2014,9,0,5,1.8,438886.75,4,2,1,1,0,1,10
8077,34387,640,54,1192,2013,4,1,1,2.0,40989.0,4,0,1,1,0,12,4
8078,4701,1282,28,1323,2007,4,1,1,2.0,54658.0,4,0,1,1,0,12,4
8079,10036,0,41,1370,2005,3,1,4,1.5,125000.0,4,3,1,1,1,11,2
8080,6899,0,36,315,2005,9,1,1,2.2,233454.0,6,1,2,1,0,1,6
8081,24709,707,54,902,2011,4,1,1,2.0,117700.0,4,0,1,1,0,7,4
8082,10976,0,13,554,2004,4,1,4,3.7,200000.0,8,0,0,1,0,2,6
8084,21181,836,54,237,2010,4,1,1,2.0,63627.0,4,0,1,1,0,12,4
8085,8467,631,41,1370,2007,9,0,5,1.5,438886.75,4,3,1,1,1,1,4
8086,12231,631,58,1124,2010,3,0,2,1.8,438886.75,4,0,1,1,0,1,8
8087,39559,891,23,1270,2016,4,1,1,2.0,128994.0,4,0,1,1,0,14,4
8088,28852,1079,5,1483,2018,4,1,5,2.0,68126.0,4,0,0,1,0,14,12
8089,7527,0,55,706,2004,4,1,4,2.5,235200.0,4,0,0,1,0,7,4
8090,10976,0,5,94,2005,1,1,0,3.0,176000.0,6,2,2,0,0,2,4
8092,220,645,58,1124,2011,3,1,2,1.8,438886.75,4,0,1,1,0,11,12
8093,4234,0,5,135,1992,9,1,5,2.0,300000.0,6,1,2,1,0,6,2
8094,15681,0,3,209,2006,9,1,5,2.0,256000.0,4,1,0,1,0,1,0
8095,17876,810,23,618,2016,9,0,5,1.8,132000.0,4,2,1,1,0,14,8
8096,8000,1030,41,1037,2014,3,0,5,1.2,61000.0,3,3,1,1,1,12,2
8097,24775,631,61,1090,2016,9,0,5,1.8,438886.75,4,0,1,1,0,1,10
8098,13328,1481,3,1164,2017,9,1,5,3.0,44642.0,6,0,0,1,0,1,0
8099,32302,934,58,423,2015,9,1,5,2.5,50000.0,4,2,1,1,0,14,12
8100,36567,1091,23,812,2016,7,1,1,2.5,120000.0,4,0,1,1,0,1,4
8101,16960,502,58,251,2013,3,1,5,1.5,86402.0,4,0,1,1,0,12,4
8103,7213,631,21,858,2011,3,1,2,1.3,438886.75,4,3,1,1,0,1,6
8104,15524,707,23,1401,2011,4,1,1,2.0,52249.0,4,0,1,1,0,7,4
8105,7840,0,36,384,1998,1,1,0,3.2,111111.0,6,0,2,0,0,1,2
8107,25089,0,32,820,2011,9,1,2,2.5,86000.0,4,0,1,1,0,2,12
8108,314,631,28,1049,2014,9,1,2,2.4,438886.75,4,0,1,1,0,1,12
8109,14113,0,36,1445,2005,9,0,1,2.2,245000.0,4,2,2,0,0,14,5
8110,20900,642,39,1065,2012,4,1,5,2.0,1600.0,4,0,0,1,0,1,8
8111,6272,1442,42,479,2000,2,1,1,1.7,250000.0,4,1,1,1,0,1,2
8112,51815,765,54,1192,2015,4,1,1,2.0,52800.0,4,0,1,1,0,12,4
8113,13600,473,8,523,2014,9,1,5,1.4,71600.0,4,2,1,1,0,1,6
8114,12300,583,38,486,2011,9,1,5,1.6,0.0,4,0,1,1,0,1,12
8115,39226,765,23,1270,2015,4,1,1,2.0,118926.0,4,0,1,1,0,14,4
8116,18826,583,23,618,2011,9,1,5,1.6,87210.0,4,0,1,1,0,12,4
8117,26343,0,58,423,2013,9,1,5,2.5,152000.0,4,0,1,1,0,1,12
8119,23521,697,61,870,2015,9,1,5,1.8,76800.0,4,2,1,1,0,7,12
8120,69810,1077,23,1270,2019,4,1,1,2.0,2730.0,4,0,1,1,0,7,4
8121,16913,697,23,1270,2012,4,1,1,2.2,70304.0,4,0,1,1,0,12,4
8122,282,631,58,1124,2011,3,1,2,1.8,438886.75,4,0,1,1,0,1,12
8123,1176,1399,32,1208,2010,4,1,2,3.5,0.0,6,0,0,1,0,12,12
8124,549,915,3,1,2014,4,1,5,3.0,143392.0,6,0,0,1,0,1,12
8125,13485,0,58,251,2012,9,0,2,1.5,151000.0,4,0,1,1,1,14,4
8126,9418,765,23,1298,2015,9,1,4,2.0,42875.0,4,0,1,1,0,14,4
8127,13642,551,8,1322,2017,9,1,5,1.0,32637.0,3,0,1,1,0,14,4
8128,10976,0,58,301,2007,9,0,5,1.3,145000.0,4,0,1,1,0,12,2
8129,8781,631,58,251,2012,3,0,2,1.5,438886.75,4,0,1,1,1,1,2
8130,19287,765,16,650,2015,4,0,5,2.0,106961.0,4,0,0,1,0,2,8
8131,6899,0,36,375,1999,9,1,5,2.0,14566.0,8,0,2,0,0,2,12
8132,4704,0,42,1416,1997,9,0,0,1.8,438886.75,4,1,1,1,0,12,2
8133,19444,0,36,1326,2001,6,0,1,2.2,269962.0,4,1,2,0,0,14,4
8134,24148,0,58,1124,2015,3,0,2,1.5,160000.0,4,0,1,1,0,14,10
8136,6586,1236,21,669,2011,3,0,5,1.3,118000.0,4,3,1,1,1,1,2
8137,17249,0,28,1194,2017,9,0,5,1.6,40000.0,4,0,1,1,0,14,2
8139,12544,631,55,706,2009,4,0,5,2.5,438886.75,6,0,0,1,0,1,12
8141,6272,631,5,144,1999,9,0,5,2.8,438886.75,6,1,2,1,0,1,6
8142,12541,631,15,124,2012,1,1,5,1.4,438886.75,4,1,1,0,0,1,8
8143,21639,1885,45,453,2010,4,1,5,3.7,134864.0,8,0,0,1,0,14,12
8145,188,862,55,855,2011,9,1,5,2.5,113061.0,4,0,0,1,0,1,0
8146,1019,862,58,423,2011,9,1,5,2.5,174790.0,4,0,1,1,0,1,12
8148,14113,761,58,1124,2010,3,0,2,1.8,95863.0,4,0,1,1,0,14,8
8150,19444,0,28,1049,2011,9,1,5,2.4,83000.0,4,2,1,1,0,4,12
8152,10036,448,21,858,2012,3,0,2,1.3,119000.0,4,2,1,1,0,7,8
8153,20385,0,16,1393,2012,6,0,1,2.2,125000.0,4,1,1,1,0,14,1
8154,1333,761,58,492,2010,9,1,5,1.8,116992.0,4,0,1,1,0,12,12
8155,11917,0,36,958,2003,4,1,5,3.2,227200.0,6,2,0,1,0,1,5
8156,12231,862,58,423,2011,9,0,5,2.5,150000.0,4,2,1,1,0,2,12
8157,40026,631,23,1270,2016,4,1,1,2.0,438886.75,4,0,1,1,0,1,4
8158,15367,631,8,1398,2018,4,1,5,1.4,438886.75,4,0,0,1,0,1,8
8160,12544,5666,58,865,2004,7,0,5,2.4,133000.0,4,0,1,1,1,14,5
8161,18503,631,58,1124,2014,3,0,2,1.8,438886.75,7,0,2,1,0,1,11
8163,10976,0,58,1124,2008,3,0,2,1.1,220800.0,2,3,1,1,0,2,4
8164,114154,631,5,147,2017,9,1,5,2.0,438886.75,12,2,2,1,0,1,12
8166,30,0,21,669,2003,3,0,5,1.5,0.0,4,0,1,1,1,14,4
8167,25089,0,36,753,2012,4,1,5,3.7,9600.0,8,2,0,1,0,7,12
8169,22580,779,58,423,2013,9,1,2,2.5,126018.0,4,0,1,1,0,1,12
8170,14269,642,16,349,2012,3,0,2,2.0,10084.0,4,0,1,1,0,6,8
8171,31581,777,23,812,2014,7,1,1,2.5,175342.0,4,0,1,1,0,7,4
8172,42337,1277,27,483,2018,4,1,5,2.4,16500.0,4,0,0,1,0,1,12
8173,24775,779,58,424,2013,9,0,2,2.5,119000.0,4,2,1,1,0,2,12
8174,31988,0,36,556,2012,9,1,5,2.0,120000.0,4,2,2,1,0,2,12
8175,13799,642,5,88,2012,9,1,5,2.0,126000.0,4,2,2,1,0,13,12
8176,51526,891,21,469,2016,9,1,5,2.0,57000.0,4,0,1,1,0,14,4
8178,40,631,21,669,2004,3,0,5,1.3,438886.75,4,0,1,1,1,1,2
8179,8781,574,21,469,2010,9,1,2,1.3,169000.0,4,0,1,1,0,14,6
8181,35800,975,3,1160,2012,4,1,5,3.2,98000.0,1,2,0,1,0,1,12
8182,8467,639,23,1298,2014,9,1,4,2.0,438886.75,4,0,1,1,0,8,4
8183,37476,891,23,1270,2016,4,1,1,2.0,24526.0,4,0,1,1,0,14,4
8184,25500,0,36,1326,2011,6,0,1,2.5,1000.0,4,1,2,1,0,14,2
8185,30,0,41,1370,2005,3,0,5,1.5,0.0,4,0,1,1,1,12,4
8186,220,1327,58,423,2018,9,1,5,2.5,47688.0,4,0,1,1,0,2,12
8187,14113,631,15,116,2015,3,1,5,1.4,438886.75,4,0,1,1,0,1,0
8188,10976,0,5,139,2003,9,1,5,2.5,0.0,6,2,2,1,1,1,6
8189,23521,0,58,657,2009,7,0,2,2.4,155000.0,4,0,0,1,1,12,0
8190,56848,765,23,1270,2015,4,1,1,2.0,83535.0,4,0,1,1,0,2,4
8191,11290,843,58,1124,2008,9,0,2,1.5,170000.0,4,3,1,1,0,1,8
8192,39201,0,5,154,2012,9,1,5,3.0,141000.0,6,0,2,1,0,2,12
8193,9095,843,58,1124,2008,3,0,2,1.5,102000.0,4,0,1,1,0,12,2
8195,10036,639,23,1298,2014,9,1,4,2.0,347600.0,4,0,1,1,0,12,4
8196,13642,1172,36,586,2011,9,1,1,3.5,64496.0,6,0,0,1,0,2,12
8197,7527,0,35,547,2004,3,0,5,1.5,164004.0,4,1,1,1,1,2,6
8198,9408,0,36,566,1996,5,0,0,2.3,310000.0,4,1,2,1,0,12,2
8199,20005,836,54,237,2010,4,1,1,2.0,180204.0,4,0,1,1,0,1,4
8201,24462,1017,32,842,2017,9,1,5,2.0,36000.0,4,2,2,1,0,14,0
8202,36366,1017,23,1401,2017,4,1,1,2.0,148510.0,4,0,1,1,0,14,4
8204,17876,1024,36,322,2010,9,1,5,2.5,219000.0,6,2,2,1,0,14,8
8207,7683,0,41,1370,2006,3,1,5,1.5,134000.0,4,0,1,1,1,12,4
8209,17249,0,58,1124,2010,3,0,2,1.8,131200.0,4,3,1,1,0,1,0
8210,22000,777,58,423,2014,9,0,5,2.5,107000.0,4,0,1,1,0,7,12
8211,7840,0,58,867,2004,9,0,5,1.3,11700.0,4,0,1,1,1,12,2
8212,9700,640,28,1049,2013,9,1,5,2.0,52192.0,4,0,1,1,0,7,4
8213,15994,584,23,618,2014,9,0,5,1.8,78000.0,4,2,1,1,0,7,8
8214,20385,0,8,1461,2012,3,0,6,1.4,165900.0,4,0,1,1,0,2,12
8215,5500,1236,21,669,2011,3,0,5,1.3,50000.0,4,0,1,1,1,12,4
8216,10406,1047,23,618,2007,9,1,5,1.6,51385.0,4,0,1,1,0,7,4
8217,20385,0,39,1065,2008,4,0,5,3.0,0.0,6,2,0,1,0,12,4
8218,13013,0,58,251,2012,3,0,2,1.5,147000.0,4,0,1,1,1,14,4
8219,17813,836,23,1270,2010,4,1,1,2.0,41124.0,4,0,1,1,0,14,4
8220,9543,583,8,287,2011,9,1,5,1.6,193425.0,4,0,1,1,0,14,4
8221,42337,1017,23,1270,2017,4,1,1,2.0,27453.0,4,0,1,1,0,14,4
8222,18973,530,8,287,2013,3,1,5,1.6,71309.0,4,0,1,1,0,1,4
8224,5500,0,36,1445,2001,7,0,1,2.2,318000.0,2,1,2,0,0,14,6
8226,25299,707,54,1192,2011,4,1,1,2.0,326612.0,4,0,1,1,0,14,4
8227,16323,836,23,788,2010,1,1,5,2.0,95510.0,4,0,1,1,0,12,4
8228,80,0,61,870,2017,9,1,5,1.4,0.0,6,0,1,1,0,7,6
8229,8006,761,11,909,2010,9,1,5,1.8,164466.0,4,0,1,1,0,7,4
8230,5331,1288,8,444,2007,4,1,1,2.0,51258.0,4,0,1,1,0,1,4
8232,5184,687,11,909,2010,9,1,5,1.6,93914.0,4,0,1,1,0,2,4
8233,18189,738,8,523,2017,9,0,5,1.4,26000.0,4,0,1,1,0,12,8
8234,4547,155,61,1275,2015,9,1,5,0.4999999999999998,111965.0,4,0,1,1,0,1,12
8235,28539,2715,8,1289,2018,4,1,5,3.7,28890.0,8,0,1,1,0,11,12
8236,6899,789,8,523,2009,9,1,5,1.6,145060.0,4,0,1,1,0,12,4
8237,6272,0,35,545,2004,9,0,5,1.3,230000.0,4,3,1,1,1,12,7
8239,8154,631,36,1445,2003,2,0,1,2.2,438886.75,4,1,1,1,0,1,2
8241,16621,0,58,1132,2013,9,0,2,1.5,105000.0,4,0,1,1,0,2,0
8242,7213,1437,42,262,2004,2,0,1,1.7,438886.75,4,1,1,1,0,12,6
8244,17562,0,61,870,2015,9,1,5,1.8,74000.0,4,2,1,1,0,11,6
8245,8985,308,58,251,2015,3,1,2,1.5,154540.0,4,0,1,1,0,12,4
8247,7213,0,58,1124,2005,9,0,5,1.5,126000.0,4,0,1,1,0,12,4
8248,12121,502,58,251,2013,3,1,2,1.5,105900.0,4,0,1,1,0,14,4
8249,392,777,58,423,2014,9,1,5,2.5,0.0,4,0,1,1,0,14,12
8250,470,631,32,402,2011,3,1,2,1.8,438886.75,4,0,1,1,0,1,0
8251,22894,0,58,423,2010,9,1,2,2.4,158400.0,8,0,1,1,0,12,0
8252,10976,0,42,262,2005,2,0,5,1.8,1111.0,4,0,1,1,0,1,8
8254,2509,631,7,1265,2010,9,1,5,3.0,438886.75,6,0,1,1,0,1,12
8255,18817,585,58,1124,2013,3,0,2,1.8,125000.0,4,0,1,1,0,14,8
8256,18826,583,23,618,2011,9,1,5,1.6,173678.0,4,0,1,1,0,14,4
8257,6272,0,36,50,1997,9,0,0,2.8,30000.0,6,0,2,1,0,2,4
8258,21103,862,23,812,2011,10,1,1,2.5,232078.0,4,0,1,1,0,12,4
8260,14583,1342,16,667,2017,8,1,5,2.7,118462.0,6,0,2,1,0,1,12
8261,32615,934,58,423,2015,9,1,5,2.5,60000.0,4,2,1,1,0,1,12
8262,7370,0,41,1037,2005,3,0,5,1.5,151000.0,4,3,1,1,1,1,4
8263,18092,707,54,902,2011,4,1,1,2.0,139924.0,4,0,1,1,0,14,4
8264,15367,765,23,1298,2015,9,1,4,2.0,339603.0,4,0,1,1,0,12,4
8265,25889,1099,54,1192,2010,4,1,1,2.7,93376.0,4,0,1,1,0,1,4
8267,11604,631,58,1457,2012,9,0,5,1.0,438886.75,3,0,1,1,1,1,6
8268,2979,1172,28,1318,2011,4,1,5,3.5,309570.0,6,0,1,1,0,12,12
8269,5341,790,8,909,2009,9,1,5,1.6,94201.0,4,0,1,1,0,12,4
8270,2000,0,21,469,1995,9,0,5,1.4,210000.0,4,1,1,1,0,6,2
8271,8467,777,41,719,2014,9,1,5,2.5,86203.0,4,0,2,1,0,7,12
8272,37633,631,23,1270,2016,4,1,1,2.0,438886.75,4,0,1,1,0,1,4
8273,49459,891,23,1298,2016,9,1,5,2.0,49829.0,4,0,1,1,0,14,4
8275,26657,0,58,423,2013,9,0,2,2.5,152000.0,4,0,1,1,0,14,10
8277,37633,0,35,408,2015,3,0,5,2.0,20000.0,4,2,1,1,0,1,12
8278,14740,562,8,523,2015,9,1,5,1.4,73000.0,4,0,1,1,0,14,12
8279,20385,0,36,1326,2005,6,0,1,2.2,1000.0,4,1,2,0,1,14,2
8283,6272,0,61,794,2002,3,1,5,1.8,200000.0,4,1,1,0,0,1,6
8286,1490,831,21,512,2011,4,1,5,2.4,272542.0,4,0,0,1,0,7,12
8287,25089,0,58,434,2014,9,0,5,2.5,75000.0,4,2,1,1,0,1,12
8288,24462,0,8,1462,2012,9,1,6,1.4,113600.0,4,3,1,1,0,1,12
8289,34184,0,58,825,2008,4,1,2,3.3,157000.0,6,0,0,1,0,7,8
8291,94,777,58,423,2014,9,1,5,2.5,221688.0,4,0,1,1,0,7,12
8292,35046,640,54,1192,2013,4,1,1,2.0,149792.0,4,0,1,1,0,12,4
8293,44862,891,21,469,2016,9,1,5,2.0,36808.0,4,0,1,1,0,1,4
8294,392,631,41,249,2015,9,1,5,2.5,438886.75,4,0,1,1,0,1,12
8296,33230,639,23,1401,2014,4,1,1,2.0,137469.0,4,0,1,1,0,1,4
8297,3450,0,36,305,1995,9,0,5,1.8,20000.0,4,1,2,1,0,2,2
8298,32979,777,23,812,2014,7,1,1,2.5,122614.0,4,0,1,1,0,7,4
8300,21040,595,58,251,2015,3,1,5,1.5,67986.0,4,0,1,1,0,14,4
8302,79782,1058,16,667,2012,9,1,5,3.5,142930.0,4,0,1,1,0,7,4
8305,15053,777,58,423,2014,9,1,5,2.5,107000.0,4,0,1,1,0,1,12
8306,3500,0,36,568,2002,10,0,5,2.4,20000.0,6,0,2,1,0,6,10
8307,706,1203,13,554,2011,4,1,5,3.6,344814.0,6,0,0,1,0,6,12
8308,15681,562,8,523,2015,9,0,5,1.4,75000.0,4,2,1,1,0,14,10
8309,4077,0,42,262,1997,9,0,5,1.6,180000.0,4,0,1,1,0,7,2
8310,17876,631,36,1326,2005,6,0,1,2.2,438886.75,4,1,2,1,0,1,4
8311,14426,584,8,523,2014,9,0,5,1.8,68000.0,4,1,1,1,0,1,6
8313,21639,0,55,707,2013,4,0,5,2.5,75000.0,4,0,0,1,0,7,6
8314,706,394,58,423,2014,9,1,2,2.5,381365.0,4,0,1,1,0,12,12
8315,17249,475,58,1132,2012,3,0,2,1.4,100000.0,4,0,1,1,0,14,6
8317,23521,631,41,893,2014,4,1,5,1.6,438886.75,4,1,1,1,0,1,8
8319,17562,0,23,618,2012,9,0,5,1.8,13500.0,4,2,1,1,0,1,4
8320,56450,1053,36,961,2014,4,1,1,3.5,190000.0,6,2,0,1,0,1,0
8321,9832,583,11,909,2011,9,1,5,1.6,151842.0,4,0,1,1,0,14,4
8323,18826,631,23,1298,2011,9,1,5,2.0,438886.75,4,0,1,1,0,1,4
8324,1646,631,23,1298,2015,9,1,2,2.4,438886.75,4,0,1,1,0,1,12
8326,11290,503,58,1132,2012,3,0,2,1.5,139005.0,4,0,1,1,0,2,12
8328,17346,781,23,812,2012,10,1,1,2.5,230000.0,4,0,1,1,0,15,4
8329,44724,971,23,1270,2016,4,1,1,2.2,137986.0,4,0,1,1,0,12,4
8330,17923,836,23,1401,2010,4,1,1,2.0,173169.0,4,0,1,1,0,7,4
8331,77775,0,36,595,2017,1,1,5,3.0,6200.0,6,2,2,0,0,2,12
8332,282,781,58,1179,2012,4,1,5,2.5,73136.0,4,0,0,1,0,2,12
8333,11604,0,36,573,2000,9,0,1,2.7,335000.0,5,2,2,1,0,12,6
8334,19416,531,23,618,2012,9,1,5,1.6,143502.0,4,0,1,1,0,14,4
8335,1725,259,8,1461,2014,3,1,2,1.4,133195.0,4,0,1,1,0,1,12
8336,20071,0,23,618,2013,9,1,5,1.8,112000.0,4,2,1,1,0,7,12
8337,45,0,21,669,2007,3,0,5,1.3,150000.0,4,0,0,1,1,7,4
8338,11917,0,36,1233,2000,9,1,0,3.2,210000.0,6,2,2,1,0,14,10
8339,15053,738,8,523,2017,9,0,5,1.4,8960.0,4,2,1,1,0,14,10
8340,28852,1017,23,618,2017,9,0,5,2.0,20000.0,4,2,1,1,0,1,12
8341,48998,765,23,1270,2015,4,1,1,2.0,104667.0,4,0,1,1,0,7,4
8342,35962,640,23,1270,2013,4,1,1,2.0,190000.0,4,0,1,1,0,7,4
8343,17876,1301,5,1511,2014,4,1,5,3.7,62192.0,8,0,0,1,0,1,12
8344,13269,1018,23,810,2011,9,1,4,3.0,406000.0,4,0,1,1,0,12,4
8345,33575,639,23,1401,2014,4,1,1,2.0,87720.0,4,0,1,1,0,3,4
8346,8467,0,36,582,1996,9,1,0,3.2,224643.0,6,1,2,1,0,12,6
8347,31747,639,23,1270,2014,4,1,1,2.0,20900.0,4,0,1,1,0,1,4
8348,23521,0,58,425,2012,9,1,2,2.5,155000.0,4,0,1,1,0,1,10
8350,24148,900,23,1298,2015,9,0,5,2.4,120000.0,4,0,1,1,0,2,10
8351,59834,631,21,469,2016,9,1,5,1.5,438886.75,4,0,1,1,0,1,4
8354,15994,919,5,1491,2012,4,1,5,3.0,232789.0,6,0,0,1,0,7,12
8355,78,1405,5,1491,2009,4,1,1,3.0,229854.0,6,0,0,1,0,6,0
8356,36865,639,23,1270,2014,4,1,1,2.0,144009.0,4,0,1,1,0,12,4
8357,15053,781,8,523,2018,9,0,5,1.4,37400.0,4,0,1,1,0,1,8
8358,15681,966,8,909,2009,9,1,1,2.0,6500.0,14,0,1,1,0,14,8
8359,18817,631,61,1114,2008,9,1,5,3.2,438886.75,6,2,0,1,0,1,12
8360,36231,1091,23,812,2016,10,1,1,2.5,182541.0,4,0,1,1,0,12,4
8362,23207,1172,41,1171,2011,7,0,5,3.5,89000.0,6,0,1,1,0,7,12
8363,31047,919,5,1491,2012,4,1,1,3.0,70994.0,6,0,0,1,0,1,0
8364,6899,631,21,669,2012,3,0,5,1.3,438886.75,4,0,1,1,1,1,2
8365,21768,707,54,1192,2011,4,1,1,2.0,172392.0,4,0,1,1,0,14,4
8366,60213,0,36,964,2014,4,1,5,3.5,107329.0,6,2,0,1,0,7,12
8367,34419,730,54,237,2016,4,1,5,1.6,18498.0,4,0,1,1,0,2,4
8369,31047,1053,36,586,2014,9,1,1,3.5,132349.0,6,0,0,1,0,7,12
8370,314,934,58,423,2015,9,1,5,2.5,150259.0,4,0,1,1,0,14,12
8371,23207,730,23,618,2016,9,1,1,1.6,33017.0,4,0,1,1,0,14,4
8372,29793,631,58,364,2019,4,1,5,2.0,438886.75,4,0,1,1,0,1,12
8374,60502,831,21,669,2018,3,1,5,1.5,8000.0,4,0,1,1,0,1,4
8375,6899,0,36,1261,1998,0,0,5,2.3,202000.0,4,0,2,0,0,12,0
8376,46490,640,23,1270,2013,4,1,1,2.0,90220.0,4,0,1,1,0,1,4
8377,5959,631,28,1323,2007,4,1,1,2.0,438886.75,4,0,1,1,0,1,4
8378,14122,707,23,1401,2011,4,1,1,2.0,67630.0,4,0,1,1,0,12,4
8381,19130,0,36,556,2006,9,1,1,2.2,270000.0,6,2,2,1,0,13,8
8383,8467,765,23,1298,2015,9,1,4,2.0,438886.75,4,0,1,1,0,8,4
8385,24148,0,58,1132,2015,9,1,5,1.5,47500.0,4,0,1,1,0,1,12
8386,470,1493,58,1360,2016,8,1,5,3.5,131882.0,6,0,2,1,0,7,12
8387,21953,631,58,1179,2012,4,0,5,2.5,438886.75,4,2,1,1,0,1,6
8388,15367,0,16,693,2017,9,0,5,1.6,41000.0,4,0,1,1,0,14,6
8389,7213,481,23,1298,2017,9,1,2,2.0,138459.0,4,0,1,1,0,12,0
8390,21012,0,58,1124,2013,9,0,2,1.8,145600.0,4,0,1,1,0,1,0
8392,25089,2736,58,1406,2017,4,1,5,3.7,123862.0,8,0,0,0,0,14,12
8394,10663,631,36,1445,2001,7,0,0,2.3,438886.75,6,1,1,1,0,1,6
8395,16766,1266,23,788,2011,1,1,5,3.7,114021.0,4,0,1,1,0,14,4
8396,40634,831,54,237,2017,4,1,1,1.6,25758.0,4,0,1,1,0,3,4
8397,16308,0,5,139,2004,9,1,1,2.5,265000.0,5,2,2,1,0,1,8
8398,28391,640,23,1270,2013,4,1,1,2.0,45881.0,4,0,1,1,0,14,4
8399,19500,1586,41,1476,2010,4,1,5,3.7,145000.0,6,0,0,1,0,2,6
8400,5331,0,21,512,1996,4,0,5,2.0,30000.0,4,0,1,1,1,2,2
8401,220,810,23,618,2016,9,1,5,1.8,83106.0,4,0,1,1,0,1,12
8402,13799,639,23,1298,2014,9,1,4,2.0,185302.0,4,0,1,1,0,14,4
8403,6899,631,9,54,2015,9,1,5,3.6,438886.75,6,0,2,1,0,1,12
8404,23828,1324,23,788,2010,9,1,5,3.3,238558.0,4,0,1,1,0,7,4
8405,50,0,58,251,2014,9,0,2,1.5,111000.0,4,0,2,1,1,1,0
8406,62493,831,21,469,2018,1,1,5,1.5,8520.0,4,0,1,1,0,11,4
8407,70,631,23,618,2015,9,0,5,1.8,438886.75,6,2,1,1,0,1,6
8408,21326,631,32,402,2012,3,1,2,1.8,438886.75,4,0,1,1,0,1,10
8409,7840,0,55,706,2003,9,0,5,2.0,174000.0,4,0,0,1,1,1,2
8410,11604,645,58,1124,2011,3,1,2,1.8,287100.0,4,2,1,1,0,5,12
8411,13485,0,39,1065,2006,4,0,0,2.4,110500.0,4,0,0,1,1,7,4
8412,16618,531,23,618,2012,9,1,5,1.6,115471.0,4,0,1,1,0,7,4
8413,1882,631,58,1124,2009,9,1,2,1.5,438886.75,4,0,1,1,0,1,12
8414,470,1079,36,371,2018,3,1,5,2.0,15806.0,4,0,1,1,0,11,12
8415,54954,1091,8,854,2016,9,1,5,2.5,63000.0,4,0,1,1,0,14,4
8416,11290,746,58,1124,2009,9,0,2,1.5,237872.0,4,0,1,1,0,3,8
8417,22433,779,23,812,2013,7,1,1,2.5,69315.0,4,0,1,1,0,1,4
8418,549,1017,23,618,2017,9,1,5,2.0,21246.0,4,0,1,1,0,14,12
8419,54349,1017,21,469,2017,9,1,5,2.0,16000.0,4,0,1,1,0,7,4
8420,149,0,36,1246,2009,9,1,5,3.7,90000.0,8,2,2,1,0,1,12
8422,1176,915,5,111,2014,1,1,5,3.0,90029.0,6,0,2,0,0,7,12
8423,37291,749,27,483,2014,4,1,5,2.4,84414.0,4,0,1,1,0,1,4
8424,9722,1030,41,1037,2014,3,0,5,1.2,125000.0,3,0,1,1,1,12,2
8425,14426,0,56,809,2006,4,0,5,2.7,86000.0,6,0,0,1,0,1,8
8426,4200,0,35,1011,1998,9,0,5,2.0,160000.0,6,0,1,1,1,2,6
8427,13172,0,16,1381,2006,6,0,1,2.2,438886.75,5,1,1,0,0,14,8
8428,9722,1292,31,1214,2016,4,1,1,3.0,79496.0,6,0,1,1,0,1,12
8429,15681,0,58,423,2006,9,0,5,2.4,184000.0,4,0,1,1,0,1,6
8430,549,259,8,1461,2014,3,1,2,1.4,138491.0,4,0,1,1,0,1,12
8431,15681,891,23,1298,2016,9,1,4,2.0,258942.0,4,0,1,1,0,12,4
8432,8154,0,42,267,2000,9,0,5,1.6,225000.0,4,0,1,1,0,14,4
8433,12858,779,16,722,2013,9,0,5,2.5,83718.0,4,0,1,1,0,14,0
8434,15367,503,58,1132,2012,3,0,2,1.5,132462.0,4,3,1,1,0,14,7
8435,17876,697,61,870,2015,9,1,5,1.8,71777.0,4,2,1,1,0,7,10
8436,22580,697,61,870,2015,9,1,5,1.8,39000.0,4,2,1,1,0,11,6
8438,9261,707,8,523,2011,9,1,1,2.0,52715.0,4,0,1,1,0,7,4
8441,11604,1017,23,1298,2017,9,1,4,2.0,319682.0,4,0,1,1,0,8,4
8442,17249,584,61,1090,2014,9,1,5,1.8,197600.0,4,2,1,1,0,7,10
8443,10000,631,41,1370,2007,3,1,5,1.5,438886.75,5,3,1,1,1,1,2
8445,31248,765,23,1401,2015,4,1,1,2.0,108505.0,4,0,1,1,0,7,4
8446,6586,1018,5,1491,2011,4,1,5,3.0,117194.0,6,0,0,1,0,1,12
8447,10663,0,36,582,2002,9,1,5,3.2,139000.0,6,2,2,1,1,12,8
8448,7840,0,55,927,2003,9,0,5,3.0,209000.0,6,2,0,1,1,12,4
8449,14113,641,28,1049,2012,9,1,5,2.0,55521.0,4,0,1,1,0,14,4
8450,11133,988,58,1124,2007,9,0,2,1.5,107248.0,4,0,1,1,0,12,6
8452,18817,631,58,423,2018,9,1,2,2.5,438886.75,4,0,1,1,0,1,12
8453,11133,917,3,226,2013,3,1,5,3.0,301707.0,6,0,0,1,0,7,0
8454,6,0,13,1033,2001,9,0,5,2.0,34000.0,4,0,1,1,0,1,1
8455,18500,919,23,810,2012,9,1,4,3.0,226843.0,4,0,1,1,0,12,4
8457,10820,751,39,912,2013,3,0,5,2.4,112221.0,4,0,1,1,0,2,10
8458,18503,0,16,722,2012,9,0,4,2.5,137103.0,4,2,1,1,0,12,6
8459,251,1327,58,423,2018,9,1,5,2.5,60915.0,4,0,1,1,0,14,0
8462,39201,0,36,48,2012,9,1,5,1.8,74000.0,6,0,2,1,0,1,12
8463,78,584,58,492,2014,9,1,5,1.8,87538.0,4,0,1,1,0,1,12
8465,470,1493,36,586,2016,9,1,5,3.5,73190.0,6,0,2,1,0,1,12
8466,4000,0,61,1430,1994,9,0,5,1.8,182000.0,4,1,1,1,0,2,0
8467,45674,833,26,1520,2015,9,1,1,2.2,71309.0,4,0,1,1,0,14,4
8468,4300,1363,42,262,2000,9,0,5,1.6,0.0,4,1,1,1,0,14,2
8469,19601,0,58,1124,2011,3,0,5,1.8,137000.0,4,3,1,1,0,14,6
8470,549,1079,58,364,2018,4,1,5,2.0,46733.0,4,0,1,1,0,12,12
8471,17562,1185,16,646,2009,4,0,2,2.5,143000.0,4,0,0,1,0,1,12
8472,470,1104,36,395,2015,9,1,5,3.0,110429.0,6,0,2,1,0,12,12
8473,14959,642,8,1060,2012,4,1,1,2.0,222303.0,4,0,1,1,0,12,4
8475,13172,473,15,116,2014,1,1,5,1.4,25000.0,4,2,1,0,0,6,6
8476,17876,761,58,498,2010,9,0,5,1.8,119000.0,4,0,1,1,0,12,6
8477,7840,0,39,811,2003,7,0,5,2.4,261000.0,4,2,0,1,1,1,2
8478,13956,781,8,523,2018,9,0,5,1.4,0.0,4,0,1,1,0,1,0
8479,11604,0,42,270,2007,2,0,1,1.7,173000.0,4,1,1,1,0,2,2
8480,4077,753,0,1358,2012,9,1,5,2.4,117874.0,4,0,1,1,0,1,12
8481,31361,397,58,1124,2016,3,1,2,1.8,130000.0,4,0,1,1,0,14,8
8482,16935,631,23,618,2014,9,0,5,1.8,438886.75,4,0,1,1,0,1,0
8483,11604,843,58,1124,2008,3,0,2,1.5,95500.0,4,0,1,1,0,12,12
8486,40,0,21,669,2006,3,1,5,1.3,438886.75,4,3,1,1,1,14,4
8487,6272,631,7,230,2013,9,1,5,2.5,438886.75,4,0,2,1,0,1,12
8488,19579,595,58,251,2015,3,1,5,1.5,69000.0,4,0,1,1,0,14,4
8489,22825,642,8,978,2012,9,1,5,2.0,114929.0,4,0,1,1,0,1,4
8490,27591,707,23,1401,2011,4,1,1,2.0,68047.0,4,0,1,1,0,1,4
8491,32302,0,28,1323,2014,4,0,5,2.4,77000.0,4,2,0,1,0,2,6
8494,13172,0,58,1130,2007,3,1,5,1.5,269638.0,4,0,1,1,0,3,4
8496,188,631,0,1358,2010,9,1,5,2.4,438886.75,4,0,1,1,0,1,12
8497,6895,1032,41,982,2012,3,0,5,1.2,59847.0,4,0,1,1,1,10,2
8498,34406,891,23,1270,2016,4,1,1,2.0,185011.0,4,0,1,1,0,14,4
8499,16480,631,23,618,2014,9,1,5,1.6,438886.75,4,0,1,1,0,1,4
8500,19384,642,8,978,2012,9,1,5,2.0,162069.0,4,0,1,1,0,12,4
8502,29793,0,5,154,2011,9,1,5,3.0,185000.0,6,2,0,1,0,1,12
8503,25089,730,54,237,2016,4,1,5,1.6,13530.0,4,0,1,1,0,14,4
8505,32145,0,58,423,2015,9,0,5,2.5,108000.0,8,2,2,1,0,14,12
8506,10036,1268,58,251,2012,3,0,2,1.5,123000.0,4,0,1,1,1,1,2
8507,18983,631,54,902,2012,4,1,1,2.0,438886.75,4,0,1,1,0,1,4
8509,3293,761,58,1124,2010,3,1,2,1.8,159382.0,4,0,1,1,0,14,12
8510,28225,639,23,1270,2014,4,1,1,2.0,39138.0,4,0,1,1,0,14,4
8511,15483,707,54,237,2011,9,1,1,2.0,149720.0,4,0,1,1,0,14,4
8512,10349,1266,21,669,2014,3,0,2,1.5,136000.0,4,3,1,1,1,12,6
8513,31,502,58,1124,2013,3,1,2,1.5,0.0,4,0,1,1,0,12,12
8514,7997,1018,36,586,2011,9,1,1,3.0,273186.0,6,0,2,1,0,14,12
8515,120,0,36,1440,2010,7,1,5,2.2,180000.0,4,0,2,1,0,12,4
8516,7683,0,38,486,2006,1,0,5,1.6,14900.0,4,2,1,0,1,15,4
8517,8467,639,23,1298,2014,9,1,4,2.0,438886.75,4,0,1,1,0,8,4
8518,21953,0,36,960,2005,4,1,1,3.2,260000.0,6,2,0,2,0,3,12
8519,6586,0,5,179,2002,9,1,5,3.7,123456.0,8,0,2,1,0,12,0
8520,42334,0,3,221,2011,9,1,5,2.8,79000.0,6,2,0,1,0,1,8
8521,49798,765,23,1270,2015,4,1,1,2.0,93555.0,4,0,1,1,0,14,4
8524,627,1368,21,469,1996,3,0,5,1.6,3445.0,4,1,1,1,0,6,0
8525,6429,631,42,479,2003,2,0,1,1.7,438886.75,4,1,1,0,0,1,2
8526,5175,1211,36,332,2010,9,1,5,3.0,108517.0,6,0,0,1,0,14,12
8527,7840,0,5,182,1995,9,1,5,3.0,0.0,8,0,2,1,0,6,6
8528,13172,843,58,1124,2008,3,1,2,1.5,166800.0,4,3,1,1,0,12,8
8529,11917,531,23,1425,2012,1,1,5,1.6,79000.0,4,2,1,0,0,12,10
8531,24004,862,23,812,2011,7,1,1,2.5,72302.0,4,0,1,1,0,12,4
8533,24327,769,23,1270,2011,4,1,1,2.2,126799.0,4,0,1,1,0,12,4
8534,12544,639,16,697,2014,3,0,5,2.0,156043.0,4,0,1,1,0,1,0
8536,6500,0,5,68,1997,9,0,5,1.8,284000.0,4,1,2,1,0,1,2
8537,38574,639,5,144,2014,9,1,5,2.0,124000.0,4,2,2,1,0,12,10
8538,50008,1086,27,804,2012,4,1,5,3.6,105757.0,4,0,1,1,0,1,4
8539,10036,521,21,399,2011,3,0,2,1.4,140000.0,4,1,1,0,0,1,10
8540,18503,0,61,1090,2012,9,1,5,2.5,180000.0,4,2,1,1,0,12,8
8541,872946,2067,29,1409,2019,10,1,5,3.7,2531.0,8,2,0,1,0,1,0
8542,10349,0,58,1124,2008,3,0,2,1.5,0.0,4,0,1,1,0,14,8
8543,4704,0,58,1179,1996,4,0,5,2.0,0.0,4,0,0,0,1,2,4
8544,470,1426,33,484,2018,9,1,5,2.7,25790.0,6,0,1,1,0,14,12
8546,7056,0,41,984,2004,3,0,5,1.2,135000.0,4,0,1,1,0,12,2
8547,49864,1077,23,1401,2019,4,1,1,2.0,66500.0,4,0,1,1,0,7,4
8548,6272,0,61,1090,2000,9,0,1,1.9,314000.0,2,1,1,1,0,12,2
8549,42171,831,54,237,2017,4,1,5,1.6,67856.0,4,0,1,1,0,14,4
8550,39559,1091,23,812,2016,7,1,1,2.5,94000.0,4,0,1,1,0,7,4
8553,43278,1091,58,1179,2016,4,0,5,2.5,78000.0,4,0,0,1,0,4,0
8554,44752,1091,8,854,2016,9,1,5,2.5,120428.0,4,0,1,1,0,1,4
8555,29793,934,35,997,2015,9,1,5,2.5,129600.0,4,2,1,1,0,7,9
8558,549,1172,32,1201,2011,4,1,5,3.5,181189.0,6,0,0,1,0,14,12
8559,6899,0,5,1491,2002,4,1,0,3.0,260000.0,6,0,0,1,0,14,6
8560,62722,0,58,423,2018,9,1,2,2.4,14000.0,6,2,0,1,0,2,12
8561,7840,0,36,559,1997,9,0,5,2.0,0.0,4,1,2,1,0,2,4
8562,29166,442,58,1124,2017,3,0,2,1.8,95350.0,4,0,1,1,0,12,14
8563,40092,730,54,237,2016,4,1,1,1.6,35163.0,4,0,1,1,0,11,4
8564,1568,1055,32,608,2013,9,1,5,3.5,204874.0,6,0,1,1,0,14,12
8565,20005,631,23,618,2012,9,1,5,1.6,438886.75,4,0,1,1,0,1,4
8566,52687,1055,58,825,2013,4,1,5,3.5,62102.0,6,2,0,1,0,9,12
8567,6586,0,61,1090,2002,9,1,5,2.8,256000.0,6,2,1,1,0,7,12
8570,14831,609,21,669,2016,3,1,5,1.3,109839.0,4,0,1,1,0,2,4
8571,23436,891,23,1298,2016,9,1,4,2.0,88900.0,4,0,1,1,0,14,4
8572,20385,781,58,423,2012,9,0,5,2.5,156800.0,4,2,1,1,0,6,8
8573,24148,986,32,820,2010,9,1,2,2.4,93000.0,4,0,1,1,0,1,12
8574,3450,1399,32,1201,2010,4,1,5,3.5,136542.0,6,0,1,1,0,2,0
8575,1333,777,41,249,2014,9,1,5,2.5,27656.0,4,0,1,1,0,12,12
8576,18189,0,58,1124,2012,9,0,2,1.8,112000.0,4,3,1,1,0,7,6
8577,784,2908,41,261,2008,4,1,5,3.7,360059.0,8,0,1,1,0,1,12
8578,9408,0,5,69,2004,9,0,5,1.9,81000.0,4,2,2,1,1,2,6
8579,22649,642,54,902,2012,4,1,1,2.0,140411.0,4,0,1,1,0,7,4
8580,12231,0,58,1124,2008,9,0,2,1.5,244800.0,4,0,1,1,0,6,6
8581,14740,490,21,858,2011,3,1,2,1.3,246574.0,4,3,1,1,0,0,6
8582,42692,640,54,1192,2013,4,1,1,2.0,69415.0,4,0,1,1,0,14,4
8583,15053,639,23,618,2014,3,1,5,2.0,46000.0,4,2,1,1,0,1,12
8584,17900,645,58,1124,2011,9,0,2,1.8,0.0,4,0,1,1,0,14,12
8585,157,631,36,586,2013,9,1,1,3.5,438886.75,6,0,0,1,0,1,12
8586,125,1172,36,586,2011,9,1,1,3.5,223472.0,6,0,0,1,0,1,12
8587,9722,0,36,958,2001,4,1,5,3.2,215947.0,6,2,0,1,0,5,8
8588,862,891,16,722,2016,9,1,5,2.0,145910.0,4,0,1,1,0,7,12
8592,9408,0,5,85,2001,9,1,0,2.5,215000.0,6,2,2,1,1,1,6
8593,21012,0,58,1124,2015,3,0,5,1.5,125000.0,4,0,1,1,0,14,7
8594,9879,915,5,154,2014,9,1,1,3.0,98368.0,6,0,0,1,0,14,12
8595,27284,1249,41,249,2017,9,0,5,2.5,28800.0,4,0,1,1,0,14,10
8596,23521,777,58,423,2014,9,1,5,2.5,97000.0,4,0,1,1,0,7,8
8598,9408,0,21,469,2008,9,1,2,1.3,116000.0,4,3,1,1,0,2,6
8599,6586,0,58,1457,2002,9,0,5,1.3,163000.0,4,0,1,1,1,3,4
8600,9095,0,21,512,2000,4,0,5,2.0,2222.0,4,0,0,1,1,12,8
8604,10036,0,5,139,2001,9,0,5,2.5,195000.0,6,2,2,1,1,12,8
8605,14113,779,61,870,2013,9,1,5,2.5,89600.0,4,2,1,1,0,7,8
8606,5645,382,16,722,2015,9,1,2,2.0,147885.0,4,0,1,1,0,7,12
8607,5018,0,55,855,2002,3,0,5,1.5,147000.0,4,0,1,1,1,2,0
8608,45872,690,21,669,2016,3,1,5,1.5,35934.0,4,0,1,1,0,1,4
8609,10032,0,61,413,2007,2,0,1,2.0,240000.0,4,1,2,1,0,14,2
8611,70,0,23,618,2014,9,0,5,1.8,104000.0,4,2,1,1,0,12,8
8612,13808,583,23,618,2011,9,1,5,1.6,52274.0,4,0,1,1,0,14,4
8613,9400,0,5,144,2000,9,1,4,2.8,0.0,6,2,2,1,0,1,6
8614,7213,631,42,262,1998,3,0,4,1.6,438886.75,4,1,1,1,0,1,2
8615,21953,707,23,1270,2011,4,1,1,2.0,166401.0,4,0,1,1,0,7,4
8616,15994,0,5,144,2009,9,1,5,3.0,184000.0,6,2,2,1,0,12,12
8617,84675,798,36,952,2015,4,1,1,2.1,110000.0,4,2,0,1,0,14,12
8618,1803,640,55,1525,2013,9,1,5,2.0,333208.0,4,0,0,1,0,7,0
8619,23521,629,41,892,2015,4,0,5,1.6,46000.0,4,1,1,1,0,1,8
8620,83107,631,31,550,2016,4,1,1,3.0,438886.75,6,2,0,1,0,1,12
8621,11290,0,5,147,2002,9,1,5,3.0,270000.0,6,2,2,1,0,12,6
8623,14740,753,28,1049,2012,9,0,5,2.4,148000.0,6,2,1,1,0,1,0
8624,10976,0,41,1476,2002,4,0,5,3.3,94000.0,6,1,0,1,0,12,4
8625,15053,0,8,523,2011,9,0,5,1.8,108000.0,4,2,1,1,0,14,4
8626,6115,631,8,444,2008,4,1,1,2.0,438886.75,4,0,1,1,0,1,4
8627,32302,917,5,154,2013,9,1,5,3.0,65600.0,6,2,2,1,0,7,12
8629,123330,1176,23,1270,2019,4,1,1,2.2,29816.0,4,0,1,1,0,3,4
8630,10349,0,36,313,2001,9,0,1,2.2,250000.0,1,2,2,1,0,2,4
8632,5175,749,23,1298,2014,9,1,5,2.4,59744.0,4,0,1,1,0,12,12
8633,8781,0,36,305,1998,2,0,5,1.8,0.0,6,1,2,1,0,12,8
8634,21326,0,61,874,2015,9,1,5,2.0,135000.0,4,2,1,1,0,12,10
8635,15464,530,8,287,2013,3,1,5,1.6,134372.0,4,0,1,1,0,7,4
8636,10976,0,36,958,1999,4,1,4,3.2,184000.0,6,0,0,1,0,12,8
8638,392,1079,26,664,2018,4,1,5,2.0,26726.0,4,0,0,1,0,2,12
8639,23389,833,8,444,2015,4,1,1,2.2,68000.0,4,0,1,1,0,12,4
8640,19757,0,16,697,2016,9,0,5,2.0,32960.0,4,0,1,1,0,12,8
8641,26657,0,31,1218,2008,4,1,5,3.7,170000.0,8,2,0,1,0,1,12
8642,12858,631,23,924,2013,9,0,5,1.8,438886.75,4,0,1,1,0,1,8
8643,6272,0,39,1079,2000,4,0,5,1.8,0.0,6,0,0,1,0,14,2
8645,45473,765,5,1489,2015,4,1,5,2.0,60400.0,4,2,2,1,0,3,12
8647,21326,585,58,1124,2013,9,0,2,1.8,89000.0,4,3,1,1,0,14,8
8648,8467,0,41,1280,2003,7,0,5,2.0,111111.0,4,3,1,1,1,14,4
8649,40,0,39,1079,2002,4,0,5,2.5,1000.0,4,0,0,1,0,14,6
8650,2430,753,8,643,2012,4,1,5,2.4,254838.0,4,0,0,1,0,14,12
8652,25810,697,23,1270,2012,4,1,1,2.2,187274.0,4,0,1,1,0,1,4
8653,40926,765,23,1298,2015,9,1,5,2.0,25787.0,4,0,1,1,0,14,4
8655,8467,585,8,523,2013,9,0,5,1.8,145000.0,4,1,1,1,0,2,4
8656,4234,0,62,357,2001,1,1,5,2.4,205000.0,5,1,1,0,1,7,8
8660,58579,971,23,1270,2016,4,1,1,2.2,111648.0,4,0,1,1,0,7,4
8661,12858,761,58,1124,2010,9,0,5,1.8,131000.0,4,0,1,1,0,5,0
8662,17249,1058,24,869,2012,4,1,5,3.5,112000.0,6,0,1,1,0,1,10
8663,19757,586,58,1124,2012,3,0,2,1.8,181000.0,4,3,1,1,0,14,12
8664,50037,631,23,1270,2016,4,1,1,2.0,438886.75,4,0,1,1,0,1,4
8665,22894,631,36,970,2006,4,1,5,3.7,438886.75,8,0,0,1,0,1,12
8666,15681,0,55,708,2006,10,1,5,2.0,150000.0,4,2,0,1,1,14,2
8667,14834,687,23,618,2010,9,1,5,1.6,101387.0,4,0,1,1,0,12,4
8668,7213,631,41,889,2013,4,1,5,1.6,438886.75,4,0,1,1,0,1,0
8670,13495,531,23,618,2012,9,1,5,1.6,119595.0,4,0,1,1,0,14,4
8671,23207,779,58,423,2013,9,1,5,2.5,126000.0,4,2,1,1,0,12,12
8672,14740,0,5,94,2003,9,0,5,3.0,150300.0,6,1,2,1,0,14,0
8674,10349,631,36,1326,1997,6,1,1,2.9,438886.75,6,1,2,0,0,1,2
8675,13172,891,23,1298,2016,9,1,4,2.0,438886.75,4,0,1,1,0,8,4
8676,29323,697,23,618,2015,9,1,5,1.8,75000.0,4,0,1,1,0,11,4
8677,627,934,58,423,2015,9,1,5,2.5,122758.0,4,0,1,1,0,7,12
8678,37984,831,54,237,2017,4,1,1,1.6,87764.0,4,0,1,1,0,2,4
8679,2038,831,32,820,2011,9,1,2,2.4,127507.0,4,0,1,1,0,14,12
8680,8781,645,8,523,2011,9,0,5,1.8,0.0,4,0,1,1,0,12,0
8682,941,1750,58,825,2008,9,1,2,3.3,226094.0,6,0,0,1,0,14,12
8683,32929,1211,36,750,2010,4,1,1,3.0,130000.0,6,2,0,1,0,1,12
8684,9095,0,41,1370,2008,3,1,5,1.8,126000.0,4,3,1,1,1,12,2
8685,21953,900,23,1298,2015,9,0,5,2.4,122000.0,4,2,1,1,0,14,12
8687,13172,501,16,722,2014,9,0,5,1.5,126688.0,4,0,1,1,0,1,12
8688,45210,1017,23,1401,2017,4,1,1,2.0,91478.0,4,0,1,1,0,7,4
8689,9408,0,55,706,2002,10,1,0,2.0,190000.0,4,0,0,1,1,14,6
8690,5000,0,42,479,1998,2,0,1,1.7,0.0,4,1,1,0,0,14,1
8692,41397,1292,36,763,2016,4,1,5,3.0,86189.0,6,0,0,1,0,2,12
8693,10349,1266,58,251,2014,3,0,2,1.5,136700.0,4,0,1,1,1,12,4
8694,22580,0,28,1049,2015,9,0,5,2.4,79000.0,4,2,1,1,0,1,8
8695,941,0,40,39,1985,9,0,5,1.5,438886.75,4,1,2,1,0,11,0
8696,15200,586,58,1146,2012,3,0,2,1.8,360755.0,4,0,1,1,0,13,12
8697,14740,0,28,461,2011,9,0,5,1.6,68500.0,4,2,1,1,0,7,0
8698,11604,639,23,1298,2014,9,1,4,2.0,336971.0,4,0,1,1,0,12,4
8699,23834,0,8,523,2017,9,0,5,1.4,37474.0,4,1,1,1,0,12,8
8701,9095,645,41,1435,2011,3,0,5,1.8,181002.0,4,0,1,1,0,7,10
8702,12388,781,58,423,2012,9,0,2,2.5,149000.0,4,0,1,1,0,12,8
8704,10349,631,56,1524,2002,4,1,0,2.7,438886.75,6,0,0,1,0,1,6
8706,86243,1292,36,754,2016,4,1,5,3.0,94400.0,6,3,0,1,0,14,12
8707,37633,779,58,1179,2013,4,0,5,2.5,68000.0,6,2,0,1,0,7,12
8708,14740,0,58,1124,2010,9,0,2,1.8,0.0,6,3,1,1,0,11,6
8709,16308,0,58,423,2007,9,0,2,2.4,165000.0,4,3,1,1,0,2,8
8710,15367,631,27,937,2008,4,0,4,3.7,438886.75,6,0,0,1,0,1,6
8711,10349,0,39,1077,1992,4,0,1,2.5,280000.0,6,0,0,1,1,1,2
8712,15994,761,58,1124,2010,9,0,2,1.8,85000.0,4,3,1,1,0,12,10
8713,5802,0,21,669,2003,9,0,5,1.3,0.0,4,3,1,1,1,1,6
8714,18503,0,36,305,2015,9,0,5,1.8,72000.0,4,2,1,1,0,11,9
8715,4861,631,58,825,2010,4,1,2,3.3,438886.75,6,0,0,1,0,1,12
8716,314,1079,58,112,2018,9,1,5,2.0,33122.0,4,0,1,1,0,2,12
8718,21639,0,55,1064,2010,4,1,5,2.5,160000.0,4,2,0,1,0,7,12
8719,12074,761,58,1124,2010,9,0,2,1.8,304000.0,4,0,1,1,0,11,6
8720,15053,0,23,1425,2013,3,1,5,1.6,105600.0,4,2,1,0,0,14,12
8721,3000,0,3,210,2000,9,1,5,1.8,0.0,4,1,0,1,0,1,4
8725,13485,631,58,492,2007,9,0,5,1.6,438886.75,4,2,1,1,0,1,10
8726,13485,0,36,290,2007,9,1,5,1.7,109600.0,6,2,1,1,0,12,5
8727,40976,631,23,1270,2014,4,1,1,2.0,438886.75,4,0,1,1,0,1,4
8728,6272,1018,5,1491,2011,4,1,5,3.0,170043.0,6,0,0,1,0,7,12
8729,8154,1111,21,669,2012,3,0,2,1.3,67000.0,4,0,1,1,1,14,2
8731,30420,0,5,1500,2008,4,1,5,3.7,133000.0,8,2,0,1,0,2,12
8732,6743,1438,42,479,2003,2,0,1,1.7,17000.0,4,1,1,0,0,14,4
8734,25089,456,32,1029,2015,4,1,2,2.5,108344.0,4,0,0,1,0,12,12
8735,1568,631,58,825,2011,4,1,2,3.5,438886.75,6,0,0,1,0,1,12
8736,549,1080,13,1213,2014,9,1,5,3.6,272280.0,6,0,2,1,0,12,12
8737,15681,862,55,927,2011,9,1,5,2.5,179000.0,6,2,0,1,0,12,8
8738,2700,0,21,469,1995,3,0,5,1.3,2000.0,4,1,1,0,0,12,2
8739,150,631,21,401,2003,4,0,5,1.5,438886.75,4,1,2,1,0,1,11
8740,86142,866,16,1024,2015,0,1,5,2.3,70313.0,4,0,1,1,0,1,4
8741,8154,585,36,326,2013,9,1,5,1.8,110601.0,4,2,2,1,0,7,12
8742,549,761,58,1124,2010,3,1,2,1.8,228661.0,4,0,1,1,0,14,12
8743,11604,0,5,147,2005,9,1,5,3.0,0.0,6,2,2,1,0,1,6
8744,1500,0,60,34,2010,9,0,5,1.6,34678.0,4,1,2,1,0,14,12
8745,19757,0,28,1049,2012,9,1,2,2.4,126994.0,4,2,1,1,0,7,12
8746,10032,639,8,1060,2013,4,1,1,2.0,71340.0,4,0,1,1,0,1,4
8748,18240,707,54,1192,2011,4,1,1,2.0,247713.0,4,0,1,1,0,12,4
8749,39829,0,36,746,2009,4,1,1,3.2,152000.0,6,2,0,1,0,12,12
8750,470,1327,58,423,2018,9,1,5,2.5,80568.0,4,0,1,1,0,2,12
8751,2000,0,60,33,1984,9,0,5,1.5,90000.0,4,1,2,1,0,11,0
8752,15053,0,15,116,2014,3,1,5,1.4,71000.0,4,2,1,0,0,1,8
8753,55230,1079,23,1270,2018,4,1,1,2.0,49396.0,4,0,1,1,0,14,4
8754,1333,862,58,423,2011,9,1,5,2.5,153410.0,4,0,1,1,0,14,12
8755,69621,1356,36,753,2014,4,1,5,3.7,169600.0,8,2,0,1,0,12,10
8756,4077,382,8,1461,2017,3,1,2,1.5,123206.0,4,0,1,1,0,14,0
8757,10663,765,23,1298,2015,9,1,4,2.0,343047.0,4,0,1,1,0,12,4
8758,12544,749,23,1298,2014,9,1,5,2.4,76566.0,4,0,1,1,0,7,0
8759,10036,0,41,1477,2004,4,1,5,1.9,200000.0,2,0,1,1,1,12,2
8760,26657,0,32,841,2009,9,1,5,2.5,245000.0,6,2,2,1,0,7,10
8763,14426,631,8,523,2014,9,1,1,2.0,438886.75,4,0,1,1,0,1,4
8764,21326,911,36,313,2010,9,0,1,2.2,24500.0,6,1,2,1,0,12,12
8765,18503,631,16,350,2012,3,1,2,2.0,438886.75,4,0,1,1,0,1,12
8766,188,1018,5,1491,2011,4,1,5,3.0,196330.0,6,0,0,1,0,14,0
8767,11604,944,42,270,2008,10,0,1,1.7,160000.0,4,1,1,1,0,12,8
8768,19130,781,58,423,2012,9,0,2,2.5,138000.0,4,0,1,1,0,5,12
8769,43880,1017,23,1401,2017,4,1,1,2.0,98847.0,4,0,1,1,0,14,4
8770,10349,1266,58,251,2014,3,0,5,1.5,114000.0,4,0,1,1,1,1,12
8771,14113,631,28,1052,2012,9,0,2,2.0,438886.75,4,0,1,1,0,1,8
8772,17876,394,58,280,2014,9,1,2,2.5,379218.0,4,0,1,1,0,1,12
8773,3763,0,60,33,1996,9,0,5,1.6,0.0,4,1,2,1,0,0,0
8776,62722,631,36,313,2015,9,0,1,2.2,438886.75,4,2,2,1,0,1,12
8777,862,1399,36,586,2010,9,1,1,3.5,239224.0,6,0,0,1,0,1,12
8779,10000,1268,21,715,2012,7,0,5,1.5,90000.0,4,0,1,1,1,12,4
8780,21326,975,62,1518,2012,4,1,5,3.2,105500.0,6,2,0,1,0,14,10
8782,3293,1079,26,664,2018,4,1,5,2.0,26701.0,4,0,0,1,0,7,12
8783,19080,0,5,1491,2005,4,1,5,3.7,195000.0,8,2,0,1,0,1,0
8784,48610,0,36,1238,2010,9,1,5,3.5,98000.0,6,2,2,1,0,1,16
8785,15677,631,61,878,2013,9,1,1,2.0,438886.75,4,2,1,1,0,1,8
8786,3763,0,39,1077,2002,4,0,1,3.2,0.0,4,2,0,0,0,12,4
8787,10506,1268,58,251,2012,9,0,2,1.5,78000.0,4,0,1,1,1,12,2
8788,24148,0,41,889,2015,4,1,5,1.6,49000.0,4,0,1,1,0,14,10
8789,47038,0,32,1208,2010,4,1,2,3.5,166000.0,6,3,0,1,0,12,0
8791,130,0,23,1270,2012,4,0,5,2.4,100000.0,6,2,0,2,0,3,5
8792,18817,1195,36,1445,2008,7,0,1,2.2,289216.0,6,1,2,0,0,14,4
8793,1568,0,42,1416,1994,3,1,0,1.6,100000.0,4,1,1,1,0,4,2
8794,19601,784,8,980,2017,9,0,5,1.5,26095.0,4,0,1,1,0,2,8
8795,37633,0,5,95,2013,9,1,5,3.0,117000.0,6,0,2,1,0,1,12
8797,16935,1869,13,1213,2019,9,1,5,3.6,22293.0,6,0,2,1,0,7,12
8799,10663,0,21,669,2008,3,1,5,1.3,155000.0,4,3,1,1,1,1,4
8800,16621,753,28,1049,2012,9,1,5,2.4,111000.0,4,2,1,1,0,12,12
8802,10663,0,39,240,2003,4,0,5,2.0,84455.0,4,2,0,1,1,11,2
8803,11290,645,36,322,2011,9,1,5,1.8,152000.0,4,2,2,1,0,1,12
8804,23521,640,61,1090,2013,9,1,1,2.0,125210.0,4,2,1,1,0,12,12
8805,47408,919,27,804,2012,4,1,1,3.0,134702.0,4,0,1,1,0,7,4
8806,17249,0,58,1124,2011,3,0,2,1.8,175000.0,4,3,1,1,0,11,8
8807,8467,0,58,1457,2003,3,0,5,1.3,125000.0,4,1,1,1,1,5,2
8808,15994,0,58,1124,2010,9,0,2,1.8,191000.0,6,0,1,1,0,1,10
8809,7840,0,16,1381,1997,6,0,1,2.5,400000.0,4,1,2,1,0,14,2
8810,37633,0,5,1511,2009,4,1,5,3.7,154774.0,6,2,0,1,0,1,12
8812,24327,707,23,1270,2011,4,1,1,2.0,177194.0,4,0,1,1,0,14,4
8814,941,586,23,618,2012,9,1,5,1.8,192357.0,4,0,1,1,0,1,12
8815,35000,631,36,586,2006,9,1,5,3.5,438886.75,6,2,2,1,0,1,2
8816,23521,0,58,1124,2014,9,1,5,1.8,150000.0,4,0,1,1,0,14,8
8817,45436,639,23,1270,2014,4,1,1,2.0,122904.0,4,0,1,1,0,2,4
8818,6272,0,36,384,1998,1,1,5,3.2,180264.0,6,0,2,0,0,11,2
8819,5802,0,55,1061,2002,3,0,5,2.5,150000.0,4,0,0,1,0,6,2
8820,20266,531,23,618,2012,9,1,5,1.6,107523.0,4,0,1,1,0,14,4
8821,48697,631,23,1270,2015,4,1,1,2.0,438886.75,4,0,1,1,0,1,4
8822,15681,891,23,1298,2016,9,1,4,2.0,295509.0,4,0,1,1,0,12,4
8823,18817,0,58,1124,2010,9,0,5,1.8,190000.0,4,0,1,1,0,7,12
8824,5018,0,39,475,2002,9,0,5,1.5,438886.75,4,2,1,1,1,1,5
8825,51965,891,23,1270,2016,4,1,1,2.0,59515.0,4,0,1,1,0,2,4
8826,12074,333,55,1525,2014,4,1,2,2.0,131872.0,4,0,0,1,0,14,12
8827,941,753,23,1298,2012,9,1,5,2.4,238139.0,4,0,1,1,0,12,12
8829,46518,831,54,237,2017,4,1,5,1.6,42763.0,4,0,1,1,0,2,4
8831,20385,640,55,1525,2013,4,0,2,2.0,140968.0,4,2,0,1,0,6,12
8832,40142,0,58,1179,2016,4,0,5,2.5,27000.0,4,0,1,1,0,7,12
8833,4234,585,23,618,2013,9,1,5,1.8,142786.0,4,0,1,1,0,14,12
8834,14113,900,27,483,2015,4,1,5,2.4,72000.0,4,0,0,1,0,14,6
8835,43868,730,54,237,2016,4,1,1,1.6,54496.0,4,0,1,1,0,2,4
8836,13799,1024,55,706,2010,4,0,5,2.5,140000.0,4,2,0,1,0,7,6
8839,12858,631,41,1435,2012,3,0,5,1.8,438886.75,4,0,1,1,0,1,2
8840,20071,0,16,345,2013,3,1,2,2.0,63000.0,4,0,1,1,0,3,10
8842,62722,0,36,763,2015,4,1,5,3.5,0.0,8,2,0,1,1,1,0
8843,73131,631,21,469,2018,9,1,5,1.5,438886.75,4,0,1,1,0,1,4
8844,15900,836,23,1270,2010,4,1,1,2.0,230314.0,4,0,1,1,0,7,4
8847,44846,1110,23,1270,2017,4,1,1,2.2,21037.0,4,0,1,1,0,2,4
8848,19130,0,58,1124,2015,3,0,2,1.8,22720.0,4,0,1,1,0,1,0
8850,16308,891,23,1298,2016,9,1,4,2.0,268872.0,4,0,1,1,0,14,4
8851,15000,0,16,722,2010,9,1,5,2.5,22560.0,8,3,1,1,0,14,8
8853,26971,1823,58,825,2018,4,1,5,3.5,47002.0,6,0,0,1,0,14,12
8854,17249,0,58,1124,2011,9,0,2,1.8,130000.0,4,3,1,1,1,14,4
8855,25,0,21,669,2002,3,0,5,1.5,157000.0,4,0,1,1,1,12,5
8856,17249,0,36,582,2002,9,1,5,3.2,230000.0,6,2,2,1,0,1,10
8857,10976,1132,58,1124,2006,3,0,2,1.5,135000.0,4,3,1,1,0,12,8
8858,5500,0,16,1381,1991,6,0,1,2.5,438886.75,4,1,2,0,0,14,0
8859,2587,650,8,523,2016,9,1,5,1.4,87973.0,4,0,1,1,0,1,12
8860,25274,631,58,251,2012,3,1,2,1.5,438886.75,4,0,1,1,0,1,4
8861,5331,0,42,262,1998,9,0,5,1.6,30000.0,4,1,1,1,0,4,5
8862,45633,831,54,237,2017,4,1,1,1.6,33575.0,4,0,1,1,0,14,4
8863,8781,631,42,1291,1999,7,0,0,3.0,438886.75,6,0,1,1,0,1,6
8864,29793,917,5,185,2013,9,1,5,3.0,136000.0,6,2,2,1,0,14,12
8865,33575,891,23,1401,2016,4,1,1,2.0,117470.0,4,0,1,1,0,12,4
8867,14426,584,61,1090,2014,9,1,5,1.8,67000.0,4,2,1,1,0,1,10
8868,6899,0,21,669,2004,9,0,5,1.3,160000.0,4,0,1,1,1,12,2
8869,10976,843,58,1124,2008,9,0,2,1.5,184000.0,4,3,1,1,0,14,8
8870,49723,891,23,1270,2016,4,1,1,2.0,142037.0,4,0,1,1,0,1,4
8871,47076,765,54,1192,2015,4,1,1,2.0,118366.0,4,0,1,1,0,14,4
8872,9722,1273,58,423,2015,9,1,5,3.5,117451.0,6,0,1,1,0,1,12
8873,19444,1024,16,646,2010,4,1,2,2.5,85000.0,4,0,0,1,0,1,6
8874,15000,0,36,1326,2005,2,0,1,2.2,0.0,4,1,2,1,0,14,1
8876,10976,0,35,1232,2003,1,1,5,1.3,438886.75,2,1,2,1,0,1,6
8877,25716,1018,5,155,2011,9,1,5,3.0,90567.0,6,2,2,1,0,7,12
8878,12100,631,58,423,2012,9,0,2,2.5,438886.75,4,2,1,1,0,1,6
8879,4077,697,23,618,2015,9,1,5,1.8,115507.0,4,0,1,1,0,1,12
8880,65858,0,45,453,2013,4,1,5,3.6,80000.0,6,2,0,1,0,1,8
8881,549,1202,23,1298,2017,9,1,5,2.4,54990.0,4,0,1,1,0,1,12
8882,3763,919,5,1511,2012,4,1,5,3.0,161421.0,6,0,0,1,0,1,12
8883,12544,777,58,423,2014,9,1,5,2.5,107000.0,4,2,1,1,0,7,12
8884,35438,0,5,169,2011,9,1,5,3.7,132000.0,8,2,2,1,0,7,12
8885,7056,707,23,1298,2011,9,1,4,2.0,82328.0,4,0,1,1,0,12,4
8887,10000,4283,21,637,2007,7,0,5,2.4,141000.0,4,0,1,1,1,14,2
8889,3600,0,16,895,1996,1,0,5,1.3,276000.0,4,1,1,0,0,6,0
8890,13877,473,8,523,2014,9,1,5,1.4,149875.0,4,0,1,1,0,14,4
8891,58018,0,58,1182,2016,4,1,2,2.5,53000.0,4,2,0,1,0,2,12
8892,21326,631,58,1124,2013,9,0,2,1.8,438886.75,4,0,1,1,0,1,0
8897,9500,0,23,812,2005,7,0,5,2.4,240000.0,4,1,2,1,0,14,0
8898,8500,631,42,262,1998,3,0,5,1.6,438886.75,4,1,1,1,0,1,4
8899,7279,279,21,669,2015,10,1,2,1.3,138520.0,4,0,1,1,0,12,4
8901,11290,0,58,1124,2007,9,0,2,1.5,120000.0,4,0,1,1,0,7,6
8902,29122,924,54,1192,2011,4,1,1,2.7,129793.0,4,0,1,1,0,1,4
8905,2352,629,28,1194,2015,9,1,5,1.6,133704.0,4,0,1,1,0,14,12
8906,27654,528,23,618,2014,9,1,5,1.6,85746.0,4,0,1,1,0,1,4
8908,26657,394,58,423,2014,9,1,2,2.5,26900.0,4,0,1,1,0,2,12
8910,103491,1104,5,176,2015,9,1,5,3.0,45916.0,6,2,0,1,0,14,12
8911,40387,694,23,1270,2014,4,1,1,2.2,56809.0,4,0,1,1,0,14,4
8912,1019,765,36,759,2015,4,1,5,2.0,37786.0,4,0,0,1,0,14,0
8913,20385,0,58,1124,2015,3,0,2,1.8,186000.0,6,2,1,1,0,14,8
8916,14113,0,25,1424,1997,4,1,5,3.2,240000.0,6,0,0,0,0,7,6
8918,30734,0,36,1326,2003,6,0,1,2.7,116000.0,5,2,2,0,0,14,4
8919,22894,666,36,570,2014,9,1,1,2.1,58864.0,4,0,2,1,0,12,12
8921,6900,0,21,1042,2002,7,0,5,2.3,0.0,4,0,1,1,1,1,4
8922,15210,463,58,1124,2018,9,1,2,1.8,12416.0,4,0,1,1,0,14,12
8924,43655,1091,23,812,2016,10,1,1,2.5,145631.0,4,0,1,1,0,1,4
8927,56450,0,36,560,2016,9,1,1,2.2,133000.0,4,0,2,1,0,1,0
8928,17245,503,58,1132,2012,3,1,2,1.5,75000.0,4,0,1,1,0,11,12
8930,58018,631,36,961,2013,4,1,1,3.0,438886.75,6,2,0,1,0,1,12
8931,14113,502,58,1132,2013,3,0,2,1.5,135000.0,4,0,1,1,0,14,8
8932,17562,1077,61,870,2019,9,1,5,2.0,6565.0,4,0,1,1,0,12,12
8933,10663,0,58,251,2012,3,0,2,1.5,1000.0,4,0,1,1,1,14,2
8934,1646,640,16,722,2013,9,1,2,2.0,174619.0,4,0,1,1,0,7,0
8935,12074,631,58,825,2009,4,1,2,3.3,438886.75,6,0,0,1,0,1,12
8936,7683,631,41,1037,2013,3,0,5,1.2,438886.75,3,0,1,1,1,1,4
8937,13626,836,23,1298,2010,9,1,5,2.0,193486.0,4,0,1,1,0,12,4
8938,15681,0,16,1382,1998,6,0,1,2.5,250000.0,4,1,2,1,0,14,0
8939,32929,0,36,958,2009,4,1,1,3.0,172483.0,8,0,0,1,0,1,0
8940,44213,770,23,1401,2016,4,1,1,1.7,90924.0,4,0,1,1,0,14,4
8941,7527,530,41,889,2013,4,1,5,1.6,108222.0,4,0,0,1,0,1,0
8942,400,0,42,519,1976,4,0,0,2.4,255888.0,8,1,1,1,0,11,10
8943,15367,584,23,618,2014,9,0,5,1.8,78222.0,4,2,1,1,0,0,10
8944,22580,1091,55,706,2016,4,1,5,2.5,53000.0,4,2,0,1,0,1,10
8945,23521,781,8,523,2018,9,0,5,1.4,6000.0,4,2,1,1,0,14,0
8946,50178,0,58,832,2012,8,0,1,3.0,104000.0,6,1,0,1,0,14,6
8947,23521,333,16,722,2014,9,1,2,2.0,122000.0,4,3,1,1,0,2,8
8949,24302,642,8,978,2012,9,1,5,2.0,91654.0,4,0,1,1,0,11,4
8951,9408,0,5,71,2000,1,0,1,1.9,197000.0,4,1,1,0,0,6,4
8953,12858,0,42,1536,2005,7,0,1,1.9,204000.0,4,1,1,1,0,7,8
8954,15681,891,23,1298,2016,9,1,4,2.0,201876.0,4,0,1,1,0,12,4
8955,15053,890,28,1049,2016,9,1,5,2.0,65089.0,4,0,1,1,0,12,4
8956,17876,1296,58,423,2008,9,0,5,2.4,141877.0,4,0,1,1,0,5,12
8957,56136,631,36,580,2017,9,1,5,2.0,438886.75,4,0,2,1,0,1,12
8958,47531,1017,21,469,2017,9,1,5,2.0,48291.0,4,0,1,1,0,7,4
8959,43548,891,23,1270,2016,4,1,1,2.0,135264.0,4,0,1,1,0,1,4
8960,15681,891,23,1298,2016,9,1,4,2.0,261167.0,4,0,1,1,0,12,4
8961,16621,271,58,1132,2014,3,0,2,1.5,96000.0,4,0,1,2,0,12,10
8962,18726,631,58,251,2012,3,1,5,1.5,438886.75,4,0,1,1,0,1,4
8963,10976,0,5,66,2005,1,1,5,1.8,55000.0,4,1,2,1,0,11,4
8966,3136,441,23,1298,2015,9,1,2,2.4,187909.0,4,0,1,1,0,12,0
8967,11604,0,55,712,2004,9,0,5,2.0,138000.0,4,0,0,1,1,12,2
8968,7995,0,41,1370,2004,3,1,5,1.5,171000.0,4,0,1,1,1,13,4
8969,8467,631,41,1370,2004,3,1,5,1.5,438886.75,4,3,1,1,1,1,4
8970,24029,707,54,1192,2011,4,1,1,2.0,119000.0,4,0,1,1,0,12,4
8971,65858,517,32,1208,2014,4,1,2,3.5,68800.0,6,2,2,1,0,14,10
8972,32945,447,21,669,2013,3,1,5,1.3,17150.0,4,0,1,1,0,14,4
8973,15035,631,23,1298,2011,9,1,5,2.0,438886.75,4,0,1,1,0,1,4
8974,9000,687,11,909,2010,9,1,5,1.6,75000.0,4,0,1,1,0,2,4
8975,17249,640,55,1525,2013,4,0,5,2.0,112000.0,4,0,0,1,0,12,0
8976,45138,891,23,1270,2016,4,1,1,2.0,140633.0,4,0,1,1,0,2,4
8977,27479,1203,27,804,2011,4,1,5,3.6,234000.0,4,0,1,1,0,7,4
8978,24775,0,51,1545,2014,1,0,5,2.5,68000.0,4,2,1,0,1,7,12
8979,188,333,55,1525,2014,4,1,2,2.0,0.0,4,0,0,1,0,12,0
8980,17876,1292,31,1214,2016,4,1,1,3.0,84110.0,6,0,0,1,0,1,12
8981,43545,891,23,1298,2016,9,1,5,2.0,78196.0,4,0,1,1,0,1,4
8983,17249,0,21,669,2012,3,1,2,1.5,160000.0,4,3,1,1,1,14,0
8984,12231,0,16,693,2011,3,0,5,1.6,154274.0,4,0,1,1,0,12,8
8985,16621,631,58,1124,2011,3,0,2,1.8,438886.75,4,0,1,1,0,1,10
8986,120,1055,41,1171,2013,7,1,5,3.5,74000.0,6,0,1,1,0,7,8
8987,27174,730,8,287,2016,9,1,5,1.6,9607.0,4,0,1,1,0,14,4
8988,7840,0,41,992,2003,9,1,0,2.3,120000.0,6,2,1,1,0,14,8
8989,18189,0,58,423,2006,9,1,2,2.4,18600.0,4,0,1,1,0,7,8
8990,23521,779,58,423,2013,9,1,2,2.5,16960.0,4,0,1,1,0,5,10
8991,3607,631,41,1278,2017,9,1,5,1.6,438886.75,4,0,1,1,0,1,12
8992,1568,1018,5,1491,2011,4,1,1,3.0,270326.0,6,0,0,1,0,14,12
8993,3,595,58,1132,2015,3,1,5,1.5,75200.0,4,0,1,1,0,11,12
8994,17562,631,58,1124,2015,9,1,5,1.8,438886.75,4,2,1,1,0,1,6
8995,60,0,56,809,2007,4,0,5,2.7,83000.0,6,0,2,1,0,12,12
8996,17876,0,58,423,2007,9,0,4,2.4,167435.0,4,2,1,1,0,12,6
8998,29163,781,23,812,2012,7,1,1,2.5,63308.0,4,0,1,1,0,12,4
8999,15577,639,8,523,2014,9,1,1,2.0,77192.0,4,0,1,1,0,12,4
9000,8515,1047,23,618,2007,9,1,5,1.6,140900.0,4,0,1,1,0,12,4
9001,18189,0,16,646,2008,4,1,2,2.5,175000.0,4,0,0,1,0,6,0
9002,6272,631,39,465,1999,7,0,5,2.4,438886.75,4,2,1,1,1,1,4
9004,4547,271,58,1132,2014,3,0,2,1.5,196800.0,4,0,1,1,0,12,12
9005,25716,0,5,1491,2008,4,1,5,3.0,125000.0,6,2,0,1,0,1,12
9006,16621,638,28,1049,2014,9,1,5,2.0,38305.0,4,0,1,1,0,14,4
9007,23207,0,58,1124,2013,9,0,2,1.8,70042.0,4,3,1,1,0,7,12
9008,11604,1017,23,1298,2017,9,1,4,2.0,269689.0,4,0,1,1,0,8,4
9009,7840,0,36,374,2000,1,0,5,2.0,210508.0,4,1,2,0,0,12,4
9010,4547,919,36,748,2012,4,1,1,3.0,149171.0,6,0,0,1,0,1,12
9011,28830,528,23,618,2014,9,1,5,1.6,90823.0,4,0,1,1,0,14,4
9012,25089,781,58,423,2012,9,0,2,2.5,125678.0,4,2,1,1,0,14,12
9013,111332,0,3,228,2016,9,1,5,3.0,33000.0,6,2,0,1,0,1,12
9014,12281,687,8,909,2010,9,1,5,1.6,111897.0,4,0,1,1,0,11,4
9016,8781,761,58,1124,2010,3,0,2,1.8,315000.0,4,0,1,1,0,1,12
9017,6899,1236,39,475,2011,3,0,5,1.3,74000.0,4,0,1,1,1,14,2
9018,3500,0,42,1416,1998,9,0,0,2.0,0.0,4,1,1,1,0,6,2
9019,4077,0,61,1099,1999,9,1,5,2.3,4444.0,5,1,1,1,0,13,4
9020,18503,503,58,1132,2012,3,0,2,1.5,91753.0,4,0,1,1,0,14,8
9022,47810,891,23,1401,2016,4,1,1,2.0,57000.0,4,0,1,1,0,14,4
9023,12544,642,16,697,2012,9,0,5,2.0,138664.0,4,0,1,1,0,2,0
9024,16621,271,58,1132,2014,3,0,2,1.5,113000.0,4,3,1,1,0,14,9
9025,16481,645,58,1124,2011,3,1,2,1.8,121000.0,4,0,1,1,0,12,7
9026,314,0,40,104,1953,3,0,5,0.6,150000.0,4,1,2,1,0,13,1
9027,3500,631,36,43,1992,9,0,0,2.3,438886.75,4,1,2,1,1,1,2
9028,18817,0,36,1445,2006,6,0,1,2.2,200000.0,6,1,2,0,0,7,3
9029,18422,642,58,251,2012,9,1,5,2.0,78200.0,4,0,1,1,0,2,4
9031,26030,0,36,958,2009,4,1,1,3.2,304000.0,8,2,0,1,0,14,12
9032,18800,530,23,1425,2013,3,1,5,1.6,53000.0,4,2,1,1,0,2,10
9034,23521,308,58,1124,2014,3,0,2,1.8,152000.0,4,3,1,1,0,12,0
9035,21953,0,16,345,2013,3,1,6,2.0,133000.0,4,0,1,1,0,12,10
9036,11604,489,8,1322,2016,9,1,5,1.0,31455.0,4,0,1,1,0,14,4
9037,18817,753,58,423,2012,9,0,5,2.4,72000.0,4,2,1,1,0,5,12
9038,13658,687,23,618,2010,9,1,5,1.6,115783.0,4,0,1,1,0,12,4
9039,24239,502,58,251,2013,3,1,5,1.5,69000.0,4,0,1,1,0,14,4
9040,10349,1888,5,147,2007,9,1,5,3.0,15000.0,6,2,2,2,0,2,10
9041,10976,0,58,1124,2007,3,0,2,1.5,285000.0,4,3,1,1,0,14,4
9042,10976,0,16,1381,1999,2,0,1,2.5,137000.0,4,1,2,1,0,2,2
9043,19296,862,23,812,2011,8,1,1,2.5,61805.0,4,0,1,1,0,14,4
9044,17876,645,36,327,2011,1,1,5,1.8,230210.0,4,2,2,0,0,1,0
9045,14113,1017,23,1298,2017,9,1,4,2.0,31143.0,4,0,1,1,0,14,4
9046,157,640,16,722,2013,9,1,2,2.0,215965.0,4,0,1,1,0,1,0
9047,16621,631,61,1090,2013,9,0,5,2.5,438886.75,5,2,1,1,0,1,6
9048,16107,446,21,669,2014,3,1,5,1.3,35479.0,4,0,1,1,0,2,4
9049,5645,1288,8,444,2007,4,1,1,2.0,48563.0,4,0,1,1,0,14,4
9050,46251,631,23,812,2017,10,1,1,2.5,438886.75,4,0,1,1,0,1,4
9051,941,167,61,1275,2016,9,1,5,0.4999999999999998,73722.0,4,0,1,1,0,1,12
9052,13485,631,39,1065,2006,4,1,5,2.4,438886.75,4,2,0,1,0,1,8
9053,18503,777,55,706,2014,4,0,5,2.5,140000.0,4,0,0,1,0,1,12
9054,20005,583,23,618,2011,9,1,5,1.6,157421.0,4,0,1,1,0,7,4
9055,31317,777,23,812,2014,7,1,1,2.5,139328.0,4,0,1,1,0,12,4
9056,26180,631,23,618,2015,9,1,5,1.6,438886.75,4,0,1,1,0,1,4
9057,6743,1273,58,280,2015,9,1,5,3.5,122418.0,6,0,1,1,0,2,12
9058,7200,631,41,793,2001,9,0,5,2.5,438886.75,6,0,2,1,1,1,2
9060,10515,363,8,1322,2014,3,1,5,1.0,57498.0,4,0,1,1,0,14,4
9061,17000,749,28,1049,2014,9,0,5,2.4,99000.0,4,2,1,1,0,12,10
9062,15367,1024,23,812,2010,7,1,1,2.5,49140.0,4,0,1,1,0,1,4
9063,14113,0,5,1487,2004,4,1,0,2.5,380000.0,6,2,0,1,0,12,12
9064,14113,0,3,219,2006,9,1,5,3.2,260000.0,12,2,1,1,0,12,12
9065,7527,0,21,669,2004,3,1,5,1.3,150000.0,4,0,1,1,1,12,4
9066,14166,631,23,1298,2013,9,1,5,2.0,438886.75,4,0,1,1,0,1,4
9067,5500,0,58,286,2003,9,0,5,2.0,109000.0,4,2,1,1,0,3,4
9069,38894,640,23,1270,2013,4,1,1,2.0,166476.0,4,0,1,1,0,7,4
9070,7840,836,23,1298,2010,9,1,4,2.0,350070.0,4,0,1,1,0,7,4
9071,1098,761,58,492,2010,9,1,5,1.8,346078.0,4,0,1,1,0,2,12
9072,10976,631,58,1124,2008,3,0,2,1.5,438886.75,4,0,1,1,0,1,12
9073,21953,781,58,423,2012,9,1,5,2.5,12300.0,4,2,1,1,0,1,12
9074,22266,777,58,423,2014,9,1,5,2.5,105600.0,4,2,1,1,0,7,12
9075,4234,1307,8,854,2015,9,1,5,3.6,159094.0,6,0,1,1,0,1,12
9076,627,2658,13,463,2016,1,1,5,3.7,33238.0,8,0,2,0,0,14,12
9077,9095,0,58,1469,2005,7,1,0,1.8,27000.0,4,0,0,1,1,2,10
9078,18189,0,31,923,2007,4,1,5,3.7,256000.0,8,2,0,1,0,14,6
9079,19757,1820,21,1042,2019,9,1,5,3.5,13994.0,6,0,1,1,0,1,12
9080,13000,642,16,345,2012,3,0,2,2.0,208000.0,4,3,1,1,0,7,8
9083,14113,447,21,858,2013,9,1,2,1.3,44000.0,4,2,1,1,0,6,8
9084,20385,0,58,423,2012,9,0,2,2.5,320000.0,4,3,1,1,0,14,6
9087,9938,639,23,1298,2014,9,1,4,2.0,438886.75,4,0,1,1,0,12,4
9090,23521,765,55,522,2015,4,0,5,2.0,115000.0,6,2,1,1,0,6,12
9091,13172,631,23,1298,2016,9,1,4,2.0,438886.75,4,0,1,1,0,1,4
9092,12544,631,36,961,2007,4,1,5,3.5,438886.75,6,2,0,1,0,1,8
9094,11290,642,61,1090,2012,9,1,1,2.0,97070.0,4,2,1,1,0,7,12
9095,29793,1077,58,364,2019,4,1,5,2.0,4330.0,4,0,1,1,0,14,12
9097,9408,0,55,933,2003,9,0,5,2.0,182000.0,4,2,0,1,1,12,2
9098,13015,631,36,315,2005,9,1,4,2.5,438886.75,6,2,2,1,0,1,0
9099,36065,1055,32,1208,2013,4,0,2,3.5,0.0,6,0,0,1,0,1,0
9100,14113,0,36,307,2006,9,1,5,1.8,140000.0,4,2,2,1,0,0,0
9101,47982,1356,36,756,2014,4,1,5,3.7,121382.0,8,0,0,1,0,1,12
9102,26030,0,58,1530,2016,3,1,5,1.5,55000.0,4,2,1,1,0,2,12
9103,10032,0,36,1445,2001,2,0,1,2.2,380000.0,4,1,2,1,0,11,2
9104,21012,0,58,423,2009,9,0,2,2.4,251200.0,4,0,1,1,0,12,8
9105,23138,836,23,1401,2010,4,1,1,2.0,221000.0,4,0,1,1,0,14,4
9106,4265,419,41,982,2013,3,1,5,1.2,187175.0,4,0,1,1,0,1,4
9107,27504,730,23,618,2016,9,1,4,1.6,74909.0,4,0,1,1,0,12,4
9109,7213,0,61,798,2002,3,0,5,2.0,190000.0,4,1,1,1,0,12,6
9110,6429,779,58,423,2013,9,1,2,2.5,234218.0,4,0,1,1,0,14,12
9111,12544,1750,58,825,2008,9,1,2,3.3,334414.0,6,0,0,1,0,14,12
9113,26999,707,23,1270,2011,4,1,1,2.0,164651.0,4,0,1,1,0,14,4
9114,31988,3015,14,668,2017,1,1,5,3.7,419200.0,12,0,2,0,0,12,12
9116,14113,0,36,366,2000,1,1,0,3.7,245000.0,8,2,2,0,0,12,10
9118,2901,586,8,523,2012,9,1,5,1.8,181550.0,4,0,1,1,0,2,12
9119,5645,781,58,423,2012,9,1,5,2.5,230336.0,4,0,1,1,0,1,12
9122,12231,503,58,1528,2012,3,0,5,1.5,136640.0,4,0,1,0,0,14,8
9123,12858,528,16,693,2014,3,0,5,1.6,56000.0,4,0,1,1,0,0,10
9126,18422,503,58,251,2012,3,1,5,1.5,103000.0,4,0,1,1,0,15,4
9127,706,1018,5,154,2011,9,1,5,3.0,163739.0,6,0,0,1,0,14,12
9129,220,631,21,858,2010,3,1,2,1.3,438886.75,4,0,1,1,0,1,0
9130,43868,730,54,237,2016,4,1,5,1.6,70940.0,4,0,1,1,0,1,4
9131,10976,1408,16,1381,2007,6,0,1,2.2,170000.0,4,1,1,1,0,1,2
9132,314,583,28,1194,2011,9,1,5,1.6,0.0,4,0,1,1,0,12,12
9133,22894,0,5,1491,2006,4,1,1,3.0,235000.0,6,2,0,1,0,1,8
9134,40769,631,58,423,2018,9,1,5,2.5,438886.75,4,2,1,1,0,1,12
9135,42764,696,23,1270,2013,4,1,1,2.2,164593.0,4,0,1,1,0,7,4
9136,79971,1714,36,763,2017,4,1,5,3.5,33000.0,6,2,0,1,0,14,12
9137,1700,0,42,262,1994,9,0,0,1.6,0.0,4,1,1,1,0,6,2
9138,101923,0,26,605,2020,4,0,5,2.0,0.0,4,2,0,1,0,1,12
9139,24462,1077,58,364,2019,4,1,5,2.0,10610.0,4,0,1,1,0,12,12
9140,4234,631,61,1090,2004,9,1,5,1.8,438886.75,4,1,1,1,0,1,8
9141,10976,1268,58,251,2012,3,0,2,1.5,67000.0,4,3,1,1,1,12,4
9143,22567,650,8,287,2016,3,1,5,1.4,94793.0,4,0,1,1,0,1,4
9144,1098,1793,36,1246,2011,9,1,5,3.7,274563.0,8,0,2,1,0,14,12
9145,5959,2004,36,47,1998,9,0,5,2.4,438886.75,6,0,2,1,0,12,6
9146,6909,876,8,523,2009,9,1,5,1.8,119484.0,4,0,1,1,0,1,4
9147,15530,502,58,251,2013,3,1,5,1.5,179000.0,4,0,1,1,0,14,4
9149,40556,1017,23,1401,2017,4,1,1,2.0,48089.0,4,0,1,1,0,14,4
9150,5331,0,36,305,1995,9,0,5,1.8,335000.0,4,1,2,1,0,12,2
9151,18817,836,5,7,2010,9,1,1,2.0,197000.0,4,1,1,1,0,1,0
9152,6586,0,21,512,1998,4,0,4,2.0,100000.0,4,0,0,1,1,12,12
9153,22894,891,28,1325,2016,4,1,5,2.0,55447.0,4,0,1,1,0,2,10
9155,16778,765,8,1060,2015,4,1,4,2.0,34328.0,4,0,1,1,0,7,4
9156,26657,631,35,409,2014,4,0,5,2.5,438886.75,4,0,1,1,0,1,10
9157,21953,1327,41,1476,2011,4,1,5,3.7,79633.0,6,0,0,1,0,12,6
9158,22357,640,8,1060,2013,4,1,1,2.0,121042.0,4,0,1,1,0,14,4
9160,1568,505,16,722,2018,9,1,2,2.0,93453.0,4,0,1,1,0,7,12
9161,19933,531,23,618,2012,9,1,5,1.6,134000.0,4,0,1,1,0,14,4
9163,17000,474,8,523,2013,9,1,5,1.4,115000.0,4,2,1,1,0,7,10
9164,20385,0,61,876,2014,9,1,5,1.8,70000.0,4,2,1,1,0,1,12
9165,392,394,58,423,2014,1,1,2,2.5,374808.0,4,0,1,1,0,14,12
9166,95739,1176,23,1270,2019,7,1,5,2.2,9087.0,4,0,1,1,0,2,4
9167,45872,1017,21,469,2017,1,1,5,2.0,57895.0,4,0,1,1,0,12,4
9168,941,862,61,870,2011,9,1,1,2.5,175389.0,5,0,1,1,0,7,12
9169,39201,779,55,855,2013,9,1,5,2.5,114350.0,4,0,0,1,0,1,0
9170,251,753,23,1298,2012,9,1,5,2.4,151782.0,4,0,1,1,0,2,12
9171,59586,1055,32,1201,2013,4,1,5,3.5,111460.0,6,2,0,1,0,12,12
9172,48610,1391,36,396,2012,9,1,5,3.7,43000.0,8,2,2,1,0,1,12
9173,47107,765,23,1298,2015,9,1,5,2.0,59000.0,4,0,1,1,0,14,4
9174,1333,900,39,1065,2015,4,1,5,2.4,51141.0,4,0,1,1,0,12,12
9175,7213,862,16,722,2011,9,0,2,2.5,224000.0,4,2,1,1,0,7,12
9178,14834,631,23,618,2012,9,1,5,1.6,438886.75,4,0,1,1,0,1,4
9179,14454,583,23,618,2011,9,1,5,1.6,128980.0,4,0,1,1,0,12,4
9180,706,631,58,1124,2010,3,1,2,1.8,438886.75,4,0,1,1,0,1,12
9181,11604,777,16,722,2014,9,1,5,2.5,176000.0,4,2,1,1,0,14,10
9183,34811,631,5,1491,2012,4,1,1,3.0,438886.75,6,0,0,1,0,1,0
9184,18817,0,21,469,2012,9,1,2,1.5,180000.0,4,3,1,1,0,13,8
9185,34497,697,36,1445,2012,7,1,1,2.2,196000.0,8,2,2,1,0,6,8
9186,9565,1079,61,1368,2018,9,1,5,2.0,70098.0,4,0,1,1,0,1,12
9187,706,639,55,1525,2014,4,1,5,2.0,64923.0,4,0,0,1,0,8,12
9188,19444,0,36,1445,2006,7,0,1,2.2,259000.0,6,2,2,1,0,4,4
9191,12858,1018,36,748,2011,4,1,1,3.0,137270.0,6,0,0,1,0,7,12
9193,28043,831,8,1060,2017,4,1,1,1.6,109953.0,4,0,1,1,0,1,4
9194,13328,631,8,523,2017,9,1,5,1.4,438886.75,4,0,1,1,0,1,12
9195,6899,0,35,545,2003,3,0,1,1.4,0.0,4,1,1,1,0,12,0
9197,56177,690,21,469,2016,1,1,5,1.5,50497.0,4,0,1,1,0,1,4
9198,45473,780,61,870,2019,9,1,5,1.4,35000.0,4,2,1,1,0,14,12
9199,12231,0,41,1479,2006,4,1,5,2.0,160000.0,4,0,0,1,0,1,6
9200,141124,1575,36,773,2018,4,1,5,3.0,40000.0,6,2,0,1,0,1,12
9202,17876,353,58,1124,2015,9,0,2,1.8,203101.0,4,0,1,1,0,14,12
9203,1568,642,3,206,2012,4,1,1,2.0,167398.0,4,0,1,1,0,14,12
9204,5959,934,16,722,2015,9,1,5,2.5,150091.0,4,0,1,1,0,12,12
9205,4200,0,36,21,1985,9,0,0,2.0,284000.0,4,1,2,1,0,11,0
9206,14834,583,23,618,2011,9,1,5,1.6,147700.0,4,0,1,1,0,1,4
9207,9408,0,27,937,2003,4,0,4,3.7,32000.0,6,0,0,1,0,2,2
9208,16151,891,23,1298,2016,9,1,4,2.0,286974.0,4,0,1,1,0,14,4
9209,23239,631,23,1401,2010,4,1,1,2.0,438886.75,4,0,1,1,0,1,4
9210,4861,0,39,240,2002,4,1,5,2.0,180000.0,4,2,0,1,0,12,4
9211,14113,986,27,1109,2010,4,0,5,2.4,240000.0,4,2,0,1,0,12,8
9212,68994,0,27,1472,2012,4,0,5,3.6,110000.0,8,1,0,0,0,14,2
9213,9565,631,32,402,2016,3,1,2,1.8,438886.75,4,0,1,1,0,1,0
9214,3450,753,8,643,2012,4,1,5,2.4,233733.0,4,0,1,1,0,1,12
9215,6269,1099,23,810,2010,9,1,5,2.7,93168.0,4,0,1,1,0,12,4
9216,24775,645,32,402,2011,3,1,2,1.8,80000.0,6,0,1,1,0,7,10
9217,784,917,5,1491,2013,9,1,1,3.0,0.0,6,0,0,1,0,1,0
9218,25591,530,23,618,2013,9,1,5,1.6,81351.0,4,0,1,1,0,14,4
9219,18817,0,23,1425,2013,3,0,5,1.6,80000.0,4,2,1,1,0,14,4
9221,627,1172,36,586,2011,9,1,1,3.5,134904.0,6,0,0,1,0,7,12
9222,627,4736,55,927,2004,9,1,5,2.0,256000.0,4,1,0,1,1,14,6
9223,6429,585,23,618,2013,9,1,5,1.8,141603.0,4,0,1,1,0,2,12
9224,4391,0,60,38,1999,9,1,5,1.7,1000.0,5,1,0,0,0,14,6
9226,23389,730,8,1060,2016,4,1,1,1.6,128495.0,4,0,1,1,0,14,4
9227,24462,0,58,1124,2013,10,0,2,1.8,126000.0,4,3,1,1,0,14,6
9228,5018,1091,7,230,2016,9,1,5,2.5,81461.0,4,0,2,1,0,2,12
9229,5018,0,42,502,1999,1,0,5,1.2,198000.0,4,1,1,0,0,12,4
9230,8154,0,41,1037,2012,3,0,5,1.2,120000.0,3,3,1,1,1,12,6
9231,6899,521,8,523,2011,9,1,5,1.4,131000.0,4,0,1,1,0,12,10
9232,470,751,28,1049,2013,9,1,5,2.4,230032.0,4,0,1,1,0,12,12
9234,7213,0,42,262,2000,3,0,5,1.6,223000.0,4,1,1,1,0,1,4
9236,17249,1141,32,820,2009,9,1,2,2.4,264000.0,4,2,1,1,0,2,10
9237,12544,0,39,1079,2003,4,0,5,2.0,180000.0,4,0,0,1,0,12,5
9238,28592,502,58,251,2013,3,1,5,1.5,37900.0,4,0,1,1,0,2,4
9239,36065,0,5,1491,2012,4,1,5,3.7,186000.0,8,2,0,1,0,1,10
9240,12544,748,8,17,2012,9,1,5,2.4,96973.0,4,0,1,1,0,1,4
9241,24920,707,23,1270,2011,4,1,1,2.0,117139.0,4,0,1,1,0,7,4
9242,5645,0,61,870,1997,9,0,5,2.0,0.0,2,1,1,1,0,1,2
9243,15681,631,8,523,2017,9,1,5,1.4,438886.75,4,0,1,1,0,1,0
9244,8154,0,41,1370,2004,3,0,5,1.5,111111.0,4,3,1,1,1,14,6
9246,1650,0,39,465,1998,2,0,5,2.4,1000.0,6,0,1,1,1,12,4
9247,106627,0,45,1086,2014,9,1,5,3.6,57000.0,6,2,0,1,0,7,12
9248,172486,0,45,1543,2019,4,1,5,2.0,7400.0,6,2,0,1,0,1,15
9251,5959,0,42,1416,1999,2,0,5,1.8,200000.0,4,1,1,1,0,12,4
9252,13642,0,58,251,2012,3,0,2,1.5,160000.0,4,3,1,1,1,11,4
9254,26030,631,16,722,2013,9,1,6,2.0,438886.75,4,3,1,1,0,1,12
9256,12858,0,58,1124,2007,3,0,2,1.5,123000.0,4,3,1,1,0,1,4
9257,12231,746,58,1125,2009,9,1,2,1.5,127300.0,4,0,1,1,0,12,12
9258,20385,382,16,722,2015,9,1,6,2.0,118000.0,4,2,1,1,0,7,10
9259,56450,0,36,396,2012,1,1,5,3.7,110000.0,8,0,0,1,0,1,12
9260,29762,585,21,469,2013,9,1,5,1.8,155465.0,4,0,1,1,0,7,4
9262,22580,779,58,423,2013,9,1,5,2.5,350400.0,4,2,1,1,0,14,8
9263,35610,631,54,237,2017,4,1,5,1.6,438886.75,4,0,1,1,0,1,4
9264,31988,779,58,423,2013,9,0,2,2.5,62915.0,4,0,1,1,0,14,12
9265,17023,501,21,669,2014,3,1,5,1.5,52350.0,4,0,1,1,0,12,4
9266,36231,642,23,1270,2012,4,1,1,2.0,68359.0,4,0,1,1,0,12,4
9267,1700,0,35,976,2004,7,0,5,2.3,272000.0,4,0,0,1,1,11,0
9268,470,777,16,722,2014,9,1,5,2.5,111304.0,4,0,1,1,0,14,12
9269,7840,0,42,1291,1997,7,0,4,2.2,300000.0,4,1,1,1,0,12,6
9270,36539,271,58,251,2014,3,1,2,1.5,8646.0,4,0,1,1,0,14,4
9271,30,0,58,1153,2008,9,0,5,1.8,220000.0,4,0,1,1,0,14,8
9275,15367,781,8,1398,2018,4,1,5,1.4,1405.0,4,0,0,1,0,1,8
9276,15681,891,23,1298,2016,9,1,4,2.0,322292.0,4,0,1,1,0,12,4
9277,12758,308,21,669,2015,3,1,2,1.5,161414.0,4,0,1,1,0,12,4
9278,25512,911,23,1270,2010,4,1,1,2.2,161642.0,4,0,1,1,0,12,4
9282,2500,0,41,1009,1992,1,0,5,1.0,262000.0,4,1,1,0,0,1,0
9284,15053,0,61,1090,2012,9,1,5,3.6,188408.0,6,2,1,1,0,7,10
9285,6743,707,23,1298,2011,9,1,4,2.0,438886.75,4,0,1,1,0,12,4
9286,2587,1053,41,1107,2014,4,1,5,3.5,178656.0,6,0,1,1,0,12,12
9287,20698,1058,32,1208,2012,4,1,2,3.5,236016.0,6,0,1,1,0,1,12
9288,9408,1268,58,251,2012,3,0,2,1.5,145000.0,4,0,1,1,1,7,2
9289,4704,0,42,275,2005,3,0,5,0.7,167000.0,3,0,1,1,1,1,2
9290,42218,639,23,1401,2014,4,1,1,2.0,65863.0,4,0,1,1,0,14,4
9291,21639,934,58,423,2015,9,0,5,2.5,178000.0,4,2,1,1,0,1,12
9292,15681,779,61,1090,2013,9,0,5,2.5,156000.0,4,2,1,1,0,7,8
9294,23521,640,5,1487,2013,4,1,5,2.0,208000.0,4,2,0,1,0,14,12
9295,3763,631,5,1511,2013,4,1,5,3.7,438886.75,8,0,0,1,0,1,12
9297,35557,891,23,1401,2016,4,1,1,2.0,187270.0,4,0,1,1,0,12,4
9298,5175,0,61,794,1997,3,0,0,2.0,180008.0,4,1,1,1,1,1,2
9299,38229,631,23,1401,2017,4,1,1,1.7,438886.75,4,0,1,1,0,1,4
9300,23521,0,8,1461,2012,9,1,6,1.4,62000.0,4,0,1,1,0,14,10
9302,7809,891,23,1298,2016,9,1,4,2.0,438886.75,4,0,1,1,0,8,4
9303,8467,0,39,1079,1999,4,0,5,1.8,155000.0,4,0,0,1,0,14,4
9305,31,765,32,1029,2015,4,1,5,2.0,76021.0,4,0,1,1,0,1,12
9306,23207,639,5,88,2014,9,1,5,2.0,47000.0,4,0,2,1,0,12,8
9308,10500,0,58,1124,2007,9,0,5,1.5,288166.0,4,0,1,1,0,14,4
9310,941,1104,5,1491,2015,4,1,1,3.0,196614.0,6,0,0,1,0,1,0
9311,15681,308,58,1124,2014,9,0,2,1.8,90000.0,4,2,1,1,0,2,8
9312,14113,0,58,492,2007,7,0,1,2.2,188000.0,4,1,1,1,0,7,6
9313,18817,631,39,1080,2003,4,0,5,3.7,438886.75,6,2,0,1,0,1,2
9314,8000,0,41,1370,2008,3,0,5,1.5,1400.0,4,3,1,1,1,12,2
9315,31988,0,58,423,2013,9,0,2,2.5,62000.0,4,0,1,1,0,14,12
9316,10663,0,58,987,2004,9,0,5,2.5,138000.0,6,2,2,1,1,14,12
9317,13485,0,5,1491,2003,4,1,0,3.0,178942.0,6,2,1,1,0,1,8
9318,13485,645,23,618,2011,9,0,5,1.8,152493.0,4,0,1,1,0,13,4
9320,16308,631,58,423,2008,9,1,2,2.4,438886.75,4,0,1,1,0,1,10
9323,12074,843,58,1124,2008,3,1,2,1.5,172100.0,4,2,1,1,0,3,12
9324,26657,1091,58,429,2016,9,1,5,2.5,52359.0,4,0,1,1,0,4,8
9325,25440,833,8,444,2015,4,1,1,2.2,70000.0,4,0,1,1,0,7,4
9327,81539,1356,32,780,2014,4,1,5,3.7,71000.0,8,2,0,1,0,1,0
9330,1568,0,58,1412,2003,7,0,5,2.0,438886.75,4,0,1,2,0,12,4
9331,17562,0,61,870,2012,9,1,1,2.0,94000.0,4,2,1,1,0,1,12
9332,37000,631,23,812,2014,7,1,1,2.5,438886.75,4,0,1,1,0,1,4
9333,5000,0,41,1293,2003,9,0,5,2.5,117000.0,6,0,2,1,1,12,3
9334,6115,1399,32,1201,2010,4,1,5,3.5,197044.0,6,0,0,1,0,7,12
9335,21953,777,58,1179,2014,4,1,5,2.5,153312.0,4,0,1,1,0,1,0
9337,18189,308,58,1132,2014,9,1,2,1.8,112000.0,4,2,1,1,0,8,12
9338,10036,891,23,1298,2016,9,1,4,2.0,438886.75,4,0,1,1,0,8,4
9339,7840,0,41,1370,2005,3,1,5,1.5,132000.0,4,3,1,1,1,12,8
9340,16621,1017,23,618,2017,9,0,5,2.0,22000.0,4,2,1,1,0,7,0
9344,13172,0,58,251,2012,3,0,2,1.5,154000.0,4,0,1,1,1,14,2
9345,5645,0,21,512,1997,4,0,5,2.0,230000.0,4,0,1,1,1,12,2
9347,314,631,32,780,2015,4,1,5,3.7,438886.75,8,0,0,1,0,1,0
9349,42337,0,31,1216,2015,4,1,5,2.0,42450.0,4,2,0,1,0,7,12
9350,7213,1286,8,444,2007,4,1,1,2.0,56327.0,4,0,1,1,0,14,4
9351,8938,531,8,287,2012,3,1,5,1.6,49126.0,4,0,1,1,0,1,4
9354,15994,0,32,1201,2008,4,1,5,3.5,163000.0,6,2,0,1,0,12,8
9355,11604,639,23,1298,2014,9,1,4,2.0,275877.0,4,0,1,1,0,12,4
9356,18817,562,61,870,2015,9,0,5,1.4,70000.0,4,2,1,1,0,1,6
9358,22266,1399,58,1179,2010,4,0,5,3.5,160000.0,6,0,1,1,0,12,8
9359,1111,0,5,1483,2009,3,0,1,2.0,215000.0,4,1,2,1,0,1,8
9360,22580,0,36,772,2011,4,1,5,3.5,11111.0,6,2,2,1,0,1,8
9361,16935,382,23,1306,2014,9,1,2,2.4,73825.0,4,0,1,1,0,1,8
9363,10000,631,41,1037,2013,3,0,5,1.2,438886.75,3,3,1,1,0,1,2
9364,18033,584,58,1124,2014,9,0,5,1.8,187200.0,4,0,1,1,0,2,8
9366,627,1080,8,1397,2014,4,1,5,3.6,151358.0,6,0,1,1,0,11,12
9367,297930,0,36,229,2015,1,1,5,3.7,20000.0,8,2,2,0,0,14,16
9368,5645,1108,16,1024,2014,9,1,5,3.7,167046.0,6,0,2,1,0,14,12
9369,11917,649,21,669,2010,3,0,5,1.5,129000.0,4,0,1,1,0,2,0
9370,31211,400,21,669,2018,10,1,2,1.5,57809.0,4,0,1,1,0,1,4
9371,9095,843,58,1124,2008,3,0,2,1.5,150000.0,4,3,1,1,0,6,2
9373,392,738,8,17,2017,4,1,5,1.4,96792.0,4,0,1,1,0,1,12
9374,2352,1466,16,667,2014,9,1,5,3.7,170541.0,8,0,2,1,0,12,12
9375,15681,761,16,1377,2010,2,0,1,1.8,132000.0,4,1,1,1,0,14,6
9377,5802,0,62,1258,1999,9,1,5,2.4,350000.0,5,0,1,1,0,12,6
9378,15681,730,23,232,2016,9,1,1,1.6,32104.0,4,0,1,1,0,14,4
9380,12544,631,16,693,2014,9,1,5,1.6,438886.75,4,0,1,1,0,1,0
9381,49751,1079,23,1298,2018,9,1,5,2.0,77130.0,4,0,1,1,0,2,4
9382,13172,0,58,1124,2007,9,1,2,1.5,144000.0,4,2,1,1,0,7,0
9383,27598,1017,23,1404,2017,4,0,5,2.0,60704.0,4,0,1,1,0,1,10
9385,8467,0,16,1381,2001,6,0,1,2.0,179000.0,4,1,1,1,0,2,2
9386,11290,966,23,788,2009,1,1,5,2.0,183222.0,4,0,1,1,0,14,4
9387,16308,0,23,1298,2012,9,1,2,2.4,230400.0,4,2,1,1,0,1,6
9388,25089,769,36,1330,2011,2,0,1,2.2,260000.0,4,1,2,1,0,14,2
9389,941,1533,13,888,2016,4,1,5,3.6,174730.0,6,0,1,1,0,1,12
9391,9095,644,8,523,2011,9,1,5,1.8,77906.0,4,0,1,1,0,1,4
9393,17249,631,23,618,2014,9,0,5,1.8,438886.75,4,0,1,1,0,1,8
9394,40769,456,58,435,2015,9,1,2,2.5,134000.0,6,0,2,1,0,1,12
9397,9198,631,58,251,2015,3,1,2,1.5,438886.75,4,0,1,1,0,1,4
9398,3293,761,58,1124,2010,3,1,2,1.8,127061.0,4,0,1,1,0,7,12
9400,29552,631,46,445,2015,4,0,1,1.5,438886.75,4,2,1,1,0,1,8
9401,24148,779,58,1179,2013,4,0,5,2.5,52000.0,4,0,0,1,0,1,12
9402,19287,890,28,1049,2016,9,1,5,2.0,27334.0,4,0,1,1,0,12,4
9403,41720,631,23,1270,2016,4,1,1,2.0,438886.75,4,0,1,1,0,1,4
9404,17562,0,15,129,2013,4,0,5,1.4,105445.0,4,2,1,1,0,1,12
9405,98787,1356,32,780,2014,4,1,5,3.7,76000.0,8,2,0,1,0,7,12
9406,23687,639,23,1401,2014,4,1,1,2.0,60781.0,4,0,1,1,0,14,4
9407,15718,687,23,618,2010,9,1,5,1.6,104282.0,4,0,1,1,0,12,4
9408,784,878,58,492,2009,3,1,5,1.8,324520.0,4,0,1,1,0,7,12
9409,25,0,21,669,2003,3,0,5,1.5,189000.0,4,2,1,1,1,2,4
9410,18503,751,23,1298,2013,9,1,5,2.4,107000.0,4,2,1,1,0,12,12
9411,15367,1268,58,1132,2012,3,0,2,1.5,164000.0,4,3,1,1,1,14,8
9412,25889,528,23,618,2014,9,1,5,1.6,113000.0,4,0,1,1,0,14,4
9413,16621,0,23,1298,2011,9,0,5,2.4,120000.0,4,2,1,1,0,2,12
9414,34240,639,23,1401,2014,4,1,1,2.0,119401.0,4,0,1,1,0,14,4
9417,941,1325,6,460,2019,9,1,5,2.5,2642.0,4,0,0,1,0,1,12
9418,20385,0,58,1124,2013,9,0,2,1.8,150400.0,4,0,1,1,0,12,6
9419,37125,1249,23,812,2017,10,1,1,2.5,168645.0,4,0,1,1,0,12,4
9420,13485,639,16,697,2014,9,1,5,2.0,43000.0,4,0,1,1,0,1,10
9422,30966,631,21,469,2014,9,1,5,1.8,438886.75,4,0,1,1,0,1,4
9423,49751,631,23,1298,2016,9,1,5,2.0,438886.75,4,0,1,1,0,1,4
9424,13172,0,58,251,2013,3,0,2,1.5,185000.0,4,3,1,1,1,14,4
9425,15681,0,58,914,1993,4,1,1,3.7,126000.0,6,1,0,1,0,6,0
9426,6899,0,42,262,2000,3,1,5,1.6,111111.0,4,1,1,1,0,6,0
9427,15053,0,5,1491,2000,4,1,5,3.7,250000.0,8,2,0,1,0,1,4
9428,627,645,23,618,2011,4,1,5,1.8,172502.0,4,0,1,1,0,1,12
9430,5331,0,42,502,2000,9,0,5,1.2,0.0,4,1,1,1,0,12,2
9431,11290,966,23,788,2009,1,1,5,2.0,139448.0,4,0,1,1,0,12,4
9432,549,631,36,961,2011,4,1,1,3.0,438886.75,6,0,0,1,0,1,12
9433,5645,0,42,262,1998,3,0,5,1.6,211000.0,4,1,1,1,0,2,2
9434,20698,753,58,423,2012,9,1,2,2.4,198400.0,4,0,1,1,0,11,0
9435,1254,2705,58,825,2005,4,1,5,3.3,244283.0,6,0,1,1,0,1,12
9436,12432,585,8,523,2013,9,1,5,1.8,114335.0,4,0,1,1,0,12,4
9437,10976,0,41,1370,2009,3,0,5,1.5,106000.0,4,3,1,1,1,14,2
9438,25889,631,23,1401,2010,4,1,1,2.0,438886.75,4,0,1,1,0,1,4
9439,3136,777,58,423,2014,9,1,5,2.5,55811.0,4,0,1,1,0,1,12
9440,10945,631,23,812,2009,7,1,1,2.5,438886.75,4,0,1,1,0,1,4
9441,51746,1811,32,780,2010,4,1,5,3.7,220000.0,8,2,0,1,0,14,0
9442,25089,642,61,1368,2012,4,1,5,2.0,98000.0,4,2,0,1,0,14,12
9443,14113,1017,8,1060,2017,4,1,5,2.0,27992.0,4,0,1,1,0,12,4
9444,6583,631,8,444,2009,4,1,1,2.0,438886.75,4,0,1,1,0,1,4
9445,392,631,41,992,2001,9,1,5,3.0,438886.75,6,0,1,1,0,1,12
9446,22580,0,9,55,2011,9,1,5,3.6,130000.0,6,2,2,1,0,1,6
9447,24775,0,36,395,2006,9,1,5,3.7,180000.0,8,2,2,1,0,7,8
9448,51746,0,5,157,2014,9,1,5,3.0,53065.0,6,2,2,1,0,12,12
9450,18211,528,23,838,2014,3,1,1,1.6,208791.0,4,0,1,1,0,14,4
9451,8311,631,13,417,2009,9,0,5,2.0,438886.75,4,0,1,1,0,1,8
9454,29479,1058,58,825,2012,4,1,2,3.5,205250.0,6,0,0,1,0,12,12
9455,10976,0,58,1124,2006,3,1,2,1.5,168000.0,4,3,1,1,0,4,10
9457,3293,530,41,889,2013,4,1,5,1.6,153888.0,4,0,0,1,0,14,0
9458,627,640,61,870,2013,9,1,1,2.0,142515.0,4,0,1,1,0,14,12
9459,26030,749,23,1401,2014,4,1,5,2.4,70000.0,4,2,0,1,0,7,6
9460,251,650,8,523,2016,9,1,5,1.4,133346.0,4,0,1,1,0,3,12
9461,6899,0,42,262,1998,10,0,0,1.6,256000.0,4,1,1,1,0,12,4
9462,14113,0,61,1091,2007,9,1,5,2.0,197548.0,4,0,1,1,0,7,12
9463,627,631,36,332,2013,9,1,5,3.5,438886.75,6,0,0,1,0,1,12
9464,15681,585,23,618,2013,9,0,5,1.8,131638.0,4,0,1,1,0,5,0
9465,7840,0,41,1364,2005,9,0,5,2.4,74400.0,6,0,1,1,1,12,6
9466,15681,640,23,1298,2013,9,1,4,2.0,113000.0,4,2,1,1,0,12,4
9467,5488,0,58,1457,2000,3,1,5,1.0,0.0,4,0,1,1,1,12,2
9468,59586,1104,5,1491,2015,4,1,5,3.0,143000.0,6,2,0,1,0,2,16
9469,6586,609,58,423,2018,9,1,2,2.5,272781.0,4,0,1,1,0,1,12
9470,21482,585,58,1124,2013,9,0,2,1.8,123000.0,4,0,1,1,0,1,0
9471,16621,0,58,1124,2010,3,0,2,1.8,120000.0,4,0,1,1,0,12,4
9472,10349,1267,58,251,2013,3,0,2,1.5,77000.0,4,0,1,1,1,1,10
9473,4704,631,42,262,1998,9,0,5,1.6,438886.75,4,1,1,1,0,1,4
9474,250,0,58,921,2015,4,0,1,3.0,80000.0,4,0,0,1,0,1,8
9475,14909,765,23,1298,2015,9,1,4,2.0,283593.0,4,0,1,1,0,12,4
9476,3763,0,42,1416,1997,2,0,5,1.6,111111.0,4,1,1,1,0,7,2
9477,21326,781,58,423,2012,9,1,5,2.5,12300.0,4,2,1,1,0,1,12
9478,20266,531,23,618,2012,9,1,5,1.6,106400.0,4,0,1,1,0,12,4
9480,27598,0,58,914,2002,4,1,5,3.7,196000.0,8,0,0,1,0,7,4
9481,2744,751,23,1298,2013,9,1,2,2.4,126690.0,4,0,1,1,0,12,0
9482,10036,0,39,1018,2000,4,1,0,3.5,22300.0,6,2,0,1,0,14,8
9483,5018,1282,8,444,2007,4,1,1,2.0,54647.0,4,0,1,1,0,14,4
9484,11604,489,8,1322,2016,9,1,5,1.0,33492.0,4,0,1,1,0,14,4
9485,78,1172,36,586,2011,9,1,5,3.5,242685.0,6,0,0,1,0,1,12
9486,6429,1946,3,1197,2017,9,1,5,3.7,34483.0,8,0,0,1,0,7,12
9488,17634,836,23,1401,2010,4,1,1,2.0,149800.0,4,0,1,1,0,2,4
9489,17562,697,61,877,2015,9,1,5,1.8,59661.0,4,0,1,1,0,14,8
9490,7840,1436,42,270,2005,3,0,1,1.7,0.0,4,1,1,1,0,7,5
9491,9252,531,23,232,2012,3,1,1,1.6,64160.0,4,0,1,1,0,1,4
9492,5331,0,31,716,1999,4,0,5,1.8,204000.0,4,1,0,0,1,4,4
9493,7527,0,59,62,1957,4,0,5,2.0,0.0,4,1,0,0,0,15,0
9495,8467,0,46,1001,2005,2,0,5,1.6,111111.0,4,1,1,1,0,14,0
9497,28225,707,5,144,2011,9,1,5,2.0,200000.0,4,2,0,1,0,7,0
9498,13771,631,23,618,2009,9,1,5,1.6,438886.75,4,0,1,1,0,1,4
9501,7213,0,41,1370,2006,3,0,5,1.5,230000.0,4,3,1,1,1,0,2
9502,17876,0,28,713,2012,9,0,5,2.4,92800.0,4,2,1,1,0,1,10
9503,2979,0,61,1118,1997,3,0,5,1.6,212000.0,4,0,1,1,0,2,2
9504,6899,0,58,721,2004,10,0,5,1.5,150000.0,4,0,0,1,1,12,12
9505,20385,781,58,423,2012,9,0,5,2.5,10000.0,6,2,1,1,0,14,16
9507,38445,891,23,1270,2016,4,1,1,2.0,180000.0,4,0,1,1,0,12,4
9508,26030,530,38,506,2013,4,1,5,1.6,140000.0,4,0,0,1,0,2,16
9509,5018,631,58,825,2015,4,1,2,3.5,438886.75,6,0,0,1,0,1,12
9510,43360,1055,16,661,2013,4,1,5,3.5,106604.0,4,0,1,1,0,12,4
9511,43278,631,36,1445,2014,7,0,1,2.2,438886.75,4,2,2,1,0,1,6
9513,45044,891,8,444,2016,4,1,1,2.0,62814.0,4,0,1,1,0,7,4
9514,24775,784,21,669,2017,3,1,5,1.5,25000.0,4,0,1,1,0,10,12
9515,46919,631,23,812,2018,10,1,1,2.5,438886.75,4,0,1,1,0,1,4
9517,19707,583,23,618,2011,9,1,5,1.6,176486.0,4,0,1,1,0,14,4
9519,33556,456,58,423,2015,9,1,2,2.5,123198.0,4,2,1,1,0,2,12
9520,18503,0,23,618,2014,9,0,5,1.8,192000.0,4,2,1,1,0,7,8
9521,42692,640,23,1270,2013,4,1,1,2.0,130180.0,4,0,1,1,0,12,4
9522,44849,697,21,469,2015,1,1,5,1.8,62877.0,4,0,1,1,0,11,4
9523,6586,0,5,51,1997,9,1,5,1.8,245000.0,4,0,2,1,0,1,4
9524,50,0,58,1124,2011,3,0,2,1.8,438886.75,4,0,1,1,0,14,6
9525,34497,0,41,1171,2013,7,1,0,3.5,45000.0,6,0,1,2,0,14,12
9526,41055,631,8,444,2016,4,1,1,2.0,438886.75,4,0,1,1,0,1,4
9527,1019,585,58,1124,2013,3,1,2,1.8,173933.0,4,0,1,1,0,12,12
9528,8154,0,41,1435,2010,3,0,5,1.8,1000.0,4,0,1,1,0,7,0
9531,25873,640,23,1270,2013,4,1,1,2.0,41203.0,4,0,1,1,0,12,4
9533,19416,583,23,618,2011,9,1,5,1.6,120581.0,4,0,1,1,0,12,4
9534,22567,642,8,978,2012,9,1,5,2.0,60080.0,4,0,1,1,0,1,4
9536,22580,919,5,1487,2012,4,1,5,3.0,130000.0,6,2,0,1,0,14,12
9537,15850,631,54,902,2011,4,1,1,2.0,438886.75,4,0,1,1,0,1,4
9538,31245,2108,32,906,2009,9,1,5,3.7,188266.0,4,0,1,1,0,1,4
9540,10036,0,59,62,1987,4,1,5,2.0,0.0,4,1,0,1,0,6,4
9541,11604,0,55,706,2006,4,0,5,2.0,257600.0,1,2,0,1,1,1,2
9542,8467,0,55,927,2004,9,1,5,2.0,438886.75,4,2,0,1,1,1,3
9544,40,0,21,669,2003,9,0,5,1.5,145000.0,4,0,1,1,1,14,2
9545,20385,631,58,1124,2012,9,0,2,1.8,438886.75,4,0,1,1,0,1,8
9547,392,631,5,1491,2012,4,1,1,3.0,438886.75,6,0,0,1,0,1,0
9548,45204,1017,23,618,2017,9,1,5,2.0,31022.0,4,0,1,1,0,7,4
9549,22894,917,23,810,2013,9,1,5,3.0,55171.0,4,0,1,1,0,1,4
9550,1333,1277,28,1049,2018,9,1,5,2.4,52710.0,4,0,1,1,0,2,12
9551,59827,1077,21,469,2019,9,1,5,2.0,8115.0,4,0,1,1,0,12,4
9553,7527,0,21,669,2004,3,0,5,1.3,150000.0,4,0,1,1,1,12,4
9554,18189,0,5,144,2007,9,1,5,3.0,230000.0,6,2,2,1,0,1,12
9555,26657,0,23,1300,2017,9,0,5,2.4,102569.0,4,0,1,1,0,12,0
9556,1333,1533,8,854,2016,9,1,5,3.6,120696.0,6,0,1,1,0,12,12
9557,18826,642,32,402,2012,3,1,2,2.0,184000.0,4,0,1,1,0,1,0
9558,31047,631,39,1069,2019,4,0,5,2.4,438886.75,4,2,0,1,0,1,10
9559,18817,765,36,332,2015,9,1,5,2.0,0.0,4,0,0,1,0,14,12
9560,5802,631,21,669,2011,3,0,5,1.3,438886.75,4,0,1,1,1,1,8
9561,11290,891,23,1298,2016,9,1,4,2.0,325139.0,4,0,1,1,0,12,4
9563,5331,0,41,1370,2006,3,0,5,1.5,290000.0,4,3,1,1,1,5,2
9564,16308,0,55,706,2008,4,1,5,2.5,285888.0,4,2,0,1,0,5,4
9565,5331,631,59,62,1990,4,0,5,2.4,438886.75,4,1,0,1,0,1,0
9566,19444,0,58,423,2010,9,1,5,2.5,85000.0,6,0,1,1,0,7,12
9567,12544,831,23,1298,2011,3,0,5,2.4,219200.0,4,0,1,1,0,1,12
9568,12858,0,8,523,2009,9,1,5,1.6,30000.0,4,1,1,1,0,7,2
9570,19657,629,8,287,2015,9,1,5,1.6,48700.0,4,0,1,1,0,1,4
9571,2195,631,23,618,2011,4,1,5,1.8,438886.75,4,0,1,1,0,1,12
9573,11917,0,58,865,2007,7,0,0,2.4,270000.0,4,0,1,1,1,5,4
9574,7056,1668,13,1177,2012,9,1,5,3.7,0.0,8,0,1,1,0,14,12
9575,50178,631,31,1215,2012,4,1,5,2.0,438886.75,4,2,0,0,0,1,0
9578,25089,456,32,1030,2015,4,1,2,2.5,108344.0,4,0,0,1,0,12,12
9579,314,640,39,1065,2013,4,1,5,2.0,191267.0,4,0,0,1,0,14,12
9580,92070,1493,16,661,2016,4,1,5,3.5,66246.0,4,0,1,1,0,14,4
9581,25089,382,23,1298,2014,9,1,2,2.4,98000.0,4,2,1,1,0,1,12
9582,17249,271,58,1132,2014,3,0,2,1.5,64000.0,4,3,1,1,0,14,12
9583,39201,0,5,1491,2009,4,1,1,3.0,124000.0,6,2,0,1,0,1,10
9584,18817,308,58,1124,2014,3,0,2,1.8,139930.0,4,0,1,1,0,14,0
9585,9377,1090,8,444,2008,4,1,1,2.0,61237.0,4,0,1,1,0,1,4
9588,7213,0,46,910,2004,10,0,5,1.8,18656.0,4,1,1,1,0,12,6
9589,41883,1138,23,788,2013,1,1,5,3.7,94813.0,4,0,1,1,0,14,4
9590,24462,0,58,423,2011,9,0,2,2.4,175000.0,4,0,1,1,0,14,0
9591,15681,0,16,1381,2004,2,0,1,2.0,144000.0,4,1,1,1,0,14,0
9592,13485,0,13,417,2010,3,1,5,2.0,438886.75,4,0,1,1,0,1,6
9593,7840,0,58,1124,2002,9,0,2,1.5,184000.0,4,0,1,1,0,14,4
9594,20385,0,23,618,2013,9,1,5,1.8,112000.0,4,2,1,1,0,7,8
9595,19130,631,41,889,2012,4,1,5,1.6,438886.75,4,2,0,1,0,1,12
9596,10036,0,58,1179,2001,4,0,5,2.0,333333.0,4,0,0,1,0,5,2
9597,314,650,15,116,2016,9,1,5,1.4,77600.0,4,0,1,1,0,1,12
9599,39201,1341,16,1024,2015,1,0,5,3.7,128000.0,6,2,2,0,0,7,6
9602,58971,1811,32,906,2010,9,1,2,3.7,136129.0,4,0,1,1,0,1,4
9603,14113,0,5,94,2002,0,1,5,3.0,187000.0,6,1,2,0,0,12,4
9604,7683,707,23,1298,2011,9,1,4,2.0,82309.0,4,0,1,1,0,14,4
9605,314,1297,6,460,2011,9,1,5,3.7,198030.0,6,0,1,1,0,12,12
9607,19089,1099,54,1192,2010,4,1,1,2.7,181000.0,4,0,1,1,0,14,4
9608,27356,642,23,1401,2012,4,1,1,2.0,149546.0,4,0,1,1,0,14,4
9609,40362,730,54,237,2016,4,1,1,1.6,61000.0,4,0,1,1,0,14,4
9610,784,631,16,646,2012,4,1,2,2.5,438886.75,4,0,1,1,0,1,0
9611,35570,1091,23,812,2016,7,1,1,2.5,77227.0,4,0,1,1,0,7,4
9612,14426,0,61,359,2009,9,1,5,2.0,159000.0,4,1,1,1,0,4,8
9613,18817,0,28,1049,2013,9,0,5,2.4,78000.0,4,2,1,1,0,3,6
9614,5959,0,39,475,2005,3,0,5,1.5,280000.0,4,3,0,1,1,12,4
9615,13485,753,28,1049,2012,9,0,5,2.4,122531.0,4,0,1,1,0,12,0
9616,16308,891,23,1298,2016,9,1,4,2.0,227033.0,4,0,1,1,0,14,4
9618,19757,0,61,362,2011,9,1,5,2.0,189000.0,4,1,1,1,0,1,2
9621,8624,966,11,909,2009,9,1,5,2.0,19999.0,4,0,1,1,0,7,4
9622,14269,631,58,423,2017,9,1,5,2.5,438886.75,4,0,1,1,0,1,12
9623,10036,0,58,1124,2008,3,0,2,1.5,384000.0,4,3,1,1,0,14,0
9625,7527,631,58,1457,2001,3,0,5,1.5,438886.75,4,0,1,1,1,1,8
9626,22567,631,8,978,2014,9,1,1,2.0,438886.75,4,0,1,1,0,1,4
9627,20005,583,23,618,2011,9,1,5,1.6,129000.0,4,0,1,1,0,12,4
9628,6617,0,41,1293,2003,9,0,5,3.0,166000.0,6,2,2,1,1,12,6
9629,11604,843,58,1124,2008,3,0,2,1.5,216000.0,4,0,1,1,0,7,0
9630,17405,891,23,628,2016,9,0,5,2.0,81302.0,4,0,1,1,0,11,8
9632,8963,631,8,1322,2014,3,1,4,1.0,438886.75,4,0,1,1,0,1,4
9633,11290,0,36,1440,2004,7,1,0,3.2,0.0,6,2,2,1,1,4,8
9634,7840,0,41,1037,2005,3,0,5,1.5,108000.0,4,0,1,1,1,12,2
9636,15681,1185,16,646,2009,4,0,2,2.5,99000.0,4,0,1,1,0,14,7
9637,3450,830,18,1354,2019,9,1,5,1.5,9422.0,4,0,1,1,0,2,12
9639,706,474,8,1461,2013,3,1,2,1.4,181360.0,4,0,1,1,0,2,12
9640,19130,779,58,423,2013,9,0,5,2.5,7900.0,4,2,1,1,0,1,0
9641,2038,1018,36,332,2011,9,1,5,3.0,304082.0,6,0,2,1,0,14,12
9643,19444,0,58,825,2006,4,1,2,3.3,0.0,6,0,1,1,0,7,5
9644,8467,0,41,1476,1999,9,1,5,3.7,210000.0,8,0,1,1,0,1,12
9645,10349,1267,58,251,2013,3,0,2,1.5,129000.0,4,0,1,1,1,12,6
9646,20228,631,8,1060,2016,4,1,5,2.0,438886.75,4,0,1,1,0,1,4
9647,200,0,16,1395,1996,6,1,1,2.5,200000.0,4,1,2,2,0,14,0
9648,8154,531,8,287,2012,3,1,5,1.6,74181.0,4,0,1,1,0,14,4
9649,9722,765,23,1298,2015,9,1,4,2.0,362818.0,4,0,1,1,0,8,4
9650,13485,0,58,1124,2012,9,0,2,1.8,0.0,4,0,1,1,0,14,12
9651,19757,0,58,1124,2012,9,1,2,1.8,184000.0,4,3,1,1,0,7,12
9652,5018,0,39,1078,1992,4,0,1,2.5,111111.0,4,0,0,1,0,1,2
9653,19914,891,23,1298,2016,9,1,4,2.0,240573.0,4,0,1,1,0,14,4
9654,470,353,32,402,2015,3,1,2,1.8,94949.0,4,0,1,1,0,14,12
9655,6586,1481,16,697,2006,10,0,1,2.0,280000.0,4,1,1,1,0,7,6
9656,43576,831,54,237,2017,4,1,5,1.6,47456.0,4,0,1,1,0,14,4
9657,13172,0,36,560,2002,9,0,1,2.2,250115.0,4,1,2,1,0,12,8
9658,9722,961,8,444,2009,4,1,1,2.0,63889.0,4,0,1,1,0,14,4
9659,7213,0,5,139,2001,9,1,0,2.5,300000.0,6,2,2,1,0,2,6
9660,62057,1053,16,661,2014,4,1,5,3.5,49709.0,4,0,1,1,0,12,4
9661,16308,0,58,1124,2011,9,1,2,2.4,104000.0,4,2,1,1,0,1,8
9662,16590,0,36,963,2004,4,1,5,3.7,265000.0,6,2,0,1,0,12,10
9664,10663,631,55,706,2015,4,1,5,2.5,438886.75,4,0,0,1,0,1,0
9665,2200,1528,43,105,1996,9,0,5,1.8,283000.0,4,1,1,1,0,6,2
9666,5488,0,36,204,2001,3,0,5,1.9,147000.0,4,0,1,1,1,1,4
9667,29793,0,16,722,2014,9,1,6,2.0,140000.0,4,0,1,1,0,1,10
9668,23521,781,58,423,2012,9,0,2,2.5,138165.0,4,0,1,1,0,11,0
9669,13485,831,28,1052,2011,9,0,2,2.4,88000.0,4,0,2,1,0,12,8
9671,7200,0,36,582,2000,9,1,5,3.2,25000.0,6,2,2,1,1,2,5
9672,23521,585,36,322,2013,9,1,5,1.8,121712.0,4,0,2,1,0,14,0
9673,5645,1288,28,1323,2007,4,1,5,2.0,51264.0,4,0,1,1,0,12,4
9674,10000,0,27,804,2001,4,1,0,3.7,60000.0,6,0,0,1,0,1,4
9675,12544,631,16,1387,2009,2,0,1,1.8,438886.75,4,1,1,1,0,1,4
9676,12544,473,8,523,2014,9,0,5,1.4,105070.0,4,0,1,1,0,12,0
9679,32929,631,39,904,2011,8,0,1,2.5,438886.75,4,1,0,1,0,1,2
9680,24148,631,58,1124,2014,3,0,2,1.8,438886.75,4,3,1,1,0,1,6
9681,14636,836,54,237,2010,9,1,1,2.0,125000.0,4,0,1,1,0,12,4
9682,19444,0,5,88,2009,9,1,5,3.0,120000.0,6,2,2,1,0,14,8
9684,45633,640,54,1192,2013,4,1,1,2.0,51950.0,4,0,1,1,0,14,4
9685,4077,0,42,262,1995,2,0,5,1.4,438886.75,4,1,1,1,0,6,2
9686,39559,765,23,1270,2015,4,1,1,2.0,130000.0,4,0,1,1,0,12,4
9687,37633,765,36,759,2015,4,1,5,2.0,48000.0,4,2,0,1,0,1,8
9688,89379,1356,32,780,2014,4,1,5,3.7,127250.0,8,2,0,1,0,14,12
9689,9252,765,23,1298,2015,9,1,4,2.0,438886.75,4,0,1,1,0,8,4
9692,220,1327,58,423,2018,9,1,5,2.5,70662.0,4,0,1,1,0,1,12
9695,6586,0,36,23,1999,9,0,1,2.0,315000.0,4,1,2,1,0,1,6
9696,56450,915,5,1491,2014,4,1,5,3.0,70000.0,6,2,0,1,0,2,12
9697,5331,0,61,1430,2000,9,0,5,1.6,197346.0,4,1,1,1,0,14,4
9698,282,631,58,364,2019,4,1,5,2.0,438886.75,4,0,1,1,0,1,12
9699,62719,1079,5,1483,2018,4,1,5,2.0,35000.0,4,2,0,1,0,1,12
9700,19757,353,58,1124,2015,9,0,2,1.8,100000.0,4,2,1,1,0,13,12
9701,15681,0,58,1127,2008,3,1,2,1.5,210000.0,4,0,1,1,0,7,8
9702,32929,0,5,154,2011,9,1,5,3.0,165000.0,6,2,2,1,0,14,10
9703,14454,629,23,232,2015,9,1,1,1.6,191108.0,4,0,1,1,0,1,4
9704,19823,595,58,251,2015,3,1,5,1.5,67000.0,4,0,1,1,0,1,4
9705,26770,730,23,618,2016,9,1,5,1.6,57000.0,4,0,1,1,0,12,4
9706,54405,1091,8,854,2016,9,1,5,2.5,49716.0,4,0,1,1,0,1,4
9708,12700,1996,16,1381,2002,6,0,1,2.4,250000.0,4,1,2,0,0,14,4
9710,78403,631,36,961,2013,4,1,1,3.0,438886.75,6,2,0,1,0,1,12
9712,28852,0,41,1107,2006,4,1,1,2.5,21000.0,4,1,0,2,0,1,12
9713,21953,645,32,402,2011,3,1,2,1.8,190000.0,4,0,1,1,0,5,4
9714,11133,1108,41,101,2014,1,1,5,3.7,80698.0,6,0,2,0,0,14,12
9715,12544,1062,42,262,2006,3,0,5,1.4,138000.0,4,1,1,1,0,13,6
9716,42965,642,16,662,2012,4,1,5,2.0,65000.0,4,0,1,1,0,14,10
9717,53314,0,36,308,2014,9,1,1,1.6,205000.0,4,2,2,1,0,2,6
9718,7840,0,5,71,1999,9,0,1,2.0,350000.0,4,1,2,1,0,2,4
9719,706,707,13,417,2011,3,1,5,2.0,193013.0,4,0,1,1,0,14,12
9720,20500,640,16,725,2013,9,1,2,2.0,131089.0,4,0,1,1,0,14,12
9721,12544,0,36,1242,1998,9,1,4,3.7,20000.0,8,2,2,1,0,1,15
9722,1646,1356,32,781,2014,4,1,5,3.7,71638.0,8,0,0,1,0,11,12
9723,11604,0,21,637,2006,7,0,4,2.4,220000.0,4,2,1,1,1,14,8
9724,15681,0,60,1439,2018,9,0,5,1.6,35000.0,6,2,1,1,0,1,12
9725,19500,0,58,1124,2012,9,0,5,1.8,39000.0,4,2,1,1,0,7,0
9726,12544,639,16,697,2014,9,0,5,2.0,87000.0,4,0,1,1,0,5,16
9728,19707,530,23,618,2013,9,1,5,1.6,110000.0,4,0,1,1,0,7,4
9729,34240,891,8,444,2016,4,1,1,2.0,149361.0,4,0,1,1,0,12,4
9730,3,900,28,1323,2015,4,0,5,2.4,50345.0,4,2,0,1,0,2,12
9731,15400,631,23,1298,2013,9,1,5,2.0,438886.75,4,2,1,1,0,1,8
9732,10976,0,3,209,2008,9,1,5,2.0,226000.0,8,2,0,2,0,7,4
9733,10000,0,41,1293,2007,9,1,5,2.5,1200.0,6,2,0,1,1,12,6
9734,17562,631,58,1132,2012,3,0,5,1.5,438886.75,4,0,1,1,0,1,6
9735,15681,891,23,1298,2016,9,1,4,2.0,280016.0,4,0,1,1,0,12,4
9736,47377,879,23,618,2019,9,1,5,1.6,8737.0,4,0,1,1,0,14,4
9737,5645,0,41,982,2004,7,0,0,2.4,150000.0,4,0,1,1,0,12,10
9738,7213,1282,28,1323,2007,4,1,1,2.0,93568.0,4,0,1,1,0,1,4
9739,68994,1391,36,396,2012,9,1,5,3.7,114000.0,8,2,2,1,0,1,0
9740,81539,0,5,1491,2014,4,1,1,3.5,104000.0,6,0,0,1,0,14,12
9741,16621,521,8,1461,2011,3,1,6,1.4,105989.0,4,0,1,1,0,12,8
9742,5802,876,8,523,2009,9,1,5,1.8,156032.0,4,0,1,1,0,1,4
9743,9095,843,58,1124,2008,3,0,2,1.5,205000.0,4,0,1,1,0,6,8
9744,5500,0,36,305,1994,9,1,5,1.8,438886.75,4,1,2,1,0,1,2
9745,7840,0,21,861,2005,9,0,4,3.0,15500.0,6,2,1,1,1,0,8
9747,24571,781,23,812,2012,10,1,1,2.5,206211.0,4,0,1,1,0,7,4
9748,20814,765,8,1060,2015,4,1,4,2.0,198840.0,4,0,1,1,0,14,4
9749,15524,650,8,527,2016,9,0,5,1.4,29355.0,4,0,1,1,0,14,8
9750,188,490,21,858,2011,3,1,2,1.3,216858.0,4,0,1,1,0,7,0
9753,15496,836,23,1270,2010,4,1,1,2.0,200221.0,4,0,1,1,0,12,4
9754,51746,631,16,1381,2014,6,0,1,2.2,438886.75,4,1,2,1,0,1,2
9755,9700,0,5,139,1999,9,0,5,2.5,146000.0,6,2,2,1,0,12,6
9757,24283,730,8,287,2016,3,1,5,1.6,60805.0,4,0,1,1,0,8,4
9758,5331,0,5,66,1998,9,1,5,1.8,256848.0,4,0,2,1,1,6,5
9759,3607,1055,32,1208,2013,4,1,2,3.5,163010.0,6,0,1,1,0,1,12
9760,17054,629,23,618,2015,9,1,1,1.6,99335.0,4,0,1,1,0,14,4
9761,1803,761,58,1124,2010,3,1,2,1.8,258909.0,4,0,1,1,0,14,12
9762,5959,0,61,939,2004,1,0,5,1.4,177439.0,4,0,1,0,0,13,4
9763,549,753,23,1298,2012,9,1,2,2.4,243051.0,4,0,1,1,0,14,0
9764,29169,770,23,1401,2016,4,1,1,1.7,170000.0,4,0,1,1,0,14,4
9765,35,0,58,1124,2010,9,0,5,1.6,240000.0,2,0,1,1,0,14,2
9766,13799,574,21,858,2010,9,0,2,1.3,100000.0,4,2,1,1,0,12,10
9767,7213,631,5,1491,2014,4,1,1,3.0,438886.75,6,0,0,1,0,1,0
9768,20228,0,5,8,2008,3,1,1,2.0,188000.0,4,1,2,1,0,0,10
9769,32929,1091,58,423,2016,9,1,5,2.5,42140.0,4,0,1,1,0,14,6
9771,12231,631,21,669,2012,3,0,2,1.3,438886.75,4,0,1,1,1,1,5
9772,14113,0,58,1124,2005,9,0,2,1.5,111111.0,4,0,1,1,0,12,6
9774,2700,0,61,1396,1980,7,0,5,2.0,111111.0,4,1,2,1,0,0,0
9775,6272,0,9,1073,2002,9,0,5,2.0,200000.0,6,1,1,1,0,12,0
9776,43868,879,54,237,2019,4,1,1,1.6,57874.0,4,0,1,1,0,2,4
9777,38574,0,16,722,2016,9,1,6,2.0,59200.0,4,2,1,1,0,14,10
9778,17876,0,46,1001,2011,10,0,1,1.5,300000.0,4,1,1,1,0,14,4
9782,3500,0,42,262,1997,3,0,0,1.6,131000.0,4,1,1,1,0,7,1
9783,8467,0,42,262,2000,9,1,4,2.5,11111.0,6,2,2,1,0,12,7
9785,27598,765,39,1065,2015,4,0,5,2.0,65047.0,4,2,0,1,0,14,10
9786,17249,0,16,1381,2011,6,0,1,2.2,160000.0,4,1,1,1,0,15,1
9787,29793,0,5,1491,2008,4,1,5,3.0,208000.0,6,0,0,1,0,2,8
9788,17249,1024,58,423,2010,9,0,5,2.5,159000.0,4,2,1,1,0,12,9
9789,36065,0,5,144,2012,9,1,5,2.0,120162.0,4,2,2,1,0,14,16
9790,30367,639,23,1270,2014,4,1,1,2.0,45300.0,4,0,1,1,0,2,4
9792,3763,1172,21,1042,2011,9,1,5,3.5,204237.0,6,0,1,1,0,12,12
9793,21297,862,23,812,2011,7,1,1,2.5,72609.0,4,0,1,1,0,12,4
9794,39593,1091,23,812,2016,7,1,1,2.5,127675.0,4,0,1,1,0,12,4
9796,68144,831,21,469,2018,9,1,5,1.5,42857.0,4,0,1,1,0,7,4
9800,470,862,58,423,2011,9,1,5,2.5,214432.0,4,0,1,1,0,2,12
9801,4704,1529,36,305,1995,9,0,0,1.8,0.0,4,1,2,1,0,10,4
9802,23518,934,23,812,2015,7,1,1,2.5,52351.0,4,0,1,1,0,15,4
9803,251,1091,58,423,2016,9,1,5,2.5,89109.0,4,0,1,1,0,14,12
9805,14113,0,5,1491,2004,4,1,5,3.7,206000.0,12,2,0,1,0,2,8
9807,8938,586,58,1124,2012,3,1,2,1.8,323733.0,4,0,1,1,0,7,12
9808,14229,966,23,788,2009,1,1,5,2.0,106325.0,4,0,1,1,0,14,4
9810,15289,836,23,788,2010,1,1,5,2.0,146691.0,4,0,1,1,0,1,4
9812,50030,1017,23,1270,2017,4,1,1,2.0,66340.0,4,0,1,1,0,2,4
9813,7527,0,36,306,1998,9,0,0,2.0,0.0,4,1,2,1,0,12,4
9814,17249,631,58,1124,2011,3,0,2,1.8,438886.75,4,0,1,1,0,1,12
9816,21953,631,58,1124,2015,9,0,2,1.8,438886.75,4,0,1,1,0,1,8
9817,8311,642,23,1298,2012,9,1,4,2.0,71318.0,4,0,1,1,0,14,4
9818,3850,631,55,927,2005,9,0,5,2.0,438886.75,4,0,0,1,1,1,2
9819,7213,0,8,523,2005,3,0,5,1.5,100000.0,4,0,1,1,1,1,4
9820,10976,697,23,618,2015,9,1,5,1.8,83902.0,4,0,1,1,0,7,0
9821,21953,0,61,1090,2017,9,1,5,1.8,39000.0,4,0,1,1,0,5,12
9822,16935,1051,23,1298,2016,9,0,5,2.4,0.0,4,0,1,1,0,0,0
9823,6586,586,23,618,2012,9,0,5,1.8,158080.0,4,0,1,1,0,1,6
9825,7840,1426,16,667,2018,9,1,5,2.7,2792.0,6,0,2,1,0,14,12
9826,200,0,58,916,2004,4,1,1,3.7,170000.0,8,1,0,1,0,12,2
9827,7370,631,5,1511,2013,4,1,5,3.0,438886.75,6,0,0,1,0,1,12
9829,43880,1017,23,1401,2017,4,1,1,2.0,79877.0,4,0,1,1,0,1,4
9833,11917,0,16,1381,2011,6,0,5,1.3,148000.0,4,1,1,1,0,14,8
9835,28909,631,23,1270,2014,4,1,1,2.0,438886.75,4,0,1,1,0,1,4
9836,2430,980,41,1278,2018,9,1,5,1.8,67272.0,4,0,1,1,0,12,12
9837,8467,0,35,976,2005,7,0,5,3.0,20000.0,6,0,1,1,0,7,4
9839,10697,645,8,523,2011,9,1,1,1.8,241768.0,4,0,1,1,0,12,4
9840,27911,631,58,1360,2012,9,1,5,3.7,438886.75,6,0,0,1,0,1,12
9841,19444,831,21,512,2011,4,0,5,2.4,112578.0,4,0,0,1,0,14,6
9842,19883,631,58,251,2013,9,1,5,1.5,438886.75,4,0,1,1,0,1,4
9843,31361,0,58,832,2016,8,0,1,2.4,138400.0,6,1,2,1,0,14,8
9845,9722,922,42,270,2009,9,0,1,1.9,196000.0,4,1,1,1,0,12,10
9846,13015,639,55,1525,2014,4,1,5,2.0,163669.0,4,0,0,1,0,14,0
9848,5018,779,58,1179,2013,4,1,5,2.5,193960.0,4,0,1,1,0,7,12
9850,7213,0,42,262,2000,2,0,0,1.6,200000.0,4,1,1,1,0,1,4
9851,15681,521,8,523,2011,9,1,5,1.4,93000.0,4,2,1,1,0,7,10
9852,7840,0,5,85,2000,9,1,5,2.5,0.0,6,2,2,1,0,10,6
9855,4391,0,61,795,2000,3,0,5,1.8,190000.0,4,0,1,1,1,1,4
9856,11604,707,39,1065,2011,4,0,5,2.0,110400.0,4,0,1,1,0,14,6
9857,78403,0,58,921,2014,4,1,1,3.0,146000.0,6,2,0,2,0,1,12
9858,5500,0,55,855,1998,3,0,5,1.6,280000.0,4,1,0,1,0,6,2
9859,10669,790,8,909,2009,9,1,5,1.6,138681.0,4,0,1,1,0,12,4
9860,18817,0,58,1124,2010,3,0,2,1.8,154000.0,4,0,1,1,0,7,12
9861,15681,0,23,232,2012,9,0,5,1.6,139000.0,4,2,1,1,0,12,0
9862,7370,0,41,1370,2006,3,1,5,1.5,200000.0,4,3,1,1,1,5,6
9863,34497,1058,36,586,2012,9,1,5,3.5,64000.0,6,2,0,1,0,7,12
9864,26657,0,23,618,2016,9,0,5,2.0,77643.0,4,2,1,1,0,4,12
9865,8781,1356,36,753,2014,4,1,5,3.7,81894.0,8,0,0,1,0,7,12
9866,13495,836,23,1270,2010,4,1,1,2.0,55751.0,4,0,1,1,0,1,4
9867,13172,0,58,248,2002,9,0,5,2.0,88000.0,4,1,2,1,1,2,10
9868,41397,631,36,371,2014,9,1,5,2.0,438886.75,4,2,1,1,0,1,12
9869,5018,0,55,706,1998,4,0,5,2.0,200000.0,4,0,0,1,1,12,0
9870,32302,631,36,586,2014,9,1,5,3.7,438886.75,8,0,0,1,0,1,12
9871,1803,528,23,232,2014,3,1,5,1.6,82602.0,4,0,1,1,0,2,12
9872,15681,645,58,1124,2011,9,1,2,1.8,63500.0,4,0,1,1,0,12,0
9873,34400,891,23,1401,2016,4,1,1,2.0,79000.0,4,0,1,1,0,12,4
9875,15367,0,28,1049,2011,9,0,5,2.4,120000.0,4,0,1,1,1,4,2
9877,37006,1018,36,586,2011,9,1,1,3.0,227200.0,6,2,2,1,0,1,12
9878,50,0,58,256,2014,3,1,2,1.5,127000.0,4,0,1,1,1,7,7
9879,21639,639,33,951,2014,9,1,5,2.0,43000.0,4,0,1,1,0,1,10
9880,6586,0,42,262,1999,10,0,0,2.0,220000.0,4,1,1,1,0,6,4
9881,44752,880,54,237,2018,4,1,1,1.6,40137.0,4,0,1,1,0,7,4
9882,7997,583,11,909,2011,9,1,5,1.6,58284.0,4,0,1,1,0,14,4
9883,6272,1586,28,1318,2007,4,1,1,2.5,72895.0,4,0,1,1,0,14,4
9884,21950,0,16,722,2012,9,1,2,2.0,272000.0,4,3,1,1,0,14,12
9885,18660,382,28,1049,2014,9,1,2,2.4,114000.0,4,0,1,1,0,2,10
9887,1725,474,15,116,2013,4,1,5,1.4,106902.0,4,0,1,1,0,11,12
9888,18817,650,61,870,2016,9,0,5,1.4,96000.0,4,2,1,1,0,1,12
9889,8467,0,56,809,2003,4,0,0,2.7,259200.0,6,0,0,1,0,12,4
9891,706,919,16,722,2012,9,1,5,3.0,149822.0,6,0,1,1,0,2,12
9893,38229,631,23,812,2016,7,1,1,2.5,438886.75,4,0,1,1,0,1,4
9895,19444,308,58,1146,2014,9,0,2,1.8,350000.0,4,0,1,1,0,14,12
9896,6500,1236,35,545,2011,3,0,5,1.3,72000.0,4,0,1,1,1,1,2
9897,11917,1267,58,251,2013,3,0,2,1.5,18000.0,4,0,1,1,1,14,6
9898,23521,0,58,1124,2012,9,0,2,1.8,84021.0,4,0,1,1,1,4,8
9899,3450,631,58,423,2019,9,1,2,2.5,438886.75,4,0,1,1,0,1,12
9900,20071,0,58,1132,2015,3,0,2,1.5,60800.0,4,2,1,1,0,7,6
9901,13799,0,28,1194,2012,3,0,5,1.3,16000.0,4,1,1,1,0,12,4
9902,10506,1266,58,251,2014,3,0,2,1.5,122000.0,4,3,1,1,1,12,0
9904,34905,631,23,812,2014,7,1,1,2.5,438886.75,4,0,1,1,0,1,4
9905,9722,631,41,1478,2003,4,1,5,2.0,438886.75,4,0,0,1,0,1,8
9906,4200,0,42,1416,1997,9,0,5,1.6,6666.0,4,1,1,1,0,5,4
9907,20800,781,58,1179,2012,4,0,5,2.5,77000.0,4,0,1,1,0,14,6
9908,38163,1091,23,812,2016,7,1,1,2.5,104000.0,4,0,1,1,0,2,4
9911,10000,0,21,1344,2000,7,0,4,2.0,100000.0,4,0,0,1,1,12,2
9912,68148,1077,23,1270,2019,4,1,1,2.0,47778.0,4,0,1,1,0,7,4
9914,13500,761,58,1124,2010,9,0,2,1.8,141000.0,4,2,1,1,0,11,8
9915,470,1327,58,1179,2018,4,1,5,2.5,17214.0,4,0,0,1,0,1,12
9917,56450,0,36,961,2012,4,1,1,3.5,107000.0,6,2,0,1,0,14,6
9918,6899,0,39,240,2002,4,0,5,2.0,165000.0,4,2,0,1,1,1,2
9919,34240,877,23,1401,2017,4,1,1,1.7,131959.0,4,0,1,1,0,14,4
9920,1411,631,36,586,2009,9,1,1,3.5,438886.75,6,0,0,1,0,1,12
9923,18817,0,23,618,2011,9,1,5,1.8,119000.0,4,2,1,1,0,7,12
9925,5018,631,16,722,2016,9,1,5,2.0,438886.75,4,0,1,1,0,1,12
9926,3058,631,35,14,2014,9,1,5,2.5,438886.75,4,0,1,1,0,1,12
9927,25089,0,58,1179,2011,4,0,5,2.5,150400.0,4,0,0,1,0,3,8
9928,14113,0,16,1381,1999,6,0,1,2.5,136000.0,4,1,2,1,0,14,2
9929,12272,501,58,251,2014,3,1,5,1.5,141053.0,4,0,1,1,0,14,4
9930,3293,900,23,1298,2015,9,1,5,2.4,114885.0,4,0,1,1,0,1,12
9931,10450,0,21,669,2012,3,0,2,1.3,311000.0,2,0,1,1,1,14,6
9932,38400,642,5,144,2012,9,1,5,2.0,158400.0,4,2,2,1,0,1,12
9933,8154,0,41,1370,2005,3,1,5,1.5,130000.0,4,0,1,1,1,12,4
9934,17305,707,23,1298,2011,9,1,5,2.0,157224.0,4,0,1,1,0,7,4
9935,3293,978,58,492,2019,9,1,5,1.8,54307.0,4,0,1,1,0,1,12
9936,38809,639,23,1270,2014,4,1,1,2.0,152914.0,4,0,1,1,0,7,4
9937,30405,585,21,469,2013,9,1,5,1.8,131782.0,4,0,1,1,0,11,4
9938,19444,631,16,730,2013,9,0,2,2.0,438886.75,4,0,1,1,0,1,8
9939,28225,631,23,925,2017,9,0,5,2.0,438886.75,4,0,1,1,0,1,8
9940,27284,1586,41,1107,2010,4,1,5,3.7,120000.0,4,0,0,1,0,7,0
9941,18817,442,8,978,2017,9,1,2,1.8,30000.0,4,2,1,1,0,1,0
9942,40224,765,23,1401,2015,4,1,1,2.0,100369.0,4,0,1,1,0,14,4
9943,18983,626,28,461,2015,9,1,5,1.6,89106.0,4,0,1,1,0,1,4
9944,20385,1624,36,337,2009,9,1,5,3.5,200000.0,6,2,2,1,0,0,0
9945,1568,639,61,870,2014,9,1,1,2.0,119926.0,4,0,1,1,0,14,12
9946,16138,503,58,251,2012,9,1,2,1.5,118000.0,4,0,1,1,0,15,4
9947,10349,0,58,1124,2007,9,0,2,1.5,180000.0,4,3,1,1,0,12,0
9948,39750,1249,23,812,2017,10,1,1,2.5,73357.0,4,0,1,1,0,14,4
9950,58507,731,8,978,2019,9,1,5,1.3,1878.0,4,0,1,1,0,14,4
9951,20385,0,28,1049,2012,9,0,2,2.4,148000.0,4,2,1,1,0,1,10
9952,18189,645,58,423,2011,9,0,5,1.8,140000.0,4,0,1,1,0,14,6
9953,5959,0,41,982,2003,3,0,5,1.4,135000.0,4,0,1,1,1,13,6
9954,10349,0,36,1240,2000,9,1,5,3.7,145000.0,8,0,2,1,0,5,8
9955,2900,0,42,717,1998,4,0,5,2.0,15000.0,4,1,0,0,0,0,0
9957,19444,697,61,1090,2015,9,1,5,1.8,35000.0,4,2,1,1,0,14,0
9961,94,779,55,706,2013,4,1,5,2.5,74688.0,4,0,0,1,0,12,0
9962,11290,765,55,855,2015,9,1,5,2.0,55000.0,4,2,1,1,0,14,8
9963,7527,0,36,568,1998,9,0,5,2.4,270000.0,6,1,2,1,0,12,6
9964,17562,934,41,1228,2015,4,0,5,2.5,95000.0,4,0,0,1,0,12,0
9966,32929,631,58,915,2001,4,0,1,3.7,438886.75,6,1,0,1,0,1,4
9967,14113,0,58,251,2013,3,1,5,1.5,139000.0,4,0,1,1,0,12,12
9969,13015,830,16,646,2019,9,1,5,1.5,4309.0,4,0,1,1,0,14,12
9970,44500,1277,39,1065,2018,4,1,5,2.4,12345.0,4,2,0,1,0,1,12
9972,68681,631,36,763,2016,4,1,5,3.5,438886.75,6,0,0,1,0,1,0
9974,43868,730,54,237,2016,4,1,1,1.6,42819.0,4,0,1,1,0,1,4
9975,24462,0,23,1428,2016,3,1,5,1.6,77000.0,4,1,1,0,0,5,8
9976,470,753,28,1049,2012,9,1,2,2.4,0.0,4,0,1,1,0,1,12
9977,10349,0,41,1476,2005,4,0,5,3.7,313600.0,6,1,0,1,0,1,4
9979,11604,502,21,669,2013,9,0,5,1.5,47000.0,4,2,1,1,0,2,12
9980,7840,0,61,870,2007,9,0,5,2.5,316501.0,1,0,1,1,0,12,0
9982,19757,585,58,1124,2013,3,0,2,1.8,195000.0,4,0,1,1,0,1,12
9983,10506,730,41,1435,2016,9,0,5,1.6,71069.0,4,0,1,1,0,1,6
9985,8467,503,21,669,2012,3,0,5,1.5,33000.0,4,2,1,1,0,1,10
9986,941,900,27,483,2015,4,1,5,2.4,112635.0,4,0,1,1,0,1,12
9987,392,631,58,1179,2016,4,1,5,2.5,438886.75,4,0,0,1,0,1,12
9989,8781,0,16,1381,1995,6,0,1,2.5,30000.0,4,1,2,2,0,4,2
9990,11917,0,41,1022,2004,4,1,0,3.5,233600.0,6,3,0,1,0,12,6
9991,23414,779,23,812,2013,10,1,1,2.5,193881.0,4,0,1,1,0,12,4
9992,1411,891,23,618,2016,3,1,5,2.0,47074.0,4,0,1,1,0,12,12
9993,10976,0,16,1024,2005,1,0,5,3.7,124000.0,6,0,2,0,0,4,6
9994,9408,0,36,1242,1999,9,1,5,3.7,25000.0,8,2,2,1,0,1,6
9995,12858,518,58,423,2016,9,1,2,2.5,67429.0,4,0,1,1,0,5,12
9996,15681,0,36,970,2004,4,1,4,3.7,299200.0,8,0,0,1,0,1,8
9997,31047,631,36,586,2014,9,1,1,3.5,438886.75,6,0,0,1,0,1,12
9998,21326,631,36,585,2007,9,1,1,3.0,438886.75,6,2,2,1,0,1,12
10000,35900,640,36,371,2013,9,1,5,2.0,97000.0,4,2,1,1,0,1,12
10001,27654,640,23,1401,2013,4,1,1,2.0,118409.0,4,0,1,1,0,11,4
10002,20005,583,23,618,2011,9,1,5,1.6,129013.0,4,0,1,1,0,7,4
10003,16935,1195,16,1381,2008,6,0,1,2.2,182320.0,4,1,1,1,0,14,4
10005,9408,0,42,1536,2002,7,0,5,2.2,111111.0,4,1,1,1,0,7,12
10007,125,631,58,1406,2013,1,1,5,3.7,438886.75,8,0,2,1,0,1,12
10008,16308,640,23,1298,2013,9,1,5,2.0,194210.0,4,0,1,1,0,1,4
10009,26657,0,5,154,2009,9,1,5,3.0,163000.0,6,2,0,1,0,2,8
10012,26971,0,8,1463,2013,9,1,6,1.4,129000.0,4,0,1,1,0,7,8
10013,15681,0,58,1124,2010,3,1,4,1.8,360000.0,4,3,1,1,0,2,4
10014,16308,645,58,1124,2011,9,0,2,1.8,158836.0,4,0,1,1,0,0,12
10015,49864,1399,32,1201,2010,4,1,5,3.5,82021.0,4,0,1,1,0,7,4
10016,13172,707,13,417,2011,3,0,5,2.0,89000.0,4,0,1,1,0,14,0
10017,15053,738,8,523,2017,9,0,5,1.4,0.0,4,0,1,1,0,14,0
10020,9408,0,39,1079,1998,4,0,5,1.8,196000.0,4,0,0,1,0,6,2
10022,9408,394,58,423,2014,9,0,2,2.5,130000.0,4,0,1,1,0,1,12
10024,15367,0,56,1259,1996,4,0,5,1.3,75000.0,4,1,0,0,1,7,0
10026,19444,631,58,1124,2010,3,1,2,1.8,438886.75,4,3,1,1,0,1,10
10027,32973,639,8,444,2014,4,1,1,2.0,130791.0,4,0,1,1,0,14,4
10029,57391,631,58,364,2018,4,1,5,1.2,438886.75,4,2,0,1,0,1,12
10030,2979,631,35,3,2015,4,1,5,2.5,438886.75,4,0,0,1,0,1,12
10031,32615,639,5,71,2014,9,1,5,2.0,59733.0,4,2,2,1,0,1,12
10032,1490,810,23,618,2016,9,1,5,1.8,91838.0,4,0,1,1,0,12,12
10033,39189,831,21,669,2018,3,1,5,1.5,6213.0,4,0,1,1,0,2,4
10037,9408,0,53,1039,2004,9,0,1,2.0,300000.0,4,1,1,1,0,1,8
10038,14113,0,16,693,2013,3,0,5,1.6,89000.0,4,0,1,1,0,2,9
10039,314,1598,5,88,2008,1,1,5,3.0,96000.0,6,2,0,0,0,14,12
10040,24681,707,23,1401,2011,4,1,1,2.0,135691.0,4,0,1,1,0,7,4
10041,5865,631,11,909,2009,9,1,1,2.0,438886.75,4,0,1,1,0,1,4
10043,6000,0,3,209,2003,9,1,5,1.8,0.0,4,2,0,1,0,7,6
10044,1019,765,5,88,2015,9,1,5,2.0,111166.0,4,0,2,1,0,12,12
10045,11290,690,32,1208,2016,4,1,2,3.5,59858.0,6,0,1,1,0,12,12
10046,9832,707,8,523,2011,9,1,1,2.0,169875.0,4,0,1,1,0,14,4
10047,11917,0,21,669,2010,3,0,5,1.5,206400.0,4,2,1,1,0,7,6
10048,1882,631,36,586,2014,9,1,5,3.5,438886.75,6,0,2,1,0,1,12
10050,18817,0,23,618,2014,9,0,5,1.8,116800.0,4,2,2,1,0,14,0
10051,14897,862,23,812,2011,7,1,1,2.5,54862.0,4,0,1,1,0,15,4
10052,28222,0,36,1451,2005,7,0,1,2.2,308050.0,4,1,2,1,0,12,4
10053,20385,0,61,1231,2010,7,1,5,3.7,123200.0,6,0,1,1,0,1,4
10055,16621,0,17,29,2001,9,1,5,3.0,135000.0,6,2,1,1,0,14,7
10056,8467,639,23,1298,2014,9,1,4,2.0,419603.0,4,0,1,1,0,8,4
10057,3920,738,8,523,2017,9,1,5,1.4,52661.0,4,0,1,1,0,1,12
10058,16621,1185,58,423,2009,9,0,5,2.5,60250.0,4,2,1,1,0,11,16
10059,30,0,21,669,2002,3,0,5,1.3,0.0,4,0,1,1,1,12,4
10061,14740,0,16,700,2013,3,1,5,1.5,197000.0,4,1,1,1,0,1,2
10062,20005,631,54,237,2011,4,1,1,2.0,438886.75,4,0,1,1,0,1,4
10063,35,0,58,1124,2014,9,0,2,1.8,160960.0,4,3,1,1,0,14,0
10064,43143,1079,23,618,2018,9,1,5,2.0,35168.0,4,0,1,1,0,7,4
10068,18503,1211,36,332,2010,9,1,5,3.0,12200.0,6,2,2,1,0,14,8
10069,26030,0,31,923,2007,4,1,1,2.7,200000.0,6,2,0,1,0,1,4
10070,9722,0,39,1077,1995,4,1,0,3.5,0.0,6,0,0,1,0,14,0
10071,27190,631,8,978,2014,9,1,5,2.0,438886.75,4,0,1,1,0,1,4
10072,13962,836,23,1270,2010,4,1,1,2.0,259385.0,4,0,1,1,0,12,4
10074,24415,640,8,1060,2013,4,1,1,2.0,40299.0,4,0,1,1,0,12,4
10076,7213,0,42,1536,1999,10,0,1,2.0,290000.0,4,1,1,1,0,12,2
10077,6300,0,58,1412,2003,7,0,5,2.0,438886.75,4,0,1,1,1,1,5
10078,470,631,32,1201,2010,4,1,5,3.5,438886.75,6,0,0,1,0,1,12
10079,26657,0,38,507,2013,4,1,5,1.6,124800.0,4,2,0,1,0,1,6
10080,42024,0,58,1124,2016,3,0,5,1.8,83000.0,4,0,1,1,0,7,12
10083,470,631,36,961,2015,4,1,5,3.5,438886.75,6,0,0,1,0,1,12
10084,5645,631,58,1105,2005,3,0,5,1.0,438886.75,4,0,1,1,1,1,2
10086,8377,308,58,251,2015,3,1,2,1.5,178442.0,4,0,1,1,0,12,4
10087,11851,631,8,287,2012,3,1,5,1.6,438886.75,4,0,1,1,0,1,4
10088,15063,1024,23,812,2010,7,1,1,2.5,52717.0,4,0,1,1,0,1,4
10089,18817,1275,28,1323,2019,4,1,5,2.4,18206.0,4,0,0,1,0,1,12
10090,51028,1079,23,1270,2018,4,1,1,2.0,102934.0,4,0,1,1,0,14,4
10091,14426,631,39,1065,2005,4,0,5,2.4,438886.75,4,2,0,1,1,1,2
10092,11133,0,58,867,2005,3,0,4,1.5,137000.0,4,0,1,1,1,1,2
10093,10349,1268,58,251,2012,3,0,2,1.5,131000.0,4,0,1,1,1,1,6
10094,2901,749,23,1298,2014,9,1,5,2.4,158714.0,4,0,1,1,0,14,12
10095,11604,562,8,523,2015,9,0,5,1.4,76000.0,4,0,1,1,0,2,0
10096,31361,0,36,1326,2004,6,1,1,2.7,200000.0,5,1,2,0,0,14,2
10097,10976,0,36,582,2000,9,1,0,3.2,0.0,6,2,2,1,0,12,6
10098,73698,631,58,423,2019,9,1,5,2.5,438886.75,4,0,1,1,0,1,12
10101,10000,0,36,1445,2006,7,0,1,2.2,1000.0,4,1,2,1,0,2,4
10102,8467,0,58,867,2002,3,0,5,1.5,121000.0,4,2,1,1,1,12,4
10104,11917,0,27,807,2004,4,1,4,3.7,363200.0,6,0,0,1,0,2,4
10105,35570,777,23,812,2014,7,1,1,2.5,32000.0,4,0,1,1,0,7,4
10107,43576,831,54,237,2017,4,1,1,1.6,42891.0,4,0,1,1,0,11,4
10108,42000,0,36,1326,2010,6,1,1,2.7,300000.0,4,1,2,2,0,14,2
10110,19121,531,23,618,2012,9,1,5,1.6,112243.0,4,0,1,1,0,14,4
10112,24775,441,28,1049,2015,9,1,2,2.4,87890.0,4,2,1,1,0,1,6
10113,15367,631,21,669,2011,3,0,5,1.5,438886.75,4,0,1,1,0,1,6
10114,14113,0,41,720,2008,9,1,5,3.5,165000.0,6,2,2,1,1,6,8
10115,6743,687,11,909,2010,9,1,1,1.6,75840.0,4,0,1,1,0,1,4
10116,5645,0,39,1079,1998,4,0,5,1.8,125000.0,4,0,0,0,0,6,4
10117,26971,0,5,97,2011,9,1,1,3.0,250000.0,6,2,1,1,0,1,6
10118,25089,639,23,1311,2014,9,1,5,2.0,86400.0,4,2,1,1,0,8,12
10120,16308,0,58,251,2014,3,0,2,1.5,12800.0,4,0,1,1,1,14,4
10121,549,1288,41,1278,2007,9,1,5,2.0,0.0,4,0,1,1,0,1,12
10122,10976,790,23,838,2009,9,1,5,1.6,79027.0,4,0,1,1,0,1,4
10123,941,753,23,1298,2012,9,1,5,2.4,215266.0,4,0,1,1,0,7,12
10124,18817,0,36,1326,2005,6,0,1,2.7,22700.0,6,2,2,1,0,14,2
10125,94083,431,5,1491,2016,4,1,6,2.0,58000.0,4,2,0,1,0,1,12
10126,22357,836,23,1401,2010,4,1,1,2.0,214639.0,4,0,1,1,0,1,4
10127,13203,527,21,669,2015,3,1,5,1.3,137533.0,4,0,1,1,0,12,4
10128,33870,631,3,228,2012,9,1,5,3.7,438886.75,8,0,0,1,0,1,10
10129,17553,631,23,788,2009,1,1,5,2.0,438886.75,4,0,1,1,0,1,4
10130,10036,0,5,1491,2002,9,1,5,3.0,321430.0,6,0,0,1,0,7,8
10131,2038,333,16,722,2014,9,1,2,2.0,165442.0,4,0,1,1,0,1,12
10132,18033,631,38,506,2013,4,1,5,1.6,438886.75,4,1,1,1,0,1,10
10133,20385,0,45,453,2008,4,1,5,3.7,260000.0,8,2,0,1,0,1,12
10134,7213,0,36,961,2003,4,1,0,3.5,178000.0,6,0,0,1,0,2,8
10135,7997,0,5,139,2000,9,1,5,2.5,200000.0,6,1,2,1,1,2,6
10136,21953,585,58,1124,2013,9,1,2,1.8,105600.0,4,0,1,1,0,1,10
10137,49174,0,58,251,2012,3,0,2,1.5,199450.0,4,3,1,1,1,14,4
10138,53941,631,32,1201,2013,4,1,5,3.5,438886.75,6,2,1,1,0,1,12
10139,25889,707,54,902,2011,4,1,1,2.0,85000.0,4,0,1,1,0,7,4
10140,53521,971,23,1270,2016,4,1,1,2.2,130279.0,4,0,1,1,0,3,4
10141,4391,631,16,1381,1992,6,0,1,2.5,438886.75,4,1,2,1,0,1,0
10142,6586,1077,58,364,2019,4,1,5,2.0,19968.0,4,0,1,1,0,14,12
10144,30784,777,23,812,2014,7,1,1,2.5,136711.0,4,0,1,1,0,12,4
10145,10663,642,16,697,2012,3,0,5,2.0,160000.0,4,2,1,1,0,1,8
10146,4861,631,0,950,2012,4,1,5,3.7,438886.75,6,0,0,1,0,1,12
10147,10873,502,58,251,2013,3,1,5,1.5,154000.0,4,0,1,1,0,12,4
10148,18654,862,23,812,2011,7,1,1,2.5,69624.0,4,0,1,1,0,1,4
10150,9408,0,58,848,2005,7,0,5,2.0,198555.0,4,0,0,1,1,12,4
10151,14740,0,58,1124,2010,3,1,5,1.8,120000.0,4,3,1,1,0,1,6
10153,1254,1079,23,618,2018,9,1,5,2.0,48171.0,4,0,1,1,0,11,12
10154,15681,631,58,251,2012,3,0,2,1.5,438886.75,4,3,1,1,1,1,4
10155,21103,730,23,618,2016,9,1,1,1.6,91314.0,4,0,1,1,0,7,4
10156,10663,915,3,1164,2014,4,1,1,3.0,98803.0,6,0,0,1,0,7,0
10157,28225,777,58,1179,2014,4,1,5,2.5,116442.0,4,0,0,1,0,7,0
10159,14740,0,58,492,2007,9,0,5,1.6,179000.0,4,2,1,1,0,7,0
10160,3800,0,42,1423,2001,3,1,5,2.6,219200.0,6,0,1,1,1,1,6
10161,53872,971,54,1192,2016,4,1,1,2.2,14950.0,4,0,1,1,0,12,4
10162,87811,631,58,423,2018,9,1,5,3.5,438886.75,6,0,1,1,0,1,10
10163,22580,650,8,523,2016,9,0,5,1.4,64000.0,4,2,1,1,0,14,8
10164,15367,503,58,1132,2012,3,0,2,1.5,202000.0,4,3,1,1,0,1,0
10165,39201,0,5,185,2010,9,1,5,3.0,158000.0,6,2,2,1,0,7,12
10166,282,0,16,1381,2000,6,0,1,2.3,1000.0,4,1,2,1,0,14,0
10167,6586,0,42,262,2000,3,0,5,1.6,250000.0,4,1,1,1,0,14,4
10168,549,631,58,492,2010,9,1,5,1.8,438886.75,4,0,1,1,0,1,12
10170,14069,707,54,237,2011,4,1,1,2.0,209900.0,4,0,1,1,0,12,4
10171,941,1292,3,1160,2016,4,1,5,3.0,438886.75,6,0,0,1,0,1,0
10172,20855,1051,39,1065,2016,4,0,5,2.4,68985.0,4,0,1,1,0,12,0
10173,18817,583,41,889,2011,4,0,5,1.6,126117.0,4,2,1,1,0,3,0
10174,21972,642,23,1401,2012,4,1,1,2.0,162957.0,4,0,1,1,0,14,4
10175,10349,631,41,1477,2004,4,1,0,2.0,438886.75,4,0,0,1,1,1,6
10176,21918,891,23,1298,2016,9,1,5,2.0,19088.0,4,0,1,1,0,14,4
10181,44003,880,54,237,2018,4,1,5,1.6,24372.0,4,0,1,1,0,2,4
10182,7997,0,39,1079,1999,4,0,5,1.8,185000.0,4,0,0,1,0,14,4
10183,862,1399,16,1362,2010,9,1,5,3.5,236770.0,6,0,1,1,0,1,12
10184,17249,0,58,1124,2010,3,1,2,1.8,171000.0,4,3,1,1,0,9,10
10185,627,441,28,1049,2015,9,1,2,2.4,70936.0,4,0,1,1,0,1,12
10186,862,1356,36,753,2014,4,1,5,3.7,153536.0,8,0,0,1,0,2,12
10187,17562,0,5,1491,2005,4,1,4,3.0,71000.0,6,2,0,1,1,12,10
10188,10036,639,23,1298,2014,9,1,4,2.0,438886.75,4,0,1,1,0,12,4
10189,11290,0,36,308,2001,9,0,5,2.0,195000.0,4,1,1,1,0,12,6
10190,15367,765,23,1298,2015,9,1,4,2.0,409910.0,4,0,1,1,0,12,4
10191,15035,836,23,1298,2010,9,1,5,2.0,193953.0,4,0,1,1,0,12,4
10192,9500,631,36,41,2001,9,1,1,2.2,438886.75,4,2,2,1,0,1,6
10194,21639,586,58,1146,2012,10,1,2,1.8,198000.0,4,0,1,1,0,14,8
10195,25365,911,23,1270,2010,4,1,1,2.2,149046.0,4,0,1,1,0,12,4
10196,8154,777,35,14,2014,9,1,5,2.5,57058.0,4,0,1,1,0,7,12
10197,14113,0,36,599,2003,9,1,5,3.7,130000.0,8,2,1,1,0,1,12
10198,7213,1486,21,669,2010,3,0,5,1.3,9200.0,4,3,1,1,1,2,2
10199,10349,843,58,1124,2008,3,0,2,1.5,120000.0,4,0,1,1,0,2,7
10200,10036,0,3,209,2002,9,1,5,1.8,324000.0,4,2,0,1,0,12,4
10201,12544,0,36,290,2006,3,0,4,1.7,109000.0,4,2,1,1,1,14,8
10202,15035,583,23,618,2011,9,1,5,1.6,174391.0,4,0,1,1,0,14,4
10203,35338,640,54,1192,2013,4,1,1,2.0,142000.0,4,0,1,1,0,14,4
10204,29777,765,23,1401,2015,4,1,1,2.0,66000.0,4,0,1,1,0,14,4
10205,44247,631,23,1270,2016,4,1,1,2.0,438886.75,4,0,1,1,0,1,4
10209,2509,0,55,1176,2003,9,0,5,0.7,50000.0,3,0,1,1,1,1,4
10210,23521,631,41,1108,2010,4,1,5,3.7,438886.75,6,2,0,1,0,1,12
10212,1176,640,28,284,2013,9,1,5,2.0,265618.0,4,0,1,1,0,14,12
10214,27284,934,58,423,2015,9,1,5,2.5,80000.0,4,0,1,1,0,1,8
10215,17813,447,21,669,2013,10,1,5,1.3,68614.0,4,0,1,1,0,1,4
10218,11447,986,32,820,2010,9,1,2,2.4,11111.0,4,3,1,1,0,12,12
10219,10976,0,16,1381,1999,6,0,1,2.5,241000.0,4,1,2,0,0,14,2
10220,93769,2216,8,1348,2016,4,1,5,3.7,170000.0,8,2,0,1,0,1,12
10222,6586,642,23,1298,2012,9,1,4,2.0,438886.75,4,0,1,1,0,12,4
10225,41553,891,23,1270,2016,4,1,1,2.0,142040.0,4,0,1,1,0,1,4
10226,862,631,36,586,2010,9,1,1,3.5,438886.75,6,0,0,1,0,1,12
10227,24123,836,23,1401,2010,4,1,1,2.0,138185.0,4,0,1,1,0,12,4
10228,11992,631,23,618,2007,9,1,5,1.6,438886.75,4,0,1,1,0,1,4
10229,21953,690,16,722,2016,9,0,5,1.5,91200.0,4,2,1,1,0,4,8
10230,99440,518,32,1030,2016,4,1,2,2.5,40450.0,4,0,1,1,0,14,4
10231,392,1324,9,1379,2010,9,1,5,3.3,438886.75,6,0,1,0,0,14,12
10232,18817,730,23,618,2016,9,1,5,1.6,32595.0,4,0,1,1,0,12,4
10234,7056,833,28,1323,2010,4,1,1,2.0,64741.0,4,0,1,1,0,12,4
10235,32302,0,3,1160,2011,3,1,5,2.0,148000.0,4,2,0,1,0,2,8
10236,42551,877,23,1401,2017,4,1,1,1.7,81070.0,4,0,1,1,0,14,4
10238,103491,0,5,1491,2018,4,1,1,2.5,59364.0,6,2,0,1,0,2,12
10239,6899,0,36,308,2001,9,1,0,2.0,100000.0,4,1,2,1,1,12,10
10241,20385,631,58,1124,2012,3,0,2,1.8,438886.75,4,3,1,1,0,1,6
10242,17562,0,15,119,2012,9,0,5,1.4,100000.0,6,1,1,0,0,7,6
10243,100,0,58,1412,2003,7,0,5,2.0,200000.0,4,0,1,1,1,12,2
10244,35124,1017,3,1160,2017,4,1,5,2.0,0.0,4,0,0,1,0,14,0
10245,26591,2108,32,906,2009,9,1,5,3.7,132022.0,4,0,1,1,0,12,4
10247,19707,836,23,1401,2010,4,1,1,2.0,232801.0,4,0,1,1,0,7,4
10248,90,0,5,1491,2006,4,1,1,3.0,13000.0,6,2,0,1,0,1,6
10250,16500,585,58,1124,2013,3,0,2,1.8,91373.0,4,0,1,1,0,13,8
10252,21953,0,41,889,2013,4,1,5,1.6,91000.0,4,0,0,1,0,7,4
10253,131716,0,58,921,2018,4,1,1,3.0,5292.0,6,0,0,1,0,14,12
10254,10349,0,58,990,2003,3,0,4,1.8,190400.0,4,0,1,1,0,12,8
10255,32929,0,5,154,2012,9,1,5,3.0,152000.0,6,2,2,1,0,1,8
10257,8467,0,5,42,2004,9,0,5,2.5,190000.0,6,2,2,1,1,1,2
10258,7840,0,16,1381,1995,6,0,1,2.5,438886.75,4,1,2,1,0,11,2
10259,26030,0,23,1401,2010,4,1,1,2.0,61257.0,4,2,1,1,0,7,10
10260,13877,585,8,523,2013,9,1,5,1.8,95112.0,4,0,1,1,0,14,4
10261,22000,0,23,812,2007,7,1,1,2.5,68000.0,4,0,2,1,0,15,2
10263,549,810,23,618,2016,9,1,5,1.8,47422.0,4,0,1,1,0,1,12
10265,157,0,47,1115,1939,0,1,5,3.7,129000.0,8,0,2,1,0,12,0
10267,10000,0,41,1121,2004,7,0,4,2.5,0.0,4,0,0,1,1,0,4
10268,16308,645,58,1124,2011,3,0,2,1.8,174400.0,4,0,1,1,0,11,6
10270,6899,0,55,706,2002,4,0,0,2.0,205000.0,4,0,0,1,1,12,4
10271,399,0,36,738,2005,4,1,5,3.7,111111.0,8,2,0,1,0,12,8
10272,2979,0,46,910,1995,3,0,0,1.8,217000.0,4,1,1,1,0,6,4
10273,549,1053,36,586,2014,1,1,5,3.5,103427.0,6,0,2,0,0,1,12
10275,3800,0,3,219,1998,9,1,5,2.8,416000.0,6,2,0,1,0,5,0
10276,16621,0,16,693,2016,3,0,5,1.6,50393.0,4,0,1,1,0,12,6
10277,19444,1935,36,1246,2016,9,1,5,3.7,67882.0,8,0,2,1,0,7,12
10278,10036,0,24,690,2004,4,1,5,3.7,300000.0,6,2,2,1,0,7,6
10279,314,862,58,423,2011,9,1,5,2.5,211810.0,4,0,1,1,0,11,12
10283,22843,971,54,902,2016,4,1,1,2.2,234902.0,4,0,1,1,0,2,4
10284,11290,631,28,1049,2011,9,0,2,2.4,438886.75,4,2,1,1,0,1,12
10287,470,1249,58,423,2017,9,1,5,2.5,70232.0,4,0,1,1,0,14,12
10288,8700,0,62,1256,2003,9,1,5,2.4,219200.0,4,0,1,1,0,1,8
10290,9095,0,39,475,2007,3,0,5,1.3,164500.0,4,1,1,1,0,13,4
10291,12544,0,58,1124,2007,3,1,5,1.5,0.0,4,3,1,1,0,14,12
10293,19757,639,5,88,2014,9,1,5,2.0,128784.0,4,0,2,1,0,1,12
10294,11604,0,36,953,2001,4,1,1,2.7,294000.0,5,2,0,1,1,12,6
10295,83107,1325,23,812,2019,7,1,1,2.5,21442.0,4,0,1,1,0,14,4
10296,11917,0,23,1425,2013,1,1,5,1.6,113000.0,4,0,1,0,0,1,6
10298,16935,0,28,713,2016,9,0,5,1.8,65600.0,4,2,1,1,0,7,10
10299,4234,1202,23,1270,2017,4,1,5,2.4,69757.0,4,0,1,1,0,7,12
10301,15681,631,58,1124,2012,9,0,5,1.8,438886.75,4,3,1,1,0,1,12
10302,10976,631,42,270,2009,1,0,5,1.6,438886.75,4,1,1,0,0,1,6
10304,55515,1079,23,1270,2018,4,1,1,2.0,102934.0,4,0,1,1,0,14,4
10305,24148,631,58,1132,2014,3,0,2,1.5,438886.75,4,0,1,1,0,1,10
10306,3000,0,5,134,1988,9,0,5,2.0,222222.0,6,1,2,1,0,1,1
10307,12800,0,16,1381,2001,6,0,1,2.0,0.0,4,1,1,0,0,14,2
10308,39161,730,54,237,2016,4,1,5,1.6,49145.0,4,0,1,1,0,14,4
10310,10506,501,35,993,2014,3,0,5,1.5,62967.0,4,0,1,1,0,2,6
10312,56340,1053,16,661,2014,4,1,5,3.5,88033.0,4,0,1,1,0,14,4
10315,12074,986,8,978,2010,9,0,5,2.4,304000.0,4,0,1,1,0,14,10
10316,14113,0,5,1487,2005,4,1,5,3.0,288000.0,6,0,0,1,0,12,10
10318,12800,584,58,867,2014,3,0,5,1.8,127800.0,4,0,1,1,0,2,8
10319,11290,0,5,1491,2000,4,1,5,3.7,217000.0,8,2,0,1,0,1,12
10321,13172,0,21,617,2006,10,1,1,2.2,300000.0,4,1,1,1,0,12,0
10322,73633,1176,23,1270,2019,4,1,1,2.2,15936.0,4,0,1,1,0,7,4
10323,7213,966,8,444,2009,4,1,1,2.0,45228.0,4,0,1,1,0,14,4
10325,45473,0,36,1445,2014,7,1,1,2.2,287000.0,6,0,1,1,0,0,12
10326,8781,0,36,305,1998,9,0,5,1.8,0.0,4,1,2,1,0,12,2
10327,6272,0,35,545,2002,3,0,5,1.5,110000.0,4,0,1,1,1,12,2
10328,13962,836,23,1401,2010,4,1,1,2.0,122222.0,4,0,1,1,0,12,4
10329,251,631,58,1124,2016,3,1,2,1.5,438886.75,4,0,1,1,0,1,12
10331,53314,915,5,154,2014,9,1,5,3.0,81000.0,6,2,0,1,0,12,14
10332,220,761,58,1124,2010,3,1,2,1.8,197275.0,4,0,1,1,0,7,12
10333,56450,631,36,961,2013,4,0,1,3.0,438886.75,6,2,0,1,0,1,12
10334,10635,893,23,618,2008,9,1,1,1.6,209973.0,4,0,1,1,0,12,4
10336,15053,640,55,855,2013,9,0,5,2.0,120333.0,4,2,0,1,0,12,12
10337,11917,0,39,1079,2004,4,0,5,2.0,200000.0,4,0,0,1,0,1,4
10340,19883,501,41,982,2014,3,1,5,1.5,110000.0,4,0,1,1,0,1,4
10341,45473,631,39,904,2017,8,0,5,2.4,438886.75,4,1,0,1,0,1,12
10343,16621,473,15,116,2014,3,1,5,1.4,46400.0,4,2,1,0,0,6,8
10344,4391,0,61,794,1997,9,0,0,1.8,174000.0,4,1,1,1,0,12,4
10345,43905,0,5,167,2013,9,1,5,3.7,55000.0,8,2,2,1,0,1,12
10346,9879,1018,36,961,2011,4,1,1,3.0,275862.0,6,0,0,1,0,12,12
10347,28755,770,23,1401,2016,4,1,1,1.7,141000.0,4,0,1,1,0,7,4
10348,15053,0,23,1298,2011,9,1,5,2.4,174400.0,4,0,1,1,0,1,0
10350,2000,3273,16,661,2001,4,0,5,3.7,0.0,6,0,0,1,0,11,2
10351,39954,631,27,804,2011,4,1,5,3.6,438886.75,4,0,1,1,0,1,4
10352,4391,917,5,1491,2013,4,1,5,3.0,69754.0,6,0,0,1,0,1,12
10354,23521,631,9,54,2010,9,1,5,3.5,438886.75,6,0,2,1,0,1,10
10355,14426,1018,5,88,2011,9,1,5,3.0,107000.0,6,2,0,1,0,7,8
10356,21953,631,58,423,2012,9,1,5,2.5,438886.75,4,2,1,1,0,1,12
10360,12544,0,1,19,2005,9,0,5,2.2,152200.0,4,1,1,1,0,12,10
10362,13485,843,58,1124,2008,9,0,2,1.5,112500.0,4,0,1,1,0,6,6
10363,2000,0,39,449,1998,3,1,5,1.6,150000.0,4,1,1,1,0,12,4
10364,8154,308,58,1124,2015,3,1,2,1.5,127789.0,4,0,1,1,0,7,12
10365,14740,631,16,345,2016,3,0,2,2.0,438886.75,4,0,1,1,0,1,12
10366,21326,640,16,345,2013,3,0,2,2.0,142000.0,4,0,1,1,0,14,6
10367,37125,640,23,1270,2013,4,1,1,2.0,146740.0,4,0,1,1,0,7,4
10368,2901,697,58,492,2015,9,1,5,1.8,84882.0,4,0,1,1,0,14,12
10369,470,631,8,17,2017,4,1,5,1.4,438886.75,4,0,1,1,0,1,12
10370,31358,0,5,161,2010,9,1,5,3.0,198000.0,6,2,0,1,0,7,12
10371,12858,779,16,722,2013,9,0,5,2.5,143632.0,4,0,1,1,0,14,0
10372,98066,1176,23,1270,2019,7,1,1,2.2,17632.0,4,0,1,1,0,14,4
10374,188,585,58,1124,2013,3,1,2,1.8,321616.0,4,0,1,1,0,11,12
10375,21326,0,58,1124,2013,9,0,2,1.8,136600.0,4,0,1,1,0,14,8
10377,5959,1249,58,423,2017,9,1,5,2.5,60117.0,4,0,1,1,0,14,12
10378,13962,642,8,1060,2012,4,1,1,2.0,242409.0,4,0,1,1,0,7,4
10379,19008,836,23,1270,2010,4,1,1,2.0,229398.0,4,0,1,1,0,1,4
10380,30000,697,36,1445,2012,7,0,1,2.2,170000.0,4,0,2,1,0,1,4
10381,40634,631,54,237,2018,4,1,5,1.6,438886.75,4,0,1,1,0,1,4
10382,79616,1076,23,1270,2020,4,1,1,2.0,4654.0,4,0,1,1,0,12,4
10383,282,749,23,1298,2014,9,1,5,2.4,173925.0,4,0,1,1,0,12,12
10385,6899,0,42,262,1998,2,0,5,1.6,150000.0,4,1,1,1,0,6,4
10386,4704,0,41,1107,1998,4,0,4,3.3,200000.0,6,0,0,1,0,12,4
10387,24462,831,16,730,2018,9,1,5,1.5,7368.0,4,0,1,1,0,14,8
10388,6272,1437,42,479,2004,2,0,1,1.7,0.0,4,1,1,1,0,14,4
10389,15521,836,23,1270,2010,4,1,1,2.0,50510.0,4,0,1,1,0,12,4
10390,104216,1058,16,667,2012,9,1,5,3.5,42187.0,4,0,1,1,0,1,4
10392,8467,631,36,315,2002,1,1,5,2.3,438886.75,4,2,2,0,0,1,8
10393,21639,0,5,1491,2008,4,1,5,3.7,200000.0,8,2,0,1,0,7,8
10394,251,1451,5,1491,2011,4,1,5,3.7,143678.0,8,0,0,1,0,1,12
10396,60831,831,21,469,2018,9,1,5,1.5,17992.0,4,0,1,1,0,2,4
10397,38063,639,23,1270,2014,4,1,1,2.0,131690.0,4,0,1,1,0,7,4
10398,14740,761,58,1124,2010,9,0,5,1.8,10100.0,4,3,1,1,0,14,6
10400,46414,694,58,1180,2014,4,1,1,2.2,164000.0,4,0,0,1,0,7,12
10401,43905,0,32,847,2008,9,1,5,3.7,101000.0,8,2,2,1,0,7,12
10402,627,1273,32,1201,2015,4,1,5,3.5,121315.0,6,0,0,1,0,1,0
10403,11563,645,8,523,2011,9,1,5,1.8,177309.0,4,0,1,1,0,14,4
10404,7527,631,36,305,1997,9,0,5,1.8,438886.75,4,1,2,1,0,1,6
10405,14113,761,58,1124,2010,3,0,2,1.8,252800.0,4,3,1,1,0,14,6
10406,9252,765,23,1298,2015,9,1,4,2.0,438886.75,4,0,1,1,0,8,4
10407,7997,631,42,274,2003,9,0,5,1.8,438886.75,4,0,1,1,0,1,4
10408,1019,1077,5,1487,2019,9,1,5,2.0,33870.0,4,0,2,1,0,14,12
10409,51589,0,58,1179,2016,4,0,5,2.5,25000.0,4,2,1,1,0,12,10
10410,17562,765,54,902,2015,10,1,1,2.0,43740.0,4,0,1,1,0,14,4
10412,30906,502,58,251,2013,3,1,5,1.5,107000.0,4,0,1,1,0,15,4
10414,3700,0,52,852,2001,3,0,1,1.9,187000.0,4,1,1,0,0,12,2
10416,43592,0,5,154,2012,9,1,5,3.0,92000.0,6,2,2,1,0,14,8
10418,5018,0,61,1090,1997,2,0,5,1.8,160000.0,4,1,1,1,0,2,0
10419,21075,730,23,618,2016,9,1,4,1.6,126199.0,4,0,1,1,0,14,4
10420,6269,790,11,909,2009,9,1,5,1.6,60563.0,4,0,1,1,0,1,4
10421,18801,308,58,1124,2014,3,0,2,1.8,106000.0,4,3,1,1,0,7,0
10423,150533,1575,31,1219,2018,4,1,5,3.0,22000.0,6,2,0,1,0,14,12
10424,41281,730,54,237,2016,4,1,1,1.6,31754.0,4,0,1,1,0,2,4
10426,22894,1360,32,906,2013,9,1,5,3.7,154258.0,8,0,0,1,0,14,12
10427,22433,1185,23,812,2009,7,1,1,2.5,50653.0,4,0,1,1,0,12,4
10428,45542,1017,23,1401,2017,4,1,1,2.0,104918.0,4,0,1,1,0,14,4
10430,10036,0,61,870,2008,9,0,5,2.5,122400.0,6,1,1,1,0,1,8
10431,21639,0,24,609,2008,4,1,5,3.5,139200.0,6,2,2,1,0,2,6
10432,17249,0,41,889,2013,4,0,5,1.5,99000.0,4,0,1,1,1,1,8
10433,34497,0,16,1024,2015,1,1,5,2.3,48000.0,4,2,2,0,0,1,8
10435,2800,0,42,262,1998,2,0,1,1.7,55000.0,4,1,1,1,0,6,2
10438,1254,966,23,618,2009,9,1,5,2.0,268227.0,4,0,1,1,0,1,12
10439,16621,0,5,88,2010,9,1,5,2.8,160000.0,6,2,0,1,0,14,8
10440,11917,761,58,1124,2010,3,1,2,1.8,162000.0,6,0,1,1,0,14,6
10443,5645,1324,58,825,2010,4,1,2,3.3,345405.0,6,0,0,1,0,12,12
10445,44843,1249,23,812,2017,10,1,1,2.5,105743.0,4,0,1,1,0,14,4
10447,12544,779,61,870,2013,9,1,5,2.5,103000.0,5,0,1,1,0,14,0
10448,9543,426,8,1322,2015,3,1,5,1.0,101512.0,4,0,1,1,0,7,4
10449,7840,0,39,1079,1999,4,0,5,1.8,198000.0,4,0,0,1,0,14,4
10450,5425,1095,54,903,2008,4,1,1,2.0,98329.0,4,0,1,1,0,1,4
10451,34184,915,36,961,2014,4,1,1,3.0,238448.0,6,0,0,1,0,14,12
10452,11917,631,42,1536,2005,10,0,5,2.2,438886.75,4,0,1,1,0,1,4
10453,37730,891,23,1270,2016,4,1,1,2.0,161052.0,4,0,1,1,0,14,4
10454,26657,1017,23,618,2017,9,0,5,2.0,32000.0,4,2,1,1,0,1,6
10455,2822,0,39,475,1997,3,0,5,1.3,438886.75,4,1,1,0,0,6,2
10456,18817,0,23,1425,2012,3,1,5,1.6,122000.0,4,2,1,0,0,12,8
10457,11290,583,23,232,2011,9,1,5,1.6,42211.0,4,0,1,1,0,1,4
10458,17249,0,23,1298,2012,9,0,5,2.4,86000.0,6,0,1,2,0,7,0
10459,4077,0,61,870,1999,9,0,0,2.0,250000.0,4,0,1,1,0,6,0
10460,10349,0,58,1457,2005,9,0,5,1.3,180000.0,4,0,1,1,1,1,4
10461,30,0,21,669,2003,3,0,5,1.3,0.0,4,0,1,1,1,12,4
10462,12858,0,58,251,2012,3,0,2,1.5,139000.0,4,0,1,1,1,12,6
10463,16778,1024,23,812,2010,7,1,1,2.5,55857.0,4,0,1,1,0,14,4
10464,6896,0,36,1414,2005,7,0,4,1.9,189000.0,4,2,1,2,0,1,6
10465,10976,0,13,554,2004,4,0,4,3.7,241600.0,8,0,0,1,0,14,4
10466,16935,631,23,1298,2017,9,1,4,2.0,438886.75,4,0,1,1,0,1,4
10467,37633,642,5,144,2012,9,1,5,2.0,144000.0,4,0,2,1,0,14,6
10468,56450,0,31,923,2012,4,1,5,3.7,165000.0,12,2,0,1,0,1,0
10469,20385,1018,36,1174,2011,4,1,1,3.0,85294.0,6,0,0,1,0,1,12
10470,56371,631,23,1401,2018,4,1,5,1.6,438886.75,4,0,1,1,0,1,4
10471,10349,1273,54,1192,2009,4,1,1,2.7,74277.0,4,0,1,1,0,12,4
10472,24775,0,16,697,2017,9,0,5,1.5,2700.0,4,0,1,1,0,7,6
10473,29479,0,36,322,2013,9,1,5,1.8,134000.0,4,2,2,1,0,1,12
10474,1490,900,23,1298,2015,9,1,5,2.4,176688.0,4,0,1,1,0,1,12
10476,7840,0,21,669,2005,3,0,5,1.3,160250.0,4,3,1,1,1,1,5
10477,10349,0,41,1370,2004,3,0,5,1.5,147000.0,4,0,0,1,0,7,2
10478,3450,333,16,722,2014,9,1,2,2.0,135451.0,4,0,1,1,0,7,12
10479,22894,631,28,1318,2018,9,1,5,3.3,438886.75,6,0,1,1,0,1,12
10480,23408,836,23,1270,2010,4,1,1,2.0,151000.0,4,0,1,1,0,14,4
10481,29006,891,23,1401,2016,4,1,1,2.0,18071.0,4,0,1,1,0,14,4
10482,11770,707,23,1298,2011,9,1,5,2.0,56554.0,4,0,1,1,0,1,4
10483,470,1077,58,364,2019,4,1,5,2.0,19834.0,4,0,1,1,0,12,12
10485,12544,0,36,315,2006,9,1,5,2.4,250000.0,6,0,2,1,0,7,4
10488,26149,629,23,618,2015,9,1,1,1.6,80377.0,4,0,1,1,0,7,4
10489,11300,1024,55,706,2010,4,0,5,2.5,182000.0,4,2,0,1,0,2,12
10490,10506,382,23,1298,2014,9,1,2,2.4,89000.0,4,0,1,1,0,12,10
10491,8467,639,23,1298,2014,9,1,4,2.0,438886.75,4,0,1,1,0,8,4
10492,2352,1018,3,1164,2011,9,1,1,3.0,232554.0,6,0,0,1,0,12,0
10497,14897,585,58,1124,2013,3,0,2,1.8,0.0,4,0,1,1,0,2,0
10498,43592,1249,58,1179,2017,4,0,5,2.5,11000.0,6,2,0,1,0,7,6
10499,4500,0,53,691,2007,3,0,5,1.2,1000.0,4,1,1,1,0,14,4
10500,3136,1079,23,618,2018,9,1,5,2.0,30333.0,4,0,1,1,0,7,12
10502,12544,988,58,1124,2007,3,1,2,1.5,193000.0,4,0,1,1,0,2,0
10503,11604,0,39,1077,1997,4,0,5,3.5,368000.0,6,0,0,1,0,6,2
10506,22580,584,58,1150,2014,3,1,5,1.8,135000.0,4,3,1,1,0,14,7
10507,16621,0,58,1179,2005,3,0,5,2.4,273094.0,4,0,1,1,0,7,4
10510,10036,1268,58,251,2012,9,0,2,1.5,13000.0,4,0,1,1,1,12,0
10511,14113,891,3,1253,2016,9,1,5,2.0,61410.0,4,0,0,1,0,7,12
10514,15994,1473,27,937,2010,4,0,5,3.7,228800.0,6,0,0,1,0,1,8
10518,16935,1211,5,1491,2010,4,1,5,3.0,17000.0,6,2,0,1,0,1,10
10519,6272,0,61,798,2003,3,0,5,2.0,250000.0,4,0,1,1,0,12,8
10520,69935,631,32,781,2015,4,1,5,3.7,438886.75,8,0,0,1,0,1,0
10521,17876,585,23,618,2013,9,1,5,1.8,117000.0,4,2,1,1,0,1,12
10522,13877,475,23,232,2012,9,1,5,1.4,108931.0,4,0,1,1,0,12,4
10523,4077,1282,8,444,2007,4,1,1,2.0,55790.0,4,0,1,1,0,1,4
10524,2666,915,3,1164,2014,4,1,5,3.0,85328.0,6,0,0,1,0,1,12
10525,13172,0,42,262,2009,10,0,1,1.7,166000.0,4,1,1,1,0,6,4
10526,14454,583,23,618,2011,9,1,5,1.6,140000.0,4,0,1,1,0,12,4
10527,15681,631,61,1090,2013,9,0,5,2.5,438886.75,5,2,1,1,0,1,8
10529,43905,0,5,154,2012,9,1,5,3.0,0.0,6,2,2,1,0,3,12
10530,24709,707,23,1401,2011,4,1,1,2.0,155000.0,4,0,1,1,0,14,4
10531,47042,0,8,420,2011,9,1,5,3.6,127000.0,6,0,2,0,0,11,0
10532,10663,0,58,1179,2001,4,1,5,2.0,216000.0,4,1,0,1,1,12,6
10533,21953,0,36,1233,2007,9,1,1,3.0,220000.0,6,2,2,1,0,1,12
10534,14113,631,16,1381,1998,6,0,1,2.5,438886.75,4,1,2,1,0,1,0
10535,14113,0,58,1124,2008,9,1,5,1.5,150000.0,4,0,1,1,0,2,8
10536,61471,784,21,469,2017,3,1,5,1.5,41018.0,4,0,1,1,0,14,4
10537,862,1588,55,706,2007,4,1,5,2.5,311206.0,4,0,0,1,0,7,12
10538,19601,0,58,1132,2012,3,0,2,1.5,68000.0,4,0,1,1,0,7,9
10539,24327,639,54,902,2014,4,1,1,2.0,158423.0,4,0,1,1,0,11,4
10540,18158,781,61,1096,2012,9,1,5,2.5,127000.0,5,2,1,1,0,2,6
10541,16621,584,41,889,2014,9,0,5,1.8,93000.0,4,0,1,1,0,2,12
10543,1254,640,55,855,2013,9,1,5,2.0,275530.0,4,0,0,1,0,7,0
10544,43128,891,23,1270,2016,4,1,1,2.0,116365.0,4,0,1,1,0,1,4
10545,18817,0,58,832,2004,8,0,1,2.5,0.0,4,1,0,1,0,14,0
10546,64823,1079,23,1401,2018,4,1,1,2.0,29545.0,4,0,1,1,0,1,4
10547,4077,1363,32,780,2012,9,1,5,3.7,150909.0,8,0,0,1,0,1,0
10548,11200,0,5,139,2005,9,1,5,3.0,246000.0,4,0,2,1,0,1,6
10549,39201,0,24,689,2011,4,1,5,3.5,160000.0,6,2,2,1,0,12,8
10550,48610,1058,58,825,2012,4,1,2,3.5,178000.0,6,0,0,1,0,1,0
10552,23082,502,21,669,2013,3,1,2,1.5,87000.0,4,0,1,1,0,14,4
10553,20171,707,23,1401,2011,4,1,1,2.0,191668.0,4,0,1,1,0,1,4
10554,392,707,28,284,2011,1,1,5,2.0,226544.0,4,0,1,0,0,12,12
10557,5645,0,5,139,1996,9,0,0,2.5,0.0,6,1,2,1,0,13,2
10558,14113,0,5,139,2004,9,1,0,2.5,174000.0,6,2,2,1,1,12,12
10559,78403,0,39,1065,2020,4,1,5,2.4,0.0,4,0,0,1,0,1,12
10563,38609,1091,23,812,2016,10,1,1,2.5,121000.0,4,0,1,1,0,14,4
10564,10349,639,23,1298,2014,9,1,4,2.0,430149.0,4,0,1,1,0,14,4
10565,21940,640,54,902,2013,8,1,1,2.0,147219.0,4,0,1,1,0,12,4
10566,17844,502,58,251,2013,3,1,5,1.5,88300.0,4,0,1,1,0,11,4
10567,1646,631,16,722,2013,9,1,2,2.0,438886.75,4,0,1,1,0,1,0
10568,24462,0,36,586,2008,9,1,5,3.5,142000.0,6,2,0,1,0,14,12
10569,97219,0,36,393,2015,9,1,5,3.0,99000.0,6,2,0,1,0,1,12
10570,40,0,58,1124,2014,3,0,2,1.8,105000.0,4,0,1,1,0,14,0
10571,10492,0,58,1124,2008,3,0,2,1.5,278000.0,4,0,1,1,1,12,6
10573,10976,1268,58,251,2012,3,0,2,1.5,0.0,4,3,1,1,1,1,2
10574,6586,1685,36,308,1998,10,1,0,2.0,111111.0,4,1,2,1,0,2,4
10575,9408,631,33,1378,1999,9,0,0,3.7,438886.75,8,0,2,1,0,1,8
10576,10036,0,36,205,2005,3,1,5,2.0,123456.0,4,2,1,1,0,12,6
10578,17562,934,16,724,2015,9,0,5,2.5,195200.0,4,2,1,1,0,6,8
10579,18033,0,21,469,2012,9,1,2,1.5,202000.0,4,3,1,1,0,14,4
10581,9408,777,58,423,2014,9,1,5,2.5,128000.0,4,2,1,1,0,1,0
10582,30856,640,54,1192,2013,4,1,1,2.0,126148.0,4,0,1,1,0,3,4
10583,18817,779,58,423,2013,9,1,5,2.5,86400.0,5,2,1,1,0,7,14
10584,53314,631,5,154,2014,9,1,5,3.0,438886.75,6,2,2,1,0,1,12
10586,15822,836,23,788,2010,1,1,5,2.0,81384.0,4,0,1,1,0,14,4
10587,22715,503,58,251,2012,3,1,5,1.5,40740.0,4,0,1,1,0,1,4
10588,25,0,58,1124,2013,3,0,4,1.8,176000.0,4,3,1,1,0,14,4
10589,15681,645,23,618,2011,9,0,5,1.8,276800.0,1,2,1,1,0,12,5
10590,1333,586,58,1124,2012,3,1,2,1.8,106280.0,4,0,1,1,0,14,12
10591,19707,531,23,618,2012,9,1,5,1.6,123000.0,4,0,1,1,0,12,4
10592,16480,528,23,618,2014,9,1,5,1.6,140765.0,4,0,1,1,0,12,4
10593,5488,308,58,1124,2014,3,1,2,1.8,339710.0,4,0,1,1,0,14,12
10595,15053,911,23,1270,2010,4,1,1,2.2,70338.0,4,0,1,1,0,12,4
10598,941,584,61,870,2014,9,1,1,1.8,69248.0,4,0,1,1,0,2,12
10599,21326,891,36,371,2016,9,1,5,2.0,34058.0,4,0,1,1,0,14,12
10601,7809,891,23,1298,2016,9,1,4,2.0,438886.75,4,0,1,1,0,8,4
10602,7213,0,21,669,2003,3,0,5,1.5,240000.0,4,2,1,1,1,2,0
10603,12231,87,58,1124,2010,3,0,2,0.4999999999999998,0.0,4,0,1,1,0,5,0
10604,470,1273,36,961,2015,4,1,5,3.5,82819.0,6,0,0,1,0,12,12
10605,42337,631,5,1511,2008,4,1,5,3.0,438886.75,6,2,0,1,0,1,16
10606,21768,642,8,1060,2012,4,1,1,2.0,153561.0,4,0,1,1,0,7,4
10608,4200,0,61,797,1995,9,0,5,1.6,12333.0,4,1,1,1,0,2,2
10611,13172,1185,16,646,2009,4,1,2,2.5,164600.0,4,0,1,1,0,7,10
10612,40,0,21,669,2005,3,0,5,1.3,143000.0,4,3,1,1,1,11,2
10614,9722,765,23,1298,2015,9,1,4,2.0,438886.75,4,0,1,1,0,8,4
10615,51746,0,5,174,2012,9,1,5,3.0,190000.0,6,2,2,1,0,7,12
10616,7370,0,27,804,2005,4,0,0,3.7,111111.0,6,2,0,1,0,3,5
10617,18817,0,5,94,2007,0,1,5,3.0,143000.0,6,2,2,0,0,1,8
10618,5645,1288,8,444,2007,4,1,1,2.0,48524.0,4,0,1,1,0,0,4
10619,103491,631,42,479,2008,2,0,1,1.3,438886.75,4,1,1,0,0,1,2
10620,13799,0,16,1387,2004,2,0,1,1.8,223000.0,4,1,1,0,0,12,2
10622,21326,779,58,423,2013,9,0,5,2.5,204800.0,4,0,1,1,0,6,0
10623,10192,456,32,608,2015,9,1,2,2.5,40386.0,4,0,1,1,0,14,12
10624,31524,1018,27,804,2011,4,1,1,3.0,199500.0,4,0,1,1,0,12,4
10625,18000,2670,21,637,2010,7,0,5,2.4,134000.0,4,0,1,1,1,12,2
10626,13987,642,8,523,2012,9,1,1,2.0,180000.0,4,0,1,1,0,14,4
10627,13172,474,8,523,2013,9,0,5,1.4,147000.0,4,2,1,1,0,4,10
10628,23521,0,55,1061,2013,3,1,5,2.5,116800.0,4,2,0,1,0,0,6
10629,21739,639,8,1060,2014,4,1,1,2.0,177103.0,4,0,1,1,0,14,4
10630,862,1481,5,1491,2017,4,1,5,3.0,0.0,6,0,0,1,0,1,12
10631,3058,639,16,722,2014,9,1,5,2.0,151411.0,4,0,1,1,0,1,12
10632,9095,631,58,1457,2010,9,0,5,1.0,438886.75,3,3,1,1,1,1,12
10633,7700,0,41,1370,2005,9,0,5,1.5,154000.0,4,0,1,1,1,14,8
10634,22649,707,54,1192,2011,4,1,1,2.0,131114.0,4,0,1,1,0,12,4
10636,10663,765,23,1298,2015,9,1,4,2.0,310886.0,4,0,1,1,0,12,4
10638,5175,0,42,1047,2001,9,0,5,2.6,20000.0,6,0,2,1,0,14,5
10639,7213,0,55,927,2002,9,1,5,3.0,187000.0,6,0,0,1,1,12,4
10640,16308,751,28,1051,2013,9,1,5,2.4,92000.0,12,2,1,1,0,12,8
10641,20071,0,58,1124,2013,3,0,5,1.8,56000.0,4,2,1,1,0,7,12
10642,48955,765,23,1270,2015,4,1,1,2.0,80000.0,4,0,1,1,0,1,4
10643,16465,765,23,627,2015,9,1,5,2.0,35167.0,4,0,1,1,0,11,8
10644,12287,1047,23,618,2007,9,1,1,1.6,438886.75,4,0,1,1,0,12,4
10645,40556,877,23,1401,2017,4,1,1,1.7,82430.0,4,0,1,1,0,7,4
10646,14113,0,21,399,2013,1,0,2,1.5,90000.0,4,1,1,0,0,1,4
10648,52959,1079,23,1298,2018,9,1,5,2.0,48605.0,4,0,1,1,0,7,4
10649,17747,631,23,1401,2012,4,1,1,2.0,438886.75,4,0,1,1,0,1,4
10651,17249,585,23,618,2013,9,0,5,1.8,92800.0,4,0,1,1,0,2,0
10653,7840,0,36,374,2000,1,0,0,2.0,145000.0,4,2,2,0,1,14,4
10654,8320,631,23,618,2007,9,1,5,1.6,438886.75,4,0,1,1,0,1,4
10655,11917,0,21,669,2012,3,1,2,1.3,13000.0,4,0,1,1,1,3,2
10656,48610,0,36,751,2011,4,1,1,3.0,147500.0,6,2,0,1,0,14,12
10658,4000,0,41,1009,2003,1,0,5,1.2,12323.0,4,1,1,0,0,7,4
10659,20005,707,54,237,2011,4,1,1,2.0,166850.0,4,0,1,1,0,1,4
10660,5331,0,36,200,1998,3,0,5,1.6,204000.0,1,2,1,1,0,7,6
10661,13000,0,16,1381,2000,6,0,1,2.4,250000.0,4,1,2,1,0,14,1
10662,24283,631,8,444,2014,4,1,1,2.0,438886.75,4,0,1,1,0,1,4
10663,17484,583,23,618,2011,9,1,5,1.6,103453.0,4,0,1,1,0,14,4
10664,7213,0,41,1364,2003,9,0,5,2.3,95000.0,6,0,1,1,0,12,6
10665,3800,0,36,582,2000,9,1,1,3.2,1000.0,6,2,2,1,0,12,6
10667,6476,0,41,1037,2008,3,0,0,1.5,438886.75,4,0,0,1,1,1,0
10668,4077,474,8,1461,2013,3,1,2,1.4,196590.0,4,0,1,1,0,12,12
10669,1176,753,23,1298,2012,9,1,2,2.4,0.0,4,0,1,1,0,11,0
10670,157,0,58,251,2012,3,1,2,1.5,128000.0,4,0,1,1,1,12,4
10671,5018,585,23,618,2013,9,1,5,1.8,294034.0,4,0,1,1,0,1,12
10672,47042,1273,5,154,2015,9,1,5,3.5,59200.0,6,2,2,1,0,1,10
10673,15053,640,16,345,2013,9,1,2,2.0,173000.0,4,0,1,1,0,12,8
10674,22580,0,41,1031,2008,8,0,1,2.5,166000.0,4,1,0,1,0,14,2
10675,13172,0,23,232,2011,9,0,5,1.6,109000.0,4,2,1,1,0,12,4
10676,25089,0,15,118,2015,3,1,5,1.4,28000.0,4,1,1,0,0,11,12
10677,100,0,23,1298,2012,9,0,2,2.4,86000.0,4,2,1,1,0,14,10
10679,16894,687,23,618,2010,9,1,5,1.6,71202.0,4,0,1,1,0,12,4
10680,30151,765,23,1401,2015,4,1,1,2.0,143278.0,4,0,1,1,0,7,4
10681,53154,891,23,1270,2016,4,1,1,2.0,94259.0,4,0,1,1,0,1,4
10682,7840,0,36,319,1997,10,0,0,2.4,280000.0,6,1,2,1,0,12,4
10684,15800,753,28,1049,2012,9,0,5,2.4,97000.0,4,2,1,1,0,1,12
10685,1568,0,41,1370,2009,3,0,5,1.5,95000.0,4,0,1,1,1,12,4
10686,220,531,28,1194,2012,9,1,5,1.6,199288.0,4,0,1,1,0,7,12
10687,1411,682,39,1014,2018,9,1,5,1.2,7430.0,3,0,1,1,0,7,12
10688,30564,730,54,237,2016,4,1,1,1.6,153404.0,4,0,1,1,0,12,4
10689,21953,0,5,167,2012,9,1,5,3.7,0.0,8,2,2,1,0,1,6
10690,88595,1935,36,1246,2016,9,1,5,3.7,27573.0,8,0,0,1,0,12,12
10691,1960,530,28,1194,2013,9,1,5,1.6,53386.0,4,0,1,1,0,1,12
10693,21009,986,16,1381,2010,2,0,1,2.4,198000.0,4,1,2,1,0,14,2
10694,24305,0,58,423,2012,9,1,5,3.5,246400.0,6,0,1,1,0,1,8
10695,4704,0,3,219,1998,9,0,5,2.4,0.0,6,1,1,1,0,2,6
10696,15681,891,23,1298,2016,9,1,4,2.0,317106.0,4,0,1,1,0,12,4
10698,157,784,8,978,2017,9,1,5,1.5,0.0,4,0,1,1,0,11,12
10699,549,1077,55,522,2019,9,1,5,2.0,7971.0,4,0,0,1,0,2,12
10700,12231,1399,32,1208,2010,4,1,2,3.5,413474.0,6,0,1,1,0,2,12
10704,20385,0,58,1124,2012,9,0,5,1.8,190000.0,4,0,1,1,0,2,8
10705,17876,631,23,1425,2011,3,1,5,1.6,438886.75,4,2,1,1,0,1,12
10706,627,418,8,1322,2014,3,1,5,1.2,131312.0,4,0,1,1,0,2,12
10707,18817,0,61,880,2014,9,1,5,1.8,72000.0,4,0,1,1,0,1,12
10708,10036,879,23,232,2019,9,1,5,1.6,4621.0,4,0,1,1,0,7,12
10709,15994,1024,58,423,2010,9,0,5,2.5,121000.0,4,2,1,1,0,12,12
10710,64290,1694,58,112,2016,4,1,5,3.7,48000.0,6,0,0,1,0,1,6
10711,199,0,58,921,2016,4,1,1,3.0,85000.0,6,0,0,1,0,1,12
10712,36730,770,23,1401,2016,4,1,1,1.7,113006.0,4,0,1,1,0,12,4
10713,157,642,35,14,2012,9,1,5,2.0,301866.0,4,0,1,1,0,1,12
10714,81539,631,32,780,2016,4,1,5,3.7,438886.75,8,0,0,1,0,1,0
10715,25744,891,8,978,2016,9,1,5,2.0,113509.0,4,0,1,1,0,14,4
10717,50018,1017,23,1298,2017,9,1,5,2.0,19080.0,4,0,1,1,0,7,4
10719,5959,0,35,545,2002,3,0,4,1.5,1000.0,4,2,1,1,1,2,4
10720,627,810,23,618,2016,9,1,5,1.8,72629.0,4,0,1,1,0,1,12
10721,31675,2297,36,740,2016,4,1,5,3.7,39325.0,8,0,0,1,0,1,12
10722,14113,638,28,1049,2014,9,1,5,2.0,60704.0,4,0,1,1,0,12,4
10724,10349,0,36,556,1999,9,0,5,2.0,280000.0,4,1,2,1,0,1,6
10725,5645,1094,54,903,2008,4,1,1,2.0,76800.0,4,0,1,1,0,12,4
10727,23521,1195,36,313,2008,10,0,1,2.2,177000.0,4,2,2,1,0,14,12
10728,2666,521,8,1461,2011,3,1,2,1.4,288778.0,4,0,1,1,0,1,0
10730,22649,836,23,1401,2010,4,1,1,2.0,151281.0,4,0,1,1,0,7,4
10731,13015,1024,23,812,2010,7,1,1,2.5,73401.0,4,0,1,1,0,12,4
10732,66485,1076,23,1298,2020,9,1,4,2.0,13460.0,4,0,1,1,0,14,4
10733,51746,631,36,570,2013,9,0,1,2.1,438886.75,4,2,0,1,0,1,0
10734,7527,0,39,475,2002,3,0,5,1.5,187000.0,4,3,1,1,1,1,2
10735,25089,1017,23,618,2017,9,0,5,2.0,23000.0,4,2,2,1,0,7,8
10736,21953,0,58,1124,2012,3,0,4,1.8,24000.0,4,3,1,1,0,14,8
10737,9408,0,42,479,2008,2,0,4,1.4,233000.0,4,1,1,1,0,14,2
10738,21953,308,58,1124,2014,9,1,2,1.8,87000.0,4,0,1,1,0,14,10
10739,8624,175,58,1457,2011,3,0,5,0.4999999999999998,0.0,3,0,1,1,1,1,2
10740,17346,528,8,287,2014,3,1,5,1.6,74422.0,4,0,1,1,0,7,4
10741,8311,790,8,909,2009,9,1,5,1.6,52472.0,4,0,1,1,0,1,4
10742,7840,0,55,927,2005,9,0,5,2.0,192000.0,4,0,0,1,1,12,4
10743,35752,1391,36,753,2012,4,1,5,3.7,155313.0,8,0,0,1,0,1,12
10744,25089,650,8,523,2016,9,1,5,1.4,29000.0,4,2,1,1,0,4,12
10745,24512,595,21,669,2015,3,1,5,1.5,111649.0,4,0,1,1,0,1,4
10749,10663,1266,21,669,2014,9,0,2,1.5,115000.0,4,0,1,1,1,12,2
10750,6272,0,55,931,1999,10,1,5,2.5,187000.0,4,0,0,1,1,5,4
10751,9565,1058,58,825,2012,9,1,5,3.5,285186.0,6,0,1,1,0,7,12
10753,12544,631,10,355,2007,3,0,5,1.6,438886.75,4,1,1,1,0,1,4
10754,11917,0,21,1344,2005,7,0,5,2.4,136800.0,4,0,0,1,1,1,2
10755,12858,0,41,1477,2005,4,1,5,2.0,180000.0,4,0,0,1,1,5,8
10756,26343,934,58,429,2015,9,1,5,2.5,47128.0,4,0,1,1,0,1,8
10757,19757,1024,23,812,2010,4,1,1,2.5,115028.0,4,0,1,1,0,12,4
10758,8467,639,23,1298,2014,9,1,4,2.0,438886.75,4,0,1,1,0,8,4
10759,260296,0,32,908,2018,4,1,5,3.7,17700.0,8,2,0,1,0,1,10
10761,23207,810,61,870,2016,9,1,5,1.8,27000.0,4,2,1,1,0,7,6
10762,30420,0,5,1491,2012,4,1,1,3.0,198211.0,6,2,0,1,0,7,12
10763,392,1024,16,722,2010,9,1,2,2.5,46837.0,4,0,1,1,0,12,12
10764,13485,0,36,572,2003,9,0,1,2.7,245000.0,6,0,2,1,0,12,4
10765,4300,631,42,262,2002,2,1,5,1.6,438886.75,4,0,1,1,1,1,2
10766,19130,0,58,1132,2012,9,1,2,1.5,254400.0,4,0,1,1,0,12,12
10768,10506,1249,41,249,2017,9,1,5,2.5,45022.0,4,0,1,1,0,1,12
10769,40,0,21,669,2003,3,0,5,1.3,140000.0,4,0,1,1,1,7,0
10772,12074,0,27,804,2004,4,0,0,3.7,151000.0,6,0,0,1,0,7,4
10773,21953,397,58,1124,2016,3,1,2,1.8,48738.0,4,0,1,1,0,14,12
10775,69502,1079,23,1298,2018,9,1,5,2.0,24000.0,4,0,1,1,0,14,4
10776,10036,639,23,1298,2014,9,1,4,2.0,438886.75,4,0,1,1,0,12,4
10777,100,0,58,423,2014,9,1,5,2.5,4000.0,6,0,0,1,0,1,6
10778,28600,0,5,1511,2011,4,1,5,3.7,1000.0,8,2,0,1,0,1,8
10779,3607,1172,58,1284,2011,9,1,5,3.5,181722.0,6,0,0,1,0,1,12
10781,15994,1051,23,1298,2016,9,0,5,2.4,93000.0,4,0,1,1,0,14,12
10782,9879,631,58,825,2012,4,1,2,3.5,438886.75,6,0,0,1,0,1,12
10783,42052,891,23,1270,2016,4,1,1,2.0,122184.0,4,0,1,1,0,1,4
10784,251,1855,13,1177,2011,9,1,5,3.7,0.0,8,0,1,1,0,12,12
10785,16621,502,58,1132,2013,3,0,2,1.5,103000.0,4,3,1,1,0,7,4
10786,22266,862,23,812,2011,7,1,1,2.5,120805.0,4,0,1,1,0,1,4
10788,18817,0,23,1298,2011,9,1,5,2.0,180800.0,4,0,1,1,0,12,12
10789,5645,0,61,794,2002,3,0,5,2.0,150000.0,4,0,1,1,1,12,8
10790,12880,687,23,618,2010,9,1,5,1.6,97132.0,4,0,1,1,0,12,4
10794,13799,584,61,870,2014,9,1,5,1.8,85000.0,4,2,1,1,0,14,8
10795,25089,0,5,1491,2008,4,1,1,3.0,213000.0,6,2,0,1,0,1,8
10796,12858,530,16,693,2013,9,0,5,1.6,86000.0,4,3,1,1,0,2,10
10797,20071,697,23,625,2015,9,1,5,1.8,57000.0,4,2,1,1,0,1,12
10798,6586,0,35,997,2005,9,0,5,3.0,198000.0,6,1,1,1,0,2,0
10799,23414,833,8,444,2015,4,1,1,2.2,60000.0,4,0,1,1,0,12,4
10800,11895,639,8,523,2014,9,1,1,2.0,60550.0,4,0,1,1,0,11,4
10802,18817,0,1,792,2013,3,1,5,1.4,85000.0,4,2,1,1,1,1,12
10803,13642,631,8,1060,2015,4,1,5,2.0,438886.75,4,0,1,1,0,1,4
10804,11917,0,42,270,2009,2,0,1,1.7,140000.0,4,1,1,1,0,12,12
10805,36692,0,36,746,2008,4,1,1,3.0,172000.0,6,2,0,1,0,1,12
10806,10192,1018,5,1491,2011,4,1,1,3.0,332243.0,6,0,0,1,0,1,12
10808,10663,765,23,1298,2015,9,1,4,2.0,280622.0,4,0,1,1,0,12,4
10810,33823,640,54,1192,2013,4,1,1,2.0,146130.0,4,0,1,1,0,1,4
10812,25716,0,32,845,2010,9,1,5,3.5,192000.0,6,2,2,1,0,14,0
10813,30,0,41,1370,2006,3,0,5,1.5,0.0,4,0,1,1,1,1,4
10814,16719,502,21,669,2013,3,1,2,1.5,154400.0,4,0,1,1,0,12,4
10815,4700,0,42,262,1999,9,0,5,1.6,145000.0,4,1,1,0,0,6,2
10816,13172,639,16,697,2014,9,1,5,2.0,134400.0,4,2,1,1,0,11,8
10817,3500,0,60,33,1991,9,0,5,1.3,0.0,4,1,2,1,0,14,0
10818,12544,631,21,669,2011,3,0,5,1.3,438886.75,4,3,1,1,1,1,4
10819,45210,877,23,1401,2017,4,1,1,1.7,123833.0,4,0,1,1,0,14,4
10820,13485,0,5,66,2006,9,0,5,2.0,237000.0,4,1,2,1,0,2,6
10821,9408,0,58,865,2002,7,0,4,2.4,200000.0,4,2,1,1,1,12,2
10822,7527,1282,8,444,2007,4,1,1,2.0,77588.0,4,0,1,1,0,14,4
10823,17562,0,36,582,2002,9,1,5,2.6,160000.0,6,2,2,1,0,14,8
10824,21012,0,58,1124,2011,3,1,5,1.8,268800.0,4,3,1,1,0,12,6
10826,5300,0,36,560,1997,9,0,0,2.0,312217.0,4,2,2,1,0,1,4
10828,4861,0,42,262,1999,3,0,5,1.2,199090.0,4,1,1,0,0,2,4
10829,14113,1832,36,1445,2005,6,0,1,2.2,180000.0,4,1,2,1,0,14,2
10830,36235,631,23,812,2016,7,1,1,2.5,438886.75,4,0,1,1,0,1,4
10832,16308,442,58,1124,2017,3,1,2,1.8,45488.0,4,0,1,1,0,14,12
10833,20071,0,8,1461,2012,9,1,6,1.4,280000.0,4,3,1,1,0,7,12
10834,43360,631,32,906,2011,9,1,5,3.7,438886.75,4,0,1,1,0,1,4
10836,5331,0,35,545,2003,9,0,5,1.5,0.0,4,0,1,1,1,2,2
10837,27598,639,61,1368,2014,4,1,5,2.0,113000.0,12,2,0,1,0,14,12
10838,36899,777,23,812,2014,7,1,1,2.5,105461.0,4,0,1,1,0,7,4
10839,28532,830,58,251,2019,3,1,5,1.5,25000.0,4,0,1,1,0,12,4
10840,5018,629,41,889,2015,4,1,5,1.6,111402.0,4,0,0,1,0,1,0
10841,3058,1051,21,235,2016,9,1,5,2.4,90043.0,4,0,1,1,0,14,12
10842,15681,0,41,636,2004,7,0,4,3.5,131000.0,6,2,2,1,1,14,2
10843,3000,631,23,1270,2001,4,0,0,2.4,438886.75,4,2,1,0,0,1,2
10844,15681,0,21,637,2006,7,0,5,2.4,120500.0,4,0,1,1,1,14,8
10845,19444,631,23,1425,2013,9,1,5,1.6,438886.75,4,0,1,0,0,1,6
10846,21953,501,21,669,2014,9,1,5,1.5,78400.0,4,3,1,1,0,2,6
10847,314,738,8,523,2017,9,1,5,1.4,89896.0,4,0,1,1,0,2,12
10848,14279,765,23,1298,2015,9,1,4,2.0,176247.0,4,0,1,1,0,12,4
10849,51075,891,23,1270,2016,4,1,1,2.0,106084.0,4,0,1,1,0,7,4
10851,8624,0,21,669,2005,3,0,5,1.5,190000.0,4,3,1,1,1,12,2
10852,36065,642,5,144,2012,9,1,5,2.0,184000.0,4,2,2,1,0,2,12
10853,24709,642,54,902,2012,4,1,1,2.0,86651.0,4,0,1,1,0,1,4
10854,20385,0,58,1124,2012,3,0,2,1.8,193600.0,4,0,1,1,0,14,12
10858,37611,730,54,237,2016,4,1,5,1.6,76553.0,4,0,1,1,0,14,4
10859,20297,631,54,1192,2011,4,1,1,2.0,438886.75,4,0,1,1,0,1,4
10860,62722,0,32,778,2013,9,1,2,3.5,69500.0,6,3,2,1,0,12,12
10861,13799,0,36,315,2006,9,1,5,2.5,218000.0,6,2,2,1,0,1,2
10862,14740,631,8,444,2007,4,1,1,2.0,438886.75,4,2,2,1,0,1,6
10863,13328,761,58,1124,2010,9,0,2,1.8,236000.0,4,0,1,1,0,1,12
10866,15257,836,23,1298,2010,9,1,5,2.0,147079.0,4,0,1,1,0,1,4
10867,31361,353,58,1124,2015,9,0,2,1.8,268800.0,4,3,1,1,0,1,10
10869,9565,0,36,572,1999,9,0,1,2.7,370000.0,5,2,2,1,0,12,6
10870,392,1055,36,332,2013,9,1,5,3.5,51875.0,6,0,0,1,0,14,12
10871,6272,0,35,545,2002,3,0,4,1.5,165000.0,4,2,1,1,1,14,4
10872,32929,631,16,1381,2005,6,0,1,2.0,438886.75,4,1,1,0,0,1,2
10874,48547,891,23,1298,2016,9,1,5,2.0,43000.0,4,0,1,1,0,14,4
10876,8467,631,21,669,2001,3,0,5,1.3,438886.75,6,3,1,1,1,1,4
10877,37633,915,3,228,2014,9,1,1,3.0,68006.0,6,0,0,1,0,14,12
10878,2274,584,21,469,2014,9,1,5,1.8,127669.0,4,0,1,1,0,7,12
10879,10349,631,5,66,2002,9,0,5,2.0,438886.75,4,2,2,1,0,1,6
10880,392,891,36,371,2016,9,1,5,2.0,55718.0,4,0,0,1,0,14,12
10881,4234,631,58,1124,2014,3,1,2,1.8,438886.75,4,0,1,1,0,1,12
10882,45542,631,23,1270,2014,4,1,1,2.0,438886.75,4,0,1,1,0,1,4
10883,2200,967,41,1009,1996,9,0,0,1.1,220000.0,6,1,2,1,0,6,0
10884,19278,707,54,1192,2011,4,1,1,2.0,130663.0,4,0,1,1,0,1,4
10886,23521,0,8,1461,2012,3,0,6,1.4,188000.0,4,0,1,1,0,4,10
10887,12544,629,61,1118,2015,9,0,5,1.6,270000.0,4,1,1,1,0,14,2
10888,5331,0,61,1090,1998,9,0,1,1.9,0.0,4,1,1,1,0,2,4
10889,22900,732,21,669,2018,3,1,5,1.3,2635.0,4,0,1,1,0,12,4
10890,32578,639,23,1401,2014,4,1,1,2.0,131084.0,4,0,1,1,0,14,4
10891,6429,934,58,423,2015,9,1,5,2.5,115858.0,4,0,1,1,0,1,12
10892,14583,1327,58,423,2018,9,1,5,2.5,29682.0,4,0,1,1,0,1,12
10893,24283,765,8,1060,2015,4,1,4,2.0,109497.0,4,0,1,1,0,14,4
10894,19444,890,28,1049,2016,9,1,5,2.0,417767.0,4,0,1,1,0,14,4
10895,26108,640,54,1192,2013,4,1,1,2.0,111307.0,4,0,1,1,0,14,4
10896,12544,765,23,1298,2015,9,1,4,2.0,438886.75,4,0,1,1,0,8,4
10897,4391,402,28,284,2017,9,1,2,1.6,103470.0,4,0,1,1,0,12,12
10898,10036,0,58,1124,2007,3,0,2,1.5,257000.0,4,0,1,1,1,12,8
10899,27294,986,27,483,2010,4,1,5,2.4,81256.0,4,0,1,1,0,6,4
10900,11604,0,36,319,2001,9,0,1,2.2,275000.0,4,0,2,1,0,12,4
10901,22894,0,61,870,2013,9,1,5,2.0,135000.0,4,1,1,1,0,14,8
10902,7527,0,58,1412,2003,7,0,5,2.0,250000.0,4,3,1,1,1,12,2
10903,470,473,8,523,2014,9,1,5,1.4,100685.0,4,0,1,1,0,1,12
10904,18817,639,23,618,2014,3,0,5,2.0,110000.0,4,2,1,1,0,14,6
10905,627,924,41,1278,2017,9,1,5,1.8,0.0,4,0,1,1,0,7,12
10907,25089,631,5,95,2008,1,1,5,3.0,438886.75,6,0,2,0,0,1,10
10908,14740,639,16,697,2014,3,1,5,2.0,90000.0,4,2,1,1,0,1,12
10909,45,0,21,669,2006,3,0,5,1.3,127000.0,4,0,1,1,1,1,5
10910,13799,0,16,1381,1996,6,0,1,2.5,210000.0,4,1,2,1,0,14,2
10911,23521,1750,58,828,2008,4,1,2,3.3,190000.0,6,0,0,1,0,14,12
10912,14269,1249,58,423,2017,9,1,5,2.5,48035.0,4,0,1,1,0,11,12
10913,15681,0,3,219,2007,9,1,5,3.2,304000.0,6,2,0,1,0,7,12
10914,1490,640,16,646,2013,4,1,5,2.0,131272.0,4,0,1,1,0,2,12
10915,25591,528,23,618,2014,9,1,5,1.6,140000.0,4,0,1,1,0,14,4
10917,30,0,21,669,2004,3,0,5,1.3,150000.0,4,0,1,1,1,12,4
10918,18503,531,38,506,2012,4,1,5,1.6,75000.0,4,1,1,1,0,2,8
10919,8154,1486,21,669,2010,9,1,2,1.3,0.0,4,2,1,1,1,12,2
10920,41400,833,8,444,2015,4,1,1,2.2,70003.0,4,0,1,1,0,7,4
10921,13485,0,13,446,2006,7,0,4,3.3,135000.0,6,0,1,1,0,2,12
10922,11917,0,21,399,2010,1,1,2,1.5,200000.0,4,1,1,0,1,11,8
10923,21326,1624,36,586,2009,9,1,5,3.5,111111.0,8,0,0,1,0,1,0
10925,3058,784,58,1528,2017,9,1,5,1.5,102322.0,4,0,1,1,0,14,12
10927,13172,1266,21,669,2014,3,1,2,1.5,60000.0,4,0,1,1,1,14,4
10928,6125,789,8,523,2009,9,1,5,1.6,78712.0,4,0,1,1,0,12,4
10929,32302,1604,36,586,2014,9,1,1,3.7,101424.0,8,0,0,1,0,7,12
10930,9722,0,36,560,2003,9,1,1,2.2,215000.0,4,1,2,1,1,2,8
10931,39201,1399,32,1211,2010,4,1,2,3.5,148250.0,4,2,0,1,0,1,12
10932,188,765,36,759,2015,4,1,5,2.0,99542.0,4,0,0,1,0,14,0
10934,65545,631,36,761,2018,4,1,5,2.0,438886.75,12,2,2,1,0,1,12
10935,470,1327,58,423,2018,9,1,5,2.5,31290.0,4,0,1,1,0,2,12
10936,19444,639,23,623,2014,3,1,5,2.0,105000.0,4,2,1,1,0,2,7
10937,3700,0,41,1009,1997,9,0,5,1.0,111111.0,4,1,1,1,0,2,1
10938,9000,0,16,1381,1992,6,0,1,2.5,111111.0,2,1,2,0,0,4,1
10939,73310,1077,23,1270,2019,4,1,1,2.0,2730.0,4,0,1,1,0,7,4
10940,34340,631,23,1270,2015,4,1,1,2.0,438886.75,4,0,1,1,0,1,4
10941,19071,528,8,287,2014,3,1,5,1.6,59295.0,4,0,1,1,0,1,4
10942,50861,877,23,1401,2017,4,1,1,1.7,69527.0,4,0,1,1,0,1,4
10946,19444,333,16,345,2014,3,1,2,2.0,50100.0,4,0,1,1,0,7,12
10947,27284,0,16,345,2017,9,0,2,2.0,77254.0,4,0,1,1,0,1,12
10948,48610,1356,36,1246,2014,9,1,5,3.7,98466.0,8,0,2,1,0,2,12
10949,6272,0,42,266,2003,10,0,0,1.6,162000.0,4,1,1,1,0,11,4
10951,33243,640,23,1270,2013,4,1,1,2.0,218280.0,4,0,1,1,0,12,4
10954,7840,0,5,147,1995,9,1,5,3.0,100000.0,6,1,2,0,0,1,2
10955,31361,3894,5,1497,2005,4,1,5,3.7,147200.0,8,2,0,1,0,12,12
10956,1490,1360,32,781,2013,4,1,5,3.7,154115.0,8,0,0,1,0,1,0
10957,40926,831,54,237,2017,4,1,1,1.6,54405.0,4,0,1,1,0,14,4
10958,6272,836,23,1298,2010,9,1,4,2.0,438886.75,4,0,1,1,0,1,4
10959,5959,645,58,1124,2011,3,1,2,1.8,438886.75,4,0,1,1,0,7,12
10960,7840,0,39,1077,1992,4,1,0,3.0,438886.75,6,0,0,1,0,12,0
10961,19444,502,58,1141,2013,3,0,2,1.5,11000.0,4,3,1,1,0,6,12
10962,2500,0,48,40,1997,9,0,5,1.6,162000.0,4,1,1,1,0,4,2
10963,20005,583,23,618,2011,9,1,5,1.6,35951.0,4,0,1,1,0,2,4
10965,17249,585,58,1124,2013,9,1,2,1.8,6500.0,4,2,1,1,0,7,12
10967,22947,640,54,902,2013,4,1,1,2.0,92690.0,4,0,1,1,0,14,4
10968,2666,521,8,1461,2011,3,1,2,1.4,288778.0,4,0,1,1,0,1,12
10969,862,1080,45,453,2014,4,1,5,3.6,56886.0,6,0,0,1,0,1,12
10970,706,631,32,402,2011,3,1,2,1.8,438886.75,4,0,1,1,0,1,0
10971,3500,0,41,1009,2001,1,0,5,1.0,200000.0,4,1,1,0,0,1,3
10974,13500,1505,58,1146,2012,3,0,2,1.8,51000.0,4,0,1,1,1,14,8
10975,5331,639,61,870,2014,9,1,1,2.0,16856.0,4,0,1,1,0,1,12
10977,13485,0,27,804,2008,4,0,0,3.7,201567.0,8,0,0,1,0,14,6
10978,90,631,58,423,2012,9,0,5,2.5,438886.75,4,0,1,1,0,1,0
10979,34497,0,58,423,2015,9,0,5,2.5,11500.0,4,2,1,1,0,3,8
10983,30417,528,16,646,2014,4,1,5,1.6,70165.0,4,0,1,1,0,14,4
10984,15681,631,5,88,2005,9,1,5,3.0,438886.75,6,2,2,1,0,1,10
10985,10100,0,39,1077,1998,4,0,5,3.0,0.0,6,1,0,1,0,2,2
10986,9252,1273,54,1192,2009,4,1,1,2.7,56629.0,4,0,1,1,0,12,4
10987,25089,1399,36,969,2010,4,1,5,3.5,126000.0,6,0,0,1,0,7,9
10989,25399,1756,23,788,2009,9,1,5,3.7,142380.0,4,0,1,1,0,0,4
10991,14113,0,21,469,2008,9,0,2,1.3,140000.0,4,3,1,1,0,14,7
10995,1800,0,48,107,1996,9,1,5,1.6,123333.0,4,1,1,1,0,0,4
10996,14113,0,16,693,2013,9,0,5,1.6,102581.0,4,0,1,1,0,14,12
10997,22580,642,28,1049,2012,9,1,5,2.0,115000.0,4,2,1,1,0,14,8
10998,10506,1533,8,1397,2016,4,1,5,3.6,91822.0,6,0,0,1,0,14,12
10999,21950,1141,16,1381,2009,6,0,1,2.4,133000.0,4,1,0,1,0,14,2
11000,36065,0,39,1077,2010,4,1,5,3.7,70000.0,6,0,0,0,0,13,6
11002,25889,629,23,618,2015,9,1,5,1.6,103891.0,4,0,1,1,0,14,4
11003,25402,0,31,1214,2007,4,1,1,2.7,197000.0,6,2,0,1,0,13,12
11005,14966,836,54,237,2010,9,1,1,2.0,201935.0,4,0,1,1,0,14,4
11006,10349,0,12,1365,2008,4,0,5,0.7,67000.0,4,1,0,1,1,1,4
11008,41632,891,23,1270,2016,4,1,1,2.0,150415.0,4,0,1,1,0,14,4
11009,37006,0,5,154,2010,9,1,5,3.0,102033.0,6,2,2,1,0,1,10
11011,14740,0,13,417,2009,4,1,5,2.0,122000.0,4,2,1,1,0,14,6
11012,2038,738,8,523,2017,9,1,5,1.4,71498.0,4,0,1,1,0,11,12
11013,20385,0,39,1065,2009,4,1,5,3.0,0.0,6,2,0,1,0,12,10
11014,3293,832,58,1360,2014,4,1,5,2.7,64994.0,4,0,2,1,0,7,12
11015,11290,0,58,1036,2004,7,0,5,2.0,170000.0,4,0,1,1,1,12,2
11017,16308,779,35,999,2013,9,1,5,2.5,125000.0,4,2,1,1,0,7,12
11018,11604,0,58,1457,2006,9,0,5,1.3,170032.0,4,0,1,1,0,1,6
11019,17249,0,61,870,2014,9,1,2,1.4,150000.0,4,0,1,1,0,1,7
11020,49751,631,23,1298,2017,9,1,5,2.0,438886.75,4,0,1,1,0,1,4
11021,73698,891,5,1490,2016,4,1,5,2.0,88000.0,4,2,0,1,0,12,12
11024,20385,0,58,1132,2014,3,0,2,1.5,102880.0,1,3,1,1,0,2,0
11025,25591,639,23,1401,2014,4,1,1,2.0,251201.0,4,0,1,1,0,12,4
11026,21796,777,58,423,2014,9,1,5,2.5,77803.0,4,2,1,1,0,1,0
11027,7840,1236,21,669,2011,3,0,2,1.3,112000.0,4,0,1,1,1,1,8
11028,25089,0,28,1049,2016,9,0,5,2.4,116800.0,4,2,1,1,0,14,8
11030,392,579,58,423,2017,9,1,2,2.5,61939.0,4,0,1,1,0,1,0
11031,7683,1051,21,235,2016,9,1,5,2.4,154854.0,4,0,1,1,0,7,12
11032,26657,0,36,1445,2008,7,0,1,2.2,269000.0,4,1,2,0,0,12,2
11033,5018,934,32,841,2015,9,1,5,2.5,70154.0,6,0,2,1,0,14,12
11034,48403,765,23,1270,2015,4,1,1,2.0,110000.0,4,0,1,1,0,14,4
11035,52373,0,58,917,2007,4,1,5,3.7,174300.0,8,2,0,1,0,12,4
11037,9408,0,5,66,2005,1,0,5,2.0,110000.0,4,2,2,0,1,1,6
11042,6000,0,36,582,1997,9,1,0,3.2,258000.0,6,0,2,1,0,10,6
11043,14113,640,16,697,2013,9,1,5,2.0,116800.0,4,2,1,1,0,1,8
11044,25873,751,28,1319,2013,4,0,5,2.4,107150.0,4,0,1,1,0,4,6
11045,16935,586,23,625,2012,9,1,5,1.8,97000.0,4,2,1,1,0,3,12
11046,33870,1091,58,432,2016,9,1,5,2.5,19000.0,4,2,1,1,0,12,12
11049,15530,836,54,237,2010,9,1,1,2.0,146664.0,4,0,1,1,0,14,4
11050,26500,764,28,1049,2016,9,1,5,1.7,30157.0,4,0,1,1,0,14,4
11051,42651,631,36,756,2009,4,1,5,3.7,438886.75,8,2,0,1,0,1,12
11052,18240,583,23,618,2011,9,1,5,1.6,154900.0,4,0,1,1,0,14,4
11054,8154,631,16,1377,2003,2,0,1,1.8,438886.75,4,1,1,0,0,1,1
11056,3000,0,61,794,1996,3,0,5,1.6,160000.0,4,1,1,1,0,2,2
11057,2195,1850,36,586,2008,9,1,1,3.5,290922.0,6,0,2,1,0,12,12
11058,470,629,16,693,2015,9,1,5,1.6,111374.0,4,0,1,1,0,2,12
11059,13799,707,21,637,2011,7,1,5,2.0,153000.0,4,0,1,1,0,7,8
11060,78403,631,31,1217,2016,4,1,5,2.0,438886.75,4,2,0,1,0,1,12
11061,3136,0,36,1262,2008,9,1,1,1.5,1000.0,8,2,1,0,0,7,5
11062,13172,891,23,1298,2016,9,1,4,2.0,438886.75,4,0,1,1,0,8,4
11066,49143,1960,26,1520,2010,9,1,5,3.7,99210.0,4,0,1,1,0,1,4
11067,15681,0,36,336,2001,9,1,5,3.2,94000.0,6,2,2,1,0,12,8
11068,14740,1296,16,1381,2008,6,0,5,2.4,183000.0,6,1,2,1,0,11,3
11069,32973,696,8,444,2013,4,1,1,2.2,93170.0,4,0,1,1,0,7,4
11070,42667,730,54,237,2016,4,1,1,1.6,23767.0,4,0,1,1,0,1,4
11073,23050,586,32,402,2012,3,1,2,1.8,172346.0,4,0,1,1,0,1,12
11075,42102,631,54,237,2017,4,1,5,1.6,438886.75,4,0,1,1,0,1,4
11076,18189,645,58,1124,2011,9,1,2,1.8,204800.0,4,0,1,1,0,12,10
11077,23207,0,58,1124,2013,3,1,2,1.8,69000.0,4,3,1,1,0,7,6
11078,10976,473,8,523,2014,9,0,5,1.4,2000.0,4,2,1,1,0,2,12
11079,9408,0,41,1364,2006,9,0,5,2.3,155000.0,4,0,1,1,0,1,6
11080,15329,1185,23,812,2009,7,1,1,2.5,114985.0,4,0,1,1,0,15,4
11081,39615,784,21,669,2017,3,1,5,1.5,49000.0,4,0,1,1,0,14,4
11084,15257,836,23,1298,2010,9,1,5,2.0,205972.0,4,0,1,1,0,7,4
11085,80,0,58,423,2014,9,1,5,2.5,211200.0,4,3,1,1,0,1,12
11086,5645,761,21,469,2010,9,1,5,1.8,88230.0,4,0,1,1,0,14,12
11087,16621,0,3,206,2005,9,0,1,2.0,22200.0,4,2,1,1,0,0,8
11088,8386,639,23,1298,2014,9,1,4,2.0,438886.75,4,0,1,1,0,8,4
11089,20,0,58,1124,2012,9,1,2,1.6,120000.0,4,3,1,1,0,14,10
11090,20385,0,16,1381,2007,6,0,1,2.4,189000.0,4,1,2,0,0,12,3
11091,11290,761,58,1124,2010,3,0,2,1.8,165779.0,4,0,1,1,0,11,8
11092,10036,1267,58,251,2013,3,0,5,1.5,105200.0,4,0,1,1,1,12,4
11093,22357,707,54,1192,2011,4,1,1,2.0,190000.0,4,0,1,1,0,1,4
11094,19416,642,8,1060,2012,4,1,1,2.0,139633.0,4,0,1,1,0,1,4
11095,22266,1018,5,1491,2011,4,1,1,3.0,208000.0,6,2,0,1,0,7,10
11097,21953,631,5,88,2013,9,1,5,2.0,438886.75,4,2,2,1,0,1,6
11098,15608,966,23,788,2009,1,1,5,2.0,52749.0,4,0,1,1,0,2,4
11099,45210,770,23,1401,2016,4,1,1,1.7,100184.0,4,0,1,1,0,14,4
11100,6272,631,59,63,2000,6,0,5,2.5,438886.75,4,1,0,0,0,1,0
11101,23436,777,23,812,2014,7,1,1,2.5,173490.0,4,0,1,1,0,1,4
11102,8781,1356,42,479,2005,10,0,0,1.6,167000.0,4,1,1,0,0,14,2
11103,8938,2195,5,1491,2009,4,1,5,3.7,153515.0,8,0,0,1,0,7,12
11104,3300,0,61,797,1996,2,0,1,1.7,0.0,4,1,1,1,0,14,2
11105,22580,1077,23,1401,2019,9,1,5,2.0,31200.0,4,0,0,1,0,2,12
11106,6429,980,58,492,2018,9,1,5,1.8,78608.0,4,0,1,1,0,1,12
11107,8467,0,5,144,1999,9,1,4,2.8,220000.0,6,2,2,1,0,1,6
11108,12858,0,23,618,2012,1,0,5,1.8,87000.0,4,2,1,0,0,1,6
11109,97235,1076,23,1270,2020,4,1,1,2.0,43865.0,4,0,1,1,0,7,4
11111,5000,0,16,1381,1990,6,0,1,2.5,100000.0,4,1,2,1,0,11,0
11112,13739,687,23,618,2010,9,1,5,1.6,110000.0,4,0,1,1,0,14,4
11114,1019,586,32,402,2012,3,1,2,1.8,192683.0,4,0,1,1,0,14,12
11116,24462,900,23,1310,2015,9,1,5,2.4,70296.0,4,2,1,1,0,14,12
11117,17876,645,58,1124,2011,9,1,2,1.8,129000.0,4,3,1,1,0,7,4
11118,15053,836,23,1401,2010,4,1,1,2.0,53232.0,4,0,1,1,0,1,4
11119,16000,0,5,1491,2003,4,1,1,3.0,1000.0,6,2,0,1,0,12,8
11121,2666,631,36,961,2011,4,1,1,3.0,438886.75,6,0,0,1,0,1,12
11122,15035,528,23,232,2014,9,1,1,1.6,181232.0,4,0,1,1,0,7,4
11123,7840,1599,10,302,2002,2,0,1,1.9,190000.0,4,1,1,1,0,2,2
11124,470,2000,62,1257,2000,9,1,5,2.4,306786.0,5,0,1,1,0,12,12
11125,31211,501,58,251,2014,3,1,5,1.5,20000.0,4,0,1,1,0,1,4
11127,17876,0,16,726,2010,9,1,2,2.5,156000.0,4,0,1,1,0,14,4
11128,22580,0,21,1344,2011,7,0,5,2.0,96000.0,4,0,0,1,1,1,3
11129,12858,551,8,1322,2017,9,1,5,1.0,28227.0,3,0,1,1,0,1,4
11130,8097,1047,23,618,2007,9,1,5,1.6,184297.0,4,0,1,1,0,12,4
11131,103491,0,58,914,2015,4,0,1,3.7,93000.0,8,1,0,1,0,14,0
11133,300,0,36,1247,2008,9,1,5,3.7,122000.0,8,2,2,1,0,14,12
11135,27598,1598,36,955,2008,4,1,1,3.0,218000.0,6,0,0,1,0,7,8
11138,52687,0,32,783,2008,4,1,4,3.7,329600.0,8,2,0,1,0,5,12
11139,784,631,35,658,2012,9,1,5,2.5,438886.75,4,0,1,1,0,1,12
11141,18817,639,61,1090,2014,9,1,1,2.0,211512.0,4,2,1,1,0,1,0
11142,16753,836,23,788,2010,1,1,5,2.0,191263.0,4,0,1,1,0,14,4
11143,9565,639,61,870,2014,9,1,1,2.0,168637.0,4,0,1,1,0,3,0
11144,6272,0,36,305,1995,9,0,0,2.0,438886.75,4,1,2,1,0,2,2
11145,706,753,23,1298,2012,9,1,2,2.4,0.0,4,0,1,1,0,11,0
11146,12541,0,58,1458,2001,9,0,5,1.5,150000.0,4,1,1,1,1,14,0
11147,18503,631,61,1090,2013,9,1,5,1.8,438886.75,4,2,1,1,0,1,12
11148,11259,631,23,1298,2013,9,1,5,2.0,438886.75,4,0,1,1,0,1,4
11149,14113,631,58,256,2013,3,0,2,1.5,438886.75,4,3,1,1,1,1,6
11150,46101,631,5,88,2016,9,1,5,2.0,438886.75,4,2,2,1,0,1,12
11151,10976,1267,58,251,2013,3,1,2,1.5,80000.0,4,0,1,1,1,2,4
11153,16151,631,23,1401,2011,4,1,1,2.0,438886.75,4,0,1,1,0,1,4
11155,72130,609,58,425,2018,9,0,2,2.5,27000.0,4,2,1,1,0,1,12
11156,19444,0,36,1334,2005,6,0,1,2.7,25600.0,4,2,2,1,0,12,4
11158,50,0,58,251,2012,9,0,2,1.5,150000.0,2,0,2,1,1,2,0
11159,8781,0,5,141,1994,9,0,1,2.5,111111.0,4,1,2,1,0,1,1
11161,8467,0,39,475,2005,10,0,5,1.3,88000.0,4,0,1,1,1,14,10
11163,9252,0,42,1536,2001,7,0,1,2.0,300000.0,4,1,1,1,0,1,2
11164,48403,765,23,1270,2015,4,1,1,2.0,85139.0,4,0,1,1,0,2,4
11165,51746,891,5,94,2016,9,1,5,2.0,51000.0,4,2,2,1,0,2,10
11166,68994,1714,32,1190,2017,1,1,5,3.5,12800.0,6,2,2,1,0,1,6
11168,5175,781,58,423,2012,9,1,5,2.5,121318.0,4,0,1,1,0,7,12
11169,18503,781,61,1090,2012,9,1,5,2.5,75000.0,5,2,1,1,0,1,6
11170,549,631,55,706,2014,4,1,5,2.0,438886.75,4,0,0,1,0,1,0
11171,19482,769,8,444,2011,4,1,1,2.2,106000.0,4,0,1,1,0,1,4
11172,17158,583,23,618,2011,9,1,5,1.6,157827.0,4,0,1,1,0,12,4
11173,12074,0,61,1090,2004,9,1,5,3.7,59439.0,8,2,0,1,0,12,8
11174,20855,730,23,618,2016,9,1,4,1.6,31780.0,4,0,1,1,0,1,4
11175,47042,891,3,1160,2016,4,1,5,2.0,56240.0,4,0,0,1,0,7,0
11176,27924,631,23,812,2014,7,1,1,2.5,438886.75,4,0,1,1,0,1,4
11177,8467,586,41,1435,2012,3,0,5,1.8,165758.0,4,0,1,1,0,1,10
11178,24618,0,22,817,2006,4,1,5,3.5,185482.0,5,0,0,1,0,1,6
11179,6272,0,36,568,2002,9,1,5,2.6,312000.0,6,2,2,1,1,12,6
11180,2901,843,58,1124,2008,9,1,2,1.5,246629.0,4,0,1,1,0,1,12
11181,20385,586,58,1124,2012,3,0,2,1.8,59000.0,4,0,1,1,0,1,10
11183,470,631,41,249,2015,9,1,5,2.5,438886.75,4,0,1,1,0,1,12
11184,6899,0,16,1017,2004,2,0,1,2.2,230000.0,4,0,1,1,0,1,4
11185,26657,0,36,961,2010,4,1,5,3.5,160000.0,6,2,0,1,0,1,0
11186,14113,0,36,1242,2001,9,1,5,3.7,160000.0,8,2,2,1,0,1,0
11187,20385,631,16,345,2013,4,1,2,2.0,438886.75,4,0,1,1,0,1,10
11188,9408,0,36,1240,2000,9,1,5,3.7,0.0,8,2,2,1,0,12,0
11191,11604,640,56,1266,2013,4,0,5,2.0,250000.0,4,2,0,1,0,14,8
11192,10976,765,23,1298,2015,9,1,4,2.0,311337.0,4,0,1,1,0,14,4
11193,25889,629,23,618,2015,9,1,5,1.6,117000.0,4,0,1,1,0,14,4
11195,7370,0,42,262,2000,3,0,5,1.6,228982.0,4,1,1,0,0,2,4
11198,55638,765,23,1270,2015,4,1,1,2.0,36819.0,4,0,1,1,0,14,4
11199,23521,595,16,722,2015,9,1,5,1.5,60000.0,4,0,1,1,0,1,12
11201,25089,639,61,1368,2014,4,0,5,2.0,155000.0,4,2,0,1,0,7,8
11202,8781,1268,58,251,2012,9,0,2,1.5,102000.0,4,0,1,1,1,1,2
11204,17876,0,5,163,2007,9,1,5,3.0,230000.0,6,2,2,1,0,1,8
11205,9408,574,21,858,2010,3,0,2,1.3,149000.0,4,2,1,1,0,14,8
11207,44846,1172,32,1208,2011,4,1,2,3.5,114000.0,6,0,0,1,0,14,12
11211,15994,761,58,1124,2010,9,1,5,1.8,184000.0,4,0,1,1,0,7,6
11212,15053,631,21,670,2014,3,0,2,1.5,438886.75,4,0,0,1,1,1,4
11213,15681,891,23,1298,2016,9,1,4,2.0,314772.0,4,0,1,1,0,12,4
11214,3450,0,16,895,2001,3,0,5,1.3,74000.0,4,1,1,0,0,1,2
11216,1200,0,61,1090,1996,2,0,0,2.0,3018.0,4,1,1,1,0,12,2
11217,941,1714,58,1284,2017,9,1,5,3.5,50243.0,6,0,1,1,0,7,12
11218,49751,765,54,1192,2015,4,1,1,2.0,62575.0,4,0,1,1,0,1,4
11219,157,0,36,1242,1939,5,1,5,2.4,126000.0,4,0,2,1,0,14,0
11220,19130,2084,16,1381,1998,2,0,1,2.5,270000.0,4,1,2,1,0,14,8
11222,9408,0,58,1457,2006,3,0,5,1.5,115000.0,4,3,1,1,1,1,5
11224,32302,0,5,1502,2011,4,1,5,3.7,170000.0,8,2,0,1,0,1,12
11226,20071,631,58,1124,2013,3,1,2,1.8,438886.75,4,0,1,1,0,1,8
11227,10976,475,15,116,2012,3,0,5,1.4,127520.0,4,1,1,0,0,6,6
11230,250,0,58,921,2019,4,0,1,3.0,37000.0,6,0,0,1,0,7,12
11232,39499,730,54,237,2016,4,1,1,1.6,45482.0,4,0,1,1,0,12,4
11233,9408,0,9,54,2004,1,1,5,3.0,168000.0,6,0,1,0,0,11,6
11234,10976,0,46,898,2009,2,0,1,1.5,160000.0,4,1,1,0,0,14,4
11235,7683,631,23,618,2016,9,1,5,1.8,438886.75,4,0,1,1,0,1,12
11236,27174,631,27,483,2011,4,1,5,2.4,438886.75,4,0,1,1,0,1,4
11237,21400,0,36,308,2008,9,0,1,2.2,232000.0,4,2,2,1,0,7,8
11238,12544,521,8,523,2011,9,0,5,1.4,72000.0,4,2,1,1,0,14,10
11239,10349,0,55,928,2006,9,0,5,2.0,215000.0,4,2,0,1,1,14,4
11240,15000,2265,58,492,2019,10,0,2,1.5,22000.0,4,2,1,1,1,14,0
11242,470,631,36,580,2017,9,1,5,2.0,438886.75,4,0,0,1,0,1,12
11243,12858,702,28,457,2009,9,0,5,1.4,15675.0,4,1,1,1,0,2,0
11245,25889,707,54,1192,2011,4,1,1,2.0,83667.0,4,0,1,1,0,14,4
11246,8311,1282,8,444,2007,4,1,1,2.0,63558.0,4,0,1,1,0,14,4
11247,125444,0,26,604,2018,4,1,5,2.0,22720.0,6,2,0,1,0,14,12
11249,45542,631,23,1401,2016,4,1,1,2.0,438886.75,4,0,1,1,0,1,4
11250,10663,988,58,1124,2007,9,1,2,1.5,216000.0,4,0,1,1,0,4,4
11251,100,631,5,1491,2004,4,1,1,3.0,438886.75,6,2,0,1,0,1,12
11252,11992,687,23,618,2010,9,1,5,1.6,124900.0,4,0,1,1,0,1,4
11254,28830,530,23,618,2013,9,1,5,1.6,56764.0,4,0,1,1,0,14,4
11255,7840,1132,58,1124,2006,9,0,2,1.5,0.0,4,0,1,1,0,12,6
11256,392,1018,7,407,2011,9,1,5,3.0,260128.0,6,0,0,1,0,1,12
11258,17327,271,21,669,2014,10,1,2,1.5,121000.0,4,0,1,1,0,1,4
11260,25456,642,8,978,2012,9,1,5,2.0,135965.0,4,0,1,1,0,1,4
11261,15994,650,61,876,2016,9,1,5,1.4,93521.0,4,0,1,1,0,1,8
11263,14113,0,42,1536,2005,7,0,5,1.6,155000.0,4,1,1,1,0,12,4
11264,5018,1079,23,618,2018,9,1,5,2.0,61398.0,4,0,1,1,0,1,12
11265,3450,1017,36,580,2017,9,1,5,2.0,50930.0,4,0,2,1,0,1,12
11266,11917,0,16,1381,1996,6,0,1,2.5,438886.75,6,1,2,1,0,14,2
11267,27284,831,41,889,2017,4,1,5,1.6,47533.0,4,0,1,1,0,14,12
11268,17484,583,23,618,2011,9,1,5,1.6,128147.0,4,0,1,1,0,14,4
11269,26180,836,23,1298,2010,9,1,5,2.0,51476.0,4,0,1,1,0,14,4
11270,68994,0,36,586,2014,0,1,5,3.5,42774.0,6,2,2,0,0,14,12
11271,6586,0,21,469,1998,1,0,5,1.4,152000.0,4,1,1,0,0,10,2
11272,41193,640,23,1270,2013,4,1,1,2.0,120456.0,4,0,1,1,0,7,4
11274,12231,0,36,958,2007,4,1,1,3.2,0.0,6,0,0,1,0,14,8
11275,3136,0,16,661,1994,4,1,0,3.7,272000.0,6,0,0,1,0,4,4
11276,16308,631,61,1090,2013,9,1,5,2.5,438886.75,5,2,1,1,0,1,10
11277,15053,0,36,560,2003,9,0,1,2.2,370000.0,4,2,2,1,0,1,8
11278,10349,0,5,85,2000,3,1,5,2.5,200000.0,6,1,2,0,0,2,4
11279,8500,0,41,1370,2006,3,1,5,1.5,134000.0,4,3,1,1,1,12,2
11280,18817,0,36,1331,2005,6,0,0,2.3,438886.75,4,1,2,1,0,14,1
11281,17249,0,61,870,2014,9,1,2,1.8,1000.0,4,0,1,1,0,1,8
11282,11290,0,58,1124,2007,3,0,2,1.4,264000.0,4,0,1,1,0,1,6
11283,12231,0,58,251,2013,3,0,5,1.5,130000.0,4,0,1,1,1,12,12
11284,44752,880,54,237,2018,4,1,5,1.6,11953.0,4,0,1,1,0,11,4
11285,40,0,58,867,2004,3,1,4,1.3,123000.0,4,0,1,1,1,12,7
11286,18346,730,23,618,2016,9,1,4,1.6,33553.0,4,0,1,1,0,12,4
11288,21169,0,58,1124,2014,3,0,2,1.8,76000.0,4,0,1,1,0,14,8
11293,627,765,36,759,2015,4,1,5,2.0,0.0,4,0,0,1,0,14,12
11294,36065,0,5,1491,2011,4,1,1,3.5,105000.0,6,2,0,1,0,1,12
11295,29793,1850,36,392,2008,1,1,5,3.5,122600.0,6,2,2,1,0,1,8
11296,8781,0,58,1457,2006,3,0,5,1.3,111000.0,4,0,1,1,1,2,4
11297,3293,1533,13,463,2016,1,1,5,3.6,126038.0,6,0,2,0,0,1,12
11298,76029,1011,16,661,2016,4,1,5,2.3,90000.0,4,0,1,1,0,2,4
11299,14113,0,16,1381,2000,6,0,1,2.5,200000.0,4,1,2,2,0,14,0
11300,32578,1091,23,812,2016,7,1,1,2.5,117595.0,4,0,1,1,0,14,4
11302,12231,640,28,1049,2013,9,1,5,2.0,35008.0,4,0,1,1,0,1,4
11303,9252,765,23,1298,2015,9,1,4,2.0,438886.75,4,0,1,1,0,8,4
11304,21326,0,39,1065,2012,4,0,5,2.4,128000.0,4,0,0,1,0,12,16
11305,3920,779,58,423,2013,9,1,5,2.5,308694.0,4,0,1,1,0,7,11
11306,21639,639,8,523,2014,9,1,1,2.0,101922.0,4,0,1,1,0,1,6
11307,9408,1090,28,1323,2008,4,1,1,2.0,60928.0,4,0,1,1,0,12,4
11308,25716,765,5,1483,2015,4,1,5,2.0,97527.0,4,2,0,1,0,7,12
11309,12544,765,16,697,2015,9,0,5,2.0,72114.0,4,0,1,1,0,14,0
11311,17876,595,58,1132,2015,3,0,5,1.5,71300.0,4,0,1,1,0,14,6
11312,7527,0,41,1037,2008,9,0,5,1.5,113111.0,4,0,1,1,0,7,4
11313,4234,0,61,870,2002,9,0,0,2.0,0.0,6,1,1,1,0,2,6
11314,10000,1268,21,715,2012,7,0,5,1.5,145000.0,4,0,1,1,1,12,4
11316,2666,919,5,95,2012,1,1,5,3.0,92141.0,6,0,2,0,0,14,12
11317,65817,830,21,469,2019,9,1,5,1.5,14542.0,4,0,1,1,0,2,4
11318,18503,584,23,618,2014,9,0,5,1.8,150000.0,6,2,1,1,0,7,8
11319,20698,0,58,1154,2013,3,1,2,1.8,100000.0,4,3,1,1,1,12,9
11320,35617,631,8,854,2017,9,1,5,2.5,438886.75,4,0,1,1,0,1,4
11321,28909,831,23,618,2017,9,1,1,1.6,98000.0,4,0,1,1,0,14,4
11322,47217,891,23,1270,2016,4,1,1,2.0,149476.0,4,0,1,1,0,7,4
11323,6899,0,43,58,2003,3,0,5,1.6,84000.0,4,0,1,1,1,2,6
11324,17249,584,61,1090,2014,9,1,5,1.8,52000.0,4,2,1,1,0,1,12
11326,188,781,58,423,2012,4,1,2,2.5,268683.0,4,0,1,1,0,2,12
11329,21012,0,58,1124,2012,9,1,2,1.8,165000.0,4,0,1,1,0,1,12
11330,25,0,41,1037,2005,3,0,5,1.5,145000.0,4,0,1,1,1,6,4
11332,15486,609,21,669,2016,3,1,5,1.3,66890.0,4,0,1,1,0,12,4
11333,18817,0,61,1376,2008,7,0,1,2.0,154000.0,4,0,1,1,0,12,10
11334,21395,781,23,812,2012,10,1,1,2.5,216000.0,4,0,1,1,0,12,4
11335,11290,891,23,1298,2016,9,1,4,2.0,257646.0,4,0,1,1,0,12,4
11336,4704,0,42,502,1997,3,0,0,1.4,0.0,4,1,1,1,0,10,2
11337,1490,562,8,523,2015,9,1,5,1.4,167317.0,4,0,1,1,0,11,12
11338,48867,930,23,1401,2018,4,1,1,1.7,52782.0,4,0,1,1,0,12,4
11340,6743,0,21,669,2003,3,0,5,1.3,134000.0,2,3,1,1,1,15,6
11342,18760,631,23,1298,2016,9,1,4,2.0,438886.75,4,0,1,1,0,1,4
11344,21796,784,16,650,2017,4,1,5,1.5,41092.0,4,0,0,1,0,7,8
11345,26804,640,23,1270,2013,4,1,1,2.0,52326.0,4,0,1,1,0,7,4
11346,37006,0,5,76,2014,9,1,1,2.0,159000.0,4,2,2,1,0,2,8
11348,24148,0,15,131,2015,4,1,5,2.4,92800.0,4,2,0,1,0,8,6
11349,19601,0,36,961,2006,4,1,5,3.5,180000.0,6,2,0,1,0,1,10
11350,15367,761,58,1124,2010,9,1,2,1.8,93000.0,4,0,1,1,0,12,12
11352,13172,761,58,1124,2010,3,0,2,1.8,90532.0,4,0,1,1,0,14,12
11354,49864,1621,23,1272,2017,4,1,5,3.3,44800.0,6,0,0,1,0,12,12
11356,15681,585,23,618,2013,9,0,5,1.8,41600.0,4,2,1,1,0,7,8
11358,18189,697,23,618,2015,9,0,5,1.8,17000.0,4,0,1,1,0,7,0
11359,3763,0,61,794,1997,3,0,0,2.0,25000.0,4,1,1,1,0,7,2
11360,59338,831,23,1401,2017,4,1,5,1.6,35477.0,4,0,1,1,0,14,4
11361,8386,639,23,1298,2014,9,1,4,2.0,438886.75,4,0,1,1,0,8,4
11362,21768,707,54,902,2011,4,1,1,2.0,119315.0,4,0,1,1,0,12,4
11363,24148,0,28,1049,2014,9,0,2,2.4,66000.0,6,2,1,1,0,14,12
11364,6899,0,56,809,2000,4,1,0,2.5,348800.0,6,0,2,1,0,14,2
11365,6899,874,61,1408,2013,3,0,5,1.0,44333.0,4,0,1,0,1,1,6
11366,28532,765,54,902,2015,4,1,1,2.0,145572.0,4,0,1,1,0,1,4
11367,27921,777,23,812,2014,7,1,1,2.5,184700.0,4,0,1,1,0,12,4
11368,6272,364,8,1322,2012,3,1,5,1.0,75407.0,4,0,1,1,0,1,4
11370,18189,631,16,693,2017,3,0,5,1.6,438886.75,4,0,1,1,0,1,6
11371,32772,777,23,812,2014,7,1,1,2.5,50877.0,4,0,1,1,0,1,4
11372,10976,0,58,1457,2007,9,0,5,1.3,145000.0,4,0,1,1,0,12,2
11373,17876,0,61,870,2015,9,0,5,2.0,49656.0,4,2,1,1,0,12,10
11374,15681,1832,36,1326,2005,6,0,1,2.2,438886.75,4,2,2,1,0,11,1
11375,549,474,15,116,2013,3,1,5,1.4,170459.0,4,0,1,1,0,11,12
11376,23521,0,58,438,2013,9,1,5,2.5,145000.0,4,2,1,1,0,7,8
11378,27284,456,58,423,2015,9,1,2,2.5,80000.0,4,2,1,1,0,7,12
11379,13589,531,23,618,2012,9,1,5,1.6,162911.0,4,0,1,1,0,14,4
11381,13799,779,8,444,2011,4,1,1,2.2,148076.0,4,0,1,1,0,1,4
11382,15524,761,58,1124,2010,3,0,2,1.8,124000.0,4,2,1,1,0,7,8
11383,13799,1505,16,1387,2012,2,0,1,1.8,143560.0,4,1,1,1,1,14,2
11385,62095,714,58,280,2018,9,1,2,3.0,80000.0,8,3,1,1,0,7,10
11386,3763,631,58,423,2013,9,1,2,2.5,438886.75,4,0,1,1,0,1,12
11388,8006,836,23,1298,2010,9,1,4,2.0,66760.0,4,0,1,1,0,1,4
11389,706,585,23,618,2013,9,1,5,1.8,230746.0,4,0,1,1,0,7,12
11390,1960,830,58,1528,2019,9,1,5,1.5,0.0,4,0,1,1,0,14,12
11391,8781,642,28,1049,2012,9,1,5,2.0,46208.0,4,0,1,1,0,12,4
11392,18189,640,61,359,2013,9,1,5,2.0,134400.0,4,2,1,1,0,14,12
11393,2038,1058,23,1270,2012,4,1,5,3.5,258493.0,6,0,0,1,0,12,12
11394,13328,0,36,961,2004,4,1,0,3.7,136000.0,6,2,0,1,0,14,8
11395,7840,0,41,1370,2006,3,0,5,1.5,143000.0,4,0,1,1,1,1,0
11396,8467,0,5,139,1997,9,1,4,2.5,111111.0,6,2,2,1,0,12,4
11397,7840,993,39,475,2006,3,0,5,1.3,235000.0,4,2,1,1,0,1,4
11398,31047,1077,23,1425,2019,3,0,5,2.0,12000.0,4,2,1,1,0,14,12
11399,4000,0,55,706,2003,2,0,5,2.5,1000.0,6,2,0,1,0,14,4
11400,7527,474,8,1317,2013,3,0,5,1.4,190460.0,4,2,1,1,0,14,8
11401,26500,1017,23,1403,2017,4,1,5,2.0,46932.0,4,0,1,1,0,1,10
11402,6586,1282,8,444,2007,4,1,1,2.0,74588.0,4,0,1,1,0,14,4
11403,17249,631,58,1132,2013,3,1,2,1.5,438886.75,4,0,1,1,0,1,12
11404,26149,971,54,902,2016,4,1,1,2.2,105344.0,4,0,1,1,0,14,4
11405,9408,1109,21,669,2014,3,0,2,1.3,139000.0,4,0,1,1,1,12,2
11406,5175,765,23,1298,2015,9,1,4,2.0,438886.75,4,0,1,1,0,8,4
11407,40142,911,36,1440,2010,7,1,1,2.2,177000.0,4,2,2,1,0,12,8
11408,36774,833,8,444,2015,4,1,1,2.2,92825.0,4,0,1,1,0,7,4
11409,40064,730,54,237,2016,4,1,5,1.6,48536.0,4,0,1,1,0,14,4
11410,11290,1266,21,669,2014,3,0,2,1.5,60000.0,4,0,1,1,1,12,4
11411,31361,0,23,814,2011,7,0,1,2.5,77000.0,4,0,2,1,0,12,4
11412,47038,765,28,1324,2015,4,1,1,2.0,34000.0,4,2,1,1,0,14,8
11413,18817,3989,24,1166,2006,4,1,5,3.7,219200.0,8,0,0,2,0,12,16
11415,3450,1325,55,1061,2019,4,1,5,2.5,15480.0,4,0,0,1,0,14,12
11416,6115,0,42,1416,2000,9,0,5,1.8,240000.0,4,1,1,1,0,1,6
11417,8900,0,39,240,2001,4,1,0,2.0,190000.0,4,2,1,1,0,7,4
11421,4391,474,15,116,2013,4,1,5,1.4,107054.0,4,0,1,1,0,1,12
11422,25089,0,21,512,2012,4,0,4,2.4,87792.0,4,0,1,1,0,3,12
11423,2744,640,55,1525,2013,4,1,5,2.0,108259.0,4,0,0,1,0,7,0
11424,150,0,36,1326,2012,6,1,1,3.2,200000.0,6,1,2,1,0,12,2
11425,6272,0,61,1090,2000,9,1,5,2.8,250000.0,6,2,1,1,0,12,6
11427,314,631,36,586,2010,9,1,5,3.7,438886.75,8,0,2,1,0,1,12
11428,6272,0,41,1294,2004,9,0,5,2.5,156000.0,6,0,0,1,1,12,6
11429,25716,1292,5,1491,2016,4,1,5,3.0,0.0,6,0,0,1,0,7,12
11433,32302,631,36,586,2014,9,1,1,3.7,438886.75,8,0,0,1,0,1,12
11434,6899,0,58,1467,2002,3,0,5,1.3,102000.0,4,0,1,1,1,2,2
11435,43905,1104,5,154,2015,9,1,5,3.0,7800.0,6,2,2,1,0,14,16
11436,65858,631,36,1445,2014,7,1,1,2.2,438886.75,6,1,2,1,0,1,4
11437,38574,0,36,586,2013,9,1,5,3.5,143000.0,6,2,0,1,0,7,11
11438,42337,0,36,586,2013,9,1,5,3.5,150000.0,6,2,2,1,0,1,12
11439,11290,0,36,338,2004,9,1,5,3.2,100000.0,6,1,2,1,0,1,8
11441,10192,1047,28,457,2007,3,1,1,1.6,1000.0,1,1,1,1,0,7,4
11443,7527,631,8,420,2011,1,1,5,3.6,438886.75,6,0,2,0,0,1,12
11444,16568,631,23,618,2015,9,1,1,1.6,438886.75,4,0,1,1,0,1,4
11445,53580,833,23,1270,2015,4,1,1,2.2,143470.0,4,0,1,1,0,14,4
11447,34497,0,36,332,2014,9,1,5,3.5,100358.0,6,2,0,1,0,7,12
11448,3500,0,62,1254,2001,9,1,5,2.0,133502.0,4,0,1,1,1,6,2
11449,9408,0,5,42,1999,9,1,5,2.5,250000.0,8,2,2,1,0,1,6
11451,17719,631,23,812,2012,7,1,1,2.5,438886.75,4,0,1,1,0,1,4
11452,627,530,38,490,2013,3,1,5,1.6,134035.0,4,0,1,1,0,11,12
11453,8006,893,23,838,2008,3,1,1,1.6,62444.0,4,0,1,1,0,12,4
11454,11917,0,16,1381,2000,6,0,0,2.3,300000.0,4,1,2,1,0,15,0
11456,20385,562,6,640,2015,4,1,5,1.4,58000.0,4,0,1,1,0,14,10
11457,42933,784,58,251,2017,3,1,5,1.5,50909.0,4,0,1,1,0,1,4
11458,28225,0,13,1178,2000,4,0,5,3.7,60800.0,8,0,0,1,0,2,0
11459,784,586,58,1124,2012,3,1,2,1.8,174285.0,4,0,1,1,0,12,12
11460,18817,690,21,669,2016,3,0,5,1.5,49600.0,4,0,1,1,0,14,6
11461,9408,0,58,1412,2003,7,0,0,2.0,200000.0,4,0,0,2,1,14,2
11462,15988,502,58,251,2013,10,1,2,1.5,88777.0,4,0,1,1,0,15,4
11463,37984,891,23,1298,2016,9,1,5,2.0,101200.0,4,0,1,1,0,7,4
11464,25089,0,36,1326,2009,6,0,1,2.2,327000.0,4,1,2,1,0,14,2
11465,26657,0,58,429,2014,9,1,5,2.5,128320.0,4,2,1,1,0,12,10
11466,157,585,58,1124,2013,9,1,2,1.8,321616.0,4,0,1,1,0,11,12
11467,14113,843,58,1124,2008,3,1,2,1.5,95520.0,4,3,1,1,0,11,0
11468,23521,777,58,423,2014,9,1,5,2.5,147845.0,4,0,1,1,0,7,8
11469,13322,583,8,1322,2018,3,1,5,1.0,62499.0,4,0,1,1,0,14,4
11471,627,631,58,825,2008,9,1,2,3.3,438886.75,6,0,0,1,0,1,12
11472,2300,0,56,1350,2005,3,0,5,1.3,438886.75,4,1,0,1,1,12,7
11473,13454,1347,23,812,2008,7,1,1,2.5,93281.0,4,0,1,1,0,12,4
11474,1725,1324,58,825,2010,4,1,2,3.3,226198.0,6,0,0,1,0,6,12
11475,45473,770,23,1401,2016,4,1,1,1.7,25000.0,4,2,1,1,0,12,12
11476,30351,640,23,1270,2013,4,1,1,2.0,149038.0,4,0,1,1,0,14,4
11477,43416,971,23,1270,2016,4,1,1,2.2,137986.0,4,0,1,1,0,12,4
11478,392,1325,58,423,2019,9,1,5,2.5,12336.0,4,0,1,1,0,2,12
11479,11726,308,21,669,2015,3,1,2,1.5,102528.0,4,0,1,1,0,1,4
11480,19444,631,58,1124,2012,3,0,2,1.8,438886.75,4,3,1,1,0,1,12
11481,28225,911,36,313,2010,9,1,1,2.2,0.0,4,2,2,1,0,1,6
11482,25716,631,23,618,2016,9,0,5,2.0,438886.75,4,2,1,1,0,1,12
11483,1300,0,61,1353,1985,6,0,5,1.7,0.0,4,1,2,1,0,3,0
11485,18817,0,53,1349,2011,9,0,5,1.8,222000.0,4,2,1,1,0,1,4
11486,19000,0,23,618,2013,3,1,5,1.8,95000.0,4,2,1,1,0,7,6
11487,12544,640,61,870,2013,9,0,5,2.0,112000.0,4,1,1,1,0,7,10
11488,36065,1624,32,1201,2009,4,1,5,3.5,155200.0,6,2,0,1,0,3,12
11489,392,441,23,1298,2015,9,1,2,2.4,77830.0,4,0,1,1,0,7,12
11491,36899,631,23,812,2016,7,1,1,2.5,438886.75,4,0,1,1,0,1,4
11492,7213,875,39,1014,2012,3,0,5,1.0,111111.0,3,0,1,1,1,5,4
11493,15367,0,23,618,2010,9,0,5,1.8,230400.0,4,2,1,1,0,10,0
11494,3450,586,58,1124,2012,3,1,2,1.8,35083.0,4,0,1,1,0,14,12
11495,16308,0,36,582,2003,9,1,0,3.2,160986.0,6,2,2,1,0,1,12
11497,25089,0,61,1090,2014,9,1,5,1.8,68000.0,4,2,1,1,0,4,12
11498,14113,765,16,697,2015,9,0,5,2.0,54000.0,4,0,1,1,0,4,6
11500,10663,0,27,937,2003,4,0,5,3.7,216000.0,6,0,0,1,0,9,2
11501,14740,0,58,423,2007,9,1,2,2.4,348800.0,4,3,1,1,0,7,8
11502,314,382,16,722,2015,9,1,2,2.0,91760.0,4,0,1,1,0,1,0
11503,6429,830,21,235,2019,9,1,5,1.5,4088.0,4,0,1,1,0,2,12
11505,19312,707,23,1401,2011,4,1,1,2.0,199660.0,4,0,1,1,0,7,4
11507,30,0,41,1037,2005,3,0,5,1.5,117000.0,4,3,1,1,1,4,4
11508,32744,765,8,444,2015,4,1,1,2.0,48294.0,4,0,1,1,0,12,4
11509,150,0,36,586,2013,9,1,1,3.5,160000.0,6,0,2,1,0,12,12
11510,11290,891,23,1298,2016,9,1,4,2.0,256355.0,4,0,1,1,0,12,4
11511,4077,0,5,66,1995,3,0,5,1.8,285000.0,4,1,2,0,0,2,1
11512,8467,0,41,1037,2007,9,0,4,1.5,138000.0,4,0,1,1,1,1,0
11513,11604,631,23,1298,2014,9,1,4,2.0,438886.75,4,0,1,1,0,1,4
11514,14269,1017,26,664,2017,4,1,1,2.0,50531.0,4,0,0,1,0,11,12
11515,42400,730,54,237,2016,4,1,1,1.6,75300.0,4,0,1,1,0,1,4
11516,11917,843,58,1124,2008,3,0,2,1.5,190000.0,4,0,1,1,0,13,8
11517,40142,631,5,1511,2008,4,1,5,3.5,438886.75,6,2,0,1,0,1,8
11518,7056,873,39,1014,2014,3,0,5,1.0,10000.0,4,0,1,1,1,14,4
11519,56450,0,5,109,2014,1,1,5,2.0,110000.0,4,0,2,0,0,14,8
11520,23521,0,58,423,2014,9,0,5,2.5,167680.0,4,2,1,1,0,1,8
11521,15681,891,23,1298,2016,9,1,4,2.0,276546.0,4,0,1,1,0,12,4
11522,17249,0,39,911,2009,10,0,5,2.0,124000.0,4,3,1,1,0,14,8
11523,16621,0,23,618,2012,9,0,5,1.8,83000.0,4,2,1,1,0,2,8
11524,1700,0,10,356,2001,2,0,5,2.0,255000.0,4,1,1,1,0,2,4
11527,14113,0,58,1124,2007,3,0,2,1.5,0.0,4,0,1,1,0,13,4
11529,54882,1327,58,112,2011,4,0,5,3.7,137600.0,6,0,0,1,0,7,12
11532,45473,1249,58,1179,2017,4,1,5,2.5,17600.0,4,0,0,1,0,11,12
11533,12544,831,23,1298,2011,9,0,5,2.4,98000.0,4,0,1,1,0,12,8
11534,16766,584,8,523,2014,9,1,5,1.8,59532.0,4,0,1,1,0,7,4
11536,10036,891,23,1298,2016,9,1,4,2.0,438886.75,4,0,1,1,0,8,4
11537,103178,631,45,1544,2015,4,1,5,3.0,438886.75,6,2,0,1,0,1,12
11538,6272,790,23,618,2009,9,1,1,1.6,53256.0,4,0,1,1,0,2,4
11539,15367,765,23,1298,2015,9,1,4,2.0,51274.0,4,0,1,1,0,12,4
11540,14583,0,46,1004,2008,9,0,1,1.9,168974.0,4,0,1,1,0,12,10
11542,13485,765,23,1298,2015,9,1,4,2.0,30363.0,4,0,1,1,0,12,4
11543,22947,836,23,1401,2010,4,1,1,2.0,199356.0,4,0,1,1,0,14,4
11544,22580,779,58,423,2013,9,1,2,2.5,166720.0,4,0,1,1,0,12,12
11545,15681,631,5,1491,2003,4,1,1,3.0,438886.75,6,2,0,1,0,1,6
11547,9722,0,36,319,2001,9,1,5,2.6,20017.0,6,2,2,1,0,1,10
11549,13799,0,58,251,2012,3,0,2,1.5,96000.0,4,0,1,1,1,12,8
11550,14113,631,58,1124,2010,3,0,2,1.8,438886.75,4,0,1,1,0,1,12
11551,16838,419,41,982,2013,3,1,5,1.2,59000.0,4,0,1,1,0,1,4
11553,57526,631,23,1270,2017,4,1,1,2.0,438886.75,4,0,1,1,0,1,4
11554,87027,1572,36,395,2019,1,1,5,3.0,0.0,6,0,0,1,0,1,12
11555,20385,0,41,889,2013,3,0,5,1.6,62000.0,4,0,1,1,0,2,10
11556,6586,1163,58,1457,2010,3,0,5,1.0,39000.0,4,0,1,1,1,1,10
11557,627,631,5,154,2013,9,1,2,3.0,438886.75,6,0,2,1,0,1,12
11558,18503,0,58,1124,2010,3,1,2,1.8,141000.0,4,0,1,1,0,7,0
11559,19676,531,23,618,2012,9,1,5,1.6,152000.0,4,0,1,1,0,14,4
11560,7527,0,21,1042,2005,7,0,5,2.4,225000.0,4,0,1,1,1,1,12
11562,6272,789,8,523,2009,9,1,5,1.6,66444.0,4,0,1,1,0,1,4
11563,706,986,32,820,2010,9,1,2,2.4,275654.0,4,0,1,1,0,11,12
11564,15681,1991,16,1381,2005,6,0,1,2.4,176000.0,4,1,2,1,0,14,1
11567,5331,0,42,1416,1997,3,0,5,1.6,2000.0,4,1,1,1,0,12,4
11569,15681,0,36,1242,2001,9,1,4,3.7,220000.0,8,2,2,1,0,14,8
11574,8467,0,42,262,2000,10,0,5,1.6,131000.0,4,1,1,1,0,1,4
11576,8781,0,41,1370,2007,3,0,5,1.5,150300.0,4,0,1,1,1,7,6
11577,8781,0,41,1280,2002,7,0,5,2.0,175000.0,4,3,1,1,1,1,2
11579,16725,0,36,564,2002,9,0,1,2.0,228000.0,4,2,2,1,0,1,6
11581,21950,0,58,423,2014,1,0,5,2.5,92000.0,4,2,1,0,0,2,6
11582,10349,0,61,870,2009,9,0,5,2.5,166400.0,5,0,1,1,0,1,8
11583,188,831,23,1298,2011,9,1,2,2.4,108826.0,4,0,1,1,0,1,0
11584,35617,765,8,444,2015,4,1,1,2.0,123843.0,4,0,1,1,0,7,4
11585,21893,631,58,251,2012,3,1,5,1.5,438886.75,4,0,1,1,0,1,4
11587,9408,0,36,1249,1992,9,1,0,3.7,123000.0,6,1,2,1,0,1,0
11589,53872,765,23,1270,2015,4,1,1,2.0,48484.0,4,0,1,1,0,12,4
11590,22580,781,58,423,2012,9,1,5,2.5,13800.0,6,2,1,1,0,2,12
11591,19444,0,23,618,2016,9,0,5,1.8,75200.0,4,0,1,1,0,7,10
11592,13956,0,58,423,2014,9,1,2,2.5,266000.0,4,0,1,1,0,1,10
11596,15530,502,58,251,2013,3,1,5,1.5,123700.0,4,0,1,1,0,1,4
11598,22473,631,21,669,2013,3,1,5,1.5,438886.75,4,0,1,1,0,1,4
11599,20100,586,36,322,2012,9,1,5,1.8,96432.0,4,2,2,1,0,14,12
11600,25089,502,58,251,2013,3,1,5,1.5,83362.0,4,0,1,1,0,1,4
11601,2587,642,3,206,2012,9,1,1,2.0,174966.0,4,0,1,1,0,1,12
11602,13485,862,61,884,2011,9,1,5,2.5,134400.0,4,2,1,1,0,1,6
11603,5802,631,36,586,2013,9,1,1,3.5,438886.75,6,0,2,1,0,1,12
11604,14740,645,8,504,2011,9,1,5,1.8,117000.0,4,2,1,1,0,14,12
11605,23521,0,8,978,2017,9,1,5,1.5,53000.0,4,2,1,1,0,2,12
11606,3607,0,16,1381,1992,2,0,1,2.5,1000.0,4,1,2,1,0,11,1
11607,21639,751,28,1049,2013,9,1,2,2.4,109000.0,4,0,1,1,0,14,12
11608,7919,631,58,251,2012,3,1,2,1.5,438886.75,4,0,1,1,0,1,4
11609,13015,631,36,770,2015,4,1,1,2.1,438886.75,4,0,0,1,0,1,12
11611,19707,531,23,618,2012,9,1,5,1.6,97000.0,4,0,1,1,0,14,4
11613,28015,595,58,251,2015,3,1,5,1.5,122637.0,4,0,1,1,0,1,4
11614,1550,1716,39,1012,2000,2,0,5,0.7,48000.0,3,1,0,0,1,14,0
11615,43905,1011,16,1024,2016,1,0,5,2.3,85000.0,4,2,2,0,0,2,8
11618,47042,696,36,1335,2013,6,0,1,2.2,220000.0,4,1,2,1,0,14,2
11619,23207,0,58,1124,2013,3,0,2,1.8,71244.0,4,0,1,1,0,7,4
11620,17876,0,58,1132,2013,9,0,2,1.5,65000.0,4,0,1,1,0,11,8
11623,11604,475,8,1461,2012,9,1,6,1.4,0.0,4,0,1,1,0,12,10
11625,17719,631,23,810,2015,9,1,4,2.0,438886.75,4,0,1,1,0,1,4
11626,14426,1185,23,812,2009,7,1,1,2.5,72999.0,4,0,1,1,0,1,4
11628,20542,765,23,1298,2015,9,1,4,2.0,43071.0,4,0,1,1,0,14,4
11629,49000,765,5,108,2015,1,1,5,2.0,28800.0,4,2,2,0,0,1,10
11630,18660,650,8,530,2016,9,1,5,1.4,9470.0,4,0,1,1,0,12,8
11632,21953,0,58,1124,2012,3,0,2,1.8,90000.0,4,0,1,1,0,14,4
11633,14113,0,58,1124,2006,9,0,2,1.5,0.0,4,3,1,1,0,12,12
11636,3,0,36,313,1998,9,0,1,2.2,20600.0,4,1,2,1,0,1,2
11637,25716,1588,41,1031,2007,8,0,1,2.5,220000.0,4,0,0,1,0,12,8
11638,17092,764,28,1049,2015,9,1,5,2.0,41088.0,4,0,1,1,0,1,4
11640,28288,631,21,669,2014,3,1,5,1.3,438886.75,4,0,1,1,0,1,4
11641,10036,0,36,594,2001,9,0,5,2.0,230000.0,4,1,2,1,0,1,12
11642,53314,915,5,154,2014,9,1,1,3.0,64000.0,6,2,2,1,0,7,12
11644,24458,583,38,506,2011,4,1,5,1.6,83000.0,4,2,1,1,0,6,8
11645,5018,0,41,1476,2002,4,0,5,3.3,22000.0,6,0,0,1,0,1,8
11646,28225,900,39,1071,2015,4,1,5,2.4,117000.0,4,0,1,1,0,2,10
11648,25716,0,61,359,2012,9,1,5,2.0,125000.0,4,0,1,1,0,1,8
11650,27858,640,23,1270,2013,4,1,1,2.0,273371.0,4,0,1,1,0,12,4
11651,22357,631,8,1060,2012,4,1,1,2.0,438886.75,4,0,1,1,0,1,4
11652,1882,862,58,423,2011,9,1,5,2.5,236936.0,4,0,1,1,0,2,12
11653,20385,934,58,1179,2015,4,1,5,2.5,91174.0,4,0,0,1,0,12,0
11654,4704,0,5,144,1998,9,0,5,2.8,250130.0,6,2,2,1,0,2,5
11655,40,0,21,669,2003,3,0,5,1.3,120000.0,4,3,1,1,1,0,0
11657,12231,707,16,1387,2011,2,0,5,2.0,160000.0,4,0,1,1,0,7,6
11658,1803,585,58,1124,2013,3,1,2,1.8,245486.0,4,0,1,1,0,2,12
11659,4391,456,58,280,2015,9,1,2,2.5,0.0,4,0,1,1,0,14,12
11660,8781,631,36,560,1998,9,0,1,2.2,438886.75,4,1,2,1,0,1,7
11661,6586,0,42,1416,1999,2,0,5,1.6,22000.0,4,1,1,1,0,12,6
11662,9408,631,39,1079,2003,4,0,5,2.0,438886.75,4,0,0,1,0,1,4
11664,16621,639,16,705,2014,3,0,5,2.0,130326.0,4,0,1,1,0,7,6
11665,37066,770,23,1401,2016,4,1,1,1.7,88000.0,4,0,1,1,0,12,4
11668,16546,769,23,1270,2011,4,1,1,2.2,244538.0,4,0,1,1,0,12,4
11669,11917,742,21,469,2008,9,0,2,1.3,248126.0,4,0,1,1,0,1,8
11670,48534,1017,23,1270,2017,4,1,1,2.0,78843.0,4,0,1,1,0,12,4
11671,10349,830,8,643,2019,9,1,5,1.5,17051.0,4,0,1,1,0,14,12
11672,20005,531,23,618,2012,9,1,5,1.6,96860.0,4,0,1,1,0,14,4
11674,9722,0,41,1280,2005,7,0,5,2.0,195000.0,4,0,1,1,1,3,2
11675,5959,0,41,1009,2000,1,0,5,1.0,141000.0,4,1,1,0,0,1,5
11676,14740,697,23,618,2015,9,1,5,1.8,10000.0,6,2,1,1,0,1,9
11677,2822,0,42,1416,1993,9,0,5,2.0,111111.0,4,1,1,1,0,6,2
11678,7213,1282,28,1323,2007,4,1,1,2.0,89472.0,4,0,1,1,0,12,4
11679,3607,631,58,423,2012,9,1,2,2.5,438886.75,4,0,1,1,0,1,12
11681,1882,1211,5,1491,2010,4,1,1,3.0,265210.0,6,0,0,1,0,1,0
11682,36219,1091,23,812,2016,10,1,1,2.5,156151.0,4,0,1,1,0,7,4
11683,2195,0,42,502,1996,3,0,5,1.4,270000.0,4,1,1,0,0,1,2
11684,10976,0,16,1381,1998,6,0,1,2.5,325812.0,4,1,1,0,0,14,2
11685,627,631,41,992,2011,9,1,5,3.5,438886.75,6,0,1,1,0,1,12
11686,188,481,16,722,2017,9,1,2,2.0,78373.0,4,0,1,1,0,14,12
11687,9408,0,36,305,1999,9,0,5,1.8,250000.0,4,1,2,1,0,2,4
11688,9408,0,35,976,2001,7,0,5,2.5,180000.0,6,0,1,1,1,1,2
11689,25402,0,58,429,2011,9,0,5,2.5,72000.0,4,2,1,1,0,12,10
11690,11447,777,32,841,2014,9,1,5,2.5,87462.0,6,0,2,1,0,1,12
11691,22266,0,54,1193,2010,4,1,1,2.7,66000.0,6,0,0,1,0,1,12
11692,38574,518,58,423,2016,9,1,2,2.5,60000.0,5,0,1,1,0,14,12
11694,18817,0,36,332,2009,9,1,5,3.0,130000.0,6,2,1,1,0,14,0
11695,50805,0,35,997,2017,9,1,5,2.5,22000.0,4,0,1,1,0,14,4
11696,26971,631,36,395,2019,1,1,5,3.7,438886.75,8,0,0,1,0,1,12
11697,7000,0,3,209,2002,9,0,5,1.8,200000.0,4,2,0,1,0,12,4
11701,24283,640,23,1270,2013,4,1,1,2.0,238939.0,4,0,1,1,0,12,4
11703,3136,528,16,695,2014,3,0,5,1.6,144000.0,4,0,1,1,0,11,7
11704,47989,971,54,1192,2016,4,1,1,2.2,110170.0,4,0,1,1,0,1,4
11705,4704,0,23,790,2008,3,0,5,1.4,0.0,4,1,1,1,0,2,2
11706,3293,810,58,492,2016,9,1,5,1.8,94602.0,4,0,1,1,0,1,12
11707,251,753,23,1298,2012,9,1,2,2.4,259184.0,4,0,1,1,0,12,0
11708,16151,586,58,1146,2012,3,0,2,1.8,144000.0,4,0,1,1,0,14,0
11709,11604,639,23,1298,2014,9,1,4,2.0,401021.0,4,0,1,1,0,12,4
11710,13485,551,8,1322,2017,9,1,5,1.0,32852.0,4,0,1,1,0,12,4
11713,21950,862,23,813,2011,7,1,1,2.5,72000.0,4,2,2,1,0,14,2
11714,20385,0,36,1445,2004,6,1,1,2.2,400000.0,4,1,1,1,0,2,0
11717,20385,631,36,975,2006,4,1,5,3.7,438886.75,8,0,0,1,0,1,6
11718,3763,879,16,693,2019,9,1,5,1.6,47736.0,4,0,1,1,0,7,12
11719,10976,631,58,1124,2008,3,1,2,1.5,438886.75,4,3,1,1,0,1,12
11721,4861,1307,13,463,2015,1,1,5,3.6,72608.0,6,0,2,0,0,7,12
11723,16358,631,27,483,2009,4,1,5,2.4,438886.75,4,0,1,1,0,1,4
11724,17249,562,8,523,2015,9,1,5,1.4,37000.0,4,0,1,1,0,3,8
11725,4000,631,55,706,2001,3,0,5,2.0,438886.75,4,0,0,1,1,1,2
11726,7840,1111,21,669,2012,3,1,2,1.3,59000.0,4,3,1,1,1,1,4
11727,470,1083,8,854,2013,9,1,5,3.6,295126.0,6,0,1,1,0,1,12
11730,21639,749,23,1310,2014,9,0,5,2.4,92000.0,4,2,1,1,0,7,12
11731,16308,586,58,1124,2012,3,0,2,1.8,99000.0,4,0,1,1,0,2,7
11732,15718,836,54,237,2010,4,1,1,2.0,237003.0,4,0,1,1,0,12,4
11733,21012,0,16,722,2013,9,0,2,2.0,156800.0,4,0,1,1,0,1,12
11734,28225,0,32,781,2003,4,1,0,3.7,175000.0,8,2,0,1,0,12,12
11735,44875,631,23,1401,2018,4,1,1,1.7,438886.75,4,0,1,1,0,1,4
11736,35168,631,58,251,2015,10,1,2,1.5,438886.75,4,0,1,1,0,1,4
11737,40769,0,5,1511,2009,4,1,5,3.5,158000.0,6,2,0,1,0,14,12
11738,35237,891,23,1401,2016,4,1,1,2.0,120142.0,4,0,1,1,0,14,4
11739,13877,836,23,1298,2010,9,1,5,2.0,161240.0,4,0,1,1,0,14,4
11740,20695,697,16,1381,2012,2,0,1,2.2,272000.0,4,1,1,1,0,14,2
11741,13482,0,36,1326,2000,6,0,1,2.2,360000.0,4,1,2,2,0,14,2
11742,7213,631,5,66,1998,9,0,0,1.9,438886.75,4,1,2,1,0,1,8
11743,31361,1091,58,423,2016,9,1,5,2.5,70000.0,4,2,1,1,0,1,14
11744,5645,0,36,597,1999,9,1,5,3.7,200000.0,8,0,2,1,0,12,8
11745,52059,0,32,841,2015,9,1,5,2.5,93000.0,6,0,0,1,0,3,12
11746,392,831,23,1401,2011,4,1,5,2.4,179746.0,4,0,1,1,0,14,0
11748,11917,0,5,71,2003,1,0,5,2.0,170005.0,4,2,2,0,0,2,8
11749,7213,0,61,1090,2003,9,1,0,2.8,282000.0,6,1,1,1,0,1,8
11750,19444,0,45,454,2003,4,1,0,3.7,189000.0,8,2,0,1,0,1,8
11751,34560,631,21,669,2016,10,1,2,1.5,438886.75,4,0,1,1,0,1,4
11753,188,640,61,1275,2013,9,1,5,2.0,64930.0,4,0,1,1,0,1,12
11754,43281,831,54,237,2017,4,1,1,1.6,59647.0,4,0,1,1,0,2,4
11755,23129,831,8,444,2011,4,1,5,2.4,81344.0,4,0,1,1,0,14,4
11756,55932,891,23,1270,2016,4,1,1,2.0,90612.0,4,0,1,1,0,1,4
11758,22843,631,54,902,2012,4,1,1,2.0,438886.75,4,0,1,1,0,1,4
11760,6115,631,42,1536,1999,10,0,5,1.6,438886.75,4,1,1,1,0,1,4
11761,20385,631,16,722,2014,9,1,5,2.0,438886.75,4,2,1,1,0,1,8
11762,26657,631,8,523,2017,9,1,5,1.4,438886.75,4,0,1,1,0,1,12
11763,8781,0,39,475,2008,3,0,5,1.3,64862.0,4,0,1,1,1,2,2
11764,10000,0,36,1326,1998,6,1,0,3.2,438886.75,6,1,2,1,0,14,2
11766,17249,934,16,722,2015,9,0,5,2.5,112000.0,5,0,1,1,0,14,8
11770,14740,474,8,523,2013,9,0,5,1.4,93000.0,4,0,1,1,0,10,8
11772,33556,1055,36,586,2013,1,1,5,3.5,110000.0,6,2,2,0,0,1,8
11773,7665,1099,23,810,2010,9,1,4,2.7,68224.0,4,0,1,1,0,12,4
11774,11000,0,56,809,2005,4,0,5,2.7,180000.0,6,0,0,1,1,14,6
11775,4861,631,55,706,2012,4,1,5,2.5,438886.75,4,0,0,1,0,1,0
11776,1882,456,58,423,2015,9,1,2,2.5,273651.0,4,0,1,1,0,1,12
11777,10506,2562,16,667,2019,9,1,5,3.7,7224.0,8,0,1,1,0,1,12
11779,17249,1528,16,1381,2007,6,0,1,2.4,168000.0,4,1,2,1,0,2,2
11780,27598,0,32,841,2013,9,1,5,2.5,64023.0,8,2,0,1,0,14,6
11781,20385,0,58,1124,2015,3,0,2,1.8,253206.0,6,0,1,1,0,12,6
11782,67483,1055,32,1201,2013,4,1,5,3.5,69997.0,4,0,1,1,0,1,4
11783,8781,0,41,1374,2006,9,1,5,1.5,127000.0,4,0,1,1,1,12,4
11784,20382,891,23,1298,2016,9,1,5,2.0,44608.0,4,0,1,1,0,14,4
11785,15681,934,55,706,2015,4,1,5,2.5,0.0,4,3,0,1,0,12,12
11786,26343,259,8,1461,2014,3,0,6,1.4,66000.0,4,0,1,1,0,12,10
11787,16308,0,16,646,2008,4,0,2,2.5,149000.0,4,0,0,1,0,14,12
11788,549,761,58,1124,2010,3,1,2,1.8,236539.0,4,0,1,1,0,14,0
11789,7213,915,36,748,2014,4,1,1,3.0,86541.0,6,0,0,1,0,2,12
11790,627,781,16,646,2012,4,1,2,2.5,239395.0,4,0,1,1,0,14,12
11791,11917,0,16,1381,2005,6,0,1,2.9,231000.0,4,1,2,0,0,14,2
11792,12544,0,58,423,2007,9,0,2,2.4,0.0,4,3,1,1,0,7,8
11794,3920,640,3,209,2013,9,1,5,2.0,157584.0,4,0,0,1,0,1,0
11796,8781,0,5,71,2000,9,0,5,2.5,207000.0,6,2,2,1,0,2,6
11797,19601,631,23,618,2015,9,1,4,1.6,438886.75,4,0,1,1,0,1,4
11798,20071,0,5,1492,2002,4,1,1,3.0,256000.0,6,2,0,2,0,12,12
11799,17249,0,5,1491,2004,4,1,4,3.7,240000.0,8,2,0,1,0,1,8
11802,4704,0,42,1416,1999,9,0,0,2.0,0.0,4,1,1,1,0,2,4
11803,12074,0,58,1124,2008,9,1,2,1.5,167000.0,4,3,1,1,0,2,8
11804,32302,1360,36,756,2013,4,1,5,3.7,214763.0,8,0,0,1,0,1,12
11805,38016,770,23,1401,2016,4,1,1,1.7,116082.0,4,0,1,1,0,14,4
11806,18189,0,16,345,2013,7,0,6,2.0,117000.0,4,0,1,1,0,14,0
11808,14113,1759,21,514,2006,4,0,5,2.4,1000.0,4,0,1,1,0,3,0
11809,45633,831,54,237,2017,4,1,1,1.6,71000.0,4,0,1,1,0,2,4
11810,11604,1246,16,646,2008,4,0,2,2.3,156423.0,4,0,1,1,0,1,6
11812,43905,1533,27,1473,2016,4,0,5,3.6,70542.0,6,0,0,1,0,7,0
11814,9095,1047,42,270,2007,3,0,5,1.6,190000.0,4,1,1,1,0,12,6
11815,21558,503,58,251,2012,3,1,5,1.5,20400.0,4,0,1,1,0,2,4
11818,15681,585,23,618,2013,9,1,5,1.8,70978.0,4,0,1,1,0,2,0
11819,28589,640,23,1270,2013,4,1,1,2.0,179067.0,4,0,1,1,0,1,4
11820,10976,0,55,1061,2007,3,0,5,2.5,131000.0,4,2,0,1,1,2,4
11821,16286,629,23,232,2015,9,1,1,1.6,39712.0,4,0,1,1,0,11,4
11822,5018,364,8,1322,2012,3,1,5,1.0,129436.0,4,0,1,1,0,12,4
11823,9408,0,16,1381,1998,6,0,1,2.5,326729.0,4,1,2,1,0,7,2
11824,7840,0,39,1079,1999,4,0,5,1.8,195000.0,4,0,0,0,0,12,2
11825,20385,0,23,1425,2012,3,1,5,1.6,120000.0,6,0,1,1,0,1,0
11826,29777,831,8,287,2017,9,1,5,1.6,67122.0,4,0,1,1,0,1,4
11827,64290,0,45,1085,2010,9,1,5,3.6,192000.0,6,2,2,1,0,1,12
11828,15367,0,58,1124,2011,9,0,4,1.8,110000.0,4,3,1,1,0,12,4
11829,19757,586,58,1124,2012,3,0,2,1.8,182000.0,4,3,1,1,0,14,12
11830,5645,0,36,576,1997,9,0,0,2.8,0.0,6,1,2,1,0,2,2
11831,20385,0,16,345,2012,3,0,2,2.0,117000.0,4,0,1,1,0,1,8
11833,34,0,58,1267,2005,3,0,5,1.3,134000.0,4,0,1,1,1,14,6
11834,28225,900,15,132,2015,4,1,5,2.4,46000.0,4,2,0,1,0,12,12
11836,72758,0,58,423,2018,9,0,2,2.5,27000.0,4,2,1,1,0,3,12
11837,25089,0,5,947,2008,9,1,5,3.7,150000.0,8,2,2,1,0,14,12
11839,282,1077,58,364,2019,4,1,5,2.0,3237.0,4,0,1,1,0,1,12
11840,1098,631,41,889,2015,4,1,5,1.6,438886.75,4,0,0,1,0,1,0
11841,12231,0,21,669,2011,3,0,2,1.3,119000.0,4,2,1,1,1,12,4
11842,5959,394,58,423,2014,9,1,2,2.5,0.0,4,0,1,1,0,1,12
11843,16618,585,8,523,2013,9,1,5,1.8,119791.0,4,0,1,1,0,1,4
11844,11604,836,13,417,2010,3,0,5,2.0,131000.0,4,2,1,1,0,14,8
11848,18519,584,8,523,2014,9,1,5,1.8,1000.0,4,0,1,1,0,2,4
11849,23602,730,8,1060,2016,4,1,1,1.6,110112.0,4,0,1,1,0,14,4
11850,15681,0,58,423,2007,9,0,2,2.4,200000.0,4,0,1,1,0,7,6
11851,15323,531,23,618,2012,9,1,5,1.6,117061.0,4,0,1,1,0,7,4
11852,13172,0,15,116,2013,1,0,5,1.4,96000.0,4,2,1,0,0,11,8
11855,10976,473,8,523,2014,9,1,5,1.4,83000.0,4,0,1,1,0,14,6
11856,10697,631,8,523,2012,9,1,5,1.8,438886.75,4,0,1,1,0,1,4
11857,22580,631,41,889,2015,4,0,5,1.6,438886.75,4,2,1,1,0,1,4
11858,17249,0,36,586,2006,9,1,5,3.5,241000.0,6,2,0,1,0,1,12
11859,14069,687,23,618,2010,9,1,5,1.6,100403.0,4,0,1,1,0,14,4
11860,14113,2874,16,663,2006,4,1,5,3.7,117000.0,12,0,0,1,0,7,12
11864,28852,1017,23,618,2017,9,1,5,2.0,36400.0,4,2,1,1,0,12,12
11865,30,0,21,669,2003,3,0,5,1.5,0.0,4,0,1,1,1,12,4
11866,4704,1017,23,618,2017,9,1,5,2.0,45242.0,4,0,1,1,0,7,12
11867,2430,584,21,469,2014,9,1,5,1.8,148640.0,4,0,1,1,0,2,12
11868,706,1325,41,249,2019,4,1,5,2.5,30555.0,4,0,1,1,0,12,12
11869,7840,631,21,669,2005,3,0,5,1.3,438886.75,4,3,1,1,1,1,6
11870,11917,382,23,1298,2014,9,0,2,2.4,152000.0,4,0,1,1,0,1,10
11872,6429,1282,8,444,2007,4,1,1,2.0,76113.0,4,0,1,1,0,12,4
11873,188,1091,58,423,2016,9,1,5,2.5,96995.0,4,0,1,1,0,1,12
11874,7683,1282,8,444,2007,4,1,1,2.0,64554.0,4,0,1,1,0,1,4
11876,1882,631,5,1491,2010,4,1,1,3.0,438886.75,6,0,0,1,0,1,0
11878,18503,0,61,870,2014,9,1,5,1.8,120000.0,4,2,1,1,0,14,12
11880,52959,1091,23,812,2016,10,1,1,2.5,85720.0,4,0,1,1,0,1,4
11881,3607,831,8,978,2018,9,1,5,1.5,64600.0,4,0,1,1,0,7,12
11882,45,0,21,669,2007,3,0,5,1.3,124000.0,4,0,1,1,1,2,4
11883,46518,631,23,1298,2017,9,1,5,2.0,438886.75,4,0,1,1,0,1,4
11884,15837,730,16,646,2016,4,0,5,1.6,0.0,4,0,0,1,0,1,0
11886,27425,730,8,1060,2016,4,1,1,1.6,77836.0,4,0,1,1,0,7,4
11887,21953,862,23,812,2011,7,1,1,2.5,61142.0,4,0,1,1,0,12,4
11889,11917,0,58,1124,2008,9,0,2,1.6,432000.0,2,0,0,1,0,7,0
11891,25000,0,41,1169,2018,4,1,5,2.0,35447.0,4,0,0,2,0,11,12
11892,392,1017,16,646,2017,4,1,5,2.0,110702.0,4,0,1,1,0,1,12
11893,26030,0,58,423,2012,9,1,2,2.5,148800.0,4,0,1,1,0,7,8
11894,6269,1522,42,1536,2000,10,0,5,1.8,200000.0,4,1,1,1,0,12,4
11895,34905,777,23,812,2014,7,1,1,2.5,132023.0,4,0,1,1,0,7,4
11896,13172,397,58,1146,2016,3,0,2,1.8,23000.0,4,3,1,1,0,15,12
11897,10192,631,23,232,2012,3,1,1,1.6,438886.75,4,0,1,1,0,1,4
11898,7527,0,36,313,1999,2,0,1,2.2,150000.0,4,1,2,1,0,12,6
11899,14426,761,58,1124,2010,3,0,2,1.8,162424.0,4,0,1,1,0,14,0
11901,10036,0,55,706,2005,4,0,5,2.0,438886.75,4,2,0,1,1,14,12
11902,48610,1273,58,1284,2015,7,1,5,3.5,93000.0,6,2,1,1,0,1,12
11903,23991,765,23,1401,2015,4,1,1,2.0,40602.0,4,0,1,1,0,7,4
11904,39201,518,58,1179,2016,4,1,2,2.5,115000.0,4,2,0,1,0,1,12
11905,9879,765,23,1298,2015,9,1,4,2.0,38600.0,4,0,1,1,0,12,4
11906,67113,1946,58,112,2017,4,1,5,3.7,91813.0,8,0,0,1,0,1,10
11907,45473,0,36,1326,2008,6,1,1,2.2,357000.0,4,1,2,1,0,1,2
11908,44790,891,23,1270,2016,4,1,1,2.0,123206.0,4,0,1,1,0,14,4
11909,28921,751,27,483,2013,4,1,5,2.4,135000.0,4,0,1,1,0,14,4
11910,32302,639,23,1270,2014,4,1,1,2.0,42367.0,4,0,1,1,0,11,4
11912,862,530,38,490,2013,3,1,5,1.6,0.0,4,0,1,1,0,1,12
11914,89103,631,16,661,2016,4,1,5,2.3,438886.75,4,0,1,1,0,1,4
11915,37611,1091,8,854,2016,9,1,5,2.5,136469.0,4,0,1,1,0,12,4
11916,6743,1277,23,1298,2018,9,1,5,2.4,57555.0,4,0,1,1,0,14,12
11920,61781,1076,23,1298,2020,9,1,5,2.0,98.0,4,0,1,1,0,14,4
11921,18503,0,16,1392,2004,6,0,1,2.4,185641.0,4,1,2,0,0,14,4
11922,39201,1079,39,1065,2018,4,0,5,2.0,13000.0,4,2,0,1,0,11,12
11923,12544,0,21,669,2012,1,0,2,1.3,140000.0,4,0,1,1,1,12,10
11924,15681,831,28,1049,2011,9,0,2,2.4,171200.0,4,0,1,1,0,1,8
11925,52959,1091,8,854,2016,9,1,5,2.5,80245.0,4,0,1,1,0,1,4
11926,13015,730,23,234,2016,3,0,5,1.6,74509.0,4,0,1,1,0,2,6
11927,7840,0,17,28,1964,9,0,5,2.4,0.0,4,1,2,1,0,13,0
11928,9722,765,23,1298,2015,9,1,4,2.0,377149.0,4,0,1,1,0,8,4
11930,9565,765,23,1298,2015,9,1,4,2.0,38000.0,4,0,1,1,0,8,4
11932,28225,0,5,164,2011,9,1,5,3.0,213000.0,6,2,0,1,0,7,12
11933,36899,777,23,812,2014,7,1,1,2.5,86227.0,4,0,1,1,0,12,4
11935,39201,0,35,997,2016,9,1,5,2.5,23000.0,4,0,1,1,0,11,6
11936,5018,645,58,1124,2011,3,1,2,1.8,438886.75,4,0,1,1,0,7,12
11937,29009,891,23,1403,2016,4,0,5,2.0,52019.0,4,0,0,1,0,14,10
11938,157,749,23,1298,2014,9,1,5,2.4,144123.0,4,0,1,1,0,12,12
11939,7053,502,58,251,2013,3,1,2,1.5,152517.0,4,0,1,1,0,1,4
11940,23521,0,39,543,2007,7,0,5,2.4,227000.0,6,2,0,1,1,7,6
11941,156805,0,5,1501,2015,4,1,5,3.7,65500.0,8,0,0,1,0,2,12
11942,53185,784,21,469,2017,9,1,5,1.5,38037.0,4,0,1,1,0,14,4
11943,7840,0,36,556,1995,9,0,0,2.0,554.0,4,1,2,1,0,2,2
11947,282,753,23,1298,2012,9,1,2,2.4,277614.0,4,0,1,1,0,14,0
11948,110,765,36,332,2015,9,1,5,2.0,64003.0,4,0,2,1,0,12,12
11949,3800,0,61,797,1995,9,0,5,1.6,1000.0,4,1,1,1,0,12,0
11950,20385,583,38,510,2011,3,1,5,1.6,141000.0,4,2,0,1,0,11,10
11951,14834,707,23,1401,2011,4,1,1,2.0,40973.0,4,0,1,1,0,14,4
11952,10976,0,5,85,2000,1,1,5,2.5,45595.0,6,1,2,0,0,1,8
11953,16935,1141,58,423,2009,9,0,5,2.4,125000.0,4,0,0,1,0,5,4
11954,11604,0,58,1124,2007,9,1,2,1.5,300000.0,4,3,1,1,0,12,16
11957,18503,531,41,889,2012,4,0,5,1.6,76053.0,4,2,1,1,0,12,8
11959,17249,1058,32,1201,2012,4,1,5,3.5,0.0,6,0,1,1,0,1,12
11960,65,0,39,1079,2000,4,0,5,2.0,130000.0,4,0,0,1,0,12,6
11961,20385,642,23,1298,2012,9,1,5,2.0,82000.0,4,2,1,1,0,12,9
11962,20237,836,23,1401,2010,4,1,1,2.0,130001.0,4,0,1,1,0,7,4
11965,21500,0,58,112,2003,4,0,5,3.7,146000.0,6,0,0,1,0,1,6
11967,26971,836,23,788,2010,1,1,5,2.0,140013.0,4,0,1,1,0,11,4
11968,6586,0,36,305,1998,9,0,0,1.8,250000.0,4,0,2,1,0,14,0
11969,7527,0,41,1477,2002,4,0,5,2.0,255000.0,4,0,0,1,1,1,5
11971,12544,1750,58,825,2008,4,1,2,3.3,334414.0,6,0,0,1,0,14,12
11972,15681,584,23,618,2014,9,0,5,1.8,73688.0,4,0,1,1,0,12,0
11973,56450,2959,58,914,2008,4,1,5,3.7,176400.0,8,0,0,1,0,7,12
11974,12544,584,8,523,2014,9,0,5,1.8,87685.0,4,0,1,1,0,2,0
11976,9408,0,36,382,2002,1,1,1,2.7,294000.0,5,2,2,0,0,2,0
11977,19657,836,23,1270,2010,4,1,1,2.0,188000.0,4,0,1,1,0,7,4
11978,13172,697,23,618,2015,9,0,5,1.8,147200.0,4,0,1,1,0,14,8
11979,282,917,5,1491,2013,4,1,5,3.0,176973.0,6,0,0,1,0,1,12
11980,16151,891,23,1298,2016,9,1,4,2.0,227033.0,4,0,1,1,0,14,4
11982,13172,1834,36,1445,2004,7,0,1,2.2,179375.0,4,1,2,0,0,2,0
11983,18503,473,15,129,2014,3,0,5,1.4,57500.0,4,0,1,1,0,11,6
11985,5018,0,58,1457,2000,3,0,5,1.0,111111.0,4,0,1,1,1,9,4
11986,30251,765,8,444,2015,4,1,1,2.0,123097.0,4,0,1,1,0,7,4
11987,16621,0,23,618,2012,9,0,5,1.8,109000.0,4,0,1,1,0,12,8
11989,2500,0,42,262,1996,9,0,5,1.6,150000.0,4,1,1,1,0,11,0
11990,27582,0,36,1329,2008,6,0,1,2.2,300000.0,4,0,2,0,0,14,2
11991,23239,707,54,1192,2011,4,1,1,2.0,101708.0,4,0,1,1,0,14,4
11992,18029,836,23,1401,2010,4,1,1,2.0,195953.0,4,0,1,1,0,14,4
11993,13172,1024,23,812,2010,7,1,1,2.5,115078.0,4,0,1,1,0,12,4
11994,29254,751,27,483,2013,4,1,5,2.4,76000.0,4,0,1,1,0,1,4
11995,11099,836,23,788,2010,1,1,5,2.0,111849.0,4,0,1,1,0,14,4
11997,1333,1083,13,285,2013,9,1,5,3.6,204934.0,6,0,1,1,0,7,12
11998,9408,965,8,444,2009,4,1,1,2.0,63648.0,4,0,1,1,0,1,4
11999,80,0,23,618,2013,9,1,4,1.8,208000.0,6,2,1,1,0,5,6
12000,5488,631,5,71,1994,1,1,5,2.0,438886.75,6,1,2,1,0,1,6
12001,17249,0,27,804,2004,4,1,1,2.7,233000.0,5,0,0,1,0,7,8
12002,12544,0,21,669,2011,3,0,2,1.3,123000.0,4,0,1,1,1,2,4
12003,3607,0,42,1416,1997,9,0,5,1.6,70000.0,4,0,1,0,0,2,2
12004,6968,631,5,83,2003,10,0,5,2.3,438886.75,4,2,0,1,1,1,6
12005,24000,2265,21,715,2019,7,1,2,1.5,1544.0,4,0,1,1,1,11,2
12006,1254,1202,13,888,2017,4,1,5,2.4,74499.0,4,0,1,1,0,1,12
12007,24148,0,58,423,2012,9,0,2,2.4,154000.0,4,0,1,1,0,12,8
12008,38251,631,54,1192,2013,4,1,1,2.0,438886.75,4,0,1,1,0,1,4
12009,16148,836,54,237,2010,4,1,1,2.0,163372.0,4,0,1,1,0,14,4
12010,7213,0,41,1037,2006,3,0,5,1.5,145000.0,4,0,1,1,1,6,4
12011,44228,800,16,1024,2011,1,1,5,2.3,99971.0,4,0,1,1,0,11,4
12012,25274,503,58,251,2012,3,1,2,1.5,88836.0,4,0,1,1,0,14,4
12013,26657,0,58,825,2008,4,0,2,3.3,128487.0,8,3,0,1,0,1,8
12014,18189,0,42,262,2008,1,1,1,1.9,140000.0,4,1,1,0,0,11,4
12015,17249,0,16,1381,2007,6,0,1,2.4,165000.0,4,1,2,1,0,2,2
12016,7840,631,21,669,2003,3,0,5,1.5,438886.75,4,2,0,1,1,1,2
12018,16308,308,58,1124,2014,3,0,2,1.8,88447.0,4,0,1,1,0,12,12
12019,7000,1031,41,1037,2013,3,0,5,1.2,36000.0,3,3,1,1,1,1,2
12020,13350,0,58,1124,2009,9,1,2,1.5,15000.0,4,0,1,1,0,5,10
12022,19757,0,61,1090,2013,9,1,5,2.5,92000.0,6,2,1,1,0,14,8
12025,10036,843,58,1124,2008,9,0,2,1.5,180000.0,4,0,1,1,0,1,0
12026,12231,650,8,532,2016,9,0,5,1.4,9000.0,4,2,1,1,0,4,12
12027,27689,749,27,483,2014,4,1,5,2.4,140555.0,4,0,1,1,0,7,4
12028,46728,0,32,607,2014,9,1,2,2.5,133000.0,4,0,1,1,0,1,10
12029,15681,891,23,1298,2016,9,1,4,2.0,267311.0,4,0,1,1,0,12,4
12030,627,1275,27,466,2019,9,1,5,2.4,24805.0,4,0,1,1,0,12,12
12031,45210,1399,32,1201,2010,4,1,5,3.5,74592.0,4,0,1,1,0,1,4
12036,1254,462,58,1124,2019,9,1,2,1.8,7518.0,4,0,0,1,0,14,12
12037,23521,642,35,409,2012,4,0,5,2.0,105760.0,4,2,0,1,0,7,12
12038,470,605,58,423,2020,9,1,2,2.5,3541.0,4,0,1,1,0,1,12
12040,4704,0,13,446,2001,7,0,0,3.7,33333.0,6,0,1,1,0,5,4
12041,9095,0,42,1536,2005,7,0,5,1.6,287140.0,4,1,1,1,0,14,4
12042,11604,0,56,809,2002,4,0,5,2.5,198453.0,6,0,0,1,0,1,2
12044,28980,0,58,434,2014,9,0,2,2.5,145000.0,4,0,1,1,0,1,8
12045,1803,777,16,722,2014,9,1,5,2.5,83213.0,4,0,1,1,0,8,12
12046,21953,779,58,423,2013,9,0,5,2.5,140328.0,4,0,1,1,0,7,0
12047,13485,0,5,94,2004,9,1,5,3.0,149770.0,6,0,2,1,0,7,8
12048,18817,0,58,1124,2010,9,1,4,1.8,145000.0,4,0,1,1,0,14,6
12049,14113,0,58,251,2012,9,1,2,1.5,147000.0,4,3,1,1,1,14,0
12050,18346,862,23,812,2011,7,1,1,2.5,76519.0,4,0,1,1,0,14,4
12051,25597,769,8,444,2011,4,1,1,2.2,88565.0,4,0,1,1,0,7,4
12052,39458,631,23,1298,2015,9,1,5,2.4,438886.75,4,0,1,1,0,1,4
12054,13799,1296,41,1228,2008,9,1,5,2.4,195200.0,4,0,0,1,0,12,16
12055,188,259,8,1461,2014,3,1,2,1.4,140461.0,4,0,1,1,0,11,12
12056,3293,761,58,1124,2010,4,1,2,1.8,0.0,4,0,1,1,0,14,12
12057,10349,777,55,1061,2014,4,0,5,2.5,169000.0,4,2,0,1,0,7,10
12059,314,631,56,1266,2011,9,1,5,2.0,438886.75,4,0,1,1,0,1,0
12060,7840,631,61,1090,2001,9,1,5,2.8,438886.75,6,2,0,1,0,1,6
12062,23104,891,23,1298,2016,9,1,4,2.0,100702.0,4,0,1,1,0,12,4
12063,18189,0,58,1124,2010,3,1,2,1.8,174000.0,4,3,1,1,0,14,8
12064,9408,0,61,794,2005,3,0,5,2.0,195000.0,4,2,1,1,0,12,6
12068,7840,0,35,994,2012,9,0,5,2.0,125000.0,4,2,1,1,0,12,12
12069,2117,1327,41,1107,2011,4,1,5,3.7,215003.0,6,0,2,1,0,7,12
12070,10349,0,58,1124,2006,3,0,5,1.5,220000.0,4,3,1,1,0,7,12
12071,5000,0,35,1399,2001,4,1,0,2.0,1000.0,4,0,1,1,0,4,6
12073,470,1948,18,1533,2011,4,1,2,3.7,259910.0,8,0,1,1,0,1,12
12076,21639,642,28,1054,2012,9,1,5,2.0,126400.0,6,2,1,1,0,14,6
12078,24085,503,58,251,2012,3,1,5,1.5,42796.0,4,0,1,1,0,11,4
12079,8674,364,8,1322,2012,3,1,5,1.0,50261.0,4,0,1,1,0,14,4
12080,10976,893,42,262,2008,3,1,5,1.6,200000.0,4,2,1,1,0,1,6
12081,83107,631,5,1515,2014,4,1,5,3.7,438886.75,8,2,0,1,0,1,12
12082,19444,781,58,423,2012,9,1,5,2.5,104000.0,8,2,1,1,0,14,6
12083,314,1077,58,364,2019,4,1,5,2.0,47253.0,4,0,1,1,0,1,12
12085,16308,1080,13,447,2014,7,0,5,3.6,130000.0,6,2,1,1,0,14,6
12086,21953,0,36,599,2004,9,1,5,3.7,99000.0,8,2,2,1,0,1,10
12087,16621,0,23,618,2014,9,0,5,1.8,66000.0,4,2,1,1,0,4,0
12088,3136,0,41,245,1996,9,0,5,1.4,0.0,4,1,1,1,0,6,5
12089,59087,971,23,1270,2016,4,1,1,2.2,71867.0,4,0,1,1,0,3,4
12091,31988,1079,39,1065,2018,4,0,5,2.0,14000.0,4,0,1,1,0,2,10
12092,60994,1077,23,1401,2019,4,1,1,2.0,1217.0,4,0,1,1,0,2,4
12093,23207,631,41,889,2017,4,0,5,1.6,438886.75,4,2,1,1,0,1,10
12095,22357,836,23,1401,2010,4,1,1,2.0,160114.0,4,0,1,1,0,7,4
12098,21953,0,21,686,2016,9,1,5,1.5,55000.0,4,2,1,1,0,4,4
12100,15367,765,23,1298,2015,9,1,4,2.0,438886.75,4,0,1,1,0,12,4
12102,13485,753,23,1298,2012,9,0,5,2.4,108000.0,4,0,1,1,0,2,8
12103,14113,631,36,572,2002,9,0,1,2.7,438886.75,5,2,2,1,0,1,12
12104,17562,751,23,1298,2013,9,0,2,2.4,162000.0,4,2,1,1,0,1,12
12105,1019,1736,5,1511,2010,4,1,5,3.7,0.0,8,0,0,1,0,7,12
12108,3136,0,5,85,2001,9,1,5,2.5,1000.0,6,1,2,1,1,1,2
12109,17876,0,61,870,2013,9,1,2,1.4,115200.0,4,2,1,1,0,7,0
12110,4077,761,58,492,2010,9,1,5,1.8,232507.0,4,0,1,1,0,7,0
12111,20385,528,41,889,2014,4,0,5,1.6,79000.0,4,0,1,1,0,11,8
12112,39226,1017,23,1401,2017,4,1,1,2.0,98273.0,4,0,1,1,0,7,4
12113,314,155,61,870,2015,9,1,1,0.4999999999999998,104685.0,4,0,1,1,0,2,12
12115,11704,687,23,618,2010,9,1,5,1.6,180093.0,4,0,1,1,0,1,4
12118,18817,751,28,1049,2013,9,0,2,2.4,87000.0,4,0,1,1,0,1,10
12120,11290,0,58,1412,2004,7,0,5,2.0,186000.0,4,0,1,1,1,14,6
12121,4077,308,58,1124,2014,3,1,2,1.8,173605.0,4,0,1,1,0,7,12
12122,15681,891,23,1298,2016,9,1,4,2.0,236958.0,4,0,1,1,0,14,4
12123,33870,765,23,1270,2015,4,1,1,2.0,50031.0,4,0,1,1,0,14,4
12126,21655,707,54,237,2011,4,1,1,2.0,113545.0,4,0,1,1,0,12,4
12127,11917,1246,16,646,2008,4,0,2,2.3,164470.0,4,0,0,1,0,6,8
12128,3136,585,23,618,2013,9,1,5,1.8,286043.0,4,0,1,1,0,1,12
12129,6586,631,42,262,1999,9,0,5,1.6,438886.75,4,1,1,1,0,1,0
12130,19444,900,23,1298,2015,9,0,5,2.4,51000.0,4,2,1,1,0,3,12
12131,9722,765,23,1298,2015,9,1,4,2.0,413499.0,4,0,1,1,0,8,4
12132,13978,765,23,1298,2015,9,1,4,2.0,51865.0,4,0,1,1,0,12,4
12133,45025,639,23,1270,2014,4,1,1,2.0,106806.0,4,0,1,1,0,7,4
12134,48108,765,23,1270,2015,4,1,1,2.0,119038.0,4,0,1,1,0,7,4
12136,16621,631,61,882,2011,9,1,5,2.5,438886.75,5,1,1,1,0,1,5
12139,12388,0,21,669,2013,3,0,2,1.3,182300.0,4,0,1,1,1,12,6
12140,13485,934,16,722,2015,9,0,5,2.5,122395.0,4,0,1,1,0,7,0
12144,22266,0,55,706,2011,4,1,5,2.5,170000.0,4,0,0,1,0,12,8
12145,10036,891,23,1298,2016,9,1,4,2.0,438886.75,4,0,1,1,0,8,4
12146,53185,690,21,469,2016,9,1,5,1.5,22715.0,4,0,1,1,0,7,4
12147,28222,3518,36,343,1999,9,1,5,3.7,61000.0,8,0,2,1,0,12,8
12148,13777,631,23,1401,2010,4,1,1,2.0,438886.75,4,0,1,1,0,1,4
12149,18503,585,58,1146,2013,10,1,5,1.8,267200.0,4,3,1,1,0,14,0
12150,29489,640,23,1270,2013,4,1,1,2.0,210768.0,4,0,1,1,0,12,4
12151,5331,0,61,1090,2001,9,1,0,2.8,350000.0,6,1,1,1,0,6,6
12152,56450,1190,58,112,2014,4,1,5,3.7,135000.0,6,0,0,1,0,7,0
12153,21012,0,5,11,2009,1,1,5,3.0,198000.0,6,2,2,1,0,14,8
12154,7683,640,23,1298,2013,9,1,4,2.0,90178.0,4,0,1,1,0,12,4
12156,23521,0,5,1491,2008,4,1,5,3.0,180000.0,6,2,0,1,0,2,10
12157,2038,779,8,978,2013,9,1,5,2.5,200338.0,4,0,1,1,0,7,12
12158,15367,779,55,706,2013,4,0,5,2.5,98000.0,4,1,0,1,0,7,6
12160,12544,631,23,618,2013,9,0,5,1.8,438886.75,4,2,1,1,0,1,12
12162,2500,0,61,797,1994,3,0,5,1.6,250000.0,4,1,1,1,1,1,2
12163,66150,831,21,469,2018,3,1,5,1.5,17223.0,4,0,1,1,0,1,4
12165,40092,831,54,237,2017,4,1,1,1.6,33507.0,4,0,1,1,0,14,4
12166,4547,0,42,1416,1996,9,0,5,1.6,25000.0,4,1,1,1,0,2,2
12167,15681,765,61,870,2015,9,0,5,2.0,103000.0,4,2,1,1,0,14,8
12168,4077,1079,23,618,2018,9,1,5,2.0,46686.0,4,0,1,1,0,12,12
12169,62653,1077,23,1270,2019,4,1,1,2.0,7865.0,4,0,1,1,0,3,4
12170,23722,271,58,251,2014,3,1,2,1.5,41500.0,4,0,1,1,0,2,4
12172,14113,638,28,1049,2014,9,1,5,2.0,45504.0,4,0,1,1,0,1,4
12173,18817,586,58,1124,2012,3,0,2,1.8,205248.0,4,0,1,1,0,1,0
12176,17421,0,21,1042,2006,7,1,0,3.5,220000.0,6,0,1,1,0,14,8
12177,8467,0,41,1370,2008,3,0,5,1.5,170000.0,4,0,1,1,1,5,4
12178,11290,0,21,669,2011,3,0,2,1.3,120000.0,4,0,1,1,1,11,10
12179,5645,1079,23,618,2018,9,1,5,2.0,31470.0,4,0,1,1,0,14,12
12180,7370,810,23,618,2016,9,1,5,1.8,215032.0,4,0,1,1,0,3,12
12181,34497,0,5,1501,2010,4,1,5,3.7,150000.0,8,2,0,1,0,1,12
12182,6600,0,44,745,2009,9,0,5,2.4,260000.0,6,0,1,1,0,14,6
12183,15681,0,36,970,2002,4,1,0,3.7,0.0,8,2,0,1,0,1,12
12184,1882,749,28,1049,2014,9,1,5,2.4,206211.0,4,0,1,1,0,2,12
12185,16935,0,61,870,2011,9,1,5,2.5,118000.0,5,2,1,1,0,7,0
12186,4077,0,13,446,1997,7,0,5,2.9,126405.0,8,0,2,1,0,10,2
12187,13589,1347,23,812,2008,10,1,1,2.5,234278.0,4,0,1,1,0,15,4
12190,5331,585,32,402,2013,3,1,2,1.8,174043.0,4,0,1,1,0,14,0
12191,627,631,36,586,2012,9,1,1,3.5,438886.75,6,0,0,1,0,1,12
12192,7370,640,28,1049,2013,9,1,5,2.0,65920.0,4,0,1,1,0,12,4
12193,22894,2054,55,706,2013,4,0,5,2.5,110000.0,4,0,0,1,1,12,12
12195,31361,919,5,1491,2012,4,1,1,3.0,208000.0,6,2,0,1,0,14,6
12196,12849,687,23,618,2010,9,1,5,1.6,113861.0,4,0,1,1,0,12,4
12197,76835,1104,31,550,2015,4,1,1,3.0,88000.0,6,2,0,1,0,1,12
12199,17876,639,23,630,2014,3,1,5,2.0,104000.0,4,0,1,1,0,11,8
12200,11917,1195,16,1381,2008,10,0,1,2.2,172323.0,4,1,1,1,0,14,2
12201,34497,456,58,423,2015,9,1,2,2.5,89000.0,4,0,1,1,0,14,12
12202,16010,836,54,237,2010,4,1,1,2.0,217346.0,4,0,1,1,0,1,4
12205,10976,0,16,1381,1995,6,0,1,2.5,200000.0,4,1,2,2,0,14,2
12206,16621,0,5,147,2003,9,0,5,3.0,190000.0,6,2,2,1,0,12,6
12209,21639,640,39,1070,2013,4,0,5,2.0,72000.0,4,2,0,1,0,1,12
12210,941,2467,16,297,2005,4,1,5,3.0,264666.0,6,0,1,1,0,7,12
12211,10036,0,58,1124,2005,9,0,2,1.5,197000.0,4,0,1,1,0,12,8
12212,25387,595,21,669,2015,3,1,5,1.5,73225.0,4,0,1,1,0,12,4
12213,10976,1267,21,669,2013,3,0,2,1.5,109000.0,4,0,1,1,1,2,8
12214,60,0,58,1124,2009,9,0,2,1.5,438886.75,2,0,1,1,0,14,2
12215,16935,1017,23,1298,2017,9,1,4,2.0,275721.0,4,0,1,1,0,14,4
12216,49237,891,5,88,2016,9,1,5,2.0,33000.0,4,2,2,1,0,7,10
12217,4704,749,23,1270,2014,4,1,5,2.4,306288.0,4,0,1,1,0,11,12
12219,17249,0,58,1132,2014,3,1,2,1.5,69000.0,5,0,1,1,1,14,12
12220,8154,0,42,1536,2000,10,1,5,1.8,438886.75,4,1,1,1,0,4,4
12221,11848,631,8,909,2009,9,1,5,1.6,438886.75,4,0,1,1,0,1,4
12222,53314,631,36,759,2016,4,1,5,2.0,438886.75,4,0,0,1,0,1,12
12223,15681,1185,37,986,2009,4,1,2,2.5,155798.0,4,0,1,1,0,1,12
12226,29793,0,36,1326,2004,6,0,1,2.2,371500.0,4,1,0,1,0,14,2
12227,7997,631,41,1364,2007,9,0,5,2.3,438886.75,6,0,1,1,1,1,6
12228,19444,831,21,512,2011,4,1,5,2.4,180000.0,4,0,0,1,0,2,6
12229,1333,1249,41,1228,2017,4,1,5,2.5,77901.0,4,0,1,1,0,1,12
12232,150,1681,17,60,2000,9,0,0,2.0,500.0,4,1,2,1,0,14,0
12233,4391,631,42,1043,1998,9,1,5,2.0,438886.75,4,1,2,1,0,1,2
12234,7213,0,36,582,1997,9,0,0,3.2,180000.0,6,0,2,1,0,2,8
12235,706,631,3,209,2014,9,1,5,2.0,438886.75,4,0,1,1,0,1,0
12236,12858,629,41,889,2015,4,0,5,1.6,123200.0,4,2,1,1,0,2,0
12237,34497,0,36,1456,2009,7,0,1,2.2,160000.0,4,2,2,1,0,6,6
12238,8467,0,42,262,2002,2,0,1,2.0,237700.0,4,1,1,1,0,7,5
12239,11415,765,23,1298,2015,9,1,4,2.0,286046.0,4,0,1,1,0,12,4
12241,13172,891,23,1298,2016,9,1,4,2.0,438886.75,4,0,1,1,0,8,4
12242,78403,0,36,332,2018,9,1,5,2.0,10000.0,4,2,2,1,0,14,12
12244,45473,631,36,752,2012,4,1,1,3.0,438886.75,6,0,0,1,0,1,10
12245,10976,0,3,209,2007,9,1,5,2.0,224823.0,4,2,0,1,0,14,0
12246,7997,761,58,1124,2010,3,0,2,1.8,153795.0,4,3,1,1,0,7,10
12247,10976,0,58,1413,2003,7,0,5,2.0,195000.0,4,0,1,1,1,12,1
12248,10663,1273,58,1284,2015,9,1,5,3.5,53014.0,6,0,1,1,0,7,12
12249,18503,0,41,1476,2006,4,0,4,3.7,159000.0,6,0,0,1,0,1,4
12250,18000,399,21,1283,2019,3,0,2,1.5,9000.0,4,0,0,1,0,12,6
12251,188,1091,58,423,2016,9,1,5,2.5,61098.0,4,0,1,1,0,1,12
12253,15053,0,5,1534,2003,0,1,5,2.5,15000.0,6,1,2,0,0,2,2
12255,9408,0,21,669,2006,3,0,5,1.5,150000.0,4,1,1,1,1,12,2
12257,15210,631,58,423,2009,9,1,2,2.4,438886.75,4,0,1,1,0,1,12
12258,48296,919,36,961,2012,4,1,1,3.0,203500.0,6,2,0,1,0,12,12
12259,23521,0,5,154,2008,9,1,5,3.0,186000.0,6,2,2,1,0,1,12
12260,24462,769,36,1449,2011,6,0,1,2.2,260000.0,4,1,2,2,0,14,8
12261,17876,697,23,618,2015,3,0,5,1.8,62000.0,4,2,1,1,0,1,6
12262,15681,0,46,1001,2011,2,0,1,1.5,210000.0,4,1,1,1,0,14,8
12263,17126,707,54,237,2011,9,1,1,2.0,189966.0,4,0,1,1,0,14,4
12265,15530,891,23,1298,2016,9,1,4,2.0,246040.0,4,0,1,1,0,12,4
12266,56450,0,32,1208,2013,4,1,2,3.5,85000.0,6,2,0,1,0,14,12
12267,15053,639,61,878,2014,9,0,1,2.0,185000.0,4,0,1,1,0,14,6
12268,27000,631,36,1326,2003,6,0,1,2.7,438886.75,5,1,2,1,0,1,1
12269,21181,642,8,1060,2012,4,1,1,2.0,92866.0,4,0,1,1,0,12,4
12270,6429,631,8,523,2009,9,1,1,2.0,438886.75,4,0,1,1,0,1,4
12271,15612,966,23,788,2009,1,1,5,2.0,137851.0,4,0,1,1,0,1,4
12273,10976,988,58,1124,2007,9,0,2,1.5,0.0,4,3,1,1,0,12,10
12274,24433,777,23,812,2014,7,1,1,2.5,128000.0,4,0,1,1,0,7,4
12275,14113,585,23,618,2013,9,0,5,1.8,89000.0,4,2,1,1,0,12,8
12277,9408,645,58,1124,2011,3,0,2,1.8,318400.0,4,0,1,1,0,14,8
12278,22580,0,61,1090,2013,9,1,5,1.8,149145.0,4,2,1,1,0,14,10
12279,3450,431,33,951,2016,9,1,2,2.0,234592.0,4,0,1,1,0,1,12
12280,18817,0,58,1132,2012,3,0,2,1.5,120000.0,4,0,1,1,0,7,6
12281,25810,631,23,1270,2010,4,1,1,2.0,438886.75,4,0,1,1,0,1,4
12282,6272,0,36,203,2000,3,0,1,1.7,270000.0,4,1,1,1,0,12,4
12283,18000,2266,58,1285,2018,7,1,5,1.5,15000.0,4,0,1,1,1,1,2
12285,22166,503,58,251,2012,3,1,2,1.5,91000.0,4,0,1,1,0,15,4
12286,34240,639,23,1401,2014,4,1,1,2.0,117436.0,4,0,1,1,0,14,4
12288,4704,0,16,1024,1986,1,0,5,3.7,12000.0,6,0,2,0,0,14,0
12289,13900,781,61,1090,2012,9,0,5,2.5,72500.0,5,2,1,1,0,7,8
12290,15200,0,61,359,2010,9,1,5,2.0,177000.0,4,2,1,1,0,12,8
12292,14583,1058,32,1208,2012,4,1,2,3.5,257072.0,6,0,0,1,0,7,12
12293,11290,0,58,492,2007,9,0,5,1.4,211000.0,4,1,1,1,0,1,6
12297,627,831,8,978,2011,9,1,5,2.4,438886.75,4,0,1,1,0,12,12
12298,7000,0,42,262,1998,3,0,5,1.6,271050.0,4,1,1,1,0,6,4
12299,14113,0,16,1381,2010,6,0,5,3.0,185000.0,6,2,2,1,1,6,11
12300,29793,1823,36,763,2018,4,1,5,3.5,9765.0,6,0,0,1,0,14,12
12301,17249,503,58,1132,2012,3,0,2,1.5,75000.0,4,0,1,1,0,14,8
12302,53188,631,23,1401,2017,4,1,1,1.7,438886.75,4,0,1,1,0,1,4
12303,106668,1176,23,1270,2019,7,1,1,2.2,14480.0,4,0,1,1,0,14,4
12304,20385,779,58,423,2013,9,1,5,2.5,87000.0,6,2,1,1,0,12,0
12305,19657,781,23,812,2012,10,1,1,2.5,236332.0,4,0,1,1,0,12,4
12307,4704,0,61,794,2004,9,0,5,2.0,225600.0,4,1,1,0,0,12,8
12308,13877,585,8,523,2013,9,1,5,1.8,125874.0,4,0,1,1,0,14,4
12309,8467,0,58,1457,2006,9,0,5,1.0,170000.0,4,0,1,1,1,2,4
12312,15649,0,5,144,2009,9,1,4,2.8,240000.0,6,2,2,1,0,1,6
12313,8467,765,23,1298,2015,9,1,4,2.0,438886.75,4,0,1,1,0,8,4
12314,23521,0,8,1461,2013,3,1,6,1.4,102000.0,4,3,1,1,0,11,12
12315,22502,631,21,669,2013,3,1,5,1.3,438886.75,4,0,1,1,0,1,4
12316,3763,0,61,870,2000,9,0,0,2.0,168000.0,4,0,1,1,0,12,5
12318,23505,639,23,1401,2014,4,1,1,2.0,31169.0,4,0,1,1,0,14,4
12319,392,631,32,1203,2016,4,1,2,3.5,438886.75,6,0,0,1,0,1,12
12320,20385,1451,5,167,2011,9,1,5,3.7,85723.0,8,0,0,1,0,1,0
12321,53314,0,58,1124,2017,9,1,6,1.8,32000.0,4,3,1,1,0,14,8
12322,24600,765,23,1270,2015,4,1,1,2.0,214420.0,4,0,1,1,0,14,4
12323,25716,697,61,1100,2015,9,1,5,1.8,43000.0,4,2,1,1,0,14,6
12324,7370,364,8,1322,2013,7,1,5,1.0,48143.0,4,0,1,1,0,12,4
12325,21639,631,58,1179,2012,4,0,5,2.5,438886.75,4,0,0,1,0,1,12
12326,17876,0,58,1124,2012,3,0,2,1.8,161000.0,4,3,1,1,0,13,6
12327,68148,1077,23,1270,2019,4,1,1,2.0,31327.0,4,0,1,1,0,14,4
12328,6586,1282,28,1323,2007,4,1,1,2.0,82944.0,4,0,1,1,0,12,4
12330,14000,501,58,1212,2014,3,0,5,1.5,34000.0,4,0,1,1,0,1,2
12331,44043,900,27,483,2015,4,1,5,2.4,44729.0,4,0,1,1,0,14,4
12332,14426,629,23,232,2015,3,1,1,1.6,36871.0,4,0,1,1,0,7,4
12333,3700,0,36,562,2001,9,1,1,2.2,0.0,4,0,2,1,1,2,4
12334,16935,631,36,556,2007,9,1,1,2.2,438886.75,4,2,2,1,0,1,8
12335,6899,0,36,379,1998,1,1,5,2.3,301000.0,6,0,2,0,0,12,5
12336,13799,0,50,1466,2008,4,0,2,2.4,100000.0,4,0,1,1,0,2,0
12337,16766,1024,23,812,2010,10,1,1,2.5,213696.0,4,0,1,1,0,7,4
12338,48296,1055,32,1201,2013,4,1,5,3.5,92000.0,6,2,0,1,0,12,12
12339,37633,0,23,1402,2017,4,1,5,2.0,131200.0,6,2,1,1,0,7,8
12340,50178,0,36,556,2014,9,1,1,2.1,238000.0,4,0,2,1,0,1,10
12341,14740,0,5,147,2004,9,1,5,3.0,280000.0,6,2,2,1,0,7,8
12342,13485,0,5,152,2002,9,0,5,3.0,155000.0,6,2,2,1,0,12,12
12343,30107,1058,32,1208,2012,4,1,2,3.5,236016.0,6,0,1,1,0,1,12
12344,36000,0,36,586,2012,9,1,1,3.0,97500.0,6,2,2,1,0,1,16
12345,12544,645,58,1124,2011,9,0,2,1.8,20000.0,4,0,1,1,0,2,12
12349,13630,966,23,788,2009,1,1,5,2.0,104157.0,4,0,1,1,0,7,4
12351,8467,0,55,1061,2004,10,0,5,2.5,163000.0,4,2,0,1,1,12,2
12352,50178,0,36,586,2014,9,1,5,3.5,75000.0,6,0,0,1,0,12,12
12354,19707,583,23,618,2011,9,1,5,1.6,76462.0,4,0,1,1,0,7,4
12355,16894,836,23,1298,2010,9,1,5,2.0,195921.0,4,0,1,1,0,1,4
12356,5959,0,36,374,2000,1,1,5,2.0,0.0,6,1,2,0,0,1,6
12357,16308,0,16,722,2010,9,1,2,2.5,250000.0,4,3,1,1,0,1,8
12358,23521,0,58,423,2012,9,0,5,2.5,102000.0,4,2,1,1,0,14,0
12359,862,779,8,978,2013,9,1,5,2.5,228285.0,4,0,1,1,0,14,12
12360,706,639,36,371,2014,9,1,5,2.0,62976.0,4,0,1,1,0,12,12
12361,6272,631,61,870,2015,9,1,5,1.8,438886.75,4,0,1,1,0,1,12
12363,7213,790,11,909,2009,9,1,5,1.6,68111.0,4,0,1,1,0,2,4
12364,59504,891,23,1401,2016,4,1,1,2.0,32948.0,4,0,1,1,0,8,4
12365,6272,1109,39,1082,2008,4,0,5,0.7,166000.0,4,0,0,0,1,7,4
12366,20005,642,8,1060,2012,4,1,1,2.0,122050.0,4,0,1,1,0,1,4
12367,26949,527,21,669,2015,10,1,5,1.3,50927.0,4,0,1,1,0,2,4
12368,21326,0,36,577,2008,9,0,1,3.0,32000.0,6,2,2,2,0,12,12
12371,15681,891,23,1298,2016,9,1,4,2.0,284189.0,4,0,1,1,0,12,4
12372,6272,0,42,267,1988,10,0,5,1.2,189000.0,4,1,1,1,0,2,4
12373,58172,690,21,469,2016,1,1,5,1.5,30274.0,4,0,1,1,0,1,4
12375,314,629,16,693,2015,9,1,5,1.6,0.0,4,0,1,1,0,12,12
12376,23207,707,23,1401,2011,4,1,1,2.0,144096.0,4,0,1,1,0,12,4
12379,5018,631,42,1416,1995,3,0,5,2.0,438886.75,4,1,1,1,0,1,2
12381,27441,831,39,612,2018,4,0,5,1.5,17123.0,4,0,0,1,0,12,8
12383,23521,777,58,423,2014,9,1,5,2.5,118400.0,4,2,1,1,0,7,8
12384,20698,530,16,723,2013,9,1,5,1.6,249600.0,4,2,1,1,0,1,10
12386,13366,836,23,1298,2010,9,1,5,2.0,104727.0,4,0,1,1,0,1,4
12388,61286,1079,23,1270,2018,4,1,1,2.0,69000.0,4,0,1,1,0,7,4
12391,38251,640,54,1192,2013,4,1,1,2.0,152859.0,4,0,1,1,0,14,4
12393,10117,687,23,618,2010,9,1,5,1.6,72000.0,4,0,1,1,0,14,4
12395,10349,0,36,568,2001,9,1,5,2.4,235000.0,6,0,2,1,0,12,6
12396,16099,777,58,423,2014,9,0,5,2.5,103123.0,4,0,1,1,0,12,12
12397,17876,2195,5,1491,2009,4,1,5,3.7,112000.0,8,2,0,1,0,14,8
12398,7517,790,11,909,2009,9,1,5,1.6,138719.0,4,0,1,1,0,12,4
12399,24148,1750,32,1203,2008,4,1,2,3.3,209000.0,6,3,0,1,0,1,10
12400,40889,784,21,469,2017,3,1,5,1.5,1461.0,4,0,1,1,0,12,4
12401,6586,1525,36,305,1998,9,0,0,1.8,111111.0,4,1,2,1,0,14,4
12404,20385,0,16,1394,2010,2,0,1,2.2,210000.0,4,1,1,1,0,14,2
12406,8311,0,58,1124,2008,3,0,2,1.5,204839.0,4,0,1,1,0,12,0
12408,43905,0,36,586,2010,1,1,5,3.5,39000.0,6,2,2,0,0,1,12
12409,8154,0,39,240,2002,10,0,5,2.0,136000.0,4,2,1,1,1,7,2
12410,10976,0,16,1381,1997,6,0,1,2.5,0.0,4,1,2,1,0,14,2
12411,41710,0,61,870,2019,9,1,5,1.4,6950.0,4,0,1,1,0,14,10
12412,13799,645,58,1124,2011,3,0,2,1.8,204387.0,4,0,1,1,0,14,0
12413,12544,0,58,251,2013,9,0,2,1.5,200000.0,4,3,1,1,1,14,0
12414,10976,0,58,1124,2008,9,0,2,1.5,368000.0,4,0,1,1,0,14,8
12415,26657,0,41,1031,2011,8,0,1,2.5,240000.0,4,1,0,1,0,14,4
12416,49237,1327,58,423,2018,9,1,5,2.5,22000.0,4,2,1,1,0,1,12
12419,21181,642,54,902,2012,4,1,1,2.0,159989.0,4,0,1,1,0,12,4
12420,114468,915,31,1214,2014,4,1,1,3.0,126000.0,6,0,0,1,0,14,12
12421,27700,0,41,889,2013,4,0,5,1.6,87000.0,4,2,0,1,0,12,12
12423,80,0,23,618,2015,9,1,5,1.8,76800.0,4,0,1,1,0,2,12
12424,10976,779,61,1093,2013,9,1,5,2.5,105000.0,5,0,1,1,0,7,12
12425,5175,1055,32,1208,2013,4,1,2,3.5,151288.0,6,0,0,1,0,7,12
12427,125,474,8,1461,2013,3,1,2,1.4,239027.0,4,0,1,1,0,1,12
12429,4077,0,61,938,2002,3,0,5,1.0,120008.0,4,1,1,0,1,12,2
12430,21316,828,21,669,2020,3,1,5,1.5,15601.0,4,0,1,1,0,8,4
12431,4234,0,61,870,2000,9,1,5,2.8,0.0,6,1,1,1,0,1,2
12432,16621,0,58,423,2008,9,1,2,2.4,135000.0,4,0,1,1,0,0,6
12433,5018,0,42,262,1998,2,0,5,1.6,175000.0,4,1,1,1,0,2,6
12435,25089,1051,28,1049,2016,9,0,5,2.4,65000.0,4,2,1,1,0,14,12
12437,20385,0,58,423,2010,9,1,2,2.4,288000.0,4,3,1,1,0,5,10
12438,10663,1405,36,961,2009,4,1,1,3.0,278904.0,6,0,0,1,0,2,12
12440,12858,631,58,1457,2011,3,0,5,1.0,438886.75,3,3,1,1,0,1,10
12441,7840,1272,42,479,2006,2,0,1,1.7,196000.0,4,1,1,1,0,2,4
12442,18189,891,28,1049,2016,9,1,5,2.0,27485.0,4,0,1,1,0,1,4
12443,18817,0,23,1298,2012,9,0,2,2.4,150000.0,8,0,1,1,0,1,12
12444,8781,0,36,582,1999,9,1,5,0.6,230000.0,6,0,2,1,0,2,8
12446,45542,631,23,1401,2018,4,1,1,1.7,438886.75,4,0,1,1,0,1,4
12449,26657,642,5,88,2012,9,1,5,2.0,144000.0,4,2,2,1,0,1,10
12450,15994,585,58,1124,2013,3,0,2,1.8,76509.0,4,0,1,1,0,12,7
12451,7840,1031,41,1037,2013,3,0,5,1.2,127000.0,3,3,1,1,1,14,6
12452,19707,629,23,618,2015,9,1,5,1.6,138770.0,4,0,1,1,0,14,4
12453,17249,585,58,1124,2013,3,1,2,1.8,0.0,4,0,1,1,0,1,12
12454,47217,631,23,1270,2015,4,1,1,2.0,438886.75,4,0,1,1,0,1,4
12455,27889,707,23,1270,2011,4,1,1,2.0,151594.0,4,0,1,1,0,12,4
12456,5018,0,61,1090,2005,9,1,5,1.8,179760.0,4,0,1,1,0,12,10
12457,7056,1286,8,444,2007,4,1,1,2.0,61435.0,4,0,1,1,0,12,4
12459,40092,631,23,1401,2014,4,1,1,2.0,438886.75,4,0,1,1,0,1,4
12460,3920,697,58,492,2015,9,1,5,1.8,136835.0,4,0,1,1,0,14,12
12462,12143,642,23,1298,2012,9,1,4,2.0,236781.0,4,0,1,1,0,14,4
12464,10976,0,21,512,2002,4,1,5,2.0,197000.0,4,0,0,1,1,13,4
12465,43548,584,21,469,2014,9,1,5,1.8,70742.0,4,0,1,1,0,14,4
12466,10976,0,36,560,2001,9,0,1,2.2,10000.0,4,0,2,1,0,12,12
12467,16264,609,21,669,2016,3,1,5,1.3,57400.0,4,0,1,1,0,12,4
12468,7213,1058,36,961,2012,4,1,5,3.5,193267.0,6,0,0,1,0,7,12
12469,23521,0,24,941,2011,9,1,5,3.7,62000.0,6,2,2,1,0,14,12
12470,10976,0,58,1124,2008,3,0,5,1.6,155000.0,4,0,1,1,0,14,2
12471,36968,777,23,812,2014,7,1,1,2.5,139905.0,4,0,1,1,0,12,4
12472,3500,1368,61,794,1996,3,0,5,1.6,275000.0,4,1,1,1,0,6,2
12474,34497,900,28,1323,2015,4,1,5,2.4,60123.0,4,0,0,1,0,14,10
12475,30583,777,23,812,2014,7,1,1,2.5,120309.0,4,0,1,1,0,1,4
12476,26030,753,23,1401,2012,4,1,5,2.4,98000.0,4,2,1,1,0,11,12
12478,11604,707,28,1049,2011,9,1,5,2.0,61378.0,4,0,1,1,0,1,4
12479,27911,1197,58,1360,2012,9,1,5,3.7,365810.0,6,0,0,1,0,14,12
12480,96749,1076,23,1270,2020,4,1,1,2.0,6631.0,4,0,1,1,0,7,4
12482,48873,765,54,1192,2015,4,1,1,2.0,92870.0,4,0,1,1,0,7,4
12483,12544,0,58,1124,2008,3,0,2,1.5,111111.0,4,3,1,1,0,14,0
12484,29793,1888,5,1491,2007,4,1,1,3.0,19000.0,6,0,0,1,0,1,12
12485,40340,1249,23,812,2017,10,1,1,2.5,171690.0,4,0,1,1,0,12,4
12486,25004,836,23,1401,2010,4,1,1,2.0,97137.0,4,0,1,1,0,7,4
12487,44943,891,21,469,2016,9,1,5,2.0,23919.0,4,0,1,1,0,7,4
12488,314,1017,23,618,2017,9,1,5,2.0,110456.0,4,0,1,1,0,12,12
12489,17249,631,58,1124,2009,9,1,2,1.8,438886.75,4,0,1,1,0,1,4
12490,23270,640,23,1401,2013,4,1,1,2.0,74476.0,4,0,1,1,0,14,4
12491,7840,0,60,38,2008,4,0,5,1.6,113000.0,4,1,2,1,0,14,0
12492,44611,690,21,469,2016,9,1,5,1.5,72066.0,4,0,1,1,0,1,4
12493,11917,0,58,1124,2007,9,1,5,1.6,235200.0,8,2,1,1,0,1,8
12494,22947,631,23,1401,2010,4,1,1,2.0,438886.75,4,0,1,1,0,1,4
12495,9500,0,61,870,2005,9,1,5,2.5,97000.0,5,2,1,1,0,12,6
12496,706,1017,23,618,2017,9,1,5,2.0,106611.0,4,0,1,1,0,12,12
12497,7840,364,8,1322,2012,9,1,5,1.0,32387.0,4,0,1,1,0,1,4
12498,1882,749,23,1298,2014,9,1,5,2.4,166008.0,4,0,1,1,0,14,12
12499,23521,631,16,1381,2011,6,0,1,2.2,438886.75,4,1,1,1,0,1,2
12500,14586,501,58,251,2014,3,1,5,1.5,116350.0,4,0,1,1,0,14,4
12502,8154,1282,28,448,2007,4,1,1,2.0,51999.0,4,0,1,1,0,1,4
12503,17562,780,8,523,2019,3,0,5,1.4,13.0,4,0,1,1,0,1,8
12504,14113,642,16,345,2012,9,1,2,2.0,140000.0,5,0,1,1,0,13,6
12506,10976,0,58,1124,2005,9,0,2,1.5,43200.0,4,0,1,1,0,14,0
12507,34497,0,5,1483,2013,4,1,5,2.0,0.0,8,2,1,1,0,14,9
12508,38260,779,58,1179,2013,4,0,5,2.5,176000.0,4,2,0,1,0,12,8
12509,11604,834,42,1536,2009,7,0,1,1.7,248000.0,4,1,1,1,0,1,10
12510,15530,501,58,251,2014,3,1,5,1.5,99529.0,4,0,1,1,0,12,4
12511,15681,1017,23,1298,2017,9,1,4,2.0,61257.0,4,0,1,1,0,14,4
12512,9408,640,3,218,2013,1,1,5,2.0,87000.0,6,0,2,0,0,1,8
12513,3136,631,58,492,2017,9,1,5,1.8,438886.75,4,0,1,1,0,1,12
12514,8781,0,16,1377,2008,2,0,1,1.8,160000.0,4,1,1,0,0,14,2
12515,15053,0,13,539,2012,9,0,5,1.4,142000.0,4,2,1,1,0,1,9
12516,18817,0,3,209,2011,9,1,5,2.0,144878.0,4,1,0,1,0,1,8
12517,70,0,23,618,2014,9,1,5,1.8,50000.0,6,2,1,1,0,3,8
12518,20592,1099,54,1192,2010,4,1,1,2.7,225450.0,4,0,1,1,0,1,4
12519,13485,878,58,1124,2009,9,0,2,1.8,316800.0,4,2,0,1,0,7,12
12521,48196,1079,23,618,2018,9,1,5,2.0,17172.0,4,0,1,1,0,7,4
12522,8467,0,43,24,2006,3,1,5,1.6,93686.0,4,2,1,1,0,12,0
12524,47042,0,5,1491,2010,4,1,1,3.5,150000.0,6,2,0,1,0,1,16
12525,40769,0,58,492,2017,9,0,5,1.6,18700.0,4,0,1,1,0,14,12
12526,36721,784,21,669,2017,3,1,5,1.5,30430.0,4,0,1,1,0,14,4
12527,18503,585,23,624,2013,3,1,5,1.8,118400.0,4,2,2,1,0,14,6
12531,25089,0,58,423,2012,9,1,5,2.5,139000.0,4,2,1,1,0,1,10
12532,9408,0,55,927,2005,9,0,5,2.0,208000.0,4,2,0,1,1,1,4
12533,12544,765,23,1298,2015,9,1,4,2.0,438886.75,4,0,1,1,0,8,4
12534,6000,0,49,0,2008,9,1,5,2.0,1000.0,6,0,1,1,0,1,6
12535,15367,0,58,1124,2009,9,0,2,1.5,220800.0,4,3,1,1,0,2,8
12536,21953,631,58,423,2012,9,1,5,2.5,438886.75,4,2,1,1,0,1,8
12537,10192,1205,23,1270,2015,4,1,5,3.3,97304.0,6,0,1,1,0,14,12
12538,42965,1946,36,739,2017,4,1,5,3.7,54730.0,8,0,0,1,0,14,12
12539,10976,631,27,937,2002,4,1,5,3.7,438886.75,6,0,0,1,0,1,4
12540,470,810,23,618,2016,9,1,5,1.8,159790.0,4,0,1,1,0,14,12
12541,54458,891,23,1270,2016,4,1,1,2.0,90727.0,4,0,1,1,0,2,4
12542,15323,836,23,788,2010,1,1,5,2.0,132008.0,4,0,1,1,0,7,4
12543,7997,0,41,1037,2005,3,0,5,1.5,161000.0,4,3,1,1,1,12,2
12545,22580,0,58,423,2009,9,0,2,2.4,320000.0,4,0,1,1,0,12,6
12546,26971,585,36,322,2013,1,1,5,1.8,85121.0,4,0,1,0,0,7,12
12547,5488,1282,8,444,2007,4,1,1,2.0,54785.0,4,0,1,1,0,14,4
12548,2195,749,21,512,2014,4,1,5,2.4,0.0,4,0,0,1,0,4,12
12549,23602,642,23,1401,2012,4,1,1,2.0,72018.0,4,0,1,1,0,14,4
12551,30750,770,23,1401,2016,4,1,1,1.7,158258.0,4,0,1,1,0,14,4
12552,19707,631,23,618,2012,9,1,5,1.6,438886.75,4,0,1,1,0,1,4
12554,114468,1104,5,1511,2015,4,1,5,3.0,97600.0,6,2,0,1,0,1,10
12555,12544,530,28,461,2013,9,1,5,1.6,116644.0,4,0,1,1,0,12,4
12556,549,1076,32,1030,2020,4,1,5,2.0,1792.0,4,0,1,1,0,14,12
12559,17876,0,15,118,2013,1,1,5,1.4,50000.0,4,1,1,0,0,14,8
12560,49293,1017,23,1270,2017,4,1,1,2.0,156887.0,4,0,1,1,0,7,4
12561,5959,0,21,1106,1999,4,0,0,3.2,300000.0,6,0,0,1,0,6,2
12563,14426,765,23,623,2015,3,0,5,2.0,65566.0,6,0,1,1,0,14,6
12564,30596,640,54,1192,2013,4,1,1,2.0,130000.0,4,0,1,1,0,14,4
12566,37633,0,3,228,2008,9,1,1,3.0,265000.0,6,2,0,1,0,1,8
12567,28608,639,8,978,2014,9,1,5,2.0,76686.0,4,0,1,1,0,1,4
12568,21012,781,58,423,2012,9,1,5,2.5,101000.0,4,2,1,1,0,1,10
12569,12544,843,58,1124,2008,9,0,2,1.5,227200.0,4,0,1,1,0,2,4
12570,8154,0,41,1370,2006,9,1,5,1.5,150000.0,4,0,1,1,1,1,5
12571,16894,1273,54,1192,2009,4,1,1,2.7,157446.0,4,0,1,1,0,12,4
12572,27284,631,16,722,2014,9,1,2,2.0,438886.75,4,2,1,1,0,1,12
12573,7527,0,36,384,2000,9,1,5,3.2,253640.0,6,2,2,0,0,1,6
12575,21012,891,23,620,2016,9,0,5,2.0,20900.0,4,2,1,1,0,2,8
12576,25089,0,16,646,2013,4,0,5,2.5,192000.0,4,0,1,1,0,7,12
12577,19707,836,54,237,2010,4,1,1,2.0,189000.0,4,0,1,1,0,1,4
12580,8643,364,8,1322,2012,3,1,5,1.0,160000.0,4,0,1,1,0,2,4
12581,4704,0,42,1416,1996,9,0,5,1.6,11000.0,4,1,1,1,0,7,1
12582,8311,781,8,523,2018,9,1,5,1.4,65738.0,4,0,1,1,0,11,12
12583,6899,0,60,38,2004,3,0,5,1.6,85000.0,4,1,0,0,0,14,2
12584,12544,0,7,407,2016,9,1,5,2.0,29000.0,4,0,2,1,0,7,10
12585,24462,781,58,431,2012,9,1,5,2.5,95000.0,4,2,2,1,0,11,9
12586,8154,0,42,262,2004,9,0,5,1.6,205000.0,4,0,1,1,0,5,8
12587,16308,0,58,1124,2010,3,1,5,1.8,259200.0,4,0,1,1,0,7,8
12588,122308,0,45,453,2015,4,1,1,3.0,120000.0,6,2,0,1,0,14,9
12589,18688,1141,27,483,2009,4,1,5,2.4,167510.0,4,0,1,1,0,11,4
12590,7527,0,36,336,2001,9,1,5,3.2,247000.0,6,2,2,1,0,1,8
12591,2600,1529,42,1416,1995,9,0,0,1.8,438886.75,4,1,1,1,0,6,4
12592,33575,880,23,618,2018,9,1,5,1.6,65734.0,4,0,1,1,0,2,4
12593,94083,0,39,1077,2020,4,1,1,3.0,0.0,6,0,0,1,0,1,12
12595,17562,1017,36,759,2017,4,1,5,2.0,109608.0,4,0,1,1,0,14,0
12596,35752,0,36,586,2011,9,1,1,3.0,167000.0,6,2,2,1,0,12,12
12597,12544,0,41,1477,2002,4,0,5,2.0,158000.0,4,1,0,1,0,5,6
12598,10722,271,21,669,2014,3,1,2,1.5,81917.0,4,0,1,1,0,12,4
12599,6115,760,8,523,2010,9,1,5,1.8,63223.0,4,0,1,1,0,12,4
12600,26030,1018,36,586,2011,9,1,1,3.0,160000.0,6,2,2,1,0,14,10
12602,12544,765,23,1298,2015,9,1,4,2.0,367783.0,4,0,1,1,0,8,4
12603,11604,639,23,1298,2014,9,1,4,2.0,352590.0,4,0,1,1,0,12,4
12604,57961,891,23,1270,2016,4,1,1,2.0,75540.0,4,0,1,1,0,14,4
12606,12231,0,36,315,2004,9,1,5,1.8,221000.0,4,2,2,1,0,12,10
12608,30,0,58,1124,2007,9,0,2,1.5,18000.0,4,3,1,1,0,14,0
12609,65858,517,32,1208,2014,4,1,2,3.5,66575.0,6,2,0,1,0,14,12
12611,19444,0,58,423,2010,9,1,2,2.4,158000.0,4,2,1,1,0,14,12
12613,4800,0,55,706,2001,10,0,5,2.0,111111.0,4,0,0,1,1,12,4
12614,23110,503,58,251,2012,3,1,2,1.5,120800.0,4,0,1,1,0,14,4
12615,10036,639,23,1298,2014,9,1,4,2.0,402468.0,4,0,1,1,0,12,4
12616,7213,0,36,201,2005,3,0,5,1.7,180600.0,4,2,1,1,0,5,6
12617,6899,915,5,1511,2014,4,1,5,3.0,224938.0,6,0,0,1,0,14,12
12618,37498,694,23,1270,2014,4,1,1,2.2,157970.0,4,0,1,1,0,7,4
12619,7840,0,21,669,2005,3,0,5,1.3,126000.0,4,3,1,1,1,12,4
12620,23000,690,8,978,2016,9,0,5,1.5,104000.0,4,2,1,1,0,2,0
12621,12231,0,58,492,2006,9,0,5,1.6,177000.0,4,1,1,1,0,7,8
12622,2600,0,21,469,2002,9,0,5,1.5,205609.0,4,0,1,1,1,12,6
12624,941,631,58,1124,2009,9,1,2,1.5,438886.75,4,0,1,1,0,1,12
12626,33575,1091,23,812,2016,7,1,1,2.5,186000.0,4,0,1,1,0,14,4
12628,14113,0,15,122,2012,1,1,5,1.4,89000.0,4,2,1,0,0,11,10
12629,1490,831,27,483,2011,4,1,5,2.4,259779.0,4,0,1,1,0,1,11
12630,18189,631,23,1270,2009,4,1,1,2.2,438886.75,4,0,0,1,0,1,4
12631,10663,0,53,691,2010,9,0,1,1.9,270000.0,4,1,0,1,0,7,8
12632,19444,0,23,618,2015,9,0,5,1.8,126400.0,4,0,1,1,0,2,8
12634,32973,919,27,804,2012,4,1,1,3.0,228307.0,4,0,1,1,0,12,4
12635,22580,891,23,618,2016,9,0,5,2.0,62000.0,4,2,1,1,0,1,8
12636,20,631,21,669,2005,3,0,5,1.3,438886.75,4,0,1,1,1,1,4
12637,15681,0,23,1298,2012,9,0,5,2.4,180800.0,4,2,1,1,0,1,10
12638,7213,0,58,1457,2002,3,0,5,1.0,138000.0,4,0,1,1,1,12,2
12640,39201,0,36,560,2010,9,1,1,2.2,1000.0,4,2,2,1,0,1,12
12641,2666,1399,21,235,2010,9,1,5,3.5,241786.0,6,0,1,1,0,14,12
12642,14500,333,16,345,2014,3,0,2,2.0,118400.0,4,3,1,1,0,12,12
12643,11604,488,8,1322,2016,9,1,5,1.0,28904.0,4,0,1,1,0,14,4
12644,28909,891,8,978,2016,9,1,5,2.0,108630.0,4,0,1,1,0,1,4
12645,24628,631,23,812,2011,7,1,1,2.5,438886.75,4,0,1,1,0,1,4
12646,12600,0,21,637,2004,7,1,4,2.4,190000.0,4,2,1,1,1,14,10
12647,4861,1288,8,444,2007,4,1,1,2.0,54114.0,4,0,1,1,0,12,4
12650,20071,0,23,618,2012,9,1,5,1.8,58000.0,4,2,1,1,0,14,12
12651,15367,0,58,251,2012,3,0,5,1.8,99000.0,4,0,1,1,0,1,0
12652,21953,765,23,1401,2015,4,1,1,2.0,51722.0,4,0,1,1,0,14,4
12653,20385,0,41,1107,2006,4,0,0,3.7,176000.0,6,0,0,1,0,0,6
12654,16935,0,21,520,2007,10,0,5,2.0,121000.0,4,0,0,1,1,12,4
12655,20385,584,61,870,2014,9,1,5,1.8,142400.0,4,2,1,1,0,14,8
12656,11133,0,36,71,2000,9,1,1,3.2,385000.0,6,2,2,1,0,12,6
12657,21856,0,23,1427,2014,3,1,5,1.6,51000.0,4,1,1,1,0,14,10
12659,14583,779,58,423,2013,9,1,2,2.5,131400.0,4,0,1,1,0,2,12
12660,1882,831,32,820,2011,9,1,2,2.4,0.0,4,0,1,1,0,12,12
12663,706,1172,32,1201,2011,4,1,5,3.5,270320.0,6,0,0,1,0,14,12
12664,10976,0,3,214,2008,9,1,5,2.0,222222.0,4,2,0,1,0,7,8
12665,9408,0,21,669,2005,9,0,5,1.3,170000.0,4,3,1,1,1,12,4
12667,2195,1586,16,1024,2010,1,1,5,3.7,139966.0,6,0,2,0,0,11,12
12668,40092,831,54,237,2017,4,1,5,1.6,70087.0,4,0,1,1,0,2,4
12669,18817,0,39,1077,2002,4,0,5,3.0,167000.0,6,1,0,0,0,1,4
12671,43905,917,5,154,2013,9,1,5,3.0,118000.0,6,2,2,1,0,14,10
12672,24148,0,58,260,2014,3,1,5,1.5,52000.0,4,2,1,1,0,1,8
12674,15897,697,61,876,2015,9,0,5,1.8,51000.0,4,2,1,1,0,12,12
12675,2822,562,6,460,2015,4,1,5,1.4,107358.0,4,0,1,1,0,1,12
12676,5331,1095,8,444,2008,4,1,1,2.0,45777.0,4,0,1,1,0,12,4
12677,26528,777,23,812,2014,7,1,1,2.5,183731.0,4,0,1,1,0,12,4
12678,5927,988,23,618,2007,9,1,1,1.5,53668.0,4,0,1,1,0,12,4
12681,4861,1104,5,942,2015,1,1,5,3.0,64338.0,6,0,2,0,0,14,12
12684,15367,584,23,618,2014,9,0,5,1.8,193600.0,4,0,1,1,0,12,0
12685,36711,642,23,788,2012,1,1,5,2.0,77231.0,4,0,1,1,0,7,4
12686,29504,639,8,1060,2014,4,1,1,2.0,66883.0,4,0,1,1,0,7,4
12687,8000,631,36,582,1997,9,0,0,3.2,438886.75,6,0,2,1,0,1,4
12688,11000,0,3,209,2006,9,0,5,2.0,225000.0,2,0,0,1,0,7,6
12689,11290,0,3,243,2001,4,1,5,2.7,210000.0,6,1,0,1,0,12,0
12690,15524,583,16,705,2018,9,0,5,1.0,12459.0,3,0,1,1,0,1,8
12691,16107,631,58,251,2012,3,1,5,1.5,438886.75,4,0,1,1,0,1,4
12693,17054,1185,23,812,2009,10,1,1,2.5,99076.0,4,0,1,1,0,12,4
12694,18817,586,58,1146,2012,10,0,5,1.8,174000.0,4,3,1,1,0,13,8
12696,6272,934,41,249,2015,9,1,5,2.5,94632.0,4,0,1,1,0,14,12
12697,20385,687,41,889,2010,4,1,5,1.6,169022.0,4,2,0,1,0,1,8
12698,3450,1055,36,586,2013,9,1,1,3.5,107800.0,6,0,2,1,0,7,12
12699,16399,691,21,669,2017,3,1,5,1.3,79363.0,4,0,1,1,0,1,4
12700,12560,0,58,1124,2008,3,1,2,1.5,248392.0,4,0,1,1,0,1,4
12701,18660,0,23,1429,2013,3,0,5,1.6,70400.0,4,2,1,1,0,15,8
12702,27435,1211,26,1520,2010,9,1,1,3.0,163024.0,4,0,1,1,0,14,4
12704,21169,0,58,1124,2012,3,1,2,1.8,160000.0,4,0,1,1,0,14,12
12706,15681,0,58,258,2013,3,0,2,1.5,120000.0,4,0,1,1,1,14,12
12707,17876,1195,16,1381,2008,6,0,1,2.2,150000.0,4,1,1,1,0,12,2
12708,16621,750,8,978,2015,9,1,1,2.0,61260.0,4,0,1,1,0,14,4
12710,14856,639,8,523,2014,9,1,1,2.0,123850.0,4,0,1,1,0,2,4
12711,25299,629,23,618,2015,9,1,5,1.6,48424.0,4,0,1,1,0,12,4
12712,14113,0,58,251,2013,3,0,2,1.5,104000.0,4,0,1,1,1,11,6
12713,31449,911,23,1270,2010,4,1,1,2.2,121302.0,4,0,1,1,0,7,4
12714,5331,0,41,1223,2000,3,0,5,1.5,186000.0,4,0,0,1,1,14,2
12715,28539,0,5,1491,2009,4,1,5,3.7,136000.0,8,2,0,1,0,1,12
12716,55901,971,54,1192,2016,4,1,1,2.2,100000.0,4,0,1,1,0,12,4
12717,10976,0,3,212,2008,9,1,5,2.0,226000.0,4,2,0,1,0,7,8
12718,51373,891,23,1270,2016,4,1,1,2.0,111830.0,4,0,1,1,0,7,4
12719,50178,0,5,109,2014,1,1,5,2.0,70000.0,4,2,2,0,0,1,10
12720,15994,2156,36,381,2002,1,1,5,2.6,119000.0,6,0,2,0,0,14,8
12721,6899,874,61,1408,2013,3,0,5,1.0,7914.0,4,2,1,0,1,11,8
12722,7213,0,41,1037,2005,9,0,5,1.5,171436.0,4,3,1,1,1,12,0
12723,7370,0,21,669,2001,3,0,5,1.3,95000.0,4,0,1,2,1,12,4
12725,38574,934,23,812,2015,10,1,4,2.5,132320.0,4,0,1,1,0,12,4
12726,10976,746,58,1124,2009,3,0,2,1.5,200533.0,4,0,1,1,0,12,10
12727,8781,0,39,911,2007,9,0,5,2.0,196800.0,4,0,1,1,0,6,2
12728,26971,1055,36,340,2013,9,1,5,3.5,107200.0,6,2,0,1,0,7,10
12730,4547,0,15,1277,1998,9,0,5,0.9,151000.0,4,1,1,0,0,6,0
12733,58018,1079,23,1270,2018,4,1,1,2.0,17245.0,4,0,1,1,0,14,4
12734,2200,0,59,62,1968,4,1,0,2.4,438886.75,4,1,0,1,0,1,10
12736,26657,631,41,894,2013,4,0,5,1.6,438886.75,4,1,1,1,0,1,8
12737,20266,531,23,618,2012,9,1,5,1.6,133770.0,4,0,1,1,0,7,4
12738,5175,1172,36,586,2011,9,1,1,3.5,140944.0,6,0,2,1,0,14,12
12740,50805,1327,35,997,2018,9,1,5,2.5,53277.0,4,0,1,1,0,7,0
12741,1725,1017,23,618,2017,9,1,5,2.0,47914.0,4,0,1,1,0,14,12
12742,16935,0,58,1124,2010,3,1,2,1.8,196000.0,4,3,1,1,0,7,12
12743,17249,0,61,1375,2006,4,1,5,3.6,155214.0,6,2,0,1,0,1,12
12744,18817,781,58,423,2012,9,0,5,2.5,148000.0,4,2,1,1,0,7,12
12746,40769,0,56,1443,2018,4,0,5,1.6,48600.0,4,1,0,1,0,14,6
12747,14269,1053,58,1284,2014,9,1,5,3.5,0.0,6,0,1,1,0,7,12
12748,39201,0,5,111,2015,1,1,5,3.0,56000.0,6,2,2,0,0,1,12
12749,17249,0,58,1134,2013,3,0,2,1.5,110000.0,4,0,1,1,0,12,12
12750,137885,2566,16,1024,2018,1,1,5,3.7,15305.0,4,0,1,1,0,1,4
12751,2800,631,61,794,1993,3,0,1,1.9,438886.75,4,1,1,1,0,1,4
12754,9408,919,5,1491,2012,4,1,1,3.0,149520.0,6,0,0,1,0,7,0
12757,48998,765,23,1270,2015,4,1,1,2.0,88829.0,4,0,1,1,0,14,4
12758,32929,1172,36,590,2011,9,1,5,3.5,108000.0,6,2,0,1,0,1,12
12760,10036,0,58,1457,2007,9,0,5,1.0,438886.75,3,0,1,1,1,12,4
12762,15053,749,58,423,2014,9,0,5,2.4,0.0,4,0,1,1,0,1,0
12763,46251,1249,23,812,2017,10,1,1,2.5,83138.0,4,0,1,1,0,7,4
12764,6586,0,39,1079,1999,4,0,0,2.0,152000.0,4,0,0,0,0,14,4
12765,784,1083,13,285,2013,9,1,5,3.6,227549.0,6,0,1,1,0,12,12
12766,549,781,58,423,2012,9,1,5,2.5,214173.0,4,0,1,1,0,14,12
12767,100,0,36,958,2004,4,1,5,3.2,15000.0,6,0,0,1,0,14,6
12769,13172,521,8,532,2011,9,1,5,1.4,135000.0,4,0,1,2,0,11,12
12770,15681,761,58,1124,2010,3,0,2,1.8,396800.0,4,0,1,1,0,1,4
12771,11604,0,36,330,2001,9,1,1,2.7,340000.0,5,2,2,1,0,1,8
12772,6743,961,8,523,2009,9,1,1,2.0,64274.0,4,0,1,1,0,1,4
12773,7213,1163,58,1457,2010,3,0,5,1.0,133000.0,4,0,1,1,1,1,8
12774,3763,0,5,64,1994,1,0,5,1.6,262000.0,4,1,2,1,0,11,2
12775,31361,1172,36,591,2011,9,1,5,3.5,102000.0,6,2,0,1,0,12,12
12776,17249,642,23,1298,2012,9,1,5,2.0,120480.0,4,2,1,1,0,14,12
12777,24462,779,58,423,2013,9,1,5,2.5,99200.0,4,0,1,1,0,1,10
12780,30282,770,23,1401,2016,4,1,1,1.7,156000.0,4,0,1,1,0,12,4
12781,1411,751,28,1049,2013,9,1,5,2.4,237877.0,4,0,1,1,0,2,12
12782,4704,0,61,1090,2001,9,1,4,1.8,0.0,4,1,1,1,0,7,0
12785,11290,531,41,1435,2012,9,0,5,1.6,12000.0,4,0,1,1,0,1,8
12786,6899,0,42,1416,2000,10,0,5,1.6,13000.0,4,1,1,1,0,5,0
12787,30,0,41,1037,2005,3,0,5,1.5,156000.0,4,0,1,1,1,6,4
12788,10349,878,8,523,2009,9,0,5,1.8,53000.0,4,2,1,1,0,7,12
12789,39750,831,54,237,2017,4,1,1,1.6,48064.0,4,0,1,1,0,11,4
12790,28927,707,23,1270,2011,4,1,1,2.0,121581.0,4,0,1,1,0,7,4
12792,5018,631,5,66,1999,3,0,5,1.8,438886.75,4,1,2,0,0,1,6
12793,10036,0,16,648,2008,4,1,2,2.3,313600.0,4,0,0,1,0,2,6
12794,23834,1141,16,1381,2009,6,0,1,2.4,0.0,4,1,2,1,0,15,2
12796,52066,1091,8,854,2016,9,1,5,2.5,62735.0,4,0,1,1,0,1,4
12797,12858,585,23,618,2013,3,0,5,1.8,106000.0,4,0,1,1,0,1,8
12798,3293,1017,23,618,2017,9,1,5,2.0,137997.0,4,0,1,1,0,2,12
12800,21326,0,43,133,2014,9,1,5,1.6,74000.0,4,0,1,1,0,14,4
12801,5959,0,55,706,2003,2,0,0,2.0,200000.0,4,2,0,1,1,12,0
12803,16621,0,58,1124,2010,3,0,2,1.8,154000.0,4,3,1,1,0,14,6
12805,38260,1202,23,1270,2017,4,0,5,2.4,49000.0,4,2,1,1,0,12,12
12807,30082,765,8,1060,2015,4,1,1,2.0,55838.0,4,0,1,1,0,3,4
12808,23521,642,61,1368,2012,4,1,5,2.0,150400.0,4,0,1,1,0,14,12
12809,3136,1053,41,992,2014,9,1,5,3.5,150752.0,6,0,1,1,0,14,12
12811,16151,862,23,812,2011,7,1,1,2.5,66597.0,4,0,1,1,0,12,4
12812,8781,397,58,1124,2016,3,1,2,1.8,101357.0,4,0,1,1,0,14,12
12813,9408,0,5,134,2001,9,1,1,2.0,0.0,4,1,2,1,0,12,10
12814,4861,639,55,1525,2014,4,1,5,2.0,236198.0,4,0,0,1,0,14,0
12815,47042,631,3,1160,2016,4,1,5,2.0,438886.75,4,0,0,1,0,1,0
12816,26500,924,21,835,2017,4,0,5,1.8,19211.0,4,0,0,1,0,1,8
12817,7850,961,8,444,2009,4,1,1,2.0,72538.0,4,0,1,1,0,1,4
12818,13172,0,21,858,2013,3,0,2,1.3,138000.0,4,3,1,1,1,12,6
12819,13172,0,16,722,2010,9,0,5,2.5,0.0,4,0,1,1,0,11,6
12820,470,751,23,1298,2013,9,1,5,2.4,169386.0,4,0,1,1,0,12,12
12821,549,640,16,722,2013,9,1,2,2.0,216658.0,4,0,1,1,0,11,0
12823,12858,631,23,618,2012,9,0,5,1.8,438886.75,4,0,1,1,0,1,6
12824,30,0,41,1037,2005,3,1,5,1.5,138000.0,4,0,1,1,1,7,4
12825,18817,631,36,586,2007,9,1,5,3.5,438886.75,6,2,0,1,0,1,8
12826,18817,0,36,1448,2007,7,0,1,2.2,22004.0,4,1,2,0,0,14,2
12827,14897,584,51,1546,2014,3,0,5,1.8,77000.0,4,0,1,1,0,7,12
12829,29774,639,23,1401,2014,4,1,1,2.0,162973.0,4,0,1,1,0,12,4
12831,34497,631,32,1201,2012,4,1,5,3.5,438886.75,6,2,1,1,0,1,10
12832,20385,779,58,423,2013,9,1,5,2.5,95000.0,4,2,1,1,0,1,12
12833,12544,650,8,523,2016,9,0,5,1.4,119709.0,4,0,1,1,0,7,0
12834,6743,1099,23,810,2010,9,1,4,2.7,66000.0,4,0,1,1,0,1,4
12835,6272,0,42,262,2000,2,0,1,2.0,0.0,4,1,1,1,0,12,2
12836,157,531,41,889,2012,4,1,5,1.6,190454.0,4,0,0,1,0,1,0
12837,35752,0,24,744,2011,0,1,5,3.7,92800.0,6,2,2,0,0,7,8
12838,17249,0,5,1491,2001,4,1,0,3.7,232000.0,8,2,0,2,0,1,8
12839,627,1080,13,463,2014,1,1,5,3.6,147376.0,6,0,2,0,0,14,12
12840,2666,631,16,722,2015,9,1,2,2.0,438886.75,4,0,1,1,0,1,0
12841,18033,583,16,613,2018,4,0,5,1.0,8813.0,3,0,0,1,0,11,8
12843,20071,831,23,618,2017,9,1,1,1.6,40177.0,4,0,1,1,0,14,4
12844,14426,0,5,147,2005,9,1,5,3.0,15000.0,6,2,2,1,0,7,6
12846,12544,631,23,1298,2015,9,1,4,2.0,438886.75,4,0,1,1,0,1,4
12848,64290,631,45,453,2012,4,1,5,3.6,438886.75,6,2,0,1,0,1,12
12849,150,0,5,100,1947,5,0,5,2.0,165000.0,6,1,2,1,0,14,0
12851,28438,595,58,251,2015,3,1,5,1.5,28730.0,4,0,1,1,0,1,4
12853,16621,638,28,1049,2014,9,1,5,2.0,40067.0,4,0,1,1,0,12,4
12855,15053,765,61,870,2015,9,0,5,2.0,98775.0,4,0,1,1,0,14,12
12856,100,0,24,689,2004,4,1,5,3.5,150000.0,8,2,0,1,0,14,6
12857,8311,0,36,953,2001,4,1,1,2.7,308000.0,5,2,0,1,0,2,10
12859,6500,0,36,556,1997,9,0,5,2.0,250000.0,4,1,2,1,0,1,6
12860,282,1058,36,772,2012,4,1,5,3.5,55290.0,6,0,2,1,0,1,12
12861,9722,1267,58,251,2013,3,0,2,1.5,104000.0,4,0,1,1,1,13,4
12862,12231,631,15,116,2012,1,0,5,1.4,438886.75,4,1,1,0,0,1,6
12864,7997,0,61,1092,2003,9,1,5,1.8,139000.0,4,2,1,1,0,1,8
12865,25889,528,23,618,2014,9,1,5,1.6,79000.0,4,0,1,1,0,11,4
12866,16935,638,28,1049,2014,9,1,5,2.0,44768.0,4,0,1,1,0,12,4
12867,60213,0,36,332,2015,9,0,5,2.0,20000.0,4,2,2,1,0,1,12
12869,57990,765,54,1192,2015,4,1,1,2.0,38051.0,4,0,1,1,0,1,4
12871,7213,0,41,1037,2005,9,0,4,1.5,2000.0,4,0,1,1,1,2,2
12872,23521,640,16,722,2013,9,1,2,2.0,113523.0,4,0,1,1,0,1,12
12873,157,585,58,1124,2013,3,1,2,1.8,169301.0,4,0,1,1,0,14,12
12874,50,0,39,1079,2002,4,0,5,2.0,215000.0,4,0,0,1,0,14,4
12875,24386,707,23,1401,2011,4,1,1,2.0,134797.0,4,0,1,1,0,12,4
12876,14113,0,16,1381,2006,6,0,1,2.2,123556.0,6,1,1,1,0,0,0
12877,19130,631,58,1124,2012,3,1,2,1.8,438886.75,4,0,1,1,0,1,8
12878,18817,1832,36,1445,2005,7,1,1,2.2,275000.0,4,1,2,1,0,2,4
12879,220,505,16,722,2018,9,1,2,2.0,127746.0,4,0,1,1,0,1,12
12880,21316,503,58,251,2012,3,1,5,1.5,33395.0,4,0,1,1,0,12,4
12881,8781,442,58,1124,2017,3,1,2,1.8,19109.0,4,0,1,1,0,12,12
12882,22000,0,58,492,2013,9,0,5,1.3,38265.0,4,1,1,1,0,12,8
12883,10036,0,58,1179,2001,4,1,5,2.0,202000.0,4,0,0,1,0,12,0
12885,8781,631,36,331,1997,9,1,5,2.8,438886.75,6,0,2,1,0,1,16
12888,7527,631,61,1119,2000,3,0,5,1.6,438886.75,4,1,1,1,1,1,4
12889,14113,528,23,618,2014,9,1,1,1.6,32844.0,4,0,1,1,0,14,4
12890,16621,1017,36,580,2017,9,1,5,2.0,70880.0,4,0,2,1,0,12,12
12891,15053,0,16,1381,1998,6,0,1,2.5,300000.0,4,1,2,1,0,14,6
12892,31047,0,55,1526,2013,4,1,2,2.0,63200.0,4,3,0,1,0,14,8
12893,157,585,23,618,2013,9,1,5,1.8,158438.0,4,0,1,1,0,11,11
12894,1000,0,16,655,1997,9,1,5,1.6,11000.0,4,1,1,1,0,6,8
12896,23433,891,23,1298,2016,9,1,4,2.0,88900.0,4,0,1,1,0,14,4
12897,6899,891,36,332,2016,9,1,5,2.0,26096.0,4,0,2,1,0,14,12
12898,15681,642,16,345,2012,3,0,2,2.0,74500.0,4,0,1,1,0,14,6
12899,18189,862,58,423,2011,9,0,5,2.5,147037.0,4,0,1,1,0,12,6
12900,20385,0,23,1303,2012,9,1,3,2.4,116800.0,6,2,1,1,0,7,8
12901,16621,749,28,1049,2014,9,1,5,2.4,93000.0,4,2,1,1,0,1,10
12902,43278,0,16,1024,2016,1,0,5,2.3,111000.0,4,1,2,0,0,11,6
12903,11447,843,58,1124,2008,9,0,2,1.5,170000.0,4,0,1,1,0,1,8
12904,4077,0,61,794,1997,3,0,0,1.8,438886.75,4,1,1,1,0,4,0
12905,70562,0,5,1513,2009,4,1,5,3.7,173000.0,8,2,0,1,0,14,12
12906,40,0,21,669,2004,3,0,5,1.3,160000.0,4,3,1,1,1,14,2
12907,15994,0,58,1124,2010,3,0,2,1.8,182000.0,4,3,1,1,0,12,0
12909,53314,1077,58,364,2019,4,1,5,2.0,17600.0,4,3,1,1,0,7,10
12910,13589,528,23,232,2014,9,1,1,1.6,150743.0,4,0,1,1,0,12,4
12911,4500,0,35,84,1995,3,1,5,1.5,147000.0,4,1,1,1,0,12,2
12912,392,631,16,722,2013,9,1,2,2.0,438886.75,4,0,1,1,0,1,0
12913,41340,1514,32,906,2011,9,1,5,3.7,188121.0,4,0,1,1,0,1,4
12914,47669,631,36,759,2017,4,1,5,2.0,438886.75,4,0,0,1,0,1,0
12915,10036,0,41,1370,2005,3,1,5,1.5,0.0,4,0,1,1,0,12,4
12916,784,779,58,423,2013,9,1,5,2.5,78670.0,4,0,1,1,0,12,12
12917,6,87,36,586,2016,9,1,5,0.4999999999999998,33600.0,6,0,2,1,0,14,12
12918,18189,777,58,423,2014,9,0,5,2.5,104000.0,4,2,1,1,0,14,4
12920,11917,640,16,646,2013,4,1,5,2.0,151000.0,4,0,0,1,0,12,12
12921,13172,893,42,1536,2008,10,0,0,1.6,175453.0,4,1,1,1,0,12,8
12922,29122,934,23,812,2015,10,1,1,2.5,238518.0,4,0,1,1,0,7,4
12923,29583,631,23,1401,2016,4,1,1,1.7,438886.75,4,0,1,1,0,1,4
12924,6272,0,32,1200,2000,4,1,0,3.0,145000.0,6,0,0,1,0,12,4
12925,9408,631,28,1049,2013,9,1,5,2.0,438886.75,4,0,1,1,0,1,4
12926,125,631,36,586,2011,9,1,1,3.5,438886.75,6,0,0,1,0,1,12
12927,9095,0,61,870,2004,9,1,1,1.9,127000.0,4,1,1,1,0,7,6
12928,29793,0,36,1326,2012,6,1,1,3.2,195000.0,5,2,2,1,0,14,8
12930,18900,631,58,1124,2011,3,1,2,1.8,438886.75,4,0,1,1,0,1,8
12931,8467,0,42,1536,2001,7,0,1,2.0,220000.0,4,1,1,1,0,14,8
12932,470,891,36,332,2016,9,1,5,2.0,41611.0,4,0,2,1,0,1,12
12934,2666,115,41,926,2013,4,1,5,0.4999999999999998,99549.0,1,0,1,1,0,14,0
12935,21326,0,16,646,2009,4,1,2,2.5,169000.0,4,0,0,1,0,2,6
12938,17249,0,55,855,2009,9,0,5,2.5,172800.0,4,1,0,1,0,1,4
12939,23834,0,58,1124,2012,3,1,2,1.8,64500.0,4,0,1,1,0,2,12
12940,15681,584,23,626,2014,9,0,5,1.8,94400.0,4,2,1,1,0,1,10
12941,48610,0,16,1026,2017,1,0,5,2.3,59805.0,4,2,2,0,0,1,12
12942,46223,1017,23,1298,2017,9,1,5,2.0,78476.0,4,0,1,1,0,1,4
12943,13172,1266,21,669,2014,3,0,2,1.5,100000.0,4,2,1,1,1,14,7
12946,20071,1292,36,763,2016,4,1,5,3.0,62938.0,6,0,0,1,0,1,0
12948,470,562,8,523,2015,9,1,5,1.4,68235.0,4,0,1,1,0,4,12
12949,24148,777,23,812,2014,7,1,1,2.5,51155.0,4,0,1,1,0,1,4
12951,17249,781,58,423,2012,9,1,5,2.5,80000.0,4,0,1,1,0,12,12
12952,4234,0,42,502,2000,3,0,5,1.2,0.0,4,1,1,0,0,1,2
12953,12544,1051,28,1049,2016,9,0,5,2.4,38000.0,4,2,1,1,0,1,12
12954,13172,753,23,1298,2012,9,0,2,2.4,112000.0,4,0,1,1,0,4,10
12956,1019,862,61,870,2011,9,1,5,2.5,143603.0,5,0,1,1,0,1,12
12957,44134,880,54,237,2018,4,1,1,1.6,38972.0,4,0,1,1,0,1,4
12958,12639,836,54,237,2010,9,1,1,2.0,212072.0,4,0,1,1,0,12,4
12960,13793,836,23,788,2010,1,1,5,2.0,170000.0,4,0,1,1,0,1,4
12961,314,934,41,1228,2015,4,1,5,2.5,76885.0,4,0,0,1,0,1,12
12962,21639,1172,58,1286,2011,7,1,5,3.5,130000.0,6,2,0,1,0,12,12
12964,7527,1714,36,763,2017,4,1,5,3.5,55403.0,6,0,2,1,0,1,0
12965,39578,1091,23,812,2016,7,1,1,2.5,29086.0,4,0,1,1,0,7,4
12966,16599,642,8,523,2012,9,1,1,2.0,101275.0,4,0,1,1,0,14,4
12967,22266,1058,36,961,2012,4,1,1,3.5,193267.0,6,0,0,1,0,7,12
12968,23204,501,21,669,2014,3,1,5,1.5,63300.0,4,0,1,1,0,12,4
12971,10036,1267,58,251,2013,3,0,2,1.5,156000.0,4,0,1,1,1,12,2
12972,28225,934,58,1179,2015,4,1,5,2.5,38280.0,4,0,0,1,0,11,0
12974,784,631,3,1164,2015,4,1,5,3.0,438886.75,6,0,0,1,0,1,0
12975,627,586,23,618,2012,9,1,5,1.8,240560.0,4,0,1,1,0,1,12
12976,93079,631,23,1270,2020,4,1,1,2.2,438886.75,4,0,1,1,0,1,4
12977,17562,530,41,889,2013,4,0,5,1.6,106000.0,4,0,1,1,0,2,10
12978,23521,0,41,889,2012,4,0,5,1.6,39200.0,4,0,1,1,0,11,6
12979,28852,0,16,722,2017,9,1,2,2.0,27000.0,4,0,1,1,0,2,10
12980,7213,0,58,1457,2005,3,0,5,1.0,0.0,3,0,1,1,1,12,4
12982,58018,0,36,371,2018,9,1,5,2.0,44000.0,4,0,1,1,0,1,10
12983,49864,917,32,606,2013,9,1,2,3.0,100000.0,10,0,1,1,0,1,12
12985,16308,0,58,1124,2008,9,1,5,1.5,259200.0,4,0,1,1,0,6,8
12986,27065,836,23,1401,2010,4,1,1,2.0,140200.0,4,0,1,1,0,14,4
12987,37633,0,58,423,2016,9,1,5,2.5,20800.0,4,2,1,1,0,7,8
12988,94,631,55,706,2013,4,1,5,2.5,438886.75,4,0,0,1,0,1,0
12989,4234,0,36,566,1995,9,1,0,2.3,0.0,4,1,2,1,0,2,2
12990,11604,1185,41,249,2009,9,0,2,2.5,254400.0,4,0,1,1,0,1,6
12991,20385,0,58,1124,2012,9,0,2,1.8,130000.0,4,3,1,1,0,7,8
12992,12544,862,61,870,2011,9,1,5,2.5,140000.0,4,0,1,1,0,1,10
12993,23060,765,23,1401,2015,4,1,1,2.0,32329.0,4,0,1,1,0,14,4
12994,11604,1017,23,1298,2017,9,1,4,2.0,410807.0,4,0,1,1,0,8,4
12995,13150,707,8,523,2011,9,1,1,2.0,211514.0,4,0,1,1,0,1,4
12996,38894,765,23,1270,2015,4,1,1,2.0,139235.0,4,0,1,1,0,14,4
12997,7809,891,23,1298,2016,9,1,4,2.0,423487.0,4,0,1,1,0,8,4
12998,16308,751,23,1298,2013,9,1,5,2.4,124800.0,4,2,1,1,0,7,6
12999,1646,585,23,618,2013,9,1,5,1.8,114510.0,4,0,1,1,0,1,12
13001,20385,0,5,92,2009,9,1,5,3.0,192000.0,6,2,2,1,0,12,8
13002,7840,631,36,568,1999,9,1,5,2.4,438886.75,5,0,1,1,0,1,4
13003,17249,0,58,1124,2011,9,1,2,1.8,115023.0,4,0,1,1,0,7,8
13005,9095,631,41,1435,2010,9,0,5,1.8,438886.75,4,0,1,1,0,1,12
13006,9832,363,8,1322,2014,3,1,5,1.0,98861.0,4,0,1,1,0,2,4
13007,10976,530,23,232,2013,3,0,5,1.6,129000.0,4,2,1,1,0,2,8
13008,20266,642,54,902,2012,4,1,1,2.0,154231.0,4,0,1,1,0,14,4
13009,21012,530,16,722,2013,9,1,5,1.6,172800.0,4,2,1,1,0,1,10
13010,11917,586,41,1435,2012,9,0,5,1.8,76500.0,4,0,1,1,0,14,4
13011,4783,418,41,982,2014,3,1,5,1.2,138703.0,4,0,1,1,0,12,4
13013,38737,694,26,1520,2014,9,1,1,2.2,153541.0,4,0,1,1,0,2,4
13014,36636,770,23,1401,2016,4,1,1,1.7,101395.0,4,0,1,1,0,7,4
13015,19243,503,58,251,2012,3,1,5,1.5,81595.0,4,0,1,1,0,12,4
13016,80958,1174,23,1270,2020,4,1,1,2.2,29900.0,4,0,1,1,0,7,4
13017,10036,0,61,1090,2007,9,1,5,2.0,222500.0,4,2,1,1,0,6,8
13018,7213,0,36,337,2001,10,1,5,3.2,210000.0,6,2,2,1,0,12,8
13019,5328,631,8,523,2010,9,1,5,1.8,438886.75,4,0,1,1,0,1,4
13020,15367,645,58,1124,2011,3,0,2,1.8,171000.0,4,3,1,1,0,7,4
13021,17710,1185,23,812,2009,7,1,1,2.5,194280.0,4,0,1,1,0,12,4
13022,24462,0,23,1298,2016,9,0,5,2.4,60800.0,4,2,1,1,0,14,8
13023,4200,0,38,1048,2001,3,0,5,1.6,11111.0,2,0,2,0,1,6,6
13024,11604,639,23,1298,2014,9,1,4,2.0,438886.75,4,0,1,1,0,12,4
13025,44219,831,54,237,2017,4,1,1,1.6,60720.0,4,0,1,1,0,14,4
13026,37984,1091,23,812,2016,10,1,1,2.5,111817.0,4,0,1,1,0,12,4
13027,45160,631,28,1318,2016,4,1,1,2.0,438886.75,4,0,1,1,0,1,4
13028,12529,524,28,461,2014,9,1,1,1.6,162878.0,4,0,1,1,0,14,4
13029,23207,629,41,889,2015,4,0,5,1.6,33215.0,4,0,0,1,0,4,8
13030,25823,595,58,251,2015,3,1,5,1.5,33000.0,4,0,1,1,0,11,4
13031,15053,836,23,1270,2010,4,1,1,2.0,40645.0,4,0,1,1,0,14,4
13033,19444,0,36,1445,2007,2,0,1,2.2,385000.0,4,1,2,1,0,14,4
13034,2500,0,42,1043,1999,9,0,0,2.0,25000.0,4,0,2,1,0,11,2
13035,22737,397,58,1124,2016,3,0,2,1.8,72939.0,4,0,1,1,0,2,8
13036,11604,0,3,1359,2000,1,1,5,1.8,175650.0,4,1,0,0,0,12,6
13037,48296,1817,32,1201,2020,4,1,5,3.5,1040.0,6,0,0,1,0,1,12
13038,39891,639,23,1401,2014,4,1,1,2.0,97081.0,4,0,1,1,0,14,4
13039,10192,707,23,1298,2011,9,1,5,2.0,64367.0,4,0,1,1,0,12,4
13040,1411,986,58,423,2010,9,1,2,2.4,324613.0,4,0,1,1,0,14,12
13041,20071,0,23,1270,2007,4,1,1,2.2,69500.0,4,2,1,1,0,1,6
13042,9408,891,36,371,2016,9,1,5,2.0,56795.0,4,0,1,1,0,11,12
13044,1803,1053,36,586,2014,9,1,5,3.5,74971.0,6,0,0,1,0,14,12
13045,33500,1172,36,961,2011,4,1,5,3.5,196800.0,6,2,0,1,0,7,12
13046,20698,0,23,1298,2015,9,0,5,2.0,106112.0,4,2,1,1,0,12,12
13047,11290,0,21,669,2010,9,0,5,1.3,155000.0,4,0,1,1,1,1,4
13048,16308,0,16,693,2015,9,0,5,1.6,103000.0,4,0,1,1,0,12,8
13049,30,0,42,262,1998,3,0,5,1.8,200000.0,4,1,0,1,0,1,12
13050,4077,777,41,249,2014,9,1,5,2.5,176632.0,4,0,1,1,0,7,12
13051,12388,919,5,1491,2012,4,1,1,3.0,420794.0,6,0,0,1,0,1,0
13052,15210,0,58,251,2012,3,0,2,1.5,143000.0,8,0,1,1,1,11,6
13053,2500,0,61,794,1998,9,0,5,1.6,0.0,4,1,1,1,0,1,2
13054,25299,642,8,444,2012,4,1,1,2.0,138292.0,4,0,1,1,0,12,4
13057,7840,0,21,1347,2000,7,0,5,2.0,186000.0,4,2,1,1,1,14,0
13060,30734,0,31,923,2008,4,1,1,3.6,180000.0,6,2,0,1,0,1,10
13061,9252,765,23,1298,2015,9,1,4,2.0,429379.0,4,0,1,1,0,8,4
13062,9879,631,58,423,2018,9,1,5,2.5,438886.75,4,0,1,1,0,1,12
13063,44134,640,54,1192,2013,4,1,1,2.0,47897.0,4,0,1,1,0,1,4
13064,29793,0,58,282,2013,9,1,2,2.5,200000.0,6,2,1,1,0,2,0
13066,37633,0,36,1246,2008,9,1,5,3.7,250001.0,8,2,0,1,0,1,16
13067,26064,833,8,444,2015,4,1,1,2.2,50555.0,4,0,1,1,0,12,4
13068,11290,843,58,1124,2008,3,0,2,1.5,137000.0,4,0,1,1,0,2,8
13069,282,1408,8,819,2007,4,1,5,2.2,207442.0,4,0,1,1,0,11,12
13070,13877,836,23,1298,2010,9,1,5,2.0,148769.0,4,0,1,1,0,12,4
13071,12544,0,5,1491,2003,4,1,5,3.0,206000.0,6,2,0,1,0,12,12
13072,5175,631,36,332,2010,9,1,5,3.0,438886.75,6,0,0,1,0,1,12
13073,13485,503,58,1132,2012,3,0,2,1.5,93000.0,4,0,1,2,0,12,8
13074,392,810,8,523,2016,9,1,5,1.8,107846.0,4,0,1,1,0,1,12
13076,19,0,5,1491,2005,4,1,1,3.0,330000.0,6,2,0,1,0,7,12
13077,1725,765,5,144,2015,9,1,5,2.0,86616.0,4,0,0,1,0,7,12
13078,18189,1024,16,646,2010,4,0,2,2.5,127000.0,4,0,0,1,0,14,6
13079,26030,1017,36,759,2017,4,1,5,2.0,44995.0,4,0,0,1,0,1,0
13080,2509,631,32,1208,2010,4,1,2,3.5,438886.75,6,0,0,1,0,1,12
13081,15500,2265,58,251,2019,3,0,2,1.5,5000.0,4,0,1,1,1,14,6
13082,27591,639,23,1401,2014,4,1,1,2.0,101816.0,4,0,1,1,0,14,4
13083,30006,642,23,1270,2012,4,1,1,2.0,134052.0,4,0,1,1,0,1,4
13085,20698,1051,28,1049,2016,9,0,5,2.4,48000.0,4,2,1,1,0,7,12
13086,1333,934,8,978,2015,9,1,5,2.5,96242.0,4,0,1,1,0,14,12
13087,1176,586,23,618,2012,9,1,5,1.8,264398.0,4,0,1,1,0,2,12
13089,19676,891,8,978,2016,9,1,5,2.0,138865.0,4,0,1,1,0,1,4
13090,7500,1031,41,1037,2013,3,0,5,1.2,0.0,3,3,1,1,1,7,2
13091,30420,707,5,144,2011,9,1,5,2.0,192000.0,6,0,0,1,0,14,8
13092,41281,1017,23,1401,2017,4,1,1,2.0,137967.0,4,0,1,1,0,14,4
13093,74639,0,39,904,2019,8,0,1,2.5,0.0,4,1,0,1,0,7,4
13094,3500,0,42,262,1998,9,0,5,1.6,438886.75,1,1,1,1,0,2,1
13095,17942,687,23,618,2010,9,1,5,1.6,50008.0,4,0,1,1,0,12,4
13097,9408,1268,58,251,2012,3,0,2,1.5,88000.0,4,0,1,1,1,12,8
13098,50178,0,36,1234,2005,9,1,5,3.5,79000.0,6,2,2,1,0,14,12
13099,16935,0,16,646,2008,4,1,2,2.3,86400.0,4,0,1,1,0,13,10
13101,27463,1211,26,1520,2010,9,1,1,3.0,127632.0,4,0,1,1,0,14,4
13102,8000,0,21,1042,2003,10,0,5,2.4,1111.0,4,0,1,1,1,1,10
13104,18189,0,23,1298,2011,9,1,5,2.4,0.0,1,2,2,1,0,12,12
13105,800,0,60,36,1990,9,0,5,1.5,0.0,4,1,1,1,0,2,0
13106,35,631,58,1124,2007,3,0,0,1.5,438886.75,4,0,1,1,0,1,4
13107,862,779,58,1179,2013,4,1,5,2.5,200755.0,4,0,0,1,0,1,12
13108,43905,0,5,1501,2009,10,1,5,3.7,170000.0,8,2,0,1,0,2,12
13109,21326,1211,5,88,2010,0,1,5,3.0,91000.0,6,2,2,0,0,2,6
13111,29479,0,36,1246,2006,9,1,5,3.7,128000.0,8,2,2,1,0,1,12
13112,14426,528,23,618,2014,9,1,1,1.6,78836.0,4,0,1,1,0,12,4
13113,8154,0,42,1418,2001,9,1,5,1.8,1000.0,4,1,1,1,0,12,4
13114,116036,0,58,825,2017,4,1,2,3.5,17202.0,4,2,0,1,0,14,12
13115,17876,0,61,870,2011,9,1,4,2.5,147200.0,5,2,1,1,0,14,8
13117,18189,0,23,1425,2012,9,1,5,1.6,110000.0,4,2,1,0,0,11,12
13119,43000,0,5,92,2014,9,0,5,2.0,92361.0,4,2,2,1,0,13,0
13120,14426,1018,5,88,2011,9,1,5,3.0,56990.0,4,0,2,1,0,7,12
13122,19757,707,39,1065,2011,4,1,5,2.0,86000.0,4,2,0,1,0,14,12
13123,2744,631,16,1024,2004,9,1,5,3.7,438886.75,6,0,2,1,0,1,12
13124,11704,687,8,909,2010,9,1,5,1.6,181976.0,4,0,1,1,0,2,4
13126,7683,631,21,669,2003,3,0,5,1.3,438886.75,4,0,1,1,1,1,4
13127,17249,0,36,971,2006,4,1,5,3.7,101000.0,8,2,0,1,0,5,12
13129,26971,1017,28,1049,2017,9,1,5,2.0,44800.0,4,2,1,1,0,1,10
13130,10036,631,58,1124,2007,3,0,2,1.5,438886.75,4,3,1,1,0,1,8
13131,15681,0,58,1132,2013,3,0,2,1.4,228800.0,4,0,1,1,0,11,0
13132,45633,631,54,1192,2014,4,1,1,2.0,438886.75,4,0,1,1,0,1,4
13133,20071,475,8,1461,2012,3,1,6,1.4,100000.0,4,0,1,1,0,12,10
13135,4077,631,61,794,2000,1,0,5,1.6,438886.75,4,1,1,0,0,1,2
13138,50,0,21,858,2009,3,0,2,1.3,141000.0,6,0,2,1,0,7,6
13139,150,0,36,1326,2009,6,1,1,2.7,30000.0,5,1,2,1,0,14,3
13140,7527,1236,21,669,2011,3,0,5,1.3,112254.0,4,0,1,1,1,11,4
13141,11917,0,36,319,2003,9,1,5,2.4,220000.0,4,2,2,1,0,6,0
13143,15500,0,53,1039,2013,9,0,5,1.8,200000.0,4,1,1,1,0,14,6
13144,50150,1325,58,423,2019,9,1,5,2.5,39200.0,4,2,1,2,0,14,12
13146,941,0,39,1321,2001,3,0,5,2.0,199999.0,4,1,1,1,0,7,0
13147,17249,0,58,258,2013,3,0,5,1.4,31563.0,4,0,1,1,1,7,6
13148,20297,583,23,618,2011,9,1,5,1.6,64897.0,4,0,1,1,0,12,4
13149,706,584,61,870,2014,9,1,5,1.8,152582.0,4,0,1,1,0,12,12
13150,13604,642,39,1070,2012,4,1,5,2.0,115000.0,4,2,0,1,0,1,12
13151,10036,642,16,697,2012,9,0,5,2.0,87000.0,4,0,1,1,0,7,0
13152,15681,585,23,618,2013,9,0,5,1.8,138000.0,4,0,1,1,0,7,12
13153,21012,697,61,1090,2015,9,1,5,1.8,70000.0,4,2,1,1,0,14,10
13154,18531,642,8,1060,2012,4,1,1,2.0,198034.0,4,0,1,1,0,12,4
13156,17876,0,23,812,2005,6,0,1,2.5,107000.0,6,0,2,1,0,12,0
13157,20698,934,41,1228,2015,4,1,5,2.5,136000.0,4,0,0,1,0,12,0
13158,7213,0,39,1077,1995,4,0,1,2.5,275124.0,4,0,0,0,1,6,0
13159,5331,0,36,200,2000,9,0,0,1.6,200000.0,4,0,1,1,0,12,2
13160,7056,0,39,475,2003,3,0,5,1.3,178000.0,4,0,1,1,1,13,5
13161,18817,308,58,1124,2014,3,0,2,1.8,107500.0,4,3,1,1,0,2,12
13162,11917,0,58,1124,2008,3,0,2,1.5,0.0,4,0,1,1,0,7,6
13164,36197,765,54,1192,2015,4,1,1,2.0,153862.0,4,0,1,1,0,1,4
13165,36692,0,32,781,2005,4,1,5,3.7,147000.0,8,2,0,1,0,1,8
13166,15681,0,21,469,2011,9,0,5,1.8,230000.0,4,0,1,1,0,1,6
13168,14834,530,23,618,2013,9,1,5,1.6,166447.0,4,0,1,1,0,14,4
13169,23834,0,5,88,2012,9,1,5,2.0,0.0,6,2,2,1,0,7,6
13170,11917,1347,16,646,2008,4,0,2,2.5,192000.0,4,3,0,1,0,2,8
13171,15132,687,23,618,2010,9,1,5,1.6,143415.0,4,0,1,1,0,12,4
13174,9418,765,23,1298,2015,9,1,4,2.0,39736.0,4,0,1,1,0,14,4
13175,47217,765,23,1270,2015,4,1,1,2.0,108177.0,4,0,1,1,0,1,4
13176,784,629,41,889,2015,4,1,5,1.6,111402.0,4,0,0,1,0,1,0
13177,16465,900,9,23,2015,9,0,5,2.4,99000.0,4,0,1,1,0,14,8
13178,28225,0,32,402,2013,3,1,2,1.8,112000.0,4,0,1,1,0,12,8
13179,38251,891,23,1298,2016,9,1,5,2.0,54000.0,4,0,1,1,0,14,4
13180,13172,642,28,1264,2012,9,1,5,2.0,77000.0,4,2,1,1,0,1,6
13181,19130,631,41,889,2013,4,0,5,1.6,438886.75,4,2,0,1,0,1,6
13183,15500,0,23,1298,2011,9,0,2,2.4,240000.0,4,0,1,1,0,12,6
13184,4234,353,58,1124,2015,3,1,2,1.8,123778.0,4,0,1,1,0,7,12
13185,36065,0,24,1163,2015,9,1,5,3.7,104800.0,6,2,0,1,0,1,8
13187,14113,0,61,359,2009,9,1,5,2.0,158400.0,4,2,1,1,0,12,12
13189,92070,1011,16,661,2016,4,1,5,2.3,66508.0,4,0,1,1,0,1,4
13191,16741,631,23,1298,2010,9,1,5,2.0,438886.75,4,0,1,1,0,1,4
13193,34497,919,3,226,2012,9,1,5,3.0,83200.0,6,2,0,1,0,7,8
13194,10976,0,21,469,2003,1,0,5,2.0,180000.0,4,2,1,0,1,1,4
13195,9408,0,36,305,1998,9,0,5,1.8,281000.0,4,1,2,1,0,1,4
13196,19030,446,21,669,2014,10,1,5,1.3,39373.0,4,0,1,1,0,12,4
13197,2038,1017,36,580,2017,9,1,5,2.0,66933.0,4,0,0,1,0,14,12
13199,22580,631,58,112,2015,4,1,5,3.7,438886.75,6,0,1,1,0,1,12
13200,11917,585,61,870,2013,9,1,5,1.8,134400.0,4,2,1,1,0,7,10
13201,36834,1091,23,812,2016,7,1,1,2.5,139398.0,4,0,1,1,0,1,4
13202,13485,631,16,697,2015,9,0,5,2.0,438886.75,4,0,1,2,0,1,12
13203,16480,1024,23,812,2010,10,1,1,2.5,328034.0,4,0,1,1,0,2,4
13204,15053,765,23,1298,2015,9,1,4,2.0,283593.0,4,0,1,1,0,12,4
13207,8781,0,56,1266,2006,3,0,4,1.5,182000.0,4,0,1,1,1,14,6
13208,11917,0,5,85,2003,9,1,5,2.5,244000.0,6,2,2,1,0,1,0
13209,3136,1525,42,262,1998,10,0,5,1.8,167000.0,4,1,1,1,0,11,0
13210,13642,0,21,858,2011,3,0,2,1.3,209000.0,4,0,1,1,0,7,6
13211,2666,431,16,722,2016,9,1,2,2.0,194974.0,4,0,1,1,0,1,0
13212,11400,843,58,1124,2008,9,0,2,1.5,248383.0,4,0,1,1,0,2,12
13213,32578,765,23,1401,2015,4,1,1,2.0,115553.0,4,0,1,1,0,7,4
13214,251,1018,3,219,2011,9,1,5,3.0,196069.0,6,0,0,1,0,14,12
13215,36379,0,36,961,2011,4,1,5,3.5,154000.0,6,2,2,1,0,1,12
13216,25089,528,16,693,2014,9,0,5,1.6,152000.0,4,1,1,1,0,1,6
13217,10976,631,8,523,2013,9,0,5,1.8,438886.75,4,0,1,1,0,1,6
13218,1176,862,58,423,2011,9,1,5,2.5,400154.0,4,0,1,1,0,7,12
13219,44247,765,23,1270,2015,4,1,1,2.0,115633.0,4,0,1,1,0,14,4
13220,47,753,23,1298,2012,9,1,5,2.4,90720.0,4,0,1,1,0,2,12
13221,9722,765,23,1298,2015,9,1,4,2.0,438886.75,4,0,1,1,0,8,4
13223,90,0,58,1412,2008,7,0,5,2.0,180000.0,4,0,0,1,0,14,2
13224,21410,642,8,978,2012,9,1,5,2.0,72960.0,4,0,1,1,0,1,4
13225,200,0,58,921,2017,4,1,5,2.7,95000.0,4,0,0,2,0,1,10
13226,55845,784,21,469,2017,1,1,5,1.5,32692.0,4,0,1,1,0,1,4
13228,627,900,13,285,2015,9,1,5,2.4,101362.0,4,0,1,1,0,1,12
13229,11604,0,58,1124,2007,9,0,2,1.5,180000.0,4,0,1,1,0,2,8
13231,16960,503,58,251,2012,3,1,5,1.5,90000.0,4,0,1,1,0,11,4
13232,18817,0,16,646,2009,4,0,2,2.5,198000.0,4,0,0,1,0,14,4
13233,38869,831,54,237,2017,4,1,5,1.6,45691.0,4,0,1,1,0,14,4
13235,45542,1017,23,1401,2017,4,1,1,2.0,95251.0,4,0,1,1,0,12,4
13236,68994,1325,58,423,2019,9,1,5,2.5,4000.0,4,0,1,1,0,1,10
13237,13328,609,58,1179,2018,9,1,2,2.5,73646.0,4,0,0,1,0,7,12
13238,13702,247,21,669,2014,3,1,2,1.3,102082.0,4,0,1,1,0,14,4
13239,9252,0,36,308,2000,2,0,0,2.0,21000.0,4,1,2,1,0,12,4
13240,49864,0,58,921,2010,4,1,5,2.7,90000.0,4,0,0,0,0,14,8
13241,11177,503,58,251,2012,3,1,5,1.5,147562.0,4,0,1,1,0,12,4
13242,2352,584,23,618,2014,9,1,5,1.8,157760.0,4,0,1,1,0,2,12
13243,16778,738,8,527,2017,9,0,5,1.4,43107.0,4,0,1,1,0,12,8
13244,13230,645,58,1124,2011,9,0,2,1.8,188800.0,4,0,1,1,0,12,10
13245,40456,1017,41,1170,2017,4,0,5,2.0,17000.0,4,2,1,1,0,14,12
13246,15367,631,58,1124,2012,3,0,2,1.8,438886.75,4,0,1,1,0,1,0
13247,40926,831,54,237,2017,4,1,5,1.6,45710.0,4,0,1,1,0,14,4
13248,22843,1399,16,1362,2010,9,1,5,3.5,56503.0,4,0,1,1,0,12,4
13249,23521,631,23,618,2017,9,0,5,2.0,438886.75,4,2,1,1,0,1,12
13250,220,1205,23,1270,2015,4,1,5,3.3,60232.0,6,0,1,1,0,14,12
13252,40769,0,58,832,2006,4,0,4,3.7,220000.0,6,0,0,1,0,14,6
13253,11259,640,23,1298,2013,9,1,5,2.0,66690.0,4,0,1,1,0,14,4
13256,549,1202,23,1270,2017,9,1,5,2.4,45054.0,4,0,0,1,0,1,12
13257,19416,583,23,618,2011,9,1,5,1.6,132749.0,4,0,1,1,0,12,4
13259,5488,631,21,669,2001,3,1,5,1.9,438886.75,4,0,1,1,1,1,4
13260,18000,1659,41,1477,2014,4,1,5,2.0,240000.0,4,2,0,1,1,7,6
13261,5331,0,41,982,2002,9,0,5,1.2,0.0,4,0,1,1,1,15,2
13263,44517,1249,23,812,2017,10,1,1,2.5,97440.0,4,0,1,1,0,7,4
13264,43278,0,36,1235,2011,9,1,1,3.2,240000.0,6,2,2,1,0,1,12
13265,144261,0,5,943,2017,1,1,5,3.0,17000.0,6,2,2,0,0,8,12
13266,41886,891,23,1270,2016,4,1,1,2.0,166588.0,4,0,1,1,0,7,4
13267,16308,0,58,1132,2014,9,1,2,1.5,75000.0,4,0,1,1,0,12,8
13268,14113,676,61,413,2011,2,0,1,1.9,171000.0,4,1,1,1,0,14,2
13269,1254,831,23,232,2017,9,1,5,1.6,88771.0,4,0,1,1,0,2,12
13271,20385,586,58,1124,2012,3,1,5,1.8,119230.0,4,0,1,1,0,12,8
13272,21953,475,8,1461,2012,9,1,6,1.4,110213.0,4,3,1,1,0,1,12
13273,16010,473,8,523,2014,9,1,5,1.4,121122.0,4,0,1,1,0,14,4
13275,25591,642,23,1401,2012,4,1,1,2.0,212079.0,4,0,1,1,0,1,4
13277,100,0,23,618,2014,9,1,5,1.8,34343.0,4,2,1,1,0,4,10
13278,32929,0,31,1214,2007,4,1,1,3.6,200000.0,8,2,0,1,0,1,12
13282,4704,631,21,469,1992,9,0,5,1.5,438886.75,4,1,1,1,0,1,0
13283,7213,0,21,512,1999,4,0,5,2.0,189000.0,4,0,0,1,1,11,4
13284,18817,0,16,1381,1997,6,0,1,2.0,204000.0,4,1,2,0,0,14,2
13285,30,0,58,1124,2008,9,0,2,1.5,211200.0,4,0,1,1,0,14,8
13286,30,0,58,1124,2009,9,1,2,1.5,200000.0,4,0,1,1,0,14,6
13287,27654,629,23,618,2015,9,1,5,1.6,118997.0,4,0,1,1,0,14,4
13288,11290,738,8,523,2017,9,1,5,1.4,148800.0,4,2,1,1,0,11,12
13289,60,0,58,848,2008,7,0,5,2.0,200000.0,4,0,1,1,1,14,8
13292,18817,779,16,722,2013,9,1,5,2.5,49016.0,4,0,1,1,0,1,0
13293,3763,0,58,833,1995,4,0,5,3.0,170000.0,6,0,0,1,1,11,2
13295,25299,631,23,618,2016,9,1,5,1.6,438886.75,4,0,1,1,0,1,4
13296,40,0,21,669,2007,3,0,5,1.3,170000.0,4,0,1,2,1,14,0
13298,13172,650,8,523,2016,9,0,5,1.4,143000.0,4,0,1,1,0,2,12
13301,7213,0,41,982,2005,3,0,5,1.4,139000.0,4,0,1,1,1,15,4
13302,7840,631,42,1536,2001,7,0,5,2.2,438886.75,4,1,1,1,1,1,2
13303,21953,631,5,147,2004,9,1,5,3.0,438886.75,6,2,2,1,0,1,10
13305,15053,0,36,43,2006,9,1,5,2.5,270000.0,6,2,2,1,0,1,8
13306,15681,891,23,1298,2016,9,1,4,2.0,239314.0,4,0,1,1,0,12,4
13309,13799,394,58,423,2014,9,0,2,2.5,172480.0,4,0,1,1,0,14,0
13310,15367,0,42,269,2008,3,1,1,1.9,209000.0,4,1,1,0,0,13,8
13312,33798,784,21,669,2017,3,1,5,1.5,75000.0,4,0,1,1,0,1,4
13313,188,631,8,1461,2017,3,1,2,1.5,438886.75,4,0,1,1,0,1,0
13314,5968,790,11,909,2009,9,1,5,1.6,53613.0,4,0,1,1,0,12,4
13315,392,639,36,371,2014,9,1,5,2.0,151334.0,4,0,1,1,0,11,12
13316,9408,530,23,232,2013,9,0,5,1.6,111000.0,4,0,1,1,0,14,4
13317,7840,742,21,469,2008,9,0,2,1.3,195200.0,4,0,1,1,0,12,8
13318,7213,961,8,523,2009,9,1,1,2.0,71112.0,4,0,1,1,0,1,4
13321,15053,0,21,858,2011,3,0,2,1.3,80000.0,4,0,1,1,0,12,5
13322,7213,919,5,1491,2012,4,1,1,3.0,274098.0,6,0,0,1,0,14,0
13323,3763,0,35,83,1997,9,0,5,1.5,111111.0,4,1,1,1,0,2,4
13324,63663,1575,36,763,2018,4,1,5,3.0,21499.0,6,0,0,1,0,14,12
13325,54000,0,2,1442,2007,1,1,5,3.7,72000.0,8,2,2,0,0,1,8
13327,470,631,58,1124,2012,3,1,2,1.8,438886.75,4,0,1,1,0,1,12
13328,193184,0,36,766,2018,4,1,5,3.0,20000.0,6,0,0,1,0,12,12
13329,11604,843,58,1124,2008,3,0,2,1.5,100000.0,4,3,1,1,0,1,10
13330,89379,0,36,957,2015,4,1,5,3.0,66000.0,12,2,0,1,0,1,10
13331,10500,0,16,693,2010,9,0,5,1.6,11111.0,2,0,1,1,0,14,6
13332,45473,1017,58,364,2017,4,0,5,2.0,30000.0,4,0,1,1,0,1,12
13333,5645,749,21,103,2014,4,1,5,2.4,117536.0,4,0,1,1,0,14,12
13334,80651,1076,23,1270,2020,4,1,1,2.0,26000.0,4,0,1,1,0,7,4
13335,7213,0,21,512,1997,4,0,5,2.0,200000.0,4,0,0,1,1,12,1
13336,49550,1055,32,1201,2013,4,1,5,3.5,64248.0,6,2,0,1,0,7,10
13337,10036,0,56,1266,2006,3,0,5,1.5,142000.0,4,0,1,1,1,8,4
13339,6272,0,21,669,2001,3,0,5,1.3,169300.0,4,3,1,1,1,13,2
13340,5018,0,21,469,1997,1,0,5,1.4,200000.0,4,1,1,0,0,11,2
13342,16308,0,21,669,2013,3,0,5,1.5,110325.0,4,0,1,1,1,7,12
13343,11133,631,58,423,2014,9,1,2,2.5,438886.75,4,0,1,1,0,1,12
13344,16465,631,28,1049,2014,9,1,5,2.0,438886.75,4,0,1,1,0,1,4
13345,7840,0,56,886,2003,4,0,5,1.3,128000.0,4,1,0,0,0,5,2
13346,14768,502,21,669,2013,10,1,2,1.5,80699.0,4,0,1,1,0,12,4
13347,20237,631,23,1401,2011,4,1,1,2.0,438886.75,4,0,1,1,0,1,4
13348,13589,1185,23,812,2009,10,1,1,2.5,242021.0,4,0,1,1,0,11,4
13349,14953,364,8,1060,2012,4,1,1,1.0,155329.0,4,0,1,1,0,12,4
13351,163077,0,5,949,2014,9,1,5,0.4999999999999998,100000.0,8,0,2,1,0,1,12
13352,10036,639,23,1298,2014,9,1,4,2.0,377942.0,4,0,1,1,0,12,4
13354,18817,749,28,1049,2014,9,1,5,2.4,66379.0,4,0,1,1,0,11,12
13355,7056,687,11,909,2010,9,1,1,1.6,75840.0,4,0,1,1,0,1,4
13356,45445,765,27,466,2015,4,1,1,2.0,165000.0,4,0,1,1,0,14,4
13357,3293,585,23,618,2013,9,1,5,1.8,109179.0,4,0,1,1,0,2,12
13359,5645,790,8,523,2009,9,1,5,1.6,110000.0,4,0,1,1,0,12,4
13360,9408,0,41,1370,2008,3,1,5,1.8,156620.0,4,0,1,1,1,12,0
13361,5331,0,36,305,1996,9,0,0,1.8,0.0,4,1,2,1,0,11,4
13362,9879,631,36,586,2011,9,1,1,3.0,438886.75,6,0,2,1,0,1,12
13363,58683,833,26,1520,2015,9,1,1,2.2,104229.0,4,0,1,1,0,14,4
13364,40569,891,23,1270,2016,4,1,1,2.0,194067.0,4,0,1,1,0,1,4
13365,41221,730,54,237,2016,4,1,1,1.6,60650.0,4,0,1,1,0,2,4
13366,27193,446,21,669,2014,3,1,5,1.3,50000.0,4,0,1,1,0,1,4
13368,13172,0,58,1124,2007,3,0,5,1.5,0.0,4,0,1,2,0,2,4
13369,19914,891,23,1298,2016,9,1,4,2.0,290838.0,4,0,1,1,0,8,4
13370,21953,612,8,1461,2010,3,1,6,1.4,84000.0,4,0,1,1,0,14,10
13371,42337,0,5,1491,2009,4,1,1,3.0,220000.0,6,2,0,1,0,1,6
13372,8467,1277,58,1124,2005,3,0,2,1.5,163000.0,4,0,1,1,0,1,8
13373,20266,531,23,618,2012,9,1,5,1.6,134000.0,4,0,1,1,0,12,4
13374,14897,0,58,251,2012,3,0,2,1.5,159000.0,4,0,1,1,1,2,2
13375,6272,1829,28,450,2007,7,1,1,2.9,58984.0,4,0,1,1,0,14,4
13376,13297,966,23,788,2009,1,1,5,2.0,177000.0,4,0,1,1,0,12,4
13378,5018,1515,10,352,2005,3,0,5,1.8,237000.0,4,1,1,1,0,7,6
13380,20071,0,58,423,2010,9,1,2,2.4,120000.0,4,3,1,1,0,7,10
13381,4861,1017,5,71,2017,9,1,5,2.0,78195.0,4,0,2,1,0,1,12
13382,470,289,16,646,2008,4,1,2,0.4999999999999998,115893.0,4,0,1,1,0,14,0
13384,7840,0,42,1416,2000,10,0,5,1.8,217500.0,4,1,1,1,0,12,4
13387,784,631,8,1461,2017,3,1,2,1.5,438886.75,4,0,1,1,0,1,0
13388,7056,631,5,1491,2014,4,1,1,3.0,438886.75,6,0,0,1,0,1,0
13389,19757,836,27,1109,2010,4,0,1,2.0,39000.0,4,1,0,1,0,14,4
13390,47217,631,23,812,2017,10,1,1,2.5,438886.75,4,0,1,1,0,1,4
13391,16741,707,54,902,2011,4,1,1,2.0,217258.0,4,0,1,1,0,1,4
13392,20266,1099,54,1192,2010,4,1,1,2.7,194159.0,4,0,1,1,0,1,4
13395,22580,0,16,722,2013,9,0,2,2.0,155000.0,4,0,1,1,0,14,12
13399,15681,891,23,1298,2016,9,1,4,2.0,215572.0,4,0,1,1,0,12,4
13402,9722,0,21,669,2006,3,0,5,1.3,202000.0,4,3,1,1,1,1,2
13403,2979,980,41,1278,2018,9,1,5,1.8,30184.0,4,0,1,1,0,11,12
13404,706,765,55,1525,2015,4,1,5,2.0,175562.0,4,0,0,1,0,1,0
13405,4704,0,42,262,1994,10,0,0,1.6,156788.0,4,1,1,1,0,6,0
13406,34497,0,36,961,2011,4,1,5,3.5,182400.0,8,0,1,1,0,14,6
13407,7840,0,23,232,2007,9,0,5,1.6,229000.0,4,0,1,1,0,1,10
13408,12900,836,61,359,2010,9,1,5,2.0,66000.0,4,2,1,1,0,12,12
13410,10976,0,36,572,2000,9,0,1,2.7,210000.0,5,2,2,1,0,1,10
13412,5645,0,42,502,2003,9,0,5,1.0,0.0,3,1,1,0,0,12,2
13415,21326,631,58,1124,2013,9,0,2,1.8,438886.75,4,0,1,1,0,1,8
13416,21639,631,16,1381,2008,6,0,1,2.4,438886.75,4,1,2,1,0,1,2
13417,6586,638,41,1015,2012,9,0,5,0.7,150000.0,3,0,1,1,1,1,2
13420,9261,687,23,838,2010,9,1,1,1.6,72140.0,4,0,1,1,0,12,4
13421,37633,0,43,56,2013,3,1,2,2.0,130000.0,4,2,0,1,0,1,10
13422,9164,765,23,1298,2015,9,1,4,2.0,438886.75,4,0,1,1,0,8,4
13423,8151,363,8,1322,2014,9,1,5,1.0,37542.0,4,0,1,1,0,14,4
13424,7840,1111,21,669,2012,3,0,2,1.3,117000.0,4,0,1,1,1,9,4
13425,23521,0,23,1298,2015,9,1,2,2.4,94000.0,4,0,1,1,0,13,8
13426,6743,328,3,206,2016,3,1,2,1.4,104805.0,4,0,1,1,0,14,0
13427,15994,0,58,423,2006,9,1,5,2.4,15000.0,4,3,1,1,0,7,10
13428,13341,836,54,237,2010,9,1,1,2.0,246153.0,4,0,1,1,0,12,4
13429,11917,473,8,523,2014,9,1,5,1.4,120000.0,4,0,2,1,0,1,4
13430,39750,639,54,1192,2014,4,1,1,2.0,122950.0,4,0,1,1,0,1,4
13431,1300,631,60,30,1978,9,0,5,1.6,438886.75,4,1,2,1,0,1,5
13432,45473,0,58,1124,2018,9,1,2,1.8,5700.0,4,0,1,1,0,14,12
13433,6586,0,41,982,2004,3,0,5,1.4,170000.0,4,0,1,1,1,15,4
13434,6272,631,60,38,1993,4,0,5,1.6,438886.75,4,1,0,0,0,1,0
13435,392,1018,3,1164,2011,4,1,1,3.0,232554.0,6,0,0,1,0,12,0
13436,549,645,23,618,2011,9,1,5,1.8,194674.0,4,0,1,1,0,7,12
13437,13799,503,58,1132,2012,3,0,2,1.5,1600.0,4,3,1,1,0,14,12
13438,13172,781,58,423,2012,9,0,2,2.5,302400.0,4,2,1,1,0,1,10
13439,470,518,58,280,2016,9,1,2,2.5,132645.0,4,0,1,1,0,14,12
13440,16151,640,16,350,2013,3,1,2,2.0,96289.0,4,0,1,1,0,14,8
13441,10036,585,58,1124,2013,3,0,2,1.8,113000.0,4,0,1,1,0,2,12
13442,7056,1668,13,1177,2012,9,1,5,3.7,186251.0,8,0,2,1,0,2,12
13445,16621,0,55,706,2003,4,1,5,2.0,145000.0,4,1,0,1,1,14,4
13446,17249,0,36,294,2007,3,1,1,2.0,218000.0,4,0,1,1,0,12,6
13447,8781,639,23,1298,2014,9,1,4,2.0,438886.75,4,0,1,1,0,8,4
13449,4700,0,42,718,1995,4,1,5,2.0,147000.0,4,1,0,1,0,12,2
13450,13172,690,8,978,2016,9,0,5,1.5,86000.0,4,2,1,1,0,12,8
13451,9722,0,5,139,2002,9,1,4,2.5,166818.0,6,2,2,1,0,9,8
13452,21796,890,28,1049,2016,9,1,5,2.0,31033.0,4,0,1,1,0,1,4
13453,706,645,58,1124,2011,4,1,2,1.8,415150.0,4,0,1,1,0,7,12
13454,470,1024,58,423,2010,9,1,5,2.5,369814.0,4,0,1,1,0,2,12
13455,16308,769,16,1381,2011,6,0,1,2.2,167000.0,4,1,1,1,0,14,2
13456,44878,891,23,1401,2016,4,1,1,2.0,61785.0,4,0,1,1,0,7,4
13458,29166,934,58,423,2015,9,1,5,2.5,83200.0,4,2,1,1,0,14,10
13459,8624,0,41,1280,2009,7,0,5,2.0,211000.0,4,3,1,1,1,14,4
13461,20385,0,28,1049,2014,9,0,5,2.4,75600.0,4,2,1,1,0,7,12
13462,21103,631,23,810,2015,9,1,4,3.0,438886.75,4,0,1,1,0,1,4
13463,13172,530,23,618,2013,9,1,5,1.6,75000.0,4,2,1,1,0,14,8
13464,19757,353,58,1124,2015,3,0,2,1.8,105000.0,4,0,1,1,0,12,8
13467,52373,0,36,1242,2010,9,1,5,3.7,125000.0,8,2,2,1,0,1,12
13469,1019,631,32,1208,2013,4,1,2,3.5,438886.75,6,0,1,1,0,1,12
13470,10976,0,28,1318,2004,4,1,4,2.4,0.0,4,1,0,1,0,1,8
13471,8154,631,36,305,1997,10,0,5,1.8,438886.75,4,0,2,1,0,1,4
13472,15053,0,23,232,2016,3,0,5,1.6,57736.0,4,2,1,1,0,14,8
13473,18826,707,54,1192,2011,4,1,1,2.0,240323.0,4,0,1,1,0,12,4
13475,30,0,41,1370,2005,3,0,5,1.8,0.0,4,0,1,1,1,0,4
13476,11290,0,36,321,2004,10,0,5,2.6,143000.0,6,0,2,1,1,14,8
13477,9408,0,5,134,1994,9,0,0,2.0,111111.0,6,1,2,1,0,1,1
13478,42692,730,54,237,2016,4,1,5,1.6,82574.0,4,0,1,1,0,1,4
13479,9565,893,23,838,2008,3,1,5,1.6,72760.0,4,0,1,1,0,1,4
13480,21363,631,23,1270,2011,4,1,1,2.0,438886.75,4,0,1,1,0,1,4
13482,7213,876,8,523,2009,9,1,5,1.8,133457.0,4,0,1,1,0,14,4
13483,549,639,55,706,2014,4,1,5,2.0,72613.0,4,0,0,1,0,14,0
13485,862,707,3,209,2011,9,1,5,2.0,175194.0,4,0,1,1,0,1,12
13489,1254,1058,16,615,2012,4,1,5,3.5,115485.0,6,0,1,1,0,2,12
13490,10663,0,61,413,2004,2,0,1,2.0,195000.0,4,1,1,1,0,7,2
13492,5018,0,42,502,2001,3,0,5,1.4,0.0,4,0,1,1,1,12,2
13493,10349,831,23,1298,2011,9,0,2,2.4,167000.0,4,2,1,1,0,4,12
13495,7840,631,8,989,2010,9,1,5,1.0,438886.75,4,0,1,1,0,1,4
13496,14113,0,15,118,2013,3,1,5,1.4,108000.0,4,1,1,0,0,14,4
13497,36692,640,5,88,2013,9,1,5,2.0,126400.0,4,1,2,1,0,1,12
13498,282,631,32,1208,2010,4,1,2,3.5,438886.75,6,0,1,1,0,1,12
13499,14113,629,41,889,2015,4,0,5,1.6,80000.0,4,2,1,1,0,1,8
13500,18189,308,58,1132,2015,3,0,2,1.5,107267.0,4,0,1,1,0,11,0
13501,8781,0,42,1420,2007,9,0,1,1.9,126000.0,4,1,1,1,0,1,2
13502,17876,631,23,618,2015,9,0,5,1.8,438886.75,4,0,1,1,0,1,6
13503,31361,0,36,1326,2005,6,1,1,2.2,0.0,4,1,2,1,0,14,2
13505,14426,631,58,423,2012,9,1,5,2.5,438886.75,4,2,1,1,0,1,8
13506,2038,810,23,618,2016,9,1,5,1.8,133437.0,4,0,1,1,0,3,12
13507,47669,1017,36,759,2017,4,1,5,2.0,55704.0,4,0,0,1,0,1,0
13508,19707,640,54,902,2013,4,1,1,2.0,173698.0,4,0,1,1,0,14,4
13509,10976,0,56,1266,2012,9,0,5,2.0,93900.0,4,2,1,1,0,12,4
13510,80,0,41,1280,2007,7,0,5,2.0,220000.0,4,0,0,1,0,1,2
13511,11290,308,58,1124,2014,9,1,2,1.8,10000.0,4,0,1,1,0,7,0
13512,23521,891,23,618,2016,9,1,5,2.0,97600.0,4,2,1,1,0,1,16
13513,7840,0,41,1370,2020,3,1,5,1.5,116000.0,4,0,1,1,1,12,6
13514,21953,0,31,923,2006,4,1,1,2.7,0.0,6,0,0,1,0,1,12
13516,18817,0,58,1124,2013,9,0,2,1.8,169000.0,4,0,1,1,0,12,0
13519,12544,1832,36,1326,2005,6,0,1,2.2,0.0,5,1,2,0,0,14,0
13520,7527,631,5,88,1999,9,0,4,2.8,438886.75,6,1,2,1,0,1,6
13521,6500,0,61,1090,1999,9,1,5,1.8,3000.0,4,1,1,1,0,1,6
13523,392,831,28,1049,2011,9,1,2,2.4,0.0,4,0,1,1,0,1,12
13524,26657,1091,35,997,2016,9,0,5,2.5,152000.0,4,2,2,1,0,7,12
13525,21953,595,16,722,2015,9,0,5,1.5,28000.0,4,0,1,1,0,14,12
13526,26657,749,8,643,2014,4,0,5,2.4,55000.0,4,2,1,1,0,14,12
13528,36065,640,36,372,2013,9,1,5,2.0,68000.0,4,2,1,1,0,11,12
13529,18503,1528,58,826,2007,4,0,5,2.4,119911.0,4,0,1,1,0,12,8
13531,35438,831,8,643,2018,4,0,5,1.5,9000.0,4,2,0,1,0,1,8
13534,71817,1360,32,780,2013,4,1,5,3.7,179000.0,8,0,0,1,0,1,10
13535,16151,382,16,345,2015,3,0,6,2.0,0.0,4,0,1,1,0,1,0
13537,7213,0,5,71,1994,1,1,5,2.0,285000.0,6,1,2,0,0,12,4
13538,22580,784,8,978,2017,9,0,5,1.5,96000.0,4,2,1,1,0,12,12
13539,2822,751,23,1298,2013,9,1,2,2.4,141213.0,4,0,1,1,0,12,0
13541,18817,0,56,809,2008,4,1,5,2.7,145000.0,6,0,0,1,0,7,8
13542,16894,531,23,618,2012,9,1,5,1.6,101682.0,4,0,1,1,0,12,4
13543,28225,0,5,1491,2009,4,0,5,3.0,41000.0,6,2,0,1,0,4,8
13544,17249,631,28,1049,2015,9,1,5,2.0,438886.75,4,0,1,1,0,1,4
13546,17249,0,16,1024,2008,1,0,5,3.7,129600.0,8,1,2,0,0,2,4
13547,17249,0,5,71,2005,9,0,1,1.9,349930.0,1,0,2,1,0,1,0
13550,20385,730,41,889,2016,4,1,5,1.6,83000.0,4,0,0,1,0,1,0
13551,10349,891,23,1298,2016,9,1,4,2.0,372093.0,4,0,1,1,0,8,4
13554,9408,836,23,1298,2010,9,1,5,2.0,71941.0,4,0,1,1,0,12,4
13556,22580,631,36,961,2006,4,1,5,3.5,438886.75,6,2,0,1,0,1,6
13557,8781,0,21,669,2005,9,0,5,1.5,1000.0,4,0,1,1,1,12,4
13560,19444,521,8,1461,2011,9,1,6,1.4,159200.0,4,0,1,1,0,1,6
13561,19930,691,21,669,2017,3,1,5,1.3,14665.0,4,0,1,1,0,1,4
13562,627,631,13,285,2005,9,1,5,3.3,438886.75,6,0,1,1,0,1,12
13563,26500,640,23,1270,2013,4,1,1,2.0,296391.0,4,0,1,1,0,12,4
13564,10976,308,58,1124,2014,3,1,2,1.8,0.0,4,3,1,1,0,14,6
13565,10976,891,23,1298,2016,9,1,4,2.0,438867.0,4,0,1,1,0,8,4
13567,627,1018,5,88,2011,9,1,5,3.0,241994.0,6,0,2,1,0,14,12
13568,50,0,41,1370,2004,3,0,5,1.5,19000.0,4,0,1,1,1,12,4
13570,14113,986,23,618,2010,9,1,5,2.4,148800.0,4,2,1,1,0,1,4
13571,16935,0,58,1132,2013,3,0,2,1.5,110000.0,4,0,1,1,0,12,12
13572,85702,631,36,1337,2013,6,1,1,2.2,438886.75,6,1,2,0,0,1,4
13573,10036,382,16,722,2015,9,1,2,2.0,100747.0,4,0,1,1,0,6,12
13574,4500,0,1,20,2001,9,0,5,2.0,200000.0,8,1,1,1,0,2,4
13575,5645,0,9,1074,2003,10,0,5,2.0,175000.0,4,0,1,1,1,1,4
13576,14897,528,23,838,2014,3,1,1,1.6,38554.0,4,0,1,1,0,0,4
13577,54346,955,27,1471,2011,4,1,1,2.8,181900.0,4,0,1,1,0,12,4
13578,7213,631,58,1124,2009,9,1,2,1.8,438886.75,4,0,2,1,0,1,0
13580,6899,0,58,721,2000,3,0,0,1.5,215000.0,4,0,1,1,1,1,8
13581,37633,0,36,1326,2010,6,0,5,2.7,190000.0,4,1,2,0,0,14,2
13582,11760,490,21,858,2011,3,0,2,1.3,116197.0,4,0,1,1,0,1,7
13583,37320,1017,23,1270,2017,4,1,1,2.0,73463.0,4,0,1,1,0,7,4
13584,23521,765,23,1401,2015,4,1,1,2.0,40644.0,4,0,1,1,0,14,4
13585,13877,531,23,618,2012,9,1,5,1.6,185907.0,4,0,1,1,0,14,4
13588,8154,631,32,1203,2008,4,1,2,3.3,438886.75,6,0,0,1,0,1,12
13589,12570,687,8,909,2010,9,1,5,1.6,60000.0,4,0,1,1,0,7,4
13590,12231,988,58,1124,2007,3,0,5,1.5,127000.0,4,3,1,1,0,1,8
13594,9408,0,36,568,2000,9,0,5,2.4,252000.0,6,1,2,1,0,1,4
13595,22580,0,41,1228,2012,4,1,5,2.5,115000.0,4,0,0,1,0,1,6
13596,12544,0,39,543,2000,7,1,5,3.0,195000.0,6,0,0,1,1,14,2
13597,14113,1266,58,252,2014,3,1,2,1.5,100000.0,4,3,1,1,1,1,8
13598,67903,1076,23,1298,2020,9,1,5,2.0,2000.0,4,0,1,1,0,7,4
13599,11000,521,8,523,2011,9,1,5,1.4,161318.0,4,0,1,1,0,4,12
13601,61154,917,36,961,2013,4,1,1,3.0,146577.0,6,2,0,1,0,1,12
13602,10663,828,8,978,2020,9,1,5,1.5,14162.0,4,0,1,1,0,3,12
13603,21953,0,61,1090,2013,9,0,4,2.5,47000.0,5,2,1,1,0,14,6
13604,24709,707,54,902,2011,4,1,1,2.0,71500.0,4,0,1,1,0,12,4
13605,13093,761,8,909,2010,9,1,5,1.8,163862.0,4,0,1,1,0,7,4
13606,7997,631,43,191,2003,7,0,1,2.2,438886.75,4,1,1,1,0,1,16
13607,11604,0,41,1293,2006,9,1,5,2.5,150000.0,6,2,2,1,1,2,8
13608,11447,530,16,693,2013,3,1,5,1.6,74000.0,4,2,1,1,0,12,12
13609,18189,586,58,1124,2012,9,1,2,1.8,68000.0,4,0,1,1,0,12,12
13610,627,631,36,586,2011,9,1,1,3.5,438886.75,6,0,0,1,0,1,12
13611,19130,0,16,1381,2003,2,0,1,2.5,144325.0,4,1,2,1,0,14,2
13612,6272,0,42,262,2000,2,0,0,1.6,274000.0,4,1,1,1,0,1,0
13613,1400,0,36,21,1990,9,0,5,2.0,237065.0,4,1,1,1,0,12,0
13614,23834,0,58,1124,2014,3,0,6,1.8,123000.0,4,0,1,1,0,14,12
13615,20071,0,58,1135,2014,3,0,5,1.5,80011.0,4,0,1,1,0,7,8
13617,1803,631,21,858,2010,3,1,2,1.3,438886.75,4,0,1,1,0,1,0
13618,251,915,27,804,2014,4,1,1,3.0,242083.0,6,0,0,1,0,14,12
13619,28852,0,58,423,2014,9,1,5,2.5,200000.0,4,0,1,1,0,1,8
13620,46022,765,27,466,2015,4,1,1,2.0,164698.0,4,0,1,1,0,0,4
13621,37633,1426,58,921,2018,4,0,5,2.7,177000.0,4,0,0,1,0,1,2
13622,57526,1080,8,420,2014,0,1,5,3.6,34481.0,4,0,1,1,0,15,4
13623,17484,707,23,1298,2011,9,1,5,2.0,164861.0,4,0,1,1,0,1,4
13628,4704,1441,42,479,2001,2,0,1,1.7,200000.0,4,1,2,0,0,14,2
13630,23101,642,23,1401,2012,4,1,1,2.0,151481.0,4,0,1,1,0,12,4
13632,157,631,58,1124,2013,3,1,2,1.8,438886.75,4,0,1,1,0,1,12
13633,941,631,58,1406,2016,4,1,5,3.7,438886.75,8,0,0,1,0,1,12
13634,15681,749,28,1049,2014,9,0,5,2.4,136984.0,4,2,1,1,0,14,6
13635,12980,642,8,1060,2012,4,1,1,2.0,230000.0,4,0,1,1,0,12,4
13636,22934,642,23,1401,2012,4,1,1,2.0,124000.0,4,0,1,1,0,12,4
13637,627,631,21,469,2010,9,1,5,1.8,438886.75,4,0,1,1,0,1,12
13638,18189,0,24,743,2008,9,1,4,3.5,140800.0,6,2,0,1,0,1,12
13639,17876,0,15,116,2013,1,1,5,1.4,50000.0,4,1,1,0,0,14,8
13640,7213,503,58,1132,2012,9,0,2,1.5,148233.0,4,3,1,1,0,14,12
13641,4861,308,21,469,2015,4,1,2,1.5,49272.0,4,0,1,1,0,2,0
13643,13172,0,21,860,2011,3,0,2,1.3,198000.0,4,3,1,1,0,2,6
13644,25089,0,27,1110,2011,4,1,5,2.4,184000.0,4,1,0,1,0,1,0
13645,6398,494,41,982,2015,3,1,5,1.2,149734.0,4,0,1,1,0,12,4
13646,14279,891,23,1298,2016,9,1,4,2.0,37898.0,4,0,1,1,0,12,4
13648,6899,631,36,386,2001,1,1,5,3.2,438886.75,6,2,2,0,1,1,6
13650,7213,0,39,1079,1999,4,0,5,1.8,135000.0,4,0,0,0,0,2,4
13651,17249,738,8,523,2017,9,0,5,1.4,65600.0,4,2,1,1,0,1,14
13652,14834,586,8,523,2012,9,1,5,1.8,158223.0,4,0,1,1,0,14,4
13654,26030,0,36,322,2012,9,1,5,1.8,112000.0,4,2,2,1,0,1,10
13656,9408,0,56,809,2001,4,0,5,2.5,217600.0,4,0,0,1,0,1,0
13658,37633,0,5,1511,2009,4,1,5,3.7,240000.0,8,2,0,1,0,11,12
13659,7056,780,6,460,2019,9,1,5,1.4,29965.0,4,0,1,1,0,1,12
13662,10663,0,23,1401,2005,4,0,1,2.0,200000.0,4,1,0,1,0,1,0
13663,1490,1202,27,466,2017,4,1,5,2.4,95334.0,4,0,1,1,0,1,12
13664,10820,843,58,1124,2008,9,0,2,1.5,216000.0,4,0,1,1,0,12,4
13665,14113,761,58,1124,2010,3,0,2,1.8,166000.0,4,0,1,1,0,1,8
13666,3293,155,61,870,2015,9,1,1,0.4999999999999998,119394.0,4,0,1,1,0,1,12
13667,32929,1017,8,420,2017,1,0,5,2.0,67200.0,4,2,2,0,0,2,8
13668,18189,891,16,697,2016,3,0,5,2.0,66000.0,4,0,1,1,0,7,6
13670,1725,631,36,961,2012,4,1,1,3.7,438886.75,8,0,0,1,0,1,12
13671,49889,833,23,1270,2015,4,1,1,2.2,132000.0,4,0,1,1,0,14,4
13672,7840,0,55,706,2002,9,1,5,2.0,200000.0,4,0,0,1,1,14,5
13673,16900,503,58,251,2012,3,1,5,1.5,79092.0,4,0,1,1,0,7,4
13674,1000,631,35,83,1990,9,0,5,1.6,438886.75,4,1,1,1,0,1,2
13675,13485,0,21,669,2011,3,0,2,1.3,97000.0,4,3,1,1,1,6,6
13676,7683,0,41,1037,2005,3,0,5,1.5,0.0,4,0,1,1,1,7,4
13677,44134,900,23,1298,2015,9,1,5,2.4,112528.0,4,0,1,1,0,7,4
13679,50,0,58,1124,2009,3,1,2,1.5,200000.0,6,0,0,1,0,3,4
13680,21953,642,54,902,2012,4,1,1,2.0,109309.0,4,0,1,1,0,7,4
13681,15681,1141,39,1065,2009,4,0,5,2.4,153000.0,4,3,0,1,0,12,8
13683,11290,1675,16,1381,2004,6,0,1,2.0,1000.0,4,1,1,0,0,14,2
13684,17264,631,21,669,2013,3,1,5,1.3,438886.75,4,0,1,1,0,1,4
13685,26594,631,23,810,2016,9,1,4,3.0,438886.75,4,0,1,1,0,1,4
13686,24920,707,23,1270,2011,4,1,1,2.0,156559.0,4,0,1,1,0,12,4
13688,110,1077,23,1270,2019,4,1,5,2.0,28797.0,4,0,1,1,0,14,12
13689,2352,1203,18,231,2011,4,1,5,3.6,177376.0,6,0,1,1,0,1,12
13690,392,631,23,618,2013,4,1,5,1.8,438886.75,4,0,1,1,0,1,12
13691,1333,642,28,284,2012,9,1,5,2.0,225307.0,4,0,1,1,0,7,12
13694,6272,631,36,961,2009,4,1,1,3.5,438886.75,6,0,0,1,0,1,12
13695,14113,586,58,1124,2012,9,1,2,1.8,88000.0,4,0,1,1,0,12,12
13696,4391,640,23,1298,2013,9,1,5,2.0,53867.0,4,0,1,1,0,12,12
13697,10976,0,16,1381,2004,2,0,1,2.0,245452.0,4,1,1,1,0,11,4
13698,18660,1024,23,812,2010,7,1,1,2.5,54963.0,4,0,1,1,0,12,4
13699,7527,0,39,241,2002,4,1,0,2.0,165000.0,4,2,0,1,1,7,6
13700,20385,353,58,1124,2015,3,0,2,1.8,137600.0,4,3,1,1,0,14,12
13701,51965,891,23,1270,2016,4,1,1,2.0,49515.0,4,0,1,1,0,14,4
13702,549,1053,32,845,2014,9,1,5,3.5,89315.0,6,0,2,1,0,1,12
13703,17249,425,28,1116,2015,9,1,5,1.0,22831.0,3,0,1,1,0,0,4
13704,14426,0,16,1381,2010,6,0,1,2.2,155000.0,4,1,1,1,0,15,2
13707,25089,781,58,423,2012,9,0,2,2.5,99000.0,4,0,1,1,0,12,12
13708,37006,696,36,562,2013,9,1,1,2.2,130000.0,4,2,2,1,0,1,12
13709,16621,584,23,627,2014,9,0,5,1.8,144000.0,4,2,1,1,0,7,12
13710,21953,531,41,889,2012,3,1,5,1.6,104000.0,4,0,0,1,0,1,12
13711,35438,0,58,423,2016,9,1,5,2.5,110624.0,4,0,1,1,0,1,12
13712,41710,0,36,1326,2010,6,0,1,2.2,232722.0,4,2,2,1,0,14,4
13713,1646,382,16,345,2015,3,1,2,2.0,193106.0,4,0,1,1,0,12,12
13714,30,631,21,669,2003,3,0,5,1.3,438886.75,4,0,1,1,1,1,4
13715,11967,503,58,251,2012,3,1,5,1.5,118400.0,4,0,1,1,0,2,4
13717,314,781,58,423,2012,9,1,2,2.5,249422.0,4,0,1,1,0,7,10
13718,34497,0,3,224,2013,9,1,5,3.0,107000.0,6,2,0,1,0,14,12
13719,10976,765,23,1298,2015,9,1,4,2.0,327685.0,4,0,1,1,0,12,4
13720,12544,751,23,1298,2013,9,1,5,2.4,98456.0,4,0,1,1,0,1,0
13721,14113,1018,41,1022,2011,4,1,5,3.0,265000.0,5,0,0,1,0,1,10
13722,24462,0,58,429,2009,9,1,5,2.5,210000.0,4,0,1,1,0,1,0
13723,54882,0,5,1511,2011,4,1,5,3.0,104000.0,6,2,0,1,0,1,12
13724,27598,640,5,144,2013,9,1,5,2.0,82000.0,4,2,2,1,0,14,12
13725,1700,0,61,794,1997,3,0,5,1.8,1000.0,4,1,1,1,0,6,2
13727,627,584,61,870,2014,9,1,5,1.8,121010.0,4,0,1,1,0,7,12
13728,8154,631,58,867,2003,9,0,5,1.5,438886.75,4,0,1,1,1,1,2
13729,8311,0,41,1370,2005,3,1,5,1.5,114960.0,4,2,1,1,1,12,12
13733,21953,631,23,812,2011,7,1,1,2.5,438886.75,4,0,1,1,0,1,4
13735,12701,631,28,1049,2013,9,1,5,2.0,438886.75,4,0,1,1,0,1,4
13736,11133,1018,5,1491,2011,4,1,5,3.0,170043.0,6,0,0,1,0,7,12
13737,16308,0,16,1381,1995,2,0,1,2.5,289200.0,4,1,2,1,0,14,0
13738,38000,0,58,425,2018,9,1,2,2.5,27484.0,8,0,1,2,0,0,12
13739,19444,631,58,424,2011,9,0,2,2.4,438886.75,4,3,1,1,0,1,10
13740,20071,0,58,1132,2014,3,0,2,1.5,153600.0,4,3,1,1,0,11,6
13741,14113,530,41,889,2013,4,1,5,1.6,110531.0,4,0,0,1,0,11,0
13742,7840,0,61,794,2002,9,0,5,2.0,165000.0,4,0,1,1,0,2,6
13743,48277,631,8,420,2015,0,1,5,3.6,438886.75,4,0,1,1,0,1,4
13745,50178,0,36,396,2012,1,1,5,3.7,178000.0,8,2,2,1,0,1,12
13746,8938,986,23,810,2010,9,1,5,2.4,78436.0,4,0,1,1,0,1,4
13747,8624,0,41,1370,2006,9,0,5,1.5,111122.0,4,0,1,1,1,14,0
13748,21326,642,5,88,2012,9,1,5,2.0,145000.0,2,0,1,1,0,1,4
13749,9832,790,11,909,2009,9,1,5,1.6,94650.0,4,0,1,1,0,1,4
13750,39829,0,31,551,2010,4,1,1,2.7,210000.0,6,2,0,1,0,1,0
13751,16308,0,5,1491,2006,4,1,5,3.7,220000.0,8,2,0,1,0,1,10
13752,25299,642,54,902,2012,4,1,1,2.0,105661.0,4,0,1,1,0,14,4
13753,18817,862,58,423,2011,9,0,5,2.5,20480.0,4,2,1,1,0,2,7
13755,16621,0,36,586,2005,9,1,5,3.5,238357.0,6,2,0,1,0,12,8
13756,19707,531,23,618,2012,9,1,5,1.6,79911.0,4,0,1,1,0,7,4
13757,15681,528,16,693,2014,3,1,5,1.6,94640.0,4,2,1,1,0,11,8
13758,4858,0,36,305,1996,9,0,0,1.8,220000.0,4,1,2,1,0,12,4
13759,19757,0,23,1425,2016,3,1,5,1.6,31000.0,4,2,1,0,0,12,6
13760,141124,0,36,760,2018,4,1,5,2.0,37554.0,8,2,0,1,0,1,12
13761,46728,765,23,1401,2015,4,1,1,2.0,31000.0,4,2,1,1,0,12,12
13763,16935,0,58,1124,2011,9,0,2,1.8,235000.0,4,0,1,1,0,2,0
13764,8781,0,35,1400,2002,4,1,5,3.0,21000.0,4,0,0,1,0,5,8
13766,7527,631,55,1525,2014,4,1,5,2.0,438886.75,4,0,0,1,0,1,8
13768,8781,0,42,267,2000,10,0,5,1.6,279700.0,4,1,1,1,0,1,4
13769,1019,521,8,523,2011,9,1,5,1.4,143502.0,4,0,1,1,0,2,12
13773,314,707,56,1266,2011,9,1,5,2.0,151357.0,4,0,1,1,0,14,0
13774,45,0,58,1124,2013,9,1,2,1.8,99999.0,4,0,2,1,0,14,4
13775,30734,781,58,423,2012,9,1,2,2.5,195994.0,4,3,1,1,0,12,12
13777,13485,0,5,1491,2003,4,1,4,3.0,18900.0,6,2,1,1,0,7,2
13778,6272,0,5,67,1998,9,0,5,1.8,0.0,4,1,2,1,0,12,4
13779,5331,0,61,794,1999,9,0,5,1.6,165248.0,4,1,1,1,0,14,4
13780,7840,0,39,477,2007,3,0,5,1.5,180000.0,4,0,1,1,1,12,6
13782,9095,0,16,1381,1999,6,0,1,2.5,11600.0,4,1,2,1,0,14,4
13783,21953,777,58,423,2014,9,0,5,2.5,75419.0,4,0,1,1,0,14,0
13784,36065,1018,5,1491,2011,4,1,5,3.0,155200.0,6,2,0,1,0,1,12
13786,4861,1234,0,950,2011,4,1,5,3.7,181970.0,6,0,0,1,0,3,12
13787,21953,777,58,423,2014,9,0,5,2.5,97979.0,4,0,1,1,0,1,0
13788,6586,441,28,1049,2015,9,1,2,2.4,117469.0,4,0,1,1,0,1,0
13789,20385,0,24,1159,2003,9,1,5,3.7,180000.0,8,2,2,1,0,2,4
13790,12554,836,23,1270,2010,4,1,1,2.0,58776.0,4,0,1,1,0,14,4
13791,3920,831,23,1298,2011,9,1,5,2.4,182645.0,4,0,1,1,0,14,12
13792,25638,501,21,669,2014,3,1,5,1.5,78000.0,4,0,1,1,0,14,4
13793,12544,765,23,1298,2015,9,1,4,2.0,438886.75,4,0,1,1,0,8,4
13795,23834,0,41,1290,1999,1,1,5,2.0,0.0,4,1,2,0,1,14,2
13797,9408,707,35,994,2011,9,0,5,2.0,142161.0,4,2,1,1,0,7,8
13798,13799,631,28,1049,2013,9,0,5,2.4,438886.75,4,0,1,1,0,1,0
13800,20385,639,16,722,2014,9,1,5,2.0,99000.0,4,2,1,1,0,1,12
13802,14884,631,54,237,2011,4,1,1,2.0,438886.75,4,0,1,1,0,1,4
13804,10036,0,56,1266,2008,3,0,0,3.7,200000.0,6,0,0,1,0,2,2
13805,5959,0,41,982,2003,3,0,5,1.2,136000.0,4,0,1,1,1,13,2
13806,470,631,58,1124,2010,4,1,2,1.8,438886.75,4,0,1,1,0,1,12
13808,16308,584,23,618,2014,9,0,5,1.8,106789.0,4,2,1,1,0,7,12
13809,28532,642,23,1401,2012,4,1,1,2.0,99748.0,4,0,1,1,0,7,4
13810,14113,345,58,1132,2016,3,0,2,1.5,250000.0,4,3,1,1,0,12,12
13811,54847,631,21,469,2017,9,1,5,2.0,438886.75,4,0,1,1,0,1,4
13814,12231,503,21,669,2012,9,0,5,1.5,126400.0,4,0,1,1,0,12,5
13816,32913,631,21,469,2013,1,1,5,1.8,438886.75,4,0,1,1,0,1,4
13819,27598,0,58,492,2015,9,1,5,1.8,79000.0,4,2,1,1,0,2,8
13820,6586,631,61,870,2006,9,0,5,1.6,438886.75,4,1,1,1,0,1,6
13821,16621,645,58,1124,2011,3,1,2,1.8,222016.0,4,0,1,1,0,5,8
13824,18503,586,58,1124,2012,3,1,2,1.8,99000.0,4,3,1,1,0,7,12
13825,31421,831,54,237,2017,4,1,1,1.6,65249.0,4,0,1,1,0,14,4
13826,3763,900,28,1049,2015,9,1,5,2.4,170040.0,4,0,1,1,0,12,12
13828,23521,0,8,1461,2011,9,1,6,1.4,179200.0,4,3,1,1,0,14,8
13829,26591,831,27,483,2011,4,1,5,2.4,69752.0,4,0,1,1,0,12,4
13830,7213,915,5,1491,2014,4,1,1,3.0,0.0,6,0,0,1,0,1,0
13831,16308,779,58,423,2013,9,0,5,2.5,198472.0,4,0,1,1,0,12,0
13832,3450,0,42,1416,1996,9,0,5,2.0,0.0,4,1,1,1,0,6,4
13834,6743,0,42,273,1999,2,0,0,1.6,0.0,4,1,1,1,0,14,2
13835,43062,765,23,1270,2015,4,1,1,2.0,143370.0,4,0,1,1,0,14,4
13836,8467,0,56,1350,2008,3,0,5,1.2,176000.0,4,0,1,0,1,1,2
13838,11290,1055,32,1201,2013,4,1,5,3.5,124723.0,6,0,1,1,0,7,12
13839,6743,0,39,475,2003,3,0,5,1.3,164000.0,4,0,1,1,1,12,4
13840,15681,1528,16,1381,2007,6,0,1,2.4,158000.0,4,1,2,1,0,14,2
13842,19757,0,36,582,2007,9,1,1,3.0,158000.0,6,0,2,1,0,12,0
13843,7527,0,58,416,2005,9,0,0,2.0,111111.0,4,0,0,1,1,14,6
13844,16935,1249,58,423,2017,9,1,5,2.5,127955.0,4,0,1,1,0,2,12
13845,13799,1017,23,1298,2017,4,1,4,2.0,342961.0,4,0,1,1,0,8,4
13846,76835,631,31,550,2015,4,1,1,3.0,438886.75,6,2,0,1,0,1,12
13850,1000,0,36,774,2014,9,1,5,3.7,438886.75,1,1,1,0,0,1,12
13851,19130,697,61,870,2015,9,1,5,1.8,42000.0,4,2,1,1,0,1,6
13852,706,574,21,858,2010,3,1,2,1.3,210758.0,4,0,1,1,0,12,0
13854,9408,0,21,235,2008,9,1,4,2.4,130000.0,4,2,2,1,0,1,10
13856,15053,1347,23,812,2008,7,1,1,2.5,63984.0,4,0,1,1,0,12,4
13857,11886,631,23,618,2011,9,1,5,1.6,438886.75,4,0,1,1,0,1,4
13859,18817,0,5,167,2006,9,1,5,3.7,111111.0,8,2,2,2,0,14,5
13862,14740,0,21,469,2008,9,0,5,2.0,154000.0,4,1,1,1,0,1,6
13863,1019,975,3,1160,2012,4,1,5,3.2,198744.0,6,0,0,1,0,14,12
13864,13172,0,41,1107,1999,4,1,4,3.3,106000.0,6,0,0,1,0,5,2
13865,31361,0,36,1333,2009,6,1,1,2.2,180000.0,4,1,2,1,0,1,2
13866,43905,0,5,1491,2011,4,1,1,3.0,263000.0,6,2,0,1,0,1,12
13869,20237,862,23,812,2011,10,1,1,2.5,247791.0,4,0,1,1,0,7,4
13871,23521,0,15,118,2018,3,1,5,1.4,0.0,4,3,1,0,0,1,12
13872,12858,586,58,1124,2012,3,0,2,1.8,160913.0,4,2,1,1,0,12,12
13873,40769,1058,32,1201,2012,4,1,5,3.5,140000.0,6,2,0,1,0,12,0
13874,17249,1024,16,646,2010,4,0,2,2.5,140000.0,4,0,0,1,0,14,0
13875,16308,0,61,870,2014,9,0,5,2.0,129600.0,4,1,1,1,0,14,0
13877,27065,707,23,1401,2011,4,1,1,2.0,137000.0,4,0,1,1,0,7,4
13878,63,0,21,669,2003,3,0,4,1.5,220000.0,4,3,1,1,1,1,4
13879,12544,1347,23,812,2008,7,1,1,2.5,150891.0,4,0,1,1,0,12,4
13881,2274,631,32,402,2011,3,1,2,1.8,438886.75,4,0,1,1,0,1,12
13882,19613,707,23,1401,2011,4,1,1,2.0,119194.0,4,0,1,1,0,7,4
13883,21103,650,23,232,2016,9,1,5,1.4,92000.0,4,0,1,1,0,14,4
13884,103491,0,58,918,2012,4,1,1,3.7,80000.0,8,2,0,1,0,7,12
13885,4077,1282,8,444,2007,4,1,1,2.0,59136.0,4,0,1,1,0,12,4
13887,9722,0,5,85,2003,9,0,5,2.5,218000.0,6,1,2,1,0,1,6
13888,18503,503,58,1141,2012,3,0,2,1.5,110000.0,4,0,1,1,0,13,12
13891,9722,0,43,58,2007,3,0,5,1.6,93000.0,4,2,1,1,0,2,4
13893,862,1399,58,825,2010,4,1,5,3.5,156645.0,6,0,1,1,0,7,12
13894,18817,779,58,423,2013,9,1,4,2.5,200000.0,4,2,1,1,0,14,6
13895,19444,585,58,1124,2013,3,0,2,1.8,137265.0,4,0,1,1,0,2,0
13896,26296,631,8,978,2013,9,1,5,2.0,438886.75,4,0,1,1,0,1,4
13897,39201,0,36,586,2012,9,1,1,3.0,222222.0,6,2,2,1,0,7,16
13898,7527,631,21,858,2010,9,0,2,1.3,438886.75,4,3,1,1,0,1,8
13899,25,0,21,669,2006,3,0,5,1.3,168000.0,4,0,1,1,1,14,4
13900,21012,0,58,423,2011,9,0,5,2.5,154000.0,4,2,1,1,0,11,8
13901,78403,631,36,761,2018,9,1,5,2.0,438886.75,6,2,2,1,0,1,12
13902,10349,891,23,1298,2016,9,1,4,2.0,384607.0,4,0,1,1,0,8,4
13903,19757,0,28,1049,2014,9,0,2,2.4,0.0,4,2,1,1,0,2,12
13904,12544,631,42,262,2008,3,0,1,1.7,438886.75,4,1,1,1,0,1,8
13905,8000,1111,58,1457,2012,3,0,5,1.3,105000.0,3,3,0,1,1,14,2
13906,9408,631,36,315,2005,9,1,5,1.8,438886.75,4,0,2,1,0,1,8
13907,7213,0,21,669,2006,9,0,5,1.3,280900.0,4,2,1,1,1,1,2
13908,17249,0,36,972,2002,4,1,5,3.7,24968.0,8,2,0,1,0,12,12
13909,28225,0,58,830,2010,4,1,2,3.3,317096.0,6,0,0,1,0,1,0
13912,10192,0,5,85,2004,1,1,5,2.5,142000.0,6,1,2,0,0,1,6
13913,26657,765,5,144,2015,9,1,5,2.0,116691.0,4,0,0,1,0,1,0
13914,12701,917,5,154,2013,9,1,2,3.0,195941.0,6,0,2,1,0,1,12
13915,17562,0,16,646,2007,4,0,2,2.3,170000.0,4,0,0,1,0,13,12
13916,14737,640,28,1049,2013,9,1,5,2.0,42563.0,4,0,1,1,0,1,4
13917,15053,891,35,994,2016,9,0,5,2.0,70194.0,4,0,1,1,0,1,8
13918,67690,1053,58,825,2014,4,1,5,3.5,115000.0,6,2,0,1,0,14,12
13919,10036,639,23,1298,2014,9,1,4,2.0,438886.75,4,0,1,1,0,12,4
13921,6272,0,21,469,2003,9,0,5,1.5,2400.0,6,0,1,1,1,7,4
13922,42965,1356,36,753,2014,4,1,5,3.7,201634.0,8,0,0,1,0,12,12
13923,11604,0,36,755,2005,9,1,5,3.7,0.0,8,2,2,1,0,1,8
13924,17249,631,23,618,2014,9,0,5,1.8,438886.75,4,0,1,1,0,1,0
13925,9408,1325,35,3,2019,9,1,5,2.5,498.0,4,0,1,1,0,14,12
13926,10976,1266,21,671,2014,3,0,2,1.5,128000.0,4,0,0,1,1,12,4
13927,11917,0,53,1039,2009,3,0,5,1.6,21900.0,6,1,1,1,0,12,4
13928,19757,0,53,1040,2011,10,0,5,1.8,200000.0,4,1,0,1,0,12,12
13930,23521,0,27,483,2011,4,0,4,2.4,104000.0,4,0,0,1,0,7,10
13932,18817,0,5,148,2006,9,1,5,3.0,190000.0,6,0,2,1,0,1,12
13933,10036,0,5,71,2000,9,0,5,2.2,200000.0,6,2,2,1,0,12,6
13934,12544,586,8,1316,2012,3,0,5,1.8,130000.0,4,1,1,1,0,8,10
13936,16900,1141,21,635,2009,10,0,5,2.4,150000.0,4,0,0,1,0,12,8
13937,3763,0,36,23,1998,10,0,5,2.0,200000.0,4,1,2,1,0,1,2
13938,42337,1079,58,364,2018,4,0,5,2.0,9280.0,4,0,1,1,0,1,8
13943,36899,1091,23,812,2016,7,1,1,2.5,90132.0,4,0,1,1,0,12,4
13944,47217,765,23,1270,2015,4,1,1,2.0,110000.0,4,0,1,1,0,7,4
13946,3293,891,32,1189,2016,1,1,5,2.0,66776.0,4,0,2,0,0,14,12
13948,14831,382,58,251,2017,3,1,2,1.5,154629.0,4,0,1,1,0,14,4
13949,15053,779,61,1090,2013,9,1,5,2.5,80000.0,4,2,1,1,0,2,8
13950,15988,447,21,669,2013,3,1,5,1.3,88830.0,4,0,1,1,0,1,4
13952,44134,631,54,1192,2013,4,1,1,2.0,438886.75,4,0,1,1,0,1,4
13954,119009,631,16,667,2017,9,1,5,2.7,438886.75,4,0,1,1,0,1,4
13956,5959,0,42,262,2000,1,1,5,2.0,1600.0,4,1,1,0,0,7,4
13957,21012,0,58,440,2012,9,0,5,2.5,12000.0,4,2,1,1,0,1,8
13960,11760,915,3,1160,2014,9,1,1,3.0,66661.0,6,0,0,1,0,7,0
13961,45,0,58,1124,2012,3,0,2,1.8,100000.0,4,0,1,1,0,14,12
13962,28225,934,58,1179,2015,4,1,5,2.5,89786.0,4,0,0,1,0,12,0
13963,7527,0,36,308,1996,9,0,5,2.0,150000.0,4,1,2,1,0,2,2
13965,9408,0,41,1476,2000,4,0,0,3.3,150000.0,6,0,0,1,0,12,4
13966,941,642,61,870,2012,9,1,1,2.0,141438.0,4,0,1,1,0,1,12
13967,7997,631,41,1037,2007,3,0,5,1.5,438886.75,4,0,2,1,1,1,4
13968,27654,528,23,618,2014,9,1,5,1.6,86000.0,4,0,1,1,0,14,4
13969,1568,781,8,523,2018,9,1,5,1.4,95219.0,4,0,1,1,0,1,12
13970,77148,0,36,758,2017,4,0,5,2.0,9000.0,4,0,0,1,0,14,6
13971,4861,891,35,14,2016,9,1,5,2.0,125165.0,4,0,1,1,0,11,12
13972,9095,1529,5,66,1995,1,1,5,1.8,61000.0,4,1,2,0,0,1,2
13973,64290,3965,16,1024,1965,1,1,5,3.7,1142.0,8,0,2,0,0,11,12
13974,11604,521,15,116,2011,1,1,5,1.4,152848.0,4,1,1,0,0,2,6
13975,30906,503,58,251,2012,3,1,5,1.5,41620.0,4,0,1,1,0,15,4
13976,21012,0,58,1179,2012,4,0,1,2.2,285000.0,4,1,1,1,0,14,6
13977,40,0,58,921,2008,4,1,4,3.7,150000.0,8,0,0,1,0,7,0
13978,9722,702,8,287,2009,3,0,5,1.4,99500.0,4,1,1,1,0,1,8
13979,29166,0,36,560,2009,9,1,1,2.2,198000.0,4,0,2,1,0,1,8
13980,36968,631,23,812,2014,7,1,1,2.5,438886.75,4,0,1,1,0,1,4
13981,6586,1055,58,825,2013,4,1,5,3.5,214480.0,6,0,1,1,0,14,12
13982,16935,0,21,858,2011,9,1,2,1.3,155000.0,4,3,1,1,0,11,8
13983,34497,0,32,846,2011,0,1,5,3.5,144000.0,6,2,2,0,0,1,8
13984,65858,0,58,280,2017,9,1,2,2.5,36800.0,4,2,1,1,0,1,12
13985,21395,629,8,1060,2015,4,1,1,1.6,138541.0,4,0,1,1,0,12,4
13986,7213,1282,8,444,2007,4,1,1,2.0,71294.0,4,0,1,1,0,14,4
13987,13172,0,36,295,2006,3,1,5,2.0,161000.0,4,3,1,1,0,12,8
13988,19130,631,16,693,2018,3,0,5,1.6,438886.75,4,0,1,1,0,1,4
13989,9722,761,58,1124,2010,9,0,2,1.8,260000.0,4,0,1,1,0,12,6
13990,13987,640,8,523,2013,9,1,1,2.0,184124.0,4,0,1,1,0,1,4
13991,26657,0,58,1179,2012,4,0,5,2.5,198400.0,4,0,0,1,0,6,10
13992,7840,707,23,1298,2011,9,1,4,2.0,75507.0,4,0,1,1,0,12,4
13993,862,1360,36,753,2013,4,1,5,3.7,119635.0,8,0,0,1,0,12,12
13994,11604,0,39,1077,1997,4,0,5,3.5,120000.0,4,2,0,0,1,12,2
13995,6115,0,36,378,1999,9,1,5,2.0,254000.0,4,1,2,1,0,12,6
13997,38574,0,5,944,2006,9,1,5,3.7,70000.0,10,2,2,1,0,1,12
13998,9565,978,58,492,2019,9,1,5,1.8,6032.0,4,0,1,1,0,2,12
13999,68994,0,36,961,2012,4,1,1,3.0,123000.0,6,2,0,1,0,1,12
14000,19914,431,23,1298,2016,9,1,2,2.0,251768.0,4,0,1,1,0,14,4
14001,8467,0,21,469,2004,3,0,4,1.7,150000.0,4,3,1,1,1,5,4
14002,627,562,8,523,2015,9,1,5,1.4,0.0,4,0,1,1,0,12,12
14005,3600,0,46,1006,2001,9,0,5,1.4,212000.0,4,1,1,1,0,12,6
14006,41917,694,23,1270,2014,4,1,1,2.2,188679.0,4,0,1,1,0,14,4
14007,22894,781,58,434,2012,9,1,2,2.5,169600.0,4,0,1,1,0,1,12
14008,10036,0,41,1280,2003,7,0,4,2.0,125745.0,4,0,1,1,1,14,4
14010,21442,707,23,788,2011,1,1,5,2.0,134000.0,4,0,1,1,0,1,4
14012,90947,0,58,921,2017,4,0,1,3.0,33000.0,6,2,0,1,0,7,12
14013,31361,639,28,1049,2014,9,1,5,2.0,86000.0,4,0,1,1,0,14,12
14015,26657,394,58,423,2014,9,1,2,2.5,85000.0,4,2,1,1,0,14,12
14016,24029,640,54,902,2013,4,1,1,2.0,115701.0,4,0,1,1,0,8,4
14017,17876,1211,36,335,2010,9,1,5,3.0,11000.0,6,2,0,1,0,14,12
14018,37564,765,23,1270,2015,4,1,1,2.0,150000.0,4,0,1,1,0,2,4
14019,30734,631,36,322,2013,9,1,5,1.8,438886.75,4,2,2,1,0,1,12
14020,16778,1024,58,423,2010,9,0,5,2.5,224000.0,8,2,1,1,0,14,12
14021,8355,631,11,909,2010,9,1,5,1.8,438886.75,4,0,1,1,0,1,4
14022,11290,0,21,1344,2005,7,0,4,2.0,162000.0,4,0,0,2,1,0,2
14024,8154,640,28,1049,2013,9,1,5,2.0,56129.0,4,0,1,1,0,14,4
14025,9377,0,36,308,2001,9,0,5,2.0,210000.0,4,1,1,1,0,2,0
14026,7683,0,36,958,1998,4,1,0,3.2,196137.0,6,2,0,1,0,6,5
14028,2822,631,5,134,1990,9,0,5,2.0,438886.75,6,1,2,1,0,1,2
14029,21169,639,23,1401,2014,4,1,1,2.0,38955.0,4,0,1,1,0,12,4
14031,9722,0,36,582,2001,9,1,5,3.2,218000.0,6,2,2,1,0,1,8
14033,3293,1273,58,280,2015,9,1,5,3.5,237178.0,6,0,1,1,0,2,12
14034,549,631,35,412,2011,9,1,5,3.7,438886.75,6,0,0,1,0,1,12
14036,14113,0,58,1124,2008,9,0,5,1.5,142400.0,4,0,1,1,0,2,8
14037,60897,690,21,469,2016,9,1,5,1.5,25439.0,4,0,1,1,0,7,4
14039,18817,586,58,1124,2012,9,0,2,1.8,60000.0,4,3,1,1,0,1,0
14040,23129,639,23,1401,2014,4,1,1,2.0,191826.0,4,0,1,1,0,12,4
14043,17249,0,41,1107,2005,4,0,5,3.7,272000.0,8,2,0,1,0,14,8
14044,15053,0,36,331,2006,9,1,5,3.0,135000.0,6,2,0,1,0,1,10
14046,9722,765,23,1298,2015,9,1,4,2.0,386257.0,4,0,1,1,0,8,4
14047,5645,0,61,870,2000,9,1,5,2.0,129600.0,4,0,1,1,0,1,4
14048,22580,475,8,1461,2012,9,1,6,1.4,140000.0,4,0,1,1,0,4,12
14049,14279,631,23,1298,2016,9,1,4,2.0,438886.75,4,0,1,1,0,1,4
14050,29489,831,8,287,2017,9,1,5,1.6,47504.0,4,0,1,1,0,14,4
14051,57507,1017,21,469,2017,1,1,5,2.0,16352.0,4,0,1,1,0,12,4
14053,14113,475,8,523,2012,9,0,5,1.4,100280.0,4,2,1,1,0,14,8
14054,37633,402,28,1034,2017,4,0,2,1.6,65000.0,4,0,0,1,0,14,12
14055,48610,0,36,1326,2008,6,1,1,2.2,300000.0,4,2,2,1,0,14,6
14057,22894,779,58,280,2013,9,1,2,2.5,320899.0,4,0,1,1,0,12,12
14058,8154,0,42,1536,1999,7,0,5,1.8,240000.0,4,1,1,1,0,12,4
14059,5645,0,35,545,2005,9,0,5,1.3,169000.0,4,0,0,1,1,0,4
14061,25000,0,58,112,2006,4,0,0,3.7,155000.0,6,0,0,1,0,1,10
14062,188,831,23,1298,2011,9,1,5,2.4,233938.0,4,0,1,1,0,1,12
14063,13799,631,58,1124,2008,3,0,2,1.5,438886.75,4,0,1,1,0,1,8
14064,11604,761,58,1124,2010,3,1,2,1.8,155126.0,4,0,1,1,0,5,8
14065,3763,0,61,794,1996,9,0,5,2.0,0.0,4,1,1,1,0,12,0
14067,10192,1869,6,639,2019,9,1,5,3.6,25706.0,6,0,0,1,0,1,12
14068,30420,631,61,1368,2013,4,0,5,2.0,438886.75,4,0,0,1,0,1,12
14070,706,631,36,586,2010,9,1,1,3.5,438886.75,6,0,0,1,0,1,12
14071,11290,586,32,402,2012,3,1,2,1.8,146000.0,4,0,1,1,0,14,12
14072,12231,586,32,402,2012,3,1,2,1.8,136194.0,4,2,1,1,0,12,12
14073,9722,631,3,209,2003,1,0,1,2.0,438886.75,4,1,1,0,0,1,4
14074,15053,0,58,1124,2010,3,1,4,1.8,260000.0,4,2,1,1,0,1,10
14075,36,0,16,646,2007,4,0,2,2.3,260000.0,4,0,0,1,0,14,8
14077,14740,0,36,958,2000,4,1,4,3.2,165500.0,6,2,0,1,0,1,8
14079,6586,0,11,989,2010,3,0,5,0.8,128800.0,3,1,1,1,0,1,0
14080,188,585,58,1124,2013,3,1,2,1.8,101552.0,4,0,1,1,0,2,12
14081,17249,0,23,618,2011,9,0,5,1.8,74900.0,4,0,1,1,0,1,10
14082,13799,753,23,1298,2012,9,0,5,2.4,142000.0,4,2,1,1,0,13,12
14083,19130,697,58,1124,2015,3,0,5,1.8,98483.0,4,0,1,1,0,14,8
14084,28225,501,58,251,2014,3,1,5,1.5,56000.0,4,0,1,1,0,1,4
14085,11613,1750,23,788,2008,9,1,5,3.3,140100.0,4,0,1,1,0,1,4
14086,15681,0,36,582,2003,9,1,1,3.2,300000.0,6,2,2,1,0,12,8
14087,18500,730,28,1194,2016,9,0,5,1.6,53000.0,4,2,1,1,0,12,10
14088,16621,0,21,512,2004,4,0,5,2.4,175000.0,4,0,0,1,0,7,0
14089,706,585,23,618,2013,9,1,5,1.8,133363.0,4,0,1,1,0,12,12
14091,6899,631,42,1416,1998,9,0,5,1.6,438886.75,4,1,1,1,0,1,2
14092,91775,1714,16,661,2017,4,1,5,3.5,52029.0,4,0,1,1,0,14,4
14093,4077,474,15,116,2013,9,1,5,1.4,61650.0,4,0,1,1,0,1,12
14095,14113,0,39,1077,1996,4,0,0,3.5,186000.0,6,0,0,0,1,2,4
14096,42337,639,5,144,2014,9,1,5,2.0,10000.0,12,0,2,1,0,14,12
14098,9252,765,23,1298,2015,9,1,4,2.0,438886.75,4,0,1,1,0,8,4
14099,27770,631,8,444,2014,4,1,1,2.0,438886.75,4,0,1,1,0,1,4
14100,14959,836,23,1298,2010,9,1,5,2.0,127347.0,4,0,1,1,0,1,4
14101,14426,1024,55,706,2010,4,0,5,2.5,275200.0,4,0,0,1,0,14,6
14102,27284,0,36,1445,2007,7,0,1,2.2,26000.0,4,0,2,1,0,14,2
14103,56513,891,23,1270,2016,4,1,1,2.0,89316.0,4,0,1,1,0,1,4
14104,1568,631,36,586,2011,1,1,1,3.5,438886.75,6,0,2,0,0,1,12
14105,18503,761,58,1124,2010,9,1,2,1.8,160000.0,4,3,1,1,0,7,8
14106,2200,0,60,33,1997,9,0,1,1.9,0.0,4,1,1,1,0,6,2
14107,2500,0,42,1416,1993,9,0,5,1.6,1000.0,4,1,1,1,0,2,4
14108,19817,0,21,858,2013,1,0,2,1.3,126000.0,4,0,1,1,0,2,8
14109,31047,1399,36,586,2010,9,1,5,3.5,85000.0,6,2,2,1,0,1,12
14110,47669,0,58,364,2018,4,0,5,2.0,25000.0,4,2,1,1,0,7,8
14111,28212,707,54,1192,2011,4,1,1,2.0,100959.0,4,0,1,1,0,1,4
14112,19306,503,58,251,2012,3,1,5,1.5,68000.0,4,0,1,1,0,2,4
14113,19444,530,23,631,2013,3,1,1,1.6,122000.0,4,2,1,1,0,14,6
14114,38894,770,23,1401,2016,4,1,1,1.7,96618.0,4,0,1,1,0,7,4
14119,1568,0,60,36,1990,3,0,5,1.6,350000.0,4,1,1,1,0,7,11
14120,18240,631,23,618,2011,9,1,5,1.6,438886.75,4,0,1,1,0,1,4
14122,35124,2909,58,1406,2019,8,1,5,3.7,34059.0,8,0,2,1,0,12,12
14123,7806,687,11,909,2010,9,1,1,1.6,219822.0,4,0,1,1,0,14,4
14124,42171,501,58,251,2014,3,1,5,1.5,38161.0,4,0,1,1,0,1,4
14125,16151,623,28,461,2015,9,1,1,1.6,40523.0,4,0,1,1,0,1,4
14126,13877,631,8,978,2013,9,1,5,2.4,438886.75,4,0,1,1,0,1,4
14128,18503,730,23,618,2016,9,1,4,1.6,30312.0,4,0,1,1,0,7,4
14131,16004,890,28,1049,2016,9,1,5,2.0,43618.0,4,0,1,1,0,12,4
14132,45473,0,5,1511,2009,4,1,5,3.0,170000.0,6,2,0,1,0,2,10
14133,13485,0,5,1487,2004,4,1,5,2.5,164000.0,6,2,0,1,0,1,8
14134,26657,0,23,618,2016,9,0,5,2.0,438886.75,4,2,1,1,0,14,12
14135,17249,0,16,693,2017,3,0,5,1.6,52000.0,4,0,1,1,0,1,8
14136,20385,0,58,1142,2012,3,0,5,1.8,210000.0,4,0,1,1,0,14,0
14137,1725,924,61,1090,2017,9,1,5,1.8,48579.0,4,0,1,1,0,11,12
14139,39389,639,23,1270,2014,4,1,1,2.0,80186.0,4,0,1,1,0,2,4
14140,1019,1203,8,420,2011,1,1,5,3.6,166318.0,6,0,2,0,0,7,12
14141,19946,528,23,618,2014,9,1,5,1.6,58317.0,4,0,1,1,0,1,4
14142,314,753,23,1298,2012,9,1,5,2.4,323883.0,4,0,1,1,0,2,12
14143,39201,0,36,603,2010,1,1,5,3.7,67000.0,12,2,2,0,0,14,12
14145,9722,0,58,1212,2007,9,0,5,1.5,116800.0,4,2,1,1,1,3,2
14146,12000,0,41,1171,2003,7,0,5,3.5,170000.0,6,0,1,1,0,13,0
14147,52991,891,23,1270,2016,4,1,1,2.0,136663.0,4,0,1,1,0,1,4
14148,3293,475,8,1461,2012,3,1,2,1.4,126419.0,4,0,1,1,0,12,12
14149,9408,1236,21,680,2011,3,0,2,1.3,151000.0,4,2,1,1,1,2,2
14151,129521,1493,36,763,2016,4,1,5,3.5,78400.0,6,2,0,1,0,7,12
14152,34497,934,58,1179,2015,9,0,5,2.5,74000.0,4,0,1,1,0,7,0
14153,9408,0,39,611,2003,1,1,5,3.0,0.0,6,1,1,0,0,7,6
14154,60,0,58,1124,2012,3,1,2,1.8,100000.0,4,0,1,1,0,12,12
14155,15053,765,23,1298,2015,9,1,4,2.0,269972.0,4,0,1,1,0,12,4
14157,19130,0,27,804,2005,4,1,4,3.7,2034.0,8,0,0,1,0,1,12
14158,27065,640,54,1192,2013,4,1,1,2.0,181796.0,4,0,1,1,0,1,4
14159,2650,0,42,1416,1995,9,0,5,1.8,284018.0,4,1,1,1,0,7,2
14161,18817,891,16,697,2016,3,1,5,2.0,74000.0,4,2,1,1,0,1,12
14162,10976,0,36,305,1998,9,0,5,1.8,140000.0,4,0,2,1,0,12,4
14164,14426,0,61,870,2010,9,1,5,2.5,130400.0,5,2,1,1,0,14,8
14165,470,1018,5,154,2011,9,1,5,3.0,249147.0,6,0,0,1,0,2,12
14166,9722,0,56,1350,2006,9,1,5,1.5,130000.0,4,0,1,1,1,14,2
14167,16308,687,23,618,2010,9,1,5,1.6,57559.0,4,0,1,1,0,14,4
14169,3293,780,8,523,2019,9,1,5,1.4,20040.0,4,0,1,1,0,12,12
14170,13485,751,23,1298,2013,9,1,2,2.4,96165.0,4,0,1,1,0,2,8
14171,47042,1055,32,777,2013,9,1,5,3.5,94000.0,6,2,0,1,0,3,8
14172,8154,1111,21,669,2012,10,0,2,1.3,116000.0,4,3,1,1,1,14,2
14173,24462,505,5,147,2018,9,1,2,2.0,45525.0,4,0,2,1,0,7,12
14174,39891,694,23,1270,2014,4,1,1,2.2,81000.0,4,0,1,1,0,12,4
14175,20385,0,36,734,1987,4,0,1,2.2,243567.0,4,1,0,1,0,1,0
14177,18189,0,27,804,2007,4,1,0,3.7,208000.0,6,2,0,1,0,1,8
14181,99440,1156,16,661,2017,4,1,5,2.3,44643.0,4,0,1,1,0,1,4
14182,11760,631,54,1192,2011,4,1,1,2.7,438886.75,4,0,1,1,0,1,4
14184,40,0,61,801,1993,9,0,5,2.0,111111.0,4,1,1,1,0,10,2
14185,706,631,16,722,2016,9,1,5,2.5,438886.75,4,0,1,1,0,1,12
14187,5331,0,42,262,2000,1,0,5,1.6,0.0,4,1,1,0,0,2,6
14189,52665,1017,23,1270,2017,4,1,1,2.0,113195.0,4,0,1,1,0,2,4
14191,17249,900,23,1298,2015,9,1,5,2.4,68728.0,4,0,1,1,0,11,0
14193,106627,0,32,908,2013,4,1,5,3.7,198600.0,8,2,0,1,0,1,12
14194,18826,530,23,618,2013,9,1,5,1.6,88694.0,4,0,1,1,0,12,4
14195,24123,1099,54,1192,2010,4,1,1,2.7,113724.0,4,0,1,1,0,1,4
14197,9095,0,21,834,2000,4,0,5,1.6,181000.0,4,3,0,1,1,12,2
14200,12083,862,23,812,2011,4,1,1,2.5,43224.0,4,0,1,1,0,2,4
14201,15053,528,16,646,2014,4,0,5,1.6,0.0,4,0,0,1,0,2,0
14203,282,639,5,88,2014,9,1,5,2.0,181659.0,4,0,0,1,0,1,12
14204,1960,584,41,1278,2014,9,1,5,1.8,81587.0,4,0,1,1,0,7,12
14206,12544,1246,16,646,2008,4,1,2,2.3,156000.0,4,0,0,1,0,6,6
14207,1960,585,23,618,2013,9,1,5,1.8,177590.0,4,0,1,1,0,7,12
14208,14897,1249,58,1179,2017,4,1,5,2.5,56893.0,4,0,1,1,0,11,12
14211,3136,639,23,618,2014,9,1,5,2.0,104085.0,4,0,1,1,0,12,12
14213,37799,777,23,812,2014,7,1,1,2.5,77850.0,4,0,1,1,0,1,4
14214,862,631,8,1461,2014,4,1,2,1.4,438886.75,4,0,1,1,0,1,0
14215,13799,0,58,1124,2008,3,1,2,1.5,137000.0,4,0,1,1,0,5,6
14218,314,2070,58,112,2018,4,1,5,3.7,0.0,6,0,1,1,0,1,12
14219,6115,0,42,262,1999,2,0,1,2.0,400000.0,4,1,1,1,0,12,4
14220,4500,0,42,1421,1999,9,0,5,1.8,1000.0,4,1,1,1,0,7,4
14221,4600,0,5,144,1996,9,1,5,2.8,0.0,6,1,2,1,0,12,4
14222,10976,1185,16,646,2009,4,1,2,2.5,184000.0,4,0,1,1,0,7,12
14223,862,751,23,1298,2013,9,1,5,2.4,175790.0,4,0,1,1,0,2,12
14224,31361,0,58,423,2015,9,1,2,2.5,163000.0,6,0,1,1,0,14,0
14225,34836,770,23,1401,2016,4,1,1,1.7,106553.0,4,0,1,1,0,14,4
14226,31675,1018,5,1498,2011,4,1,1,3.0,205717.0,6,2,0,1,0,7,12
14228,5645,631,28,1049,2013,9,1,2,2.4,438886.75,4,0,1,1,0,1,12
14229,50178,1714,58,1284,2017,7,0,5,3.5,75000.0,6,0,1,1,0,5,0
14231,12027,502,21,669,2013,3,1,5,1.5,113000.0,4,0,1,1,0,14,4
14233,15367,475,8,523,2012,9,1,5,1.4,61100.0,4,2,1,1,0,11,12
14234,14021,0,16,697,2011,3,1,5,2.0,130000.0,4,0,1,1,0,11,8
14235,17562,0,58,1124,2009,3,1,2,1.8,438886.75,4,3,1,1,0,14,8
14236,14500,0,45,454,2004,4,1,5,3.7,315430.0,8,0,0,1,0,1,0
14237,1019,1275,27,466,2019,9,1,5,2.4,24805.0,4,0,1,1,0,12,12
14238,9565,1091,58,1179,2016,4,1,5,2.5,60677.0,4,0,1,1,0,7,12
14239,27889,707,54,1192,2011,4,1,1,2.0,138000.0,4,0,1,1,0,12,4
14241,21012,751,58,423,2013,9,1,5,2.4,77182.0,4,0,1,1,0,7,8
14242,2117,631,61,779,2015,3,1,5,0.4999999999999998,438886.75,4,0,1,1,0,1,12
14243,15053,765,23,1298,2015,9,1,4,2.0,309174.0,4,0,1,1,0,12,4
14244,12548,308,21,669,2015,3,1,2,1.5,98937.0,4,0,1,1,0,14,4
14245,27162,730,8,1060,2016,4,1,1,1.6,118365.0,4,0,1,1,0,14,4
14246,784,631,5,1491,2013,9,1,1,3.0,438886.75,6,0,0,1,0,1,0
14247,1333,779,61,1090,2013,9,1,5,2.5,138355.0,5,0,1,1,0,7,12
14248,6500,874,61,1408,2013,3,0,5,1.0,14300.0,3,2,1,1,1,14,2
14250,17923,707,23,1270,2011,4,1,1,2.0,172000.0,4,0,1,1,0,14,4
14252,31361,394,58,280,2014,9,1,2,2.5,144000.0,4,0,1,1,0,1,12
14253,42337,639,5,144,2014,9,1,5,2.0,144000.0,4,2,2,1,0,14,12
14254,5802,790,11,909,2009,9,1,5,1.6,84818.0,4,0,1,1,0,2,4
14255,113025,518,32,1030,2016,4,1,2,2.5,32040.0,4,0,1,1,0,14,4
14256,28000,0,58,364,2018,4,1,5,1.8,12987.0,5,2,1,2,0,2,12
14259,45473,1588,58,832,2007,4,0,1,2.5,212001.0,4,1,0,1,0,12,6
14260,50,0,58,1124,2012,3,0,2,1.8,120000.0,4,0,1,1,0,14,8
14261,21975,707,23,1401,2011,4,1,1,2.0,193873.0,4,0,1,1,0,14,4
14262,2274,777,58,423,2014,9,1,5,2.5,53675.0,4,0,1,1,0,12,12
14264,24148,777,55,706,2014,4,0,5,2.5,55000.0,4,0,0,1,0,1,12
14265,69807,831,21,469,2018,9,1,5,1.5,22237.0,4,0,1,1,0,1,4
14266,8781,631,36,313,2000,9,0,1,2.2,438886.75,4,0,2,1,0,1,8
14267,20385,631,39,1069,2011,4,0,5,2.0,438886.75,4,0,0,1,0,1,10
14269,18189,0,33,1032,2006,4,1,5,3.7,6000.0,8,2,0,1,0,14,10
14271,6743,1079,26,604,2018,4,1,5,2.0,10782.0,4,0,0,1,0,14,12
14273,28000,1017,5,137,2017,9,1,1,2.0,48578.0,4,0,1,2,0,13,12
14274,1490,831,23,1298,2011,9,1,2,2.4,202637.0,4,0,1,1,0,1,0
14276,29166,0,23,618,2017,9,1,5,2.0,33100.0,4,0,1,1,0,2,6
14278,20698,831,23,618,2017,9,1,4,1.6,120000.0,4,0,1,1,0,12,4
14279,15053,584,23,618,2014,9,0,5,1.8,83000.0,4,0,1,1,0,1,6
14281,21639,0,16,722,2015,9,0,5,2.5,174400.0,4,0,1,1,0,14,12
14282,39201,0,16,1024,2015,1,1,5,2.3,80000.0,6,2,2,0,0,1,10
14283,10036,1110,21,669,2013,3,0,2,1.3,101000.0,4,0,1,1,1,12,4
14284,20385,631,58,1124,2013,9,0,2,1.8,438886.75,4,0,1,1,0,1,0
14286,53188,930,23,1401,2018,4,1,1,1.7,17101.0,4,0,1,1,0,14,4
14287,26657,915,5,154,2014,9,1,5,3.0,170000.0,6,0,0,1,0,1,12
14288,8467,0,60,33,1999,9,0,5,1.6,438886.75,4,1,2,1,0,4,0
14289,10976,562,8,523,2015,9,0,5,1.4,76800.0,4,2,1,1,0,1,10
14290,627,1624,58,825,2009,9,1,2,3.5,297378.0,6,0,0,1,0,1,12
14292,25716,0,5,1491,2008,4,1,5,3.0,160000.0,6,2,0,1,0,0,6
14293,31204,764,28,1049,2016,9,1,1,1.7,30574.0,4,0,1,1,0,14,4
14294,251,345,58,1124,2016,3,1,2,1.5,296104.0,4,0,1,1,0,1,12
14295,10976,0,16,1381,2001,6,0,1,2.0,230000.0,4,1,1,1,0,14,2
14297,31361,0,56,1269,1982,4,0,5,0.8,29500.0,3,1,0,0,0,2,1
14298,13485,0,42,270,2007,2,0,1,1.7,260000.0,4,1,1,1,0,12,8
14299,6899,0,42,262,1999,3,0,0,1.6,180000.0,4,1,1,1,0,12,6
14300,15053,0,61,870,2011,9,1,5,2.5,188800.0,5,2,1,1,0,2,0
14302,11992,761,8,909,2010,9,1,5,1.8,147398.0,4,0,1,1,0,7,4
14304,22580,0,35,998,2013,9,1,5,2.5,135000.0,4,2,1,1,0,11,6
14305,549,765,36,332,2015,9,1,5,2.0,54549.0,4,0,2,1,0,2,12
14306,7213,0,36,331,1999,10,0,5,2.8,248592.0,6,0,2,1,0,12,8
14307,5331,0,36,204,2002,3,1,5,1.9,123000.0,4,0,1,1,1,1,6
14309,13485,878,58,1124,2009,3,0,2,1.8,167219.0,4,0,1,1,0,14,8
14311,4077,751,23,1298,2013,9,1,5,2.4,104557.0,4,0,1,1,0,7,12
14313,9408,1413,21,669,2011,3,0,5,1.5,39333.0,4,3,1,1,1,12,8
14314,19444,642,28,1049,2012,9,1,5,2.0,67000.0,4,2,1,1,0,2,12
14316,12858,0,21,669,2013,3,0,2,1.3,145000.0,4,0,1,1,1,14,4
14317,23521,919,5,182,2012,9,1,5,3.0,140096.0,6,2,2,1,0,1,12
14319,2195,934,58,423,2015,9,1,5,2.5,106989.0,4,0,1,1,0,1,12
14320,10976,0,5,940,2006,3,0,1,1.9,136000.0,4,1,2,1,0,12,6
14323,39226,1017,23,1401,2017,4,1,1,2.0,133808.0,4,0,1,1,0,12,4
14324,33908,639,23,1270,2014,4,1,1,2.0,175126.0,4,0,1,1,0,7,4
14326,12231,878,58,1124,2009,9,1,2,1.8,138942.0,4,0,1,1,0,11,8
14328,13172,779,61,794,2013,9,0,5,2.5,103000.0,4,2,1,1,0,1,12
14329,42052,891,23,1270,2016,4,1,1,2.0,113588.0,4,0,1,1,0,2,4
14330,10976,521,8,523,2011,9,0,5,1.4,131200.0,4,0,1,1,0,11,6
14331,26657,631,36,394,2005,9,1,5,3.7,438886.75,8,2,2,1,0,1,9
14332,9722,765,23,1298,2015,9,1,4,2.0,438886.75,4,0,1,1,0,8,4
14333,22063,836,23,1401,2010,4,1,1,2.0,167512.0,4,0,1,1,0,7,4
14336,7997,2566,16,1024,2018,4,1,5,3.7,39576.0,8,0,2,1,0,1,12
14339,9252,765,23,1298,2015,9,1,4,2.0,438886.75,4,0,1,1,0,8,4
14340,5175,1327,41,249,2018,9,1,5,2.5,147947.0,4,0,1,1,0,7,12
14342,2822,629,41,889,2015,4,1,5,1.6,103498.0,4,0,0,1,0,1,0
14343,75266,1017,32,1029,2017,4,1,5,2.0,24000.0,4,2,0,1,0,1,10
14344,5331,0,42,1417,1998,2,0,5,1.6,247000.0,4,1,1,1,0,6,4
14345,60,0,58,1412,2005,7,0,5,2.0,232000.0,4,0,0,1,1,5,4
14346,66799,1053,58,828,2014,4,1,5,3.5,130000.0,6,2,0,1,0,4,10
14347,23700,640,5,144,2013,9,1,5,2.0,71011.0,4,0,0,1,0,14,12
14349,17249,697,23,618,2015,9,0,5,1.8,104978.0,4,0,1,1,0,1,0
14350,2038,308,58,1124,2015,3,1,2,1.5,49562.0,4,0,1,1,0,8,12
14352,18189,456,32,606,2015,3,1,2,2.5,0.0,6,2,2,1,0,1,8
14353,9722,765,23,1298,2015,9,1,4,2.0,438886.75,4,0,1,1,0,8,4
14354,13015,562,8,1398,2015,4,0,5,1.4,90000.0,4,0,0,1,0,14,0
14355,13485,0,35,993,2009,1,0,1,1.6,161000.0,4,1,1,0,0,7,4
14357,15053,0,24,689,2003,4,1,5,3.5,140000.0,4,2,0,1,0,12,6
14358,18760,986,27,483,2010,4,1,5,2.4,116000.0,4,0,1,1,0,12,4
14360,21639,0,36,332,2008,9,1,5,3.0,110000.0,6,0,2,1,0,1,10
14361,8467,639,23,1298,2014,9,1,4,2.0,438886.75,4,0,1,1,0,8,4
14362,13485,0,36,1445,2002,7,1,1,2.2,280000.0,4,2,1,1,0,1,6
14363,470,631,58,825,2008,4,1,2,3.3,438886.75,6,0,0,1,0,1,12
14364,6743,1156,16,1024,2017,9,1,5,2.3,61653.0,4,0,2,1,0,1,12
14365,18189,586,23,632,2012,9,1,5,1.8,48000.0,4,2,1,1,0,1,12
14366,3400,0,42,1416,1991,9,0,0,2.0,362000.0,4,1,1,1,0,7,4
14367,23834,0,3,1160,2010,4,1,5,3.2,280000.0,6,2,0,1,0,14,12
14368,24618,697,21,836,2015,4,1,5,1.8,64269.0,4,0,1,1,0,7,0
14369,3293,1104,5,1491,2015,4,1,1,3.0,196614.0,6,0,0,1,0,1,0
14370,37633,631,36,753,2011,4,1,5,3.7,438886.75,8,0,0,1,0,1,10
14371,1098,1018,3,219,2011,9,1,5,3.0,0.0,6,0,0,1,0,12,12
14373,6899,645,21,469,2011,9,1,5,1.8,106000.0,4,0,1,1,0,1,8
14374,34980,765,23,1270,2015,4,1,1,2.0,143269.0,4,0,1,1,0,2,4
14375,8781,631,23,1298,2014,9,1,4,2.0,438886.75,4,0,1,1,0,1,4
14376,8467,986,13,417,2010,3,0,5,2.4,145600.0,4,1,1,1,0,1,6
14377,35,0,58,988,2005,9,1,5,1.5,50000.0,4,0,1,1,0,14,4
14378,8781,353,58,1124,2015,3,1,2,1.8,67074.0,4,0,1,1,0,14,12
14380,40456,505,28,1049,2018,9,0,2,2.0,18000.0,4,2,1,1,0,14,12
14384,2901,1621,23,1270,2017,4,1,5,3.3,87954.0,6,0,0,1,0,12,12
14385,2274,862,16,646,2011,4,1,2,2.5,168966.0,4,0,0,1,0,14,0
14386,44545,770,23,1401,2016,4,1,1,1.7,86000.0,4,0,1,1,0,14,4
14389,20,0,58,1124,2008,3,1,4,1.5,111111.0,4,0,1,1,0,14,8
14390,22266,585,58,1124,2013,3,1,2,1.8,142300.0,4,3,1,1,0,12,12
14391,45210,631,23,1401,2017,4,1,1,2.0,438886.75,4,0,1,1,0,1,4
14392,32302,0,5,88,2012,9,1,5,2.0,112000.0,4,2,2,1,0,1,12
14393,29075,749,27,483,2014,4,1,5,2.4,126627.0,4,0,1,1,0,3,4
14395,784,640,5,88,2013,9,1,5,2.0,189259.0,4,0,2,1,0,1,12
14396,12701,0,28,1116,2017,9,0,5,1.2,78000.0,4,1,1,1,0,12,4
14397,3607,585,23,618,2013,9,1,5,1.8,156326.0,4,0,1,1,0,7,12
14399,30734,0,36,958,2009,4,1,1,3.2,157000.0,6,2,0,1,0,12,12
14400,250,0,58,1124,2010,3,1,2,1.8,128000.0,4,0,1,1,0,14,12
14402,5645,0,36,308,1995,9,0,0,2.0,250000.0,4,1,2,1,0,2,4
14403,9879,915,36,961,2014,4,1,1,3.0,179054.0,6,0,0,1,0,14,12
14404,11604,1268,21,669,2012,3,0,2,1.5,76000.0,4,2,1,1,1,14,4
14405,8781,0,16,1381,1997,6,0,1,2.5,200000.0,4,1,2,0,0,7,2
14406,48566,831,58,251,2018,3,1,5,1.5,14570.0,4,0,1,1,0,1,4
14407,19444,0,23,1425,2015,3,1,5,1.6,116800.0,4,2,1,0,0,1,4
14408,20171,631,54,1192,2011,4,1,1,2.0,438886.75,4,0,1,1,0,1,4
14409,20385,779,58,434,2013,9,0,2,2.5,123932.0,4,0,1,1,0,7,8
14410,13799,0,58,1124,2009,3,1,2,1.8,200000.0,6,2,1,1,0,7,6
14412,2430,530,41,889,2013,4,1,5,1.6,129128.0,4,0,0,1,0,14,0
14413,2509,934,58,423,2015,9,1,5,2.5,111936.0,4,0,1,1,0,14,12
14414,13172,843,58,1124,2008,3,0,2,1.5,93000.0,4,0,1,1,0,12,12
14415,21953,781,58,423,2012,9,0,5,2.5,123546.0,4,0,1,1,0,12,0
14416,24148,528,41,889,2014,4,0,5,1.6,77000.0,4,2,1,1,0,14,12
14417,4500,631,61,794,2000,10,0,5,2.0,438886.75,4,0,1,1,1,1,4
14418,14113,490,21,858,2011,3,0,2,1.3,140000.0,4,0,1,1,0,2,10
14419,14897,584,61,880,2014,9,1,5,1.8,60000.0,4,0,1,1,0,12,8
14420,17249,631,61,870,2013,9,1,1,2.0,438886.75,4,1,1,1,0,1,6
14421,19416,707,23,1298,2011,9,1,5,2.0,151727.0,4,0,1,1,0,1,4
14423,21012,0,38,486,2014,10,1,5,1.6,88000.0,4,1,1,1,0,11,6
14424,7527,640,16,697,2013,3,0,5,2.0,179200.0,4,0,1,1,0,12,6
14425,17405,631,58,1124,2010,3,0,2,1.8,438886.75,4,2,1,1,0,1,6
14426,2352,503,21,669,2012,9,1,5,1.5,167158.0,4,0,1,1,0,7,0
14427,22947,836,54,237,2010,4,1,1,2.0,68493.0,4,0,1,1,0,1,4
14428,84675,0,3,244,2013,10,1,1,3.0,135000.0,6,2,0,1,0,3,8
14430,17876,584,23,618,2014,9,0,5,1.8,61579.0,4,2,1,1,0,7,12
14431,10349,585,58,1124,2013,9,0,5,1.8,149000.0,4,0,1,1,0,1,0
14433,13328,631,32,1208,2010,4,1,2,3.5,438886.75,6,0,0,1,0,1,12
14435,53000,0,16,1024,2015,0,0,5,3.7,63000.0,6,2,2,0,0,11,8
14436,13000,631,26,1520,2008,9,1,5,3.7,438886.75,6,2,2,1,0,1,0
14438,13485,0,21,637,2006,7,0,4,2.4,100000.0,4,0,1,1,1,1,6
14441,2901,631,13,285,2011,9,1,5,2.4,438886.75,4,0,1,1,0,1,12
14442,37580,631,23,1270,2016,4,1,1,2.0,438886.75,4,0,1,1,0,1,4
14443,8781,0,36,560,2001,9,0,1,2.2,295000.0,4,1,2,1,0,12,6
14445,13799,308,16,345,2014,3,0,2,1.8,0.0,4,0,1,1,0,14,0
14447,10349,0,55,706,2002,10,0,4,2.0,192000.0,4,2,0,1,1,14,6
14448,5959,1047,23,618,2007,9,1,1,1.6,48606.0,4,0,1,1,0,1,4
14449,10349,0,41,1477,2004,4,1,0,2.0,125000.0,4,0,1,1,0,12,4
14450,16411,836,23,1298,2010,9,1,5,2.0,201546.0,4,0,1,1,0,7,4
14451,13485,1268,58,259,2012,3,0,2,1.5,134000.0,4,0,1,1,1,12,6
14452,3763,0,42,1416,1995,3,0,5,1.8,245000.0,4,1,1,1,0,6,2
14454,20341,502,21,669,2013,3,1,2,1.5,92300.0,4,0,1,1,0,14,4
14457,15053,891,61,1368,2016,4,1,5,2.0,69012.0,4,2,1,1,0,2,12
14458,3800,0,42,1421,1997,9,0,0,1.6,0.0,4,1,1,1,0,6,2
14459,21953,0,23,1298,2012,9,1,2,2.4,47000.0,4,2,1,1,0,7,12
14460,8781,0,41,246,2004,3,0,1,1.5,165000.0,4,1,1,1,0,12,6
14462,784,639,55,1525,2014,4,1,5,2.0,64923.0,4,0,0,1,0,8,0
14463,7683,640,23,1298,2013,9,1,4,2.0,21500.0,4,0,1,1,0,12,4
14464,17405,822,28,461,2017,9,1,1,1.6,28888.0,4,0,1,1,0,14,4
14465,17562,530,16,722,2013,9,0,5,1.6,130000.0,4,2,1,1,0,2,8
14466,15681,0,16,697,2014,3,1,5,2.0,160000.0,4,0,1,1,0,2,10
14467,45473,0,23,1401,2017,4,0,5,1.6,11000.0,4,2,0,1,1,1,12
14468,42544,730,54,237,2016,4,1,5,1.6,83804.0,4,0,1,1,0,2,4
14470,9722,0,39,1079,2001,4,0,5,2.0,25000.0,4,1,0,1,0,1,0
14471,627,631,32,780,2013,9,1,5,3.7,438886.75,8,0,0,1,0,1,0
14472,251,490,21,858,2011,3,1,2,1.3,216858.0,4,0,1,1,0,7,0
14475,23207,631,58,423,2019,9,1,2,2.5,438886.75,4,0,1,1,0,1,12
14476,29166,0,55,856,2018,3,0,5,2.0,42000.0,4,1,0,1,0,11,6
14477,18189,631,58,1179,2006,4,0,1,2.2,438886.75,4,1,0,1,0,1,8
14478,27284,779,58,280,2013,9,1,2,2.5,99520.0,4,2,1,1,0,7,12
14480,16894,707,54,237,2011,4,1,1,2.0,130630.0,4,0,1,1,0,12,4
14481,14113,0,16,1381,2000,6,0,1,2.4,1000.0,4,1,2,1,0,14,2
14482,10976,0,58,1124,2008,9,0,2,1.5,219200.0,4,3,1,1,0,14,6
14483,7213,631,61,794,1988,3,0,5,1.6,438886.75,4,1,1,0,0,1,0
14484,12231,1017,8,420,2017,1,1,5,2.0,73842.0,4,0,2,0,0,11,12
14485,10976,0,41,1476,2003,4,0,5,3.3,0.0,6,0,0,1,0,12,6
14487,9095,867,15,116,2007,1,1,1,1.3,150000.0,4,1,1,0,0,0,12
14489,23521,1083,13,463,2013,1,0,5,3.6,156192.0,2,1,2,1,0,2,12
14492,3,697,61,870,2015,9,1,5,1.8,65000.0,4,0,1,1,0,7,12
14493,11604,893,28,457,2008,2,0,1,1.6,78000.0,4,1,1,1,0,7,10
14494,19068,586,23,618,2012,9,1,5,1.8,189853.0,4,0,1,1,0,14,4
14497,5331,0,36,305,1996,9,0,5,1.8,250000.0,4,1,2,1,0,2,3
14499,7000,0,36,576,1994,9,1,5,2.8,271000.0,6,1,2,1,0,1,1
14500,26657,640,54,902,2013,4,1,5,2.0,90000.0,4,0,1,1,0,1,4
14501,8674,687,11,909,2010,9,1,5,1.6,140000.0,4,0,1,1,0,7,4
14502,1098,639,61,1368,2014,4,1,5,2.0,58899.0,4,0,0,1,0,11,12
14503,15681,585,58,1124,2013,3,0,5,1.8,140000.0,4,0,1,1,0,14,6
14504,7213,0,41,1009,2006,9,0,5,1.3,200000.0,6,1,1,1,0,7,4
14505,7997,1850,32,1208,2008,4,1,2,3.5,244731.0,6,0,1,1,0,1,12
14506,31361,1172,36,586,2011,9,1,5,3.5,102000.0,6,2,0,1,0,12,12
14507,10976,0,16,1381,2001,6,0,1,2.4,171200.0,4,1,2,1,1,14,0
14508,8781,0,21,512,2000,4,1,0,2.0,438886.75,4,0,0,1,0,14,4
14509,14426,0,58,1124,2008,9,1,5,1.5,200211.0,4,0,2,1,0,14,8
14511,12544,642,16,1387,2012,2,0,5,2.0,203100.0,4,0,1,1,0,14,4
14513,38574,0,36,1445,2012,7,0,1,2.2,187000.0,4,1,2,1,0,14,8
14514,5018,0,61,1090,2003,9,1,5,1.8,0.0,4,0,1,1,0,1,4
14516,2666,0,42,1046,1997,9,0,0,2.0,200000.0,4,0,2,1,0,12,0
14517,5488,640,28,1049,2013,9,1,5,2.0,393943.0,4,0,1,1,0,12,4
14518,5018,917,45,453,2013,4,1,1,3.0,140632.0,6,0,0,1,0,1,12
14519,188,1053,36,586,2014,9,1,1,3.5,67232.0,6,0,0,1,0,12,12
14520,22580,779,58,423,2013,9,0,5,2.5,98000.0,4,2,1,1,0,1,10
14521,4861,1308,5,1511,2012,4,1,5,3.7,123622.0,8,0,0,1,0,12,12
14523,94083,0,45,192,2005,1,1,5,3.7,61000.0,6,2,2,1,0,14,8
14524,8000,1031,35,545,2013,3,0,5,1.2,129000.0,4,0,1,1,1,7,4
14526,15053,631,58,1124,2010,3,0,2,1.8,438886.75,4,0,1,1,0,1,6
14527,22580,0,39,1065,2012,4,0,5,2.0,106000.0,4,2,1,1,0,2,8
14529,10506,1267,58,251,2013,9,0,2,1.5,92000.0,4,0,1,1,1,12,2
14530,3763,1249,58,1179,2017,4,1,5,2.5,63618.0,4,0,0,1,0,2,12
14531,9252,1090,8,444,2008,4,1,1,2.0,57438.0,4,0,1,1,0,12,4
14532,19444,765,5,1490,2015,4,1,5,2.0,96360.0,4,0,0,1,0,14,12
14533,9405,641,8,1060,2012,4,1,1,2.0,38235.0,4,0,1,1,0,12,4
14534,14113,627,8,978,2014,9,1,1,2.0,31115.0,4,0,1,1,0,1,4
14535,11917,0,61,870,2005,9,1,0,2.5,0.0,5,2,1,1,0,12,8
14536,9879,765,23,1298,2015,9,1,4,2.0,48000.0,4,0,1,1,0,12,4
14538,11807,836,54,237,2010,9,1,1,2.0,233503.0,4,0,1,1,0,12,4
14539,17942,583,23,618,2011,9,1,5,1.6,141881.0,4,0,1,1,0,14,4
14541,40456,0,36,1445,2012,6,0,1,2.2,130000.0,4,1,1,1,0,14,0
14542,27356,707,54,1192,2011,4,1,1,2.0,121168.0,4,0,1,1,0,14,4
14543,14113,0,58,251,2012,9,0,5,1.5,102000.0,4,0,1,1,1,12,8
14544,3058,353,58,1124,2015,3,1,2,1.8,123498.0,4,0,1,1,0,1,12
14545,21012,308,58,1124,2014,3,0,6,1.8,112000.0,4,0,1,1,0,14,12
14548,13000,0,61,1375,2004,4,1,1,2.5,1000.0,6,2,0,1,0,12,6
14549,470,1714,36,763,2017,4,1,5,3.5,25275.0,6,0,0,1,0,14,12
14550,14113,0,21,858,2010,3,0,2,1.3,113000.0,4,2,1,1,0,1,8
14551,18208,642,54,902,2012,4,1,1,2.0,251018.0,4,0,1,1,0,14,4
14552,706,986,0,1358,2010,9,1,5,2.4,227576.0,4,0,1,1,0,7,12
14553,21953,0,23,1425,2013,9,0,5,1.6,92800.0,4,2,1,0,0,7,6
14554,22825,765,8,978,2015,9,1,5,2.0,110000.0,4,0,1,1,0,12,4
14555,5959,0,61,304,2000,9,0,1,1.9,0.0,4,1,1,1,0,12,4
14556,15053,585,23,618,2013,3,1,5,1.8,206400.0,4,2,1,1,0,1,6
14558,31361,0,16,1024,2014,1,1,5,3.7,128000.0,6,2,2,0,0,12,6
14559,23239,707,54,1192,2011,4,1,1,2.0,159000.0,4,0,1,1,0,12,4
14560,14583,631,58,867,2009,3,0,5,1.8,438886.75,4,2,1,1,0,1,8
14561,25716,0,36,1326,1998,6,0,1,2.9,290000.0,5,1,2,1,0,14,12
14562,314,707,3,1160,2011,4,1,5,2.0,287021.0,4,0,0,1,0,1,0
14563,58579,631,23,1401,2018,4,1,5,1.6,438886.75,4,0,1,1,0,1,4
14564,19757,0,5,1491,2003,4,1,1,3.0,270000.0,6,2,0,1,0,1,6
14565,50,0,58,1124,2008,3,1,2,1.5,111000.0,4,0,1,1,0,1,6
14567,26657,0,58,423,2013,9,0,5,2.5,292800.0,4,0,1,1,0,14,0
14568,14113,475,8,523,2012,9,1,5,1.4,96287.0,4,2,1,1,0,1,12
14569,5959,0,41,1293,2003,9,0,5,2.5,165000.0,6,2,0,1,1,2,6
14570,15053,0,36,1240,2003,9,1,5,3.7,240000.0,8,2,0,1,0,4,10
14571,11604,640,8,1060,2013,4,1,1,2.0,51245.0,4,0,1,1,0,1,4
14572,20071,0,58,423,2008,9,1,2,2.4,19000.0,4,3,1,1,0,14,8
14574,15524,0,36,961,2004,4,1,4,3.5,170333.0,6,2,0,1,0,12,10
14575,28830,707,23,1401,2011,4,1,1,2.0,131900.0,4,0,1,1,0,14,4
14576,5018,781,58,423,2012,9,1,2,2.5,141550.0,4,0,1,1,0,2,12
14578,5959,0,21,861,2003,9,0,0,3.0,199000.0,6,2,1,1,1,1,6
14579,10036,0,36,308,2001,9,0,5,2.0,205000.0,4,1,2,1,0,2,5
14580,11290,0,21,669,2010,3,1,5,1.3,113581.0,4,1,1,1,1,14,4
14581,12231,0,36,1326,2002,6,0,1,2.5,290000.0,5,1,2,1,0,14,2
14582,11604,988,58,1124,2007,3,0,2,1.5,160000.0,4,0,1,1,0,4,8
14583,10349,639,23,1298,2014,9,1,4,2.0,438886.75,4,0,1,1,0,12,4
14584,16308,530,23,1425,2013,3,1,5,1.6,140160.0,4,0,1,1,0,12,12
14585,17484,707,54,902,2011,4,1,1,2.0,201494.0,4,0,1,1,0,12,4
14586,14426,631,27,937,2008,4,0,4,3.7,438886.75,6,0,0,1,0,1,6
14587,862,631,23,618,2016,9,1,5,1.8,438886.75,4,0,1,1,0,1,12
14588,20764,836,23,1270,2010,4,1,1,2.0,160118.0,4,0,1,1,0,1,4
14589,13799,1017,23,1298,2017,9,1,4,2.0,438886.75,4,0,1,1,0,8,4
14592,58172,784,21,469,2017,9,1,5,1.5,36340.0,4,0,1,1,0,7,4
14593,13485,779,58,1179,2013,4,1,5,2.5,155672.0,4,0,0,1,0,7,12
14596,2038,1091,55,706,2016,4,1,5,2.5,68011.0,4,0,0,1,0,1,0
14599,100,0,28,1049,2016,9,0,5,2.4,88000.0,4,2,1,1,0,14,8
14600,627,631,58,1360,2012,9,1,5,2.7,438886.75,4,0,2,1,0,1,12
14601,26971,631,58,1360,2019,9,1,5,3.5,438886.75,6,0,0,1,0,1,12
14602,3136,0,61,870,1990,9,0,0,1.8,500.0,4,1,1,1,0,2,0
14603,30734,1405,5,95,2009,0,1,5,3.0,59700.0,6,2,2,0,0,1,7
14604,9565,631,55,706,2005,4,1,5,2.0,438886.75,4,0,0,1,1,1,6
14606,1411,779,61,870,2013,9,1,1,2.5,23184.0,5,0,1,1,0,14,12
14607,17249,1195,36,1447,2008,2,0,1,2.2,197000.0,4,1,2,0,0,2,0
14609,12231,836,23,1401,2010,4,1,1,2.0,63383.0,4,0,1,1,0,1,4
14611,16465,781,58,423,2012,9,0,5,2.5,171107.0,4,0,1,1,0,12,0
14613,14113,751,23,1298,2013,9,1,5,2.4,128000.0,4,2,1,1,0,4,12
14614,10036,0,39,1077,2000,4,1,0,3.5,223000.0,6,2,0,1,0,14,0
14615,27284,0,58,440,2013,9,1,5,2.5,116800.0,4,2,1,1,0,7,12
14618,4704,0,60,32,2008,9,0,5,1.6,83294.0,4,1,2,1,0,14,0
14619,15524,528,16,646,2014,4,0,5,1.6,0.0,4,0,0,1,0,14,0
14620,8123,1090,8,444,2008,4,1,1,2.0,62558.0,4,0,1,1,0,12,4
14621,9408,585,36,327,2013,1,1,5,1.8,47000.0,4,2,2,1,0,1,10
14622,15000,0,39,1079,2003,4,0,5,2.0,180000.0,4,0,0,1,0,12,4
14623,15053,0,5,88,2006,9,1,5,3.0,226000.0,6,2,2,1,0,1,10
14625,6272,0,36,305,1997,9,0,5,1.8,250000.0,4,1,2,1,0,2,2
14627,6272,353,58,1124,2015,3,1,2,1.8,96549.0,4,0,1,1,0,1,12
14628,3293,631,8,1461,2011,3,1,2,1.4,438886.75,4,0,1,1,0,1,12
14629,11290,0,42,502,2008,3,0,1,1.3,107000.0,4,1,1,1,0,1,6
14630,75266,1327,58,423,2018,9,1,5,2.5,11000.0,4,2,1,1,0,11,12
14631,7840,1438,42,479,2003,2,0,1,1.7,242000.0,4,1,1,0,0,1,2
14632,470,1017,21,469,2017,9,1,5,2.0,0.0,4,0,1,1,0,14,12
14633,12980,631,23,618,2011,9,1,5,1.6,438886.75,4,0,1,1,0,1,4
14636,48998,1017,23,1401,2017,4,1,1,2.0,30008.0,4,0,1,1,0,12,4
14638,19130,0,16,646,2009,4,1,2,2.5,230000.0,4,3,0,1,0,13,0
14639,6241,1090,28,1323,2008,4,1,1,2.0,273421.0,4,0,1,1,0,12,4
14640,2038,503,21,669,2012,9,1,5,1.5,167158.0,4,0,1,1,0,7,0
14641,17562,781,55,1061,2012,4,0,5,2.5,118000.0,4,2,0,1,0,1,12
14644,549,1481,26,538,2017,4,1,5,3.0,81270.0,6,0,0,1,0,14,12
14645,67000,915,3,226,2014,9,1,5,3.0,50000.0,1,2,0,1,0,1,12
14646,1490,934,41,249,2015,9,1,5,2.5,124403.0,4,0,1,1,0,14,12
14651,23207,585,32,402,2013,3,1,2,1.8,129000.0,4,0,1,1,0,14,8
14652,26030,0,23,850,2011,4,1,5,2.0,104000.0,4,0,0,1,0,3,4
14658,21169,810,58,499,2016,9,1,5,1.8,39728.0,4,0,1,1,0,1,8
14659,8781,0,58,1457,2005,3,0,5,1.0,141000.0,3,3,1,1,1,12,4
14660,36065,1055,58,1284,2013,7,0,5,3.5,144000.0,6,2,1,1,0,7,12
14661,25299,836,23,1401,2010,4,1,1,2.0,136275.0,4,0,1,1,0,1,4
14662,157,1399,32,1201,2010,4,1,5,3.5,110947.0,6,0,0,1,0,7,12
14665,20542,0,55,1525,2014,4,0,5,2.0,151000.0,4,3,0,1,0,1,2
14666,44457,730,54,237,2016,4,1,5,1.6,37045.0,4,0,1,1,0,2,4
14667,24415,707,54,1192,2011,4,1,1,2.0,79084.0,4,0,1,1,0,12,4
14669,20266,631,8,978,2012,9,1,5,2.0,438886.75,4,0,1,1,0,1,4
14670,392,584,8,523,2014,9,1,5,1.8,147349.0,4,0,1,1,0,1,12
14671,10663,1032,41,1037,2012,3,1,5,1.2,144000.0,4,0,1,1,1,1,8
14672,17876,584,61,881,2014,9,1,5,1.8,97000.0,5,0,1,1,0,1,0
14673,22894,779,58,423,2013,9,1,5,2.5,289600.0,6,2,1,1,0,14,8
14674,13172,639,16,697,2014,9,0,5,2.0,78000.0,4,1,1,1,0,12,12
14675,50805,1273,36,961,2015,4,1,5,3.5,49425.0,6,0,0,1,0,7,6
14676,7840,5679,36,319,1997,10,1,5,2.4,60000.0,6,0,2,1,1,2,12
14677,68994,1823,58,832,2018,8,0,5,3.5,12000.0,6,2,0,1,0,7,12
14678,13000,0,36,1327,2003,6,0,1,2.2,0.0,4,1,2,1,0,14,4
14679,69,0,0,1356,2001,9,0,5,2.5,205502.0,6,2,1,1,1,1,4
14680,549,1292,36,763,2016,4,1,5,3.0,86189.0,6,0,0,1,0,2,0
14681,12544,631,8,523,2016,9,0,5,1.4,438886.75,4,0,1,1,0,1,0
14683,22266,900,58,423,2015,9,0,5,2.4,84130.0,4,0,1,1,0,14,12
14684,21012,631,5,88,2009,1,1,5,2.8,438886.75,6,2,2,0,0,1,6
14685,5331,0,61,1282,1997,7,0,0,2.0,254680.0,4,1,1,1,0,2,4
14686,30,0,21,669,2004,3,0,5,1.3,25000.0,6,0,1,1,1,12,0
14688,7997,333,16,722,2014,9,1,2,2.0,137328.0,4,0,1,1,0,12,0
14689,11604,0,36,958,2001,4,1,0,3.2,245000.0,6,2,0,1,0,12,8
14691,12388,836,23,1270,2010,4,1,1,2.0,40845.0,4,0,1,1,0,1,4
14692,34497,0,16,511,2015,10,0,5,1.0,16515.0,1,1,1,1,0,14,0
14696,7840,0,35,977,2005,7,0,4,2.3,200000.0,6,0,0,1,1,2,5
14697,12544,765,23,1298,2015,9,1,4,2.0,438886.75,4,0,1,1,0,8,4
14698,42024,0,5,144,2013,9,1,5,2.0,156800.0,4,2,2,1,0,1,12
14699,470,631,36,961,2014,4,1,5,3.5,438886.75,6,0,2,1,0,1,12
14700,57698,1017,23,1298,2017,9,1,5,2.0,7978.0,4,0,1,1,0,1,4
14701,21953,836,23,1270,2010,4,1,1,2.0,182000.0,4,0,1,1,0,14,4
14702,7840,0,42,1008,2006,7,0,5,1.6,170000.0,4,0,1,1,0,12,8
14705,10036,980,58,492,2018,9,1,5,1.8,37878.0,4,0,1,1,0,12,12
14707,19914,502,58,1531,2013,3,1,5,1.5,59200.0,4,1,1,1,0,11,6
14709,30671,0,36,1441,2007,7,1,1,3.0,367000.0,6,2,2,1,0,1,7
14710,26030,0,32,820,2009,9,1,2,2.4,100000.0,4,2,1,1,0,12,8
14712,22894,781,58,423,2012,9,1,5,2.5,105000.0,4,0,1,1,0,7,8
14713,16621,0,23,618,2012,9,0,5,1.8,95000.0,4,0,1,1,0,1,6
14715,8467,0,41,1370,2005,3,1,5,1.5,148901.0,4,0,1,1,1,2,2
14716,62722,0,36,759,2015,4,1,5,2.5,84000.0,4,2,0,1,0,11,12
14717,4391,631,0,1191,2014,4,1,5,3.5,438886.75,6,0,1,1,0,1,12
14718,37984,765,23,1298,2015,9,1,5,2.0,90621.0,4,0,1,1,0,7,4
14720,11500,474,8,523,2013,9,1,5,1.4,170451.0,4,0,1,1,0,3,12
14721,32929,0,5,163,2012,9,1,5,3.0,111205.0,6,2,2,1,0,14,8
14722,1960,1091,41,1228,2016,4,1,5,2.5,108195.0,4,0,1,1,0,1,12
14723,24415,707,54,902,2011,4,1,1,2.0,85600.0,4,0,1,1,0,14,4
14726,13172,3025,27,466,2004,4,1,0,3.7,234000.0,6,0,0,1,0,5,6
14729,94,1301,5,179,2014,9,1,5,3.7,0.0,8,0,0,1,0,2,12
14732,21639,0,5,9,2008,3,1,1,2.0,144000.0,4,1,2,1,0,1,10
14733,188,631,58,1124,2011,3,1,2,1.8,438886.75,4,0,1,1,0,1,12
14735,31361,0,58,438,2014,9,1,5,2.5,58000.0,4,0,1,1,0,7,12
14736,19030,271,58,251,2014,3,1,2,1.5,69650.0,4,0,1,1,0,2,4
14737,28241,528,23,618,2014,9,1,5,1.6,112843.0,4,0,1,1,0,7,4
14739,58018,1017,5,1483,2017,9,1,5,2.0,31000.0,12,0,0,1,0,1,12
14740,29586,639,23,1270,2014,4,1,1,2.0,212762.0,4,0,1,1,0,12,4
14741,14069,631,58,251,2012,3,1,5,1.5,438886.75,4,0,1,1,0,1,4
14743,9408,0,16,1381,1994,6,0,1,2.5,100000.0,4,1,2,1,0,14,2
14744,6586,0,41,1293,2001,9,1,5,2.5,140000.0,4,0,1,1,0,12,4
14745,36065,631,36,961,2011,4,1,1,3.0,438886.75,6,2,0,1,0,1,12
14746,18817,639,3,219,2014,9,1,5,2.0,279722.0,4,0,0,1,0,1,0
14748,1646,779,58,423,2013,9,1,5,2.5,0.0,4,0,1,1,0,12,12
14749,53314,0,58,921,2010,4,1,5,2.7,128000.0,4,2,0,1,0,1,8
14750,5645,0,21,469,1997,3,0,5,1.4,300000.0,4,1,1,0,0,14,2
14752,83891,1951,36,739,2015,4,1,5,3.7,59083.0,8,0,0,1,0,14,12
14753,16465,640,28,1049,2013,9,1,5,2.0,43330.0,4,0,1,1,0,14,4
14757,80,0,41,1280,2007,7,0,5,2.0,160000.0,4,0,1,1,1,14,2
14758,37006,1036,5,88,2015,9,1,5,2.8,38415.0,4,2,0,1,0,1,12
14759,20385,0,58,1124,2011,3,1,2,1.8,125000.0,4,3,1,1,0,1,10
14761,19416,642,8,1060,2012,4,1,1,2.0,172125.0,4,0,1,1,0,7,4
14762,12880,836,23,1298,2010,9,1,5,2.0,173177.0,4,0,1,1,0,14,4
14763,141124,0,36,1246,2014,9,1,5,3.7,148000.0,8,2,2,1,0,1,12
14764,21395,1017,8,1060,2017,4,1,4,2.0,204067.0,4,0,1,1,0,7,4
14765,10976,0,36,572,2001,9,0,1,2.7,305000.0,5,2,2,1,0,12,12
14767,64604,1493,32,1201,2016,4,0,5,3.5,0.0,6,0,0,1,0,14,0
14768,30,0,41,1370,2005,3,0,5,1.3,0.0,4,0,1,1,1,12,4
14771,27654,530,23,618,2013,9,1,5,1.6,83897.0,4,0,1,1,0,14,4
14773,17562,0,16,1381,2002,6,0,1,2.4,213990.0,4,1,2,1,0,14,2
14775,10663,1268,58,251,2012,3,0,2,1.5,62000.0,4,3,1,1,1,8,4
14776,12720,639,23,1298,2014,9,1,4,2.0,235285.0,4,0,1,1,0,14,4
14777,6752,965,8,523,2009,9,1,1,2.0,74830.0,4,0,1,1,0,1,4
14778,7175,658,21,859,2009,9,0,5,1.3,192000.0,4,2,1,1,0,7,12
14780,6272,0,21,469,2003,9,0,0,3.0,19900.0,6,2,1,1,1,1,6
14783,68994,0,61,517,2009,6,1,1,2.5,135000.0,4,1,2,1,0,14,4
14787,14740,0,5,1491,2004,4,1,5,3.0,179100.0,6,2,0,1,0,1,8
14788,17405,765,23,1298,2015,9,1,4,2.0,51236.0,4,0,1,1,0,14,4
14789,19757,781,58,423,2012,9,1,5,2.5,208000.0,4,2,1,1,0,14,12
14790,2666,308,58,1124,2015,3,1,2,1.5,127789.0,4,0,1,1,0,7,12
14791,12231,631,58,1124,2010,9,0,2,1.8,438886.75,4,0,1,1,0,1,10
14792,627,631,21,512,2004,4,1,5,2.4,438886.75,4,0,1,1,0,1,12
14793,4391,2148,36,1246,2010,9,1,5,3.7,149434.0,8,0,0,1,0,1,12
14795,16894,583,23,618,2011,9,1,5,1.6,175237.0,4,0,1,1,0,12,4
14796,23521,0,36,48,2011,9,1,5,1.8,131000.0,4,2,2,1,0,1,8
14797,392,505,21,235,2018,9,1,2,2.0,42078.0,4,0,1,1,0,14,12
14798,7840,0,36,958,1998,4,1,0,3.2,360000.0,6,0,0,1,0,11,6
14800,36065,0,36,586,2010,1,1,5,3.5,187000.0,6,2,2,0,0,7,8
14801,26030,0,32,403,2013,9,1,2,1.8,75000.0,4,2,1,1,0,14,12
14803,6586,1327,35,171,2018,4,1,5,2.5,21328.0,4,0,1,1,0,7,12
14805,32104,765,8,978,2015,9,1,1,2.0,87074.0,4,0,1,1,0,1,4
14806,200,761,58,1124,2010,3,0,2,1.8,555.0,4,2,1,1,0,14,0
14807,12231,0,41,1477,2004,10,1,5,2.0,170000.0,3,0,0,1,0,5,2
14808,5331,0,16,786,1999,7,0,1,1.8,0.0,1,1,2,1,0,14,0
14809,26343,640,23,1270,2013,4,1,1,2.0,36458.0,4,0,1,1,0,14,4
14810,35124,0,36,1326,2013,2,1,1,2.2,169000.0,4,1,2,1,0,14,4
14812,8881,687,23,618,2010,9,1,5,1.6,62741.0,4,0,1,1,0,12,4
14813,17249,0,58,1124,2010,9,1,2,1.8,140000.0,4,0,1,1,0,12,0
14814,39559,765,23,1270,2015,4,1,1,2.0,142655.0,4,0,1,1,0,7,4
14818,16308,707,23,1298,2011,9,1,5,2.0,144000.0,4,2,1,1,0,2,12
14819,44545,1017,23,1270,2017,4,1,1,2.0,101633.0,4,0,1,1,0,12,4
14820,12231,790,23,838,2009,10,0,1,1.6,174582.0,4,1,1,1,0,1,8
14821,17035,707,23,1298,2011,9,1,5,2.0,185367.0,4,0,1,1,0,1,4
14822,14269,1493,21,1042,2016,4,1,5,3.5,42802.0,6,0,1,1,0,7,12
14823,12950,792,42,262,2008,3,0,5,1.4,157000.0,4,1,1,1,0,12,6
14824,706,609,58,1179,2018,4,1,2,2.5,25955.0,4,0,0,1,0,14,12
14825,18826,528,23,618,2014,9,1,4,1.6,195965.0,4,0,1,1,0,14,4
14826,23414,631,23,1401,2012,4,1,1,2.0,438886.75,4,0,1,1,0,1,4
14827,3500,0,36,305,1995,9,0,5,2.2,0.0,4,1,2,1,0,11,0
14828,15659,629,23,232,2015,9,1,1,1.6,114101.0,4,0,1,1,0,12,4
14829,6743,966,11,909,2009,9,1,1,2.0,62227.0,4,0,1,1,0,14,4
14830,14113,631,8,978,2014,9,1,1,2.0,438886.75,4,0,1,1,0,1,4
14831,15257,707,23,1298,2011,9,1,5,2.0,204632.0,4,0,1,1,0,14,4
14832,8781,631,5,1491,2002,4,1,5,3.0,438886.75,6,2,0,1,0,1,8
14833,49459,765,54,1192,2015,4,1,1,2.0,94638.0,4,0,1,1,0,7,4
14834,72268,631,16,661,2016,4,1,5,2.3,438886.75,4,0,1,1,0,1,4
14836,392,1055,36,332,2013,9,1,5,3.5,186093.0,6,0,0,1,0,1,12
14837,392,919,5,1491,2012,4,1,1,3.0,296395.0,6,0,0,1,0,7,0
14838,3763,631,58,1360,2014,4,1,5,2.7,438886.75,4,0,2,1,0,1,12
14839,297930,0,31,1220,2019,4,1,1,3.0,4500.0,8,2,0,1,0,1,12
14840,24148,777,58,423,2014,9,1,5,2.5,61000.0,4,2,1,1,0,1,8
14841,23521,738,61,870,2017,9,1,5,1.4,11700.0,4,2,1,1,0,14,6
14842,11917,1132,58,1124,2006,9,0,5,1.5,160000.0,4,0,1,1,0,11,12
14844,24628,862,23,812,2011,7,1,1,2.5,47676.0,4,0,1,1,0,12,4
14847,18503,631,58,423,2012,9,1,5,2.5,438886.75,4,2,1,1,0,1,12
14848,21395,836,23,1401,2010,4,1,1,2.0,144918.0,4,0,1,1,0,14,4
14849,12544,0,41,1477,2005,4,1,5,2.0,180000.0,4,0,0,1,0,1,2
14850,3700,0,41,1280,2001,7,1,0,2.0,241000.0,4,0,1,1,1,14,2
14851,17249,0,23,618,2013,9,0,5,1.8,60000.0,4,0,1,1,0,4,6
14852,29216,639,8,1060,2014,4,1,1,2.0,78083.0,4,0,1,1,0,14,4
14858,25089,586,36,322,2012,9,1,5,1.8,109000.0,4,0,2,1,0,11,12
14862,7840,0,39,1079,2000,4,0,5,2.0,95000.0,4,1,0,1,0,2,4
14863,18817,640,16,722,2013,9,1,5,2.0,87579.0,4,0,1,1,0,1,0
14864,21953,0,36,49,2004,4,1,1,2.7,249000.0,5,0,0,1,0,2,0
14865,21326,638,28,1049,2014,9,1,5,2.0,33670.0,4,0,1,1,0,14,4
14866,862,831,58,423,2011,9,1,2,2.4,438886.75,4,0,1,1,0,14,12
14867,8500,1032,41,1037,2012,3,0,5,1.2,92000.0,3,3,1,1,1,3,2
14868,8467,0,39,1079,1999,4,0,5,1.8,196500.0,4,0,0,1,0,14,2
14870,37984,730,54,237,2016,4,1,1,1.6,91060.0,4,0,1,1,0,14,4
14872,7213,0,18,641,2004,4,1,5,3.7,260000.0,6,0,0,2,0,6,10
14873,46728,631,32,781,2009,4,1,5,3.7,438886.75,8,0,0,1,0,1,10
14874,9700,631,36,1261,1999,0,1,5,2.0,438886.75,4,1,2,0,0,1,4
14875,3763,1855,58,1279,2011,4,1,5,3.7,223578.0,8,0,0,1,0,12,12
14877,62722,777,36,961,2014,4,0,1,2.5,65000.0,4,2,0,1,0,1,6
14878,251,761,58,1124,2010,3,1,2,1.8,351954.0,4,0,1,1,0,12,12
14879,94,1172,32,1201,2011,4,1,5,3.5,0.0,6,0,0,1,0,1,12
14882,6272,0,53,1039,2006,9,0,5,2.0,438886.75,4,1,1,1,0,14,2
14884,7527,1272,42,480,2006,2,0,1,1.7,250000.0,4,1,1,1,0,12,2
14885,15053,0,13,417,2010,3,0,5,2.0,83000.0,4,0,1,2,0,5,6
14887,12544,584,23,618,2014,9,0,1,1.8,105000.0,4,2,1,1,0,12,6
14889,54186,891,23,1270,2016,4,1,1,2.0,89089.0,4,0,1,1,0,1,4
14890,4391,0,61,1430,1995,9,0,0,1.8,260000.0,4,1,1,1,0,12,4
14891,13799,1246,37,985,2008,4,1,2,2.3,260800.0,4,3,1,1,0,14,10
14892,17876,4057,36,366,2004,1,1,0,3.7,12400.0,8,2,2,0,0,12,6
14894,7840,0,39,1079,2000,4,0,0,2.0,160000.0,4,0,2,1,0,12,2
14896,12388,919,5,1491,2012,4,1,1,3.0,420794.0,6,0,0,1,0,1,12
14897,40,631,58,1124,2008,9,1,2,1.5,438886.75,6,0,1,1,0,1,6
14898,34497,631,32,402,2015,3,1,2,1.8,438886.75,4,0,1,1,0,1,16
14899,10663,730,41,1435,2016,9,0,5,1.6,90535.0,4,0,1,1,0,2,6
14901,17562,0,16,722,2010,9,1,2,2.5,75000.0,4,0,1,1,0,1,0
14903,50,0,21,858,2011,9,0,2,1.3,95000.0,4,0,1,1,0,4,0
14905,2100,0,61,1430,1995,9,0,5,1.8,100000.0,4,1,1,1,0,6,0
14907,20382,0,58,1124,2010,9,1,2,1.8,200000.0,4,0,1,1,0,12,8
14908,16621,891,23,628,2016,9,0,5,2.0,65271.0,4,0,1,1,0,12,8
14909,13172,742,42,262,2008,3,0,1,1.3,189000.0,4,1,1,1,0,12,0
14910,10349,1267,58,251,2013,3,0,2,1.5,142000.0,4,0,1,1,1,11,10
14911,18503,642,61,1103,2012,9,1,1,2.0,116000.0,4,2,1,1,0,12,8
14912,11917,0,16,1381,1996,10,0,1,2.5,254000.0,4,1,2,0,1,14,0
14914,19121,583,23,618,2011,9,1,5,1.6,134957.0,4,0,1,1,0,1,4
14915,13172,0,36,293,2009,3,1,1,2.0,151000.0,4,2,1,1,0,0,8
14917,18817,0,23,618,2012,9,1,5,1.8,100000.0,4,2,1,1,0,1,16
14918,34111,765,23,1401,2015,4,1,1,2.0,100492.0,4,0,1,1,0,14,4
14919,11604,631,16,1381,2008,6,0,1,2.2,438886.75,4,1,1,0,0,1,2
14920,15681,761,58,1124,2010,3,1,2,1.8,190000.0,4,0,1,1,0,7,8
14921,43134,831,54,237,2017,4,1,1,1.6,60660.0,4,0,1,1,0,14,4
14923,10036,0,36,1445,1999,7,0,5,2.3,185000.0,4,1,1,1,0,6,2
14924,10036,0,58,1124,2008,3,0,2,1.5,222061.0,4,0,1,1,0,11,4
14925,17942,836,23,1298,2010,9,1,5,2.0,145000.0,4,0,1,1,0,7,4
14928,20372,691,21,669,2017,3,1,5,1.3,100940.0,4,0,1,1,0,12,4
14929,4234,586,8,523,2012,9,1,5,1.8,114776.0,4,0,1,1,0,1,12
14930,60345,891,23,1298,2016,9,1,5,2.0,38804.0,4,0,1,1,0,14,4
14931,370,0,58,918,2018,4,1,5,3.7,15000.0,8,0,0,1,0,1,12
14933,20385,0,58,1132,2013,3,1,4,1.5,107000.0,4,3,1,1,0,14,9
14934,18503,697,23,618,2015,9,0,5,1.8,77000.0,4,2,1,1,0,14,16
14935,30577,1307,8,420,2015,9,0,5,3.6,93081.0,2,0,1,0,0,1,0
14936,10976,0,39,1079,2000,4,0,5,2.0,97500.0,4,0,0,1,0,1,2
14939,9408,584,23,618,2014,9,0,5,1.8,102000.0,4,0,1,1,0,2,12
14940,7222,836,23,1298,2010,9,1,4,2.0,112484.0,4,0,1,1,0,14,4
14941,39201,0,23,1273,2018,4,1,5,2.4,12000.0,4,0,0,1,0,6,12
14942,862,502,21,669,2013,3,1,5,1.5,118232.0,4,0,1,1,0,12,12
14943,12544,0,58,1124,2008,9,0,2,1.5,156000.0,4,0,1,1,0,12,6
14944,862,394,58,423,2014,9,1,2,2.5,0.0,4,0,1,1,0,1,12
14945,10976,631,8,1289,2018,9,1,5,3.7,438886.75,8,0,1,1,0,1,12
14947,3607,0,42,262,1996,3,0,5,1.6,220000.0,4,1,1,1,0,14,2
14949,11290,746,58,1124,2009,3,0,2,1.5,124839.0,4,0,1,1,0,2,6
14950,38822,345,58,251,2016,10,1,2,1.5,34465.0,4,0,1,1,0,1,4
14951,1019,645,58,1124,2011,3,1,2,1.8,246480.0,4,0,1,1,0,7,12
14952,103491,0,45,453,2013,4,1,1,3.0,89161.0,6,2,0,1,0,1,12
14953,10976,0,58,1124,2005,9,0,2,1.5,438886.75,6,0,1,1,0,14,5
14955,706,765,55,1525,2015,4,1,5,2.0,70829.0,4,0,0,1,0,1,12
14956,3293,781,58,423,2012,9,1,2,2.5,214098.0,4,0,1,1,0,12,0
14957,25591,530,23,618,2013,9,1,5,1.6,80819.0,4,0,1,1,0,1,4
14958,17562,528,23,1425,2014,9,1,5,1.6,153600.0,4,0,1,1,0,4,8
14959,35403,1091,23,812,2016,7,1,1,2.5,90000.0,4,0,1,1,0,12,4
14960,11290,843,58,1124,2008,3,0,2,1.5,135000.0,4,0,1,1,0,11,12
14961,25744,642,8,444,2012,4,1,1,2.0,341928.0,4,0,1,1,0,1,4
14962,9408,0,28,1116,2005,3,0,5,1.1,218000.0,4,1,1,1,0,1,4
14963,19444,631,28,1058,2013,9,0,2,2.4,438886.75,4,2,1,1,0,1,8
14964,43000,0,3,1164,2011,4,1,1,3.0,190000.0,6,2,0,1,0,7,12
14965,40,0,21,669,2002,3,0,5,1.3,170000.0,5,0,1,2,1,7,0
14970,4234,584,21,469,2014,9,1,5,1.8,111149.0,4,0,1,1,0,3,12
14971,28830,707,23,1270,2011,4,1,1,2.0,104958.0,4,0,1,1,0,1,4
14972,35269,934,23,812,2015,10,1,1,2.5,127027.0,4,0,1,1,0,14,4
14974,15524,1195,16,1381,2008,6,0,1,2.2,107000.0,4,1,1,1,0,15,4
14976,34497,631,28,1049,2017,9,1,5,2.4,438886.75,4,2,1,1,0,1,0
14977,15994,631,23,618,2017,9,0,5,2.0,438886.75,4,0,1,1,0,1,12
14979,17249,3743,5,1491,2003,4,1,5,3.7,58000.0,8,2,0,1,0,2,8
14980,16935,0,58,1124,2010,3,0,2,1.8,383528.0,4,2,1,1,0,14,8
14981,25089,0,23,1401,2012,4,1,5,2.4,128000.0,4,2,0,1,0,7,8
14982,1646,645,58,1124,2011,3,1,2,1.8,320064.0,4,0,1,1,0,12,12
14983,13799,0,58,251,2013,3,0,2,1.5,109000.0,4,0,1,1,1,1,2
14984,16621,631,5,154,2008,9,1,5,3.5,438886.75,6,2,2,1,0,1,8
14985,23533,2108,32,906,2009,9,1,5,3.7,142669.0,4,0,1,1,0,1,4
14986,6272,0,35,545,2003,3,0,5,0.4999999999999998,5000.0,4,0,0,1,1,11,4
14987,17249,0,16,1381,1996,2,0,1,2.5,230000.0,4,1,2,0,0,14,2
14988,25926,986,27,483,2010,4,1,5,2.4,84918.0,4,0,1,1,0,12,4
14989,13328,640,16,722,2013,9,1,2,2.0,91000.0,4,0,1,1,0,14,8
14990,5645,0,63,197,1990,4,1,5,0.9,64525.0,4,1,0,0,0,6,0
14991,6600,0,36,308,1997,9,0,0,2.0,206000.0,4,0,2,1,0,6,4
14992,37125,765,23,1401,2015,4,1,1,2.0,111589.0,4,0,1,1,0,12,4
14993,23521,631,6,640,2017,4,1,5,1.4,438886.75,4,0,1,1,0,1,8
14997,10349,658,42,502,2009,3,0,1,1.3,181179.0,4,1,1,1,0,1,10
14998,23703,765,8,978,2015,9,1,1,2.0,100069.0,4,0,1,1,0,14,4
14999,53580,765,54,1192,2015,4,1,1,2.0,49253.0,4,0,1,1,0,7,4
15000,35000,0,36,1326,2008,6,1,1,2.2,250000.0,4,1,2,2,0,14,2
15001,9095,0,41,1370,2007,9,1,5,1.5,157500.0,4,3,1,1,1,1,7
15002,18817,0,58,423,2008,9,0,5,2.4,192785.0,4,0,1,1,0,12,2
15003,16621,1058,58,423,2012,9,1,5,3.5,132826.0,6,2,1,1,0,14,12
15004,20698,900,23,1298,2015,9,0,5,2.4,65000.0,4,2,1,1,0,1,12
15005,29479,0,36,323,2013,9,1,5,1.8,125000.0,6,2,2,1,0,2,12
15006,14113,631,24,690,2004,4,0,5,3.7,438886.75,8,2,0,1,0,1,0
15007,470,640,16,722,2013,9,1,2,2.0,75656.0,4,0,1,1,0,14,0
15010,11290,0,42,262,2008,2,0,1,1.7,111111.0,4,1,1,1,0,7,12
15011,15681,0,42,262,2005,3,0,1,1.7,187000.0,4,1,1,1,0,11,8
15013,314,531,41,889,2012,4,1,5,1.6,61018.0,4,0,0,1,0,14,0
15014,20385,640,16,345,2013,3,1,2,2.0,232000.0,4,2,1,1,0,14,12
15016,11290,843,58,1124,2008,3,0,2,1.5,165000.0,4,0,1,1,0,12,12
15018,27065,629,23,618,2015,9,1,5,1.6,38914.0,4,0,1,1,0,7,4
15019,23207,528,41,889,2014,4,0,5,1.6,28460.0,4,2,1,1,0,7,8
15021,32045,640,54,1192,2013,4,1,1,2.0,152739.0,4,0,1,1,0,3,4
15022,8311,0,41,1370,2005,3,0,5,1.5,111111.0,4,0,1,1,1,11,0
15023,10036,0,36,312,2000,9,0,5,2.0,199000.0,4,0,2,1,0,1,9
15024,21953,642,28,1049,2012,9,1,5,2.0,142400.0,4,2,1,1,0,1,11
15025,1019,382,8,1461,2017,3,1,6,1.5,102379.0,4,0,1,1,0,2,12
15026,7840,0,41,1477,2002,10,0,0,2.0,147000.0,4,0,0,1,1,1,2
15029,15681,562,8,523,2015,9,1,5,1.4,20800.0,4,0,2,1,0,1,6
15030,47042,0,58,829,2014,4,1,5,3.5,130000.0,6,2,0,1,0,14,12
15031,95000,0,36,1337,2011,6,1,1,2.2,300000.0,6,1,2,0,0,14,4
15032,6272,0,42,479,2001,2,0,1,1.7,200000.0,4,1,1,0,0,14,2
15033,20297,583,23,618,2011,9,1,5,1.6,104860.0,4,0,1,1,0,12,4
15036,38737,1091,23,812,2016,10,1,1,2.5,119552.0,4,0,1,1,0,12,4
15037,1176,1080,45,453,2014,4,1,5,3.6,186282.0,6,0,0,1,0,14,12
15038,46728,1807,36,344,2012,1,1,5,3.7,92483.0,8,0,2,0,0,7,12
15039,23521,891,23,618,2016,9,0,5,2.0,67200.0,4,2,1,1,0,1,8
15040,6899,0,5,147,2004,9,1,5,3.0,185000.0,6,2,2,1,1,6,10
15042,21326,308,58,1124,2014,3,0,2,1.8,107200.0,4,0,1,1,0,7,16
15043,46919,1327,23,812,2018,10,1,1,2.5,71689.0,4,0,1,1,0,7,4
15045,27190,639,8,978,2014,9,1,5,2.0,99807.0,4,0,1,1,0,1,4
15046,20385,900,23,1314,2015,9,1,5,2.4,66000.0,4,2,1,1,0,1,12
15048,100355,915,5,1491,2014,4,1,1,3.0,103000.0,6,2,0,1,0,14,12
15049,15994,1104,5,1491,2015,4,1,5,3.0,204461.0,6,0,0,1,0,14,0
15050,110,0,5,1491,2008,4,1,5,3.0,121121.0,6,0,0,1,0,1,10
15053,10349,631,23,788,2010,1,1,5,2.0,438886.75,4,0,1,1,0,1,4
15054,19598,663,23,1298,2015,9,1,1,1.7,20796.0,4,0,1,1,0,14,4
15056,46728,934,58,1179,2015,4,0,5,2.5,71104.0,4,0,0,1,0,14,6
15058,26613,631,8,444,2015,4,1,1,2.2,438886.75,4,0,1,1,0,1,4
15059,38574,0,36,1450,2009,7,1,1,2.2,151245.0,4,2,2,1,0,12,6
15060,12849,893,23,618,2008,9,1,5,1.6,134592.0,4,0,1,1,0,12,4
15061,314,738,8,523,2017,9,1,5,1.4,35314.0,4,0,1,1,0,1,12
15063,19757,0,36,582,2003,9,1,1,3.2,261086.0,6,2,2,1,0,1,12
15064,15681,891,23,1298,2016,9,1,4,2.0,284490.0,4,0,1,1,0,12,4
15065,8154,0,36,582,1998,9,1,0,3.2,290000.0,6,2,2,1,0,1,10
15067,20385,631,16,697,2016,9,1,5,2.0,438886.75,4,0,1,1,0,1,12
15069,23521,0,41,1280,2014,7,1,2,2.0,70000.0,4,0,0,1,1,12,12
15070,7213,0,25,1470,2000,4,1,0,3.2,200000.0,6,0,0,1,1,1,2
15071,9722,0,16,1381,2003,6,0,1,2.0,0.0,4,1,1,1,0,11,2
15074,18189,631,16,350,2013,9,1,2,2.0,438886.75,4,3,1,1,0,1,6
15075,8624,707,8,523,2011,9,1,1,2.0,57857.0,4,0,1,1,0,11,4
15076,8781,0,36,315,2000,9,0,0,2.3,200000.0,4,1,2,1,0,1,12
15077,33243,1363,32,780,2012,4,1,5,3.7,229334.0,8,0,0,1,0,1,0
15078,18189,586,58,492,2012,9,0,5,1.8,74000.0,4,0,1,1,0,7,8
15079,13799,753,23,1309,2012,9,1,2,2.4,147000.0,4,2,1,1,0,2,12
15080,29793,0,36,322,2011,9,1,5,1.8,100000.0,4,0,2,1,0,1,12
15081,3200,0,42,1367,1997,1,0,5,1.4,247586.0,4,1,1,0,0,1,2
15083,3607,1399,32,608,2010,9,1,5,3.5,126110.0,6,0,1,1,0,11,12
15084,73313,1076,23,1270,2020,4,1,1,2.0,21844.0,4,0,1,1,0,7,4
15085,7840,0,5,1491,2002,4,1,4,3.0,244800.0,6,0,0,1,0,12,6
15086,8154,0,42,262,1999,10,0,5,1.6,220000.0,4,1,1,1,0,1,4
15087,15681,0,36,961,2004,4,1,4,3.5,170000.0,6,2,0,1,0,12,12
15088,10202,502,58,251,2013,10,1,2,1.5,208533.0,4,0,1,1,0,12,4
15089,17249,640,61,1368,2013,4,0,5,2.0,95000.0,4,2,1,1,0,12,12
15090,25716,0,38,506,2014,3,1,5,1.6,100800.0,4,0,1,1,0,14,6
15091,51191,1017,21,469,2017,9,1,5,2.0,5000.0,4,0,1,1,0,14,4
15093,73131,784,21,469,2017,1,1,5,1.5,19217.0,4,0,1,1,0,2,4
15094,16599,836,23,1298,2010,9,1,5,2.0,209254.0,4,0,1,1,0,1,4
15096,62722,0,5,1511,2008,4,1,5,3.0,19200.0,6,2,0,1,0,14,0
15097,70,0,5,147,2006,9,1,5,3.0,100000.0,6,0,2,1,0,1,5
15098,18817,777,58,423,2014,9,1,5,2.5,104686.0,4,2,1,1,0,12,10
15099,43880,900,27,483,2015,4,1,5,2.4,40715.0,4,0,1,1,0,14,4
15103,21012,781,58,423,2012,9,1,5,2.5,84000.0,4,2,1,1,0,14,12
15104,25889,528,23,618,2014,9,1,5,1.6,106724.0,4,0,1,1,0,14,4
15105,21326,631,58,1126,2015,3,0,2,1.8,438886.75,4,3,1,1,0,1,6
15106,21326,781,58,423,2012,9,1,5,2.5,90000.0,4,2,1,1,0,14,0
15107,13799,915,5,1491,2014,4,1,1,3.0,230942.0,6,0,0,1,0,14,12
15108,18000,631,58,1285,2015,7,0,2,1.5,438886.75,4,0,1,1,1,1,2
15109,27654,629,23,618,2015,9,1,1,1.6,100247.0,4,0,1,1,0,14,4
15110,13946,502,58,251,2013,3,1,2,1.5,113400.0,4,0,1,1,0,2,4
15111,549,585,58,492,2013,9,1,5,1.8,170922.0,4,0,1,1,0,14,12
15112,784,586,36,322,2012,9,1,5,1.8,259229.0,4,0,2,1,0,14,12
15113,43905,1249,58,1179,2017,4,0,5,2.5,28800.0,4,2,0,1,0,14,16
15115,314,1018,5,1491,2011,4,1,1,3.0,207544.0,6,0,0,1,0,7,12
15116,6000,0,39,911,2002,9,0,5,2.0,81000.0,4,0,1,1,0,11,8
15118,15053,0,36,582,2003,9,1,5,3.2,153000.0,6,0,2,1,1,12,10
15119,7213,0,21,669,2004,3,0,5,1.3,198000.0,4,3,1,1,1,12,2
15120,784,915,5,1491,2014,4,1,5,3.0,145474.0,6,0,2,1,0,7,12
15121,29087,694,8,444,2014,4,1,1,2.2,120309.0,4,0,1,1,0,14,4
15123,9722,765,23,1298,2015,9,1,4,2.0,271695.0,4,0,1,1,0,8,4
15124,8500,631,36,27,1995,6,0,1,2.9,438886.75,5,1,2,0,0,1,1
15125,22266,0,39,543,2004,4,1,0,3.0,208000.0,6,0,0,1,1,12,2
15126,10036,891,23,1298,2016,9,1,4,2.0,354569.0,4,0,1,1,0,8,4
15128,1019,1307,9,1379,2015,9,1,5,3.6,0.0,6,0,1,1,0,7,12
15129,18503,0,58,1124,2011,3,0,2,1.8,100000.0,4,3,1,1,0,14,8
15131,79971,631,36,952,2015,4,1,1,2.1,438886.75,4,2,0,1,0,1,12
15133,14069,687,23,618,2010,9,1,5,1.6,112417.0,4,0,1,1,0,12,4
15136,4600,0,12,1365,1998,4,0,5,1.3,221000.0,4,0,0,1,1,2,2
15137,17876,751,28,1049,2013,9,1,2,2.4,146000.0,4,0,1,1,0,1,12
15139,1900,0,61,794,1994,9,0,0,1.6,30000.0,4,1,1,1,0,10,3
15140,6899,0,42,262,2001,2,0,1,1.7,11111.0,4,1,1,1,0,14,2
15141,7840,631,16,1381,2003,6,0,1,2.0,438886.75,4,1,1,1,0,1,0
15143,14583,0,51,1546,2009,3,0,5,1.8,98000.0,4,2,1,1,0,2,8
15144,33243,631,23,1270,2014,4,1,1,2.0,438886.75,4,0,1,1,0,1,4
15146,18503,0,58,1124,2020,9,0,5,1.8,13000.0,4,0,1,1,0,14,4
15147,12544,0,16,1381,2000,6,0,1,2.4,0.0,4,1,2,2,0,14,2
15148,12858,893,23,838,2008,9,1,1,1.6,250000.0,4,1,1,1,0,1,8
15149,11450,501,58,251,2014,3,1,5,1.5,133000.0,4,0,1,1,0,14,4
15150,12000,761,58,1124,2010,9,1,2,1.8,239179.0,4,0,1,1,0,12,12
15151,8154,0,41,1037,2005,3,0,5,1.5,178000.0,4,0,1,1,1,5,4
15153,21953,0,5,1491,2004,4,1,5,3.0,155087.0,6,2,0,1,0,1,12
15154,26180,831,27,483,2011,4,1,5,2.4,129776.0,4,0,1,1,0,14,4
15155,11290,586,23,618,2012,9,0,5,1.8,204000.0,4,2,1,1,0,1,10
15156,7840,0,41,1293,2001,9,1,5,2.5,438886.75,6,2,2,1,1,12,8
15159,21012,0,16,345,2015,9,0,2,2.0,0.0,4,0,1,1,0,1,8
15160,16778,1024,23,812,2010,7,1,1,2.5,77102.0,4,0,1,1,0,1,4
15161,45928,631,54,237,2018,4,1,1,1.6,438886.75,4,0,1,1,0,1,4
15162,15367,0,16,722,2009,9,1,5,2.5,312000.0,4,0,1,1,0,12,6
15163,5645,0,41,982,2003,3,1,5,1.2,127000.0,4,0,1,1,1,13,6
15164,12231,0,55,706,2005,10,1,5,2.0,137000.0,4,2,0,1,1,14,8
15167,17249,584,61,870,2014,9,1,5,1.8,96000.0,4,2,1,1,0,14,4
15168,21953,0,23,815,2007,7,1,1,2.5,102000.0,4,0,2,1,0,1,2
15169,17158,631,23,1298,2010,9,1,5,2.0,438886.75,4,0,1,1,0,1,4
15170,12858,0,21,858,2010,3,0,2,1.3,145600.0,4,3,1,1,0,2,6
15174,45787,1017,36,759,2017,4,1,5,2.0,44995.0,4,0,0,1,0,1,0
15175,42337,779,58,280,2013,9,1,2,2.5,51543.0,4,2,1,1,0,12,12
15176,20698,779,58,429,2013,9,1,5,2.5,102000.0,4,2,1,1,0,2,10
15177,14113,765,23,1298,2015,9,1,4,2.0,51865.0,4,0,1,1,0,12,4
15179,47989,631,54,1192,2016,4,1,1,2.2,438886.75,4,0,1,1,0,1,4
15180,19444,650,8,523,2016,9,0,5,1.4,61760.0,4,2,1,1,0,3,10
15181,14113,0,8,523,2011,9,0,5,1.8,98580.0,4,0,1,1,0,2,9
15182,12000,0,21,669,2010,3,0,2,1.3,155000.0,4,3,1,1,1,14,4
15183,9408,0,41,1295,2005,9,0,0,2.5,178000.0,6,2,2,1,1,14,12
15184,10349,631,39,240,2003,4,0,5,2.4,438886.75,4,2,0,1,0,1,2
15185,18503,503,58,1132,2012,3,1,2,1.5,99922.0,4,2,1,1,0,14,12
15186,7213,0,5,64,2000,9,1,0,1.9,215000.0,4,1,2,1,0,2,6
15187,63850,1327,58,423,2018,9,1,5,2.5,43381.0,4,2,1,1,0,14,12
15188,14454,530,23,618,2013,9,1,4,1.6,223849.0,4,0,1,1,0,12,4
15190,40142,1249,58,1179,2017,4,0,5,2.5,28000.0,6,2,0,1,0,2,12
15191,17885,631,23,618,2010,9,1,5,1.6,438886.75,4,0,1,1,0,1,4
15193,15367,862,41,1228,2011,4,0,5,2.5,72000.0,4,0,0,1,0,3,8
15194,22894,631,5,1483,2015,4,1,5,2.0,438886.75,4,2,0,1,0,1,12
15196,11917,631,55,706,2006,4,1,5,2.0,438886.75,4,0,0,1,1,1,4
15197,21953,0,28,1049,2013,9,0,5,2.4,156800.0,4,0,1,1,0,1,8
15198,46534,631,23,618,2018,9,1,5,2.0,438886.75,4,0,1,1,0,1,4
15199,46728,0,36,961,2012,4,1,5,3.5,140600.0,6,2,0,1,0,14,12
15201,15125,642,8,1060,2012,4,1,1,2.0,201892.0,4,0,1,1,0,7,4
15203,17876,697,23,618,2015,9,0,5,1.8,115200.0,4,2,1,1,0,5,8
15205,7997,836,11,909,2010,9,1,1,2.0,47221.0,4,0,1,1,0,1,4
15206,19924,836,23,1401,2010,4,1,1,2.0,51227.0,4,0,1,1,0,7,4
15207,16305,562,15,116,2015,3,1,5,1.4,64000.0,4,0,1,0,0,14,10
15208,10976,0,41,1293,2004,1,0,5,3.5,174000.0,6,2,2,0,1,7,6
15209,19579,631,58,251,2012,3,1,5,1.5,438886.75,4,0,1,1,0,1,4
15210,1176,530,23,232,2013,9,1,5,1.6,167915.0,4,0,1,1,0,11,12
15211,13172,631,58,1124,2008,9,0,2,1.8,438886.75,4,3,1,1,0,1,6
15212,4704,631,5,66,1997,9,0,0,1.8,438886.75,4,1,2,1,0,1,0
15213,4861,1018,5,154,2011,9,1,5,3.0,151099.0,6,0,0,1,0,3,12
15214,4632,419,41,982,2013,3,1,5,1.2,89542.0,4,0,1,1,0,12,4
15216,10349,631,23,1298,2015,9,1,4,2.0,438886.75,4,0,1,1,0,1,4
15218,21639,751,28,1058,2013,9,1,2,2.4,89000.0,4,2,1,1,0,14,12
15220,10976,631,16,1381,2008,2,1,1,2.2,438886.75,4,1,1,1,0,1,6
15221,15367,521,8,1461,2011,3,1,6,1.4,360000.0,4,2,1,1,0,4,10
15223,47989,1017,23,1298,2017,9,1,5,2.0,15470.0,4,0,1,1,0,7,4
15225,2352,586,23,618,2012,9,1,5,1.8,0.0,4,0,1,1,0,1,12
15226,25089,0,5,179,2007,1,1,5,3.7,150000.0,8,2,2,0,0,7,8
15227,23521,0,23,1298,2013,9,0,5,2.4,56000.0,4,2,1,1,0,7,8
15228,49864,631,36,371,2013,9,1,5,2.0,438886.75,4,0,1,1,0,1,0
15230,20385,900,23,1298,2015,9,0,5,2.4,110000.0,4,2,1,1,0,3,10
15231,10663,1268,58,251,2012,3,0,2,1.5,65000.0,4,3,1,1,1,7,4
15232,6586,0,61,870,2002,9,1,4,1.8,215000.0,6,2,1,1,0,12,0
15233,62722,0,36,390,2013,9,1,5,3.5,88000.0,6,2,2,1,0,12,10
15234,30640,0,36,1445,2007,7,1,1,3.0,250000.0,6,2,2,1,0,1,4
15236,392,308,58,1124,2014,3,1,2,1.8,110112.0,4,0,1,1,0,14,12
15237,23521,0,36,1445,2006,7,0,1,2.2,226000.0,4,1,2,1,0,12,6
15239,345,0,58,921,2017,4,1,1,2.7,45000.0,6,2,0,1,0,1,8
15240,13485,0,36,43,2006,9,1,5,2.5,210000.0,6,1,2,1,0,1,6
15241,18503,0,58,1124,2010,3,1,4,1.8,280000.0,4,3,1,1,0,14,10
15242,8467,0,58,459,1999,1,0,5,1.8,167000.0,4,0,1,0,1,14,4
15245,96915,1174,23,1270,2020,4,1,1,2.2,8803.0,4,0,1,1,0,14,4
15246,15681,584,23,618,2014,9,0,5,1.8,105000.0,4,0,1,1,0,2,6
15247,5645,631,55,1268,1997,8,0,5,0.7,438886.75,3,1,0,0,1,1,2
15248,1490,779,8,978,2013,9,1,5,2.5,164502.0,4,0,1,1,0,2,12
15249,13172,0,58,1124,2008,9,0,2,1.6,0.0,4,0,1,1,0,12,6
15250,44890,891,23,1270,2016,4,1,1,2.0,120923.0,4,0,1,1,0,14,4
15251,12388,629,23,233,2015,3,0,5,1.6,74204.0,4,0,1,1,0,14,6
15252,37633,631,58,500,2018,9,1,5,1.8,438886.75,4,2,1,1,0,1,12
15253,20385,0,58,423,2011,9,0,5,2.5,105632.0,6,2,1,1,0,7,6
15254,5175,1055,36,961,2013,4,1,5,3.5,192533.0,6,0,0,1,0,14,12
15255,17876,0,58,1132,2015,3,0,2,1.5,43000.0,4,0,1,1,0,7,8
15256,42692,880,54,237,2018,4,1,1,1.6,45494.0,4,0,1,1,0,14,4
15257,26657,749,23,1298,2014,9,1,5,2.4,89600.0,4,2,1,1,0,1,12
15258,29793,891,23,618,2016,9,0,5,2.0,33000.0,4,0,1,1,0,7,12
15259,47757,631,27,804,2013,4,1,1,3.0,438886.75,4,0,1,1,0,1,4
15261,24775,781,58,423,2012,9,1,2,2.5,82000.0,4,0,1,1,0,5,10
15262,29793,777,41,1228,2014,4,1,5,2.5,68200.0,4,3,0,1,0,14,6
15263,18189,0,55,706,2013,4,0,5,2.5,240000.0,4,2,0,1,0,6,10
15264,5175,687,8,523,2010,9,1,5,1.6,91500.0,4,0,1,1,0,14,4
15266,19130,631,39,543,2004,7,0,5,3.0,438886.75,6,0,0,1,1,1,5
15267,120740,2297,36,740,2016,4,1,5,3.7,62187.0,8,0,0,1,0,14,12
15268,94,631,23,618,2017,4,1,5,2.0,438886.75,4,0,1,1,0,1,12
15271,392,353,32,402,2015,3,1,2,1.8,115347.0,4,0,1,1,0,7,0
15272,100,0,28,1049,2014,9,1,5,2.4,77000.0,4,2,1,1,0,1,8
15273,31361,0,32,781,2003,4,1,0,3.7,204000.0,8,0,0,1,0,1,8
15274,15367,382,16,722,2015,9,0,2,2.0,100747.0,4,0,1,1,0,6,0
15275,282,1080,13,285,2014,9,1,5,3.6,256886.0,6,0,1,1,0,2,12
15276,45436,1327,23,812,2018,10,1,1,2.5,45535.0,4,0,1,1,0,12,4
15278,24462,0,58,1124,2012,3,0,2,1.8,136000.0,4,3,1,1,0,7,8
15279,94,0,21,669,2003,3,0,5,1.3,175000.0,4,3,1,1,1,2,4
15280,12858,843,46,1001,2008,2,1,1,1.5,17400.0,4,1,1,1,0,7,8
15281,5645,0,21,669,2005,3,0,5,1.3,67000.0,4,0,1,1,1,15,4
15282,22580,530,41,889,2013,4,0,5,1.6,74954.0,4,1,1,1,0,14,8
15283,250574,1481,36,764,2017,4,1,5,3.0,81600.0,6,2,0,1,0,1,12
15284,24775,0,5,1491,2005,4,1,1,3.0,200000.0,2,1,0,1,0,12,12
15285,44843,1091,23,812,2016,10,1,1,2.5,110846.0,4,0,1,1,0,7,4
15286,2822,481,16,722,2017,9,1,2,2.0,79578.0,4,0,1,1,0,1,12
15290,5018,631,58,1179,2013,4,1,5,2.5,438886.75,4,0,1,1,0,1,12
15291,2430,697,41,1278,2015,9,1,5,1.8,31973.0,4,0,1,1,0,2,12
15292,14113,0,58,1124,2009,3,0,2,1.8,111111.0,4,2,1,1,0,6,4
15293,18647,862,23,812,2011,10,1,1,2.5,242251.0,4,0,1,1,0,12,4
15294,18189,1503,23,618,2013,9,1,5,1.8,16000.0,4,2,1,1,1,1,6
15295,392,753,21,235,2012,9,1,5,2.4,201736.0,4,0,1,1,0,1,12
15296,25,0,41,1037,2005,3,0,5,1.5,156000.0,4,0,0,1,1,6,6
15297,9418,631,23,1298,2015,9,1,4,2.0,438886.75,4,0,1,1,0,1,4
15298,8781,0,39,240,2002,4,0,0,2.0,0.0,4,2,0,1,0,14,2
15299,8781,631,39,240,2002,4,0,5,2.0,438886.75,4,2,0,1,0,1,4
15303,52520,1017,21,469,2017,9,1,5,2.0,23229.0,4,0,1,1,0,1,4
15304,40092,831,54,237,2017,4,1,1,1.6,50518.0,4,0,1,1,0,2,4
15307,13172,0,16,1381,2003,2,0,1,2.0,266000.0,4,1,1,0,0,12,0
15308,17249,0,28,1049,2013,9,0,2,2.4,141452.0,4,2,1,1,0,14,6
15309,5015,0,35,545,2003,3,0,5,1.3,183546.0,3,0,1,1,1,2,3
15311,84675,0,58,714,2017,4,1,5,2.7,17000.0,4,0,2,2,0,1,6
15312,5645,631,5,134,1996,9,0,5,2.0,438886.75,6,1,2,1,0,1,5
15313,18346,0,35,996,2013,7,1,4,2.5,143564.0,4,2,1,1,0,14,8
15315,18798,583,23,618,2011,9,1,5,1.6,158000.0,4,0,1,1,0,14,4
15316,11604,1018,16,646,2011,4,1,5,3.0,145000.0,6,0,0,1,0,1,6
15317,15053,781,55,706,2012,4,0,5,2.5,217000.0,4,0,0,1,0,13,8
15318,17876,0,23,618,2013,9,0,5,1.8,27000.0,4,2,1,1,0,12,12
15319,11917,0,58,1457,2005,3,0,5,1.5,145000.0,4,3,1,1,1,7,2
15321,21357,1273,54,1192,2009,4,1,1,2.7,160584.0,4,0,1,1,0,12,4
15323,50178,919,5,1495,2012,4,1,1,3.0,118400.0,6,2,0,1,0,1,12
15324,59313,784,21,669,2017,3,1,5,1.5,31000.0,4,0,1,1,0,2,4
15326,21326,781,58,423,2012,9,1,5,2.5,126700.0,5,2,1,1,0,7,12
15327,44523,891,23,1270,2016,4,1,1,2.0,121121.0,4,0,1,1,0,14,4
15329,11917,0,58,865,2004,7,0,5,2.4,220000.0,4,0,1,1,1,12,4
15330,32302,2337,24,1168,2016,4,1,5,3.7,91648.0,8,0,2,1,0,14,12
15331,27598,0,58,423,2012,9,1,2,2.5,160000.0,4,0,1,1,0,7,4
15332,18189,0,13,464,2006,9,1,4,3.7,225000.0,8,0,2,1,0,1,12
15333,14426,639,28,1323,2013,4,1,1,2.0,66188.0,4,0,1,1,0,12,4
15334,549,831,16,693,2017,3,1,5,1.6,96088.0,4,0,1,1,0,14,12
15335,32929,0,58,280,2013,9,1,2,2.5,125000.0,4,2,1,1,0,14,9
15336,80000,0,43,57,2018,4,1,1,2.0,3237.0,4,0,0,1,0,7,10
15337,26644,308,21,669,2015,10,1,2,1.5,35624.0,4,0,1,1,0,1,4
15338,15681,891,23,1298,2016,9,1,4,2.0,291105.0,4,0,1,1,0,12,4
15339,11604,574,21,858,2010,3,0,5,1.3,209000.0,4,0,1,1,0,1,0
15340,22894,585,58,1124,2013,3,0,2,1.8,67700.0,4,0,1,1,0,14,10
15341,39829,1292,36,763,2016,4,1,5,3.0,86189.0,6,0,0,1,0,2,0
15342,19757,0,58,1124,2013,3,0,2,1.8,97000.0,4,0,1,1,0,12,10
15343,5018,765,36,759,2015,4,1,5,2.0,93304.0,4,0,0,1,0,14,0
15344,1411,294,61,870,2015,9,1,2,1.4,130037.0,4,0,1,1,0,7,12
15345,6272,0,39,1065,2003,4,0,0,2.4,207000.0,4,2,1,1,0,14,4
15347,3,0,5,139,1995,9,0,5,2.8,438886.75,6,1,2,1,0,1,3
15348,12231,0,16,1381,1999,6,0,1,2.5,400000.0,4,1,2,1,0,2,2
15349,53314,0,5,154,2015,9,1,5,3.0,93000.0,6,2,2,1,0,1,12
15350,16308,697,23,618,2015,9,0,5,1.8,94561.0,4,2,1,1,0,2,6
15351,10976,0,36,576,1999,9,1,0,2.8,111111.0,6,0,2,1,0,12,6
15353,10036,1850,41,1022,2008,4,1,5,3.5,218197.0,6,0,0,1,0,1,6
15354,15681,631,36,315,2006,9,1,5,2.5,438886.75,6,1,2,1,0,1,8
15355,9060,308,58,251,2015,3,1,2,1.5,166845.0,4,0,1,1,0,12,4
15356,7840,0,38,486,2002,1,0,5,1.6,150000.0,4,1,1,0,0,11,0
15357,17249,0,5,1491,2004,4,1,1,3.0,300000.0,6,2,0,1,0,1,8
15359,18817,631,45,453,2006,4,1,5,3.7,438886.75,8,2,0,1,0,1,12
15362,8781,0,36,319,2001,9,1,5,2.4,400000.0,6,2,2,1,0,4,6
15363,8154,1811,32,906,2010,9,1,5,3.7,175363.0,8,0,2,1,0,1,12
15364,10036,0,42,1008,2006,10,0,5,1.6,438886.75,4,2,1,1,0,12,6
15365,41221,891,23,1270,2016,4,1,1,2.0,163401.0,4,0,1,1,0,2,4
15366,25089,631,58,492,2015,9,0,5,1.8,438886.75,4,0,1,1,0,1,6
15367,100355,1714,36,763,2017,4,1,5,3.5,31000.0,6,2,0,1,0,7,12
15368,19757,891,23,628,2016,9,0,5,2.0,44000.0,4,0,1,1,0,11,6
15369,6429,1079,28,1264,2018,9,1,5,2.0,107109.0,4,0,1,1,0,14,12
15372,28532,836,23,1401,2010,4,1,1,2.0,89043.0,4,0,1,1,0,3,4
15373,14113,333,16,722,2014,9,1,2,2.0,27700.0,4,0,1,1,0,1,12
15374,6743,760,8,523,2010,9,1,5,1.8,50221.0,4,0,1,1,0,14,4
15375,13150,790,8,909,2009,9,1,5,1.6,111770.0,4,0,1,1,0,7,4
15376,1960,765,5,144,2015,9,1,5,2.0,116691.0,4,0,0,1,0,1,12
15377,59834,1079,21,469,2018,1,1,5,2.0,27176.0,4,0,1,1,0,14,4
15379,59837,831,21,469,2018,3,1,5,1.5,13048.0,4,0,1,1,0,7,4
15380,784,779,41,1228,2013,4,1,5,2.5,248570.0,4,0,1,1,0,1,12
15382,40889,1091,23,812,2016,7,1,1,2.5,79911.0,4,0,1,1,0,1,4
15383,10036,639,23,1298,2014,9,1,4,2.0,438886.75,4,0,1,1,0,12,4
15384,5959,579,58,280,2017,9,1,2,2.5,50517.0,4,0,1,1,0,14,12
15385,7213,836,23,1401,2010,4,1,1,2.0,130339.0,4,0,1,1,0,12,4
15386,14950,501,21,669,2014,3,1,5,1.5,165000.0,4,0,1,1,0,2,4
15387,67354,1110,23,1270,2017,4,1,1,2.2,8088.0,4,0,1,1,0,2,4
15388,35617,1249,8,854,2017,9,1,5,2.5,56486.0,4,0,1,1,0,5,4
15389,1600,0,60,38,1999,4,0,0,1.7,111111.0,4,1,0,0,0,10,0
15390,5645,431,16,722,2016,9,1,2,2.0,82296.0,4,0,1,1,0,14,12
15391,12287,790,23,618,2009,9,1,5,1.6,79355.0,4,0,1,1,0,12,4
15393,15681,0,58,1124,2008,9,0,5,2.0,438886.75,4,0,1,1,0,2,0
15394,34497,631,61,1090,2017,9,1,5,1.8,438886.75,4,0,1,1,0,1,12
15395,70,0,58,1124,2014,9,1,4,1.8,48000.0,4,3,1,1,0,14,6
15396,5331,1823,16,1362,2018,4,1,5,3.5,12824.0,6,0,0,1,0,14,12
15397,15681,585,23,618,2013,9,0,5,1.8,96584.0,4,0,1,1,0,7,0
15399,2979,631,42,1416,1995,9,0,5,2.0,438886.75,4,1,1,1,0,1,0
15400,27065,531,23,618,2012,9,1,5,1.6,70196.0,4,0,1,1,0,12,4
15401,70,0,58,1124,2008,9,0,2,1.5,100000.0,4,0,1,1,0,1,4
15404,21639,779,58,423,2013,9,1,5,2.5,88000.0,5,2,1,1,0,1,16
15405,68994,0,36,753,2012,4,1,5,3.7,96000.0,8,2,0,1,0,1,8
15406,28852,585,36,328,2013,9,1,5,1.8,111000.0,4,2,2,1,0,1,12
15407,17249,1759,16,1384,2006,6,0,1,2.4,190000.0,5,1,2,0,0,14,5
15408,42557,1091,8,854,2016,9,1,5,2.5,87722.0,4,0,1,1,0,1,4
15409,5018,631,42,262,1998,9,1,5,1.6,438886.75,4,1,1,0,0,1,2
15410,15681,694,16,1381,2014,6,0,1,2.2,168000.0,4,1,1,0,0,14,0
15411,10500,1031,41,1037,2013,3,0,5,1.2,35000.0,3,3,1,1,1,1,2
15412,4704,0,5,142,1996,9,1,5,2.5,232000.0,6,1,2,1,0,6,4
15413,153669,1823,5,940,2018,9,1,5,3.5,3900.0,12,1,2,1,0,1,16
15414,5802,1282,8,444,2007,4,1,1,2.0,72816.0,5,0,1,1,0,12,4
15415,16308,891,23,1298,2016,9,1,4,2.0,240573.0,4,0,1,1,0,14,4
15416,4077,1094,54,903,2008,4,1,1,2.0,54752.0,4,0,1,1,0,12,4
15417,61894,1077,23,1401,2019,4,1,1,2.0,6109.0,4,0,1,1,0,12,4
15418,7317,1024,23,812,2010,7,1,1,2.5,71517.0,4,0,1,1,0,15,4
15419,16041,585,8,523,2013,9,1,5,1.8,122555.0,4,0,1,1,0,1,4
15420,10976,0,36,1242,2002,9,1,5,3.7,29000.0,8,0,2,1,0,1,10
15421,51965,1273,16,1362,2015,9,1,5,3.5,56476.0,4,0,1,1,0,1,4
15422,16300,0,28,1049,2012,9,0,5,2.4,155200.0,4,2,1,1,0,1,12
15423,1960,1202,8,643,2017,4,1,5,2.4,115573.0,4,0,1,1,0,14,12
15427,14426,382,58,1132,2017,3,1,2,1.5,26724.0,4,2,1,1,0,2,12
15429,220,345,8,1461,2016,3,1,2,1.5,125018.0,4,0,1,1,0,14,12
15430,8000,0,36,1246,2009,9,1,5,3.7,1000.0,8,2,2,1,0,1,8
15432,21395,769,23,1270,2011,4,1,1,2.2,166226.0,4,0,1,1,0,12,4
15433,73698,1104,5,173,2015,9,1,5,3.0,43000.0,6,2,2,1,0,7,12
15434,32045,640,54,1192,2013,4,1,1,2.0,107141.0,4,0,1,1,0,1,4
15436,16308,0,36,582,2002,9,1,5,3.2,189000.0,6,2,2,1,0,1,6
15437,314,862,16,722,2011,9,1,5,2.5,325917.0,4,0,1,1,0,2,12
15438,24543,642,23,1401,2012,4,1,1,2.0,151995.0,4,0,1,1,0,7,4
15439,1411,631,32,1201,2011,4,1,5,3.5,438886.75,6,0,0,1,0,1,12
15440,3293,1091,35,412,2016,9,1,5,2.5,154862.0,4,0,0,1,0,11,12
15441,16766,528,8,287,2014,9,1,5,1.6,32750.0,4,0,1,1,0,14,4
15442,4704,0,41,1123,2002,9,0,5,2.0,136000.0,4,2,1,1,0,2,4
15443,33243,631,32,402,2014,3,1,2,1.8,438886.75,4,0,1,1,0,1,12
15445,10036,0,41,1022,2003,4,1,5,3.5,61000.0,6,0,0,1,0,5,12
15446,13799,658,21,858,2009,9,0,2,1.3,65000.0,4,0,1,1,0,11,12
15448,28241,836,23,1401,2010,4,1,1,2.0,138015.0,4,0,1,1,0,14,4
15449,14740,1347,23,812,2008,7,1,1,2.5,66558.0,4,0,1,1,0,1,4
15450,19757,0,36,961,2006,4,1,0,3.5,114000.0,6,2,0,1,0,12,12
15451,282,1058,16,1362,2012,9,1,5,3.5,130544.0,6,0,0,1,0,7,12
15452,549,631,41,1435,2012,3,1,5,1.8,438886.75,4,0,1,1,0,1,12
15453,1098,1273,28,1323,2020,4,1,5,2.4,6216.0,4,0,1,1,0,4,12
15454,47217,1249,23,812,2017,10,1,1,2.5,112523.0,4,0,1,1,0,7,4
15455,7840,0,8,1035,2007,4,1,5,1.7,11000.0,4,1,0,1,0,1,6
15456,17876,0,16,345,2013,3,0,2,2.0,160000.0,4,3,1,1,0,7,10
15457,392,631,32,1208,2016,4,1,2,3.5,438886.75,6,0,0,1,0,1,12
15459,21796,481,16,722,2017,9,0,2,2.0,18839.0,4,0,1,1,0,11,8
15461,1490,456,58,423,2015,9,1,2,2.5,438886.75,4,0,1,1,0,1,12
15462,34811,0,27,1225,2016,4,0,5,2.4,53700.0,4,2,0,1,0,0,12
15463,11917,777,58,423,2014,9,1,5,2.5,73000.0,5,2,1,1,0,1,12
15464,20385,631,61,1090,2016,9,0,5,1.8,438886.75,4,2,1,1,0,1,12
15465,4861,631,36,586,2012,9,1,1,3.5,438886.75,6,0,2,1,0,1,12
15466,42152,1091,23,812,2016,7,1,1,2.5,61000.0,4,0,1,1,0,7,4
15467,17876,585,32,402,2013,3,1,2,1.8,267015.0,4,2,1,1,0,12,12
15468,13065,631,21,669,2013,10,1,5,1.3,438886.75,4,0,1,1,0,1,4
15469,52357,1017,23,1270,2017,4,1,1,2.0,70800.0,4,0,1,1,0,12,4
15470,6300,0,5,181,1990,9,1,5,3.0,300000.0,6,1,2,1,0,7,0
15471,19378,585,21,469,2013,9,1,5,1.8,170000.0,4,0,1,1,0,14,4
15472,7840,0,55,706,2004,4,0,0,2.0,120000.0,4,2,0,1,1,12,12
15473,13799,1017,23,1298,2017,9,1,4,2.0,305023.0,4,0,1,1,0,8,4
15474,10976,0,28,1116,2008,3,0,5,1.1,91000.0,4,1,1,1,0,1,4
15475,9408,0,39,1079,2000,4,0,5,1.8,111111.0,4,0,0,1,0,14,2
15476,3920,441,28,1049,2015,9,1,2,2.4,107618.0,4,0,1,1,0,1,12
15477,52959,1533,8,854,2016,9,1,5,3.6,73960.0,4,0,1,1,0,1,4
15478,23521,0,58,1132,2012,3,1,5,1.5,152000.0,4,2,1,1,0,14,8
15479,706,503,21,469,2012,9,1,2,1.5,75654.0,4,0,1,1,0,2,12
15480,29489,631,27,483,2014,4,1,5,2.4,438886.75,4,0,1,1,0,1,4
15484,15681,1832,36,1445,2005,7,0,1,2.2,237000.0,4,1,2,1,0,12,4
15485,18312,707,23,1401,2011,4,1,1,2.0,189414.0,4,0,1,1,0,1,4
15486,90006,0,5,1491,2015,4,1,1,3.0,31100.0,6,2,0,1,0,14,8
15487,1568,749,23,1298,2014,9,1,5,2.4,127906.0,4,0,1,1,0,2,12
15489,48202,765,23,1270,2015,4,1,1,2.0,51651.0,4,0,1,1,0,1,4
15495,7056,530,41,889,2013,4,1,5,1.6,312118.0,4,0,1,1,0,1,0
15496,130148,0,36,1234,2015,9,1,1,3.5,71500.0,6,0,2,1,0,1,16
15497,21940,642,8,1060,2012,4,1,1,2.0,160000.0,4,0,1,1,0,7,4
15498,9095,1236,21,669,2011,3,1,2,1.3,123000.0,4,0,1,1,1,6,5
15499,6272,0,21,469,2001,9,0,5,1.5,111111.0,4,0,1,1,1,14,4
15500,9408,631,23,618,2013,4,1,5,1.8,438886.75,4,0,1,1,0,1,12
15501,1725,531,41,889,2012,4,1,5,1.6,123653.0,4,0,0,1,0,14,12
15502,17249,1079,3,219,2011,9,1,5,3.2,138000.0,6,0,1,1,0,1,12
15503,5331,631,5,66,1998,9,1,5,1.8,438886.75,4,0,2,1,1,1,5
15505,13485,0,36,1326,2005,6,0,1,2.2,0.0,4,1,2,0,0,14,2
15506,5488,690,16,722,2016,9,1,5,1.5,70566.0,4,0,1,1,0,14,12
15507,7840,0,41,1415,2005,2,0,1,2.2,3000.0,2,1,2,1,0,14,2
15508,31361,0,58,112,2004,4,0,4,3.7,204000.0,8,0,0,1,0,1,4
15510,5488,1080,9,54,2014,9,1,5,3.6,133904.0,6,0,2,1,0,12,12
15512,8624,915,5,1491,2014,4,1,1,3.0,0.0,6,0,0,1,0,1,0
15513,627,631,32,780,2013,4,1,5,3.7,438886.75,8,0,0,1,0,1,0
15515,17562,0,58,1124,2011,3,0,2,1.8,155000.0,4,0,2,1,0,7,0
15516,17249,781,58,423,2012,9,1,5,2.5,99000.0,4,2,1,1,0,1,10
15518,30734,631,5,98,2011,1,1,5,3.0,438886.75,6,2,2,0,0,1,8
15519,1019,1736,5,167,2010,3,1,5,3.7,107344.0,8,0,2,1,0,1,12
15521,16308,638,28,1049,2014,9,1,5,2.0,36037.0,4,0,1,1,0,12,4
15523,30420,891,23,1401,2016,4,1,5,2.0,23000.0,4,2,1,1,0,1,8
15524,10192,0,36,291,2006,9,1,5,1.7,98000.0,4,2,1,1,0,14,6
15525,18817,501,16,722,2014,9,0,5,1.5,68800.0,4,2,1,1,0,14,12
15526,4500,0,5,66,1997,9,1,5,1.6,3100.0,4,1,2,1,0,11,4
15527,16935,631,21,669,2014,3,1,5,1.5,438886.75,4,0,1,1,1,1,8
15528,314,781,35,658,2012,9,1,5,2.5,186450.0,4,0,1,1,0,1,12
15530,549,528,41,1435,2014,9,1,5,1.6,236669.0,4,0,1,1,0,12,12
15531,5175,924,58,1431,2011,4,1,5,2.7,201570.0,4,0,1,1,0,7,12
15534,27033,831,23,618,2017,9,1,4,1.6,137929.0,4,0,1,1,0,14,4
15536,4861,1202,21,235,2017,9,1,5,2.4,66366.0,4,0,1,1,0,11,12
15537,5959,631,11,909,2010,9,1,5,1.8,438886.75,4,0,1,1,0,1,4
15538,75300,631,56,887,2019,4,0,5,1.5,438886.75,4,0,0,0,0,1,0
15540,18189,0,5,88,2011,1,1,5,3.0,164000.0,6,0,0,0,0,2,12
15541,314,1869,8,1397,2019,9,1,5,3.6,37480.0,6,0,1,1,0,7,12
15542,27598,891,23,618,2016,9,0,5,2.0,70000.0,4,0,1,1,0,14,10
15545,7213,0,21,669,2004,3,0,5,1.3,15200.0,4,0,1,1,1,12,4
15546,12231,753,28,1049,2012,9,0,5,2.4,92000.0,4,2,1,2,0,14,12
15547,5331,0,42,262,1995,3,0,0,1.6,250000.0,4,1,1,1,0,2,4
15548,10349,639,23,1298,2014,9,1,4,2.0,406314.0,4,0,1,1,0,14,4
15549,17876,0,58,1124,2010,9,1,5,1.8,185000.0,4,3,1,1,0,5,0
15551,22502,502,58,251,2013,3,1,5,1.5,93810.0,4,0,1,1,0,14,4
15552,7150,0,55,298,2005,4,0,5,3.0,1000.0,4,0,0,1,0,7,4
15553,13172,631,8,523,2012,9,0,5,1.4,438886.75,4,0,2,1,0,1,12
15554,11760,781,8,523,2018,9,1,5,1.4,43658.0,4,0,1,1,0,7,12
15555,24709,528,23,618,2014,9,1,5,1.6,54734.0,4,0,1,1,0,12,4
15557,10000,0,58,1457,2006,3,0,5,1.3,95000.0,4,0,1,1,1,12,2
15558,42692,765,23,1298,2015,9,1,5,2.0,59150.0,4,0,1,1,0,7,4
15559,22273,891,23,1298,2016,9,1,4,2.0,136500.0,4,0,1,1,0,1,4
15560,39829,889,28,1318,2016,4,1,1,2.0,54541.0,4,0,1,1,0,14,4
15562,4704,382,16,722,2015,9,1,2,2.0,148709.0,4,0,1,1,0,11,12
15563,15530,503,58,251,2012,3,1,2,1.5,121430.0,4,0,1,1,0,1,4
15564,25089,1391,36,395,2012,9,1,5,3.7,177394.0,8,2,2,1,0,7,14
15565,44166,730,54,237,2016,4,1,5,1.6,28699.0,4,0,1,1,0,14,4
15566,50,0,58,251,2013,3,0,2,1.3,120000.0,4,0,1,1,1,14,8
15568,22332,986,27,483,2010,4,1,5,2.4,140000.0,4,0,1,1,0,6,4
15569,2998,0,43,25,2003,3,1,5,1.6,0.0,4,1,1,0,1,12,2
15571,18817,631,58,1124,2013,9,0,2,1.8,438886.75,6,0,1,1,0,1,12
15573,314,631,55,706,2014,4,1,5,2.0,438886.75,4,0,0,1,0,1,0
15574,12544,0,5,71,2001,9,1,5,2.2,438886.75,6,2,2,1,0,12,8
15575,55823,0,36,586,2014,9,1,5,3.5,74000.0,6,2,0,1,0,12,12
15576,1098,934,41,249,2015,9,1,5,2.5,129605.0,4,0,1,1,0,12,12
15577,29793,0,32,402,2014,3,1,2,1.8,66000.0,4,0,1,1,0,14,12
15578,35438,1360,36,1246,2013,9,1,5,3.7,197221.0,8,0,0,1,0,12,0
15579,21953,0,36,1445,2008,7,0,1,2.2,0.0,4,1,1,1,1,12,0
15580,11290,765,16,697,2015,9,0,5,2.0,100000.0,4,0,1,1,0,2,12
15581,43592,0,58,280,2015,9,1,2,2.5,66000.0,4,0,1,1,0,1,12
15582,17249,0,5,88,2010,9,1,5,3.0,190000.0,6,2,2,1,0,1,8
15584,392,631,58,1124,2011,4,1,2,1.8,438886.75,4,0,1,1,0,1,12
15585,25089,891,23,618,2016,9,0,5,2.0,161600.0,4,2,1,1,0,14,11
15586,89379,1079,36,580,2018,9,1,5,2.0,21000.0,4,0,2,1,0,1,0
15589,19130,0,58,423,2010,9,0,5,2.5,264000.0,4,2,1,1,0,1,0
15590,25591,528,23,618,2014,9,1,5,1.6,71627.0,4,0,1,1,0,7,4
15591,7840,631,36,294,2008,3,1,5,1.7,438886.75,4,2,1,1,1,1,12
15594,9879,382,8,1461,2017,3,1,2,1.5,115658.0,4,0,1,1,0,1,12
15595,4936,447,21,669,2013,3,1,5,1.3,120417.0,4,0,1,1,0,12,4
15596,14113,0,61,870,2009,9,1,5,2.5,130000.0,8,2,2,1,0,14,12
15597,18503,749,23,1298,2014,9,0,5,2.4,148800.0,4,2,1,1,0,1,6
15598,8781,0,60,38,2007,4,0,5,1.7,13000.0,4,1,0,0,0,14,1
15599,25089,0,58,423,2012,9,1,2,2.5,12000.0,6,0,1,1,0,1,12
15600,22843,642,23,1270,2012,4,1,1,2.0,174712.0,4,0,1,1,0,12,4
15601,9500,0,61,870,2010,9,1,5,2.5,14400.0,5,2,1,1,0,12,6
15602,10976,0,41,1293,2008,9,1,5,2.5,112000.0,4,2,2,1,1,12,12
15603,10976,0,58,423,2009,9,0,2,2.4,140000.0,4,0,1,1,0,6,8
15604,21326,631,61,882,2013,9,1,5,2.5,438886.75,5,0,1,1,0,1,6
15606,11604,0,41,1477,2003,4,1,5,2.0,145000.0,4,0,0,1,1,14,2
15607,11604,0,27,937,2003,4,1,5,2.4,0.0,4,1,0,1,0,2,8
15608,15458,836,23,788,2010,1,1,5,2.0,93238.0,4,0,1,1,0,14,4
15611,18817,552,16,697,2017,9,0,5,1.0,33600.0,3,0,1,1,0,1,8
15612,13423,707,23,1298,2011,9,1,5,2.0,64666.0,4,0,1,1,0,14,4
15613,200,0,47,1115,1939,5,1,5,2.2,169000.0,4,1,2,1,0,14,0
15615,40456,431,16,722,2016,9,1,6,2.0,44445.0,4,0,1,1,0,12,12
15616,9408,0,36,1241,1999,9,1,5,3.7,10000.0,8,0,2,1,0,6,12
15617,2274,631,35,171,2014,4,1,5,2.5,438886.75,4,0,1,1,0,1,12
15618,37301,595,21,669,2015,3,1,5,1.5,28792.0,4,0,1,1,0,1,4
15619,19441,1024,23,812,2010,7,1,1,2.5,223603.0,4,0,1,1,0,12,4
15620,37633,0,5,948,2007,1,1,5,3.7,187500.0,10,2,2,0,0,1,12
15621,33243,765,23,1270,2015,4,1,1,2.0,164997.0,4,0,1,1,0,1,4
15625,21937,810,41,1278,2016,9,0,5,1.8,19200.0,4,0,1,1,0,12,12
15626,15681,0,36,561,2008,9,1,1,2.2,0.0,4,0,2,1,0,0,8
15628,30,0,21,669,2006,3,0,5,1.3,0.0,4,0,1,1,1,1,4
15629,470,1661,26,1520,2010,9,1,5,3.7,0.0,8,0,2,1,0,1,12
15631,6899,631,5,64,1994,9,1,5,1.6,438886.75,4,1,2,1,0,1,2
15632,39161,640,54,1192,2013,4,1,1,2.0,105924.0,4,0,1,1,0,14,4
15633,2038,640,61,1275,2013,9,1,5,2.0,143720.0,4,0,1,1,0,1,12
15634,10036,0,21,669,2004,3,0,5,1.5,124234.0,4,3,1,1,1,12,2
15635,7527,0,42,262,1998,3,0,5,1.6,200000.0,4,1,1,1,0,12,4
15636,9600,0,41,1370,2005,3,0,5,1.8,190000.0,4,3,1,1,1,14,2
15637,11917,697,61,870,2015,9,0,5,1.8,89000.0,4,2,1,1,0,2,10
15639,627,1714,32,1201,2017,4,1,5,3.5,50914.0,6,0,1,1,0,14,12
15641,19761,862,58,423,2011,9,1,5,2.5,155200.0,4,2,1,1,0,7,12
15642,8154,0,21,669,2005,9,0,5,1.5,223000.0,4,2,1,1,1,7,5
15643,19757,1832,36,1326,2005,6,1,1,2.2,117000.0,4,1,2,0,0,14,2
15644,26657,0,58,423,2013,9,1,2,2.5,170000.0,4,0,1,1,0,0,0
15645,350,0,36,332,2019,9,1,5,3.0,2000.0,8,2,2,1,0,14,12
15646,784,431,16,722,2016,9,1,2,2.0,89202.0,4,0,1,1,0,1,12
15648,9948,707,54,237,2011,4,1,1,2.0,76640.0,4,0,1,1,0,12,4
15649,1000,0,36,556,1999,9,0,1,1.2,111111.0,4,1,1,0,0,1,0
15650,16400,0,61,870,2011,9,1,5,2.5,136000.0,4,2,1,1,0,1,10
15651,2352,986,58,423,2010,9,1,2,2.4,129170.0,4,0,1,1,0,1,12
15652,26030,431,28,1052,2016,9,0,2,2.0,75851.0,4,0,1,1,0,14,10
15654,39201,631,32,780,2010,4,1,5,3.7,438886.75,8,0,0,1,0,1,0
15655,11604,0,5,94,2001,9,0,5,3.0,168000.0,6,1,2,1,0,2,4
15656,37633,481,28,1049,2017,9,1,2,2.0,26000.0,4,2,1,1,0,14,16
15657,34497,631,58,438,2019,9,1,5,2.5,438886.75,4,0,1,1,0,1,12
15658,8154,0,21,669,2003,9,0,5,1.5,189000.0,4,2,1,1,1,12,4
15659,74953,2418,36,1260,2018,9,1,5,3.7,29819.0,8,0,2,1,0,1,12
15660,15423,642,8,1060,2012,4,1,1,2.0,229056.0,4,0,1,1,0,11,4
15665,706,1086,13,285,2012,9,1,5,3.6,438886.75,6,0,1,1,0,2,12
15666,47042,1273,32,1201,2015,4,1,5,3.5,90680.0,6,0,0,1,0,1,16
15667,12544,0,21,669,2009,3,0,5,1.5,240000.0,4,1,1,1,0,11,4
15668,16308,1273,23,1270,2020,9,1,5,2.4,15149.0,4,0,0,1,0,14,12
15669,26657,0,58,429,2012,9,1,5,2.5,144000.0,4,2,1,1,0,1,4
15671,22580,640,16,345,2013,3,1,6,2.0,60000.0,4,0,2,1,0,7,10
15672,34497,0,36,1445,2010,7,0,1,2.2,315000.0,8,1,2,1,0,14,4
15674,36692,975,3,1160,2012,4,1,5,3.2,56000.0,6,2,0,1,0,14,11
15675,50,0,5,66,2003,1,0,5,1.8,220000.0,4,2,2,0,1,12,8
15676,9722,1268,58,256,2012,3,0,2,1.5,150000.0,4,2,1,1,1,2,2
15677,2979,919,36,961,2012,4,1,1,3.0,180251.0,6,0,0,1,0,14,12
15678,51373,765,23,1270,2015,4,1,1,2.0,94090.0,4,0,1,1,0,12,4
15679,8781,0,39,1077,1992,4,0,1,2.5,11111.0,4,1,0,0,0,11,0
15680,14884,707,8,523,2011,9,1,1,2.0,162001.0,4,0,1,1,0,14,4
15681,282,1327,58,1179,2018,4,1,5,2.5,61742.0,4,0,0,1,0,1,12
15682,6115,0,21,512,1999,4,0,0,2.0,275200.0,4,1,0,1,1,1,2
15683,5959,0,26,1482,2004,9,0,5,2.1,96000.0,6,0,1,1,1,6,8
15685,4077,0,5,66,1995,9,0,5,1.8,300000.0,4,1,2,1,0,1,2
15686,15053,0,58,423,2007,9,0,4,2.4,144000.0,4,0,1,1,0,0,6
15687,15053,0,39,1079,2005,4,0,5,2.0,155800.0,4,0,0,1,0,12,8
15688,6899,0,5,66,1998,9,0,5,1.9,1000.0,4,1,2,1,0,1,0
15689,13485,0,16,1381,2004,2,0,1,2.0,132000.0,4,1,1,1,0,12,1
15690,15994,631,5,1491,2015,4,1,5,3.0,438886.75,6,0,0,1,0,1,0
15691,16308,431,23,1298,2016,9,1,2,2.0,251768.0,4,0,1,1,0,14,4
15693,11917,0,58,1124,2007,9,0,2,1.5,336000.0,4,0,1,1,0,1,8
15694,16869,631,58,251,2012,3,1,5,1.5,438886.75,4,0,1,1,0,1,4
15696,3763,0,61,413,1997,2,0,1,1.9,260000.0,4,1,1,0,0,6,1
15697,48534,877,23,1401,2017,4,1,1,1.7,45331.0,4,0,1,1,0,2,4
15698,21639,0,58,492,2014,9,0,5,1.8,143000.0,4,0,1,1,0,4,10
15699,8938,781,16,722,2012,9,0,2,2.5,256000.0,4,3,1,1,0,14,8
15700,50,0,58,848,2007,7,0,5,2.0,250000.0,4,2,1,1,1,14,2
15701,22580,1051,28,1049,2016,9,0,5,2.4,74500.0,4,2,1,1,0,4,12
15702,16308,730,16,646,2016,4,0,5,1.6,0.0,4,0,0,1,0,14,0
15703,18817,0,23,618,2014,9,0,5,1.8,150400.0,6,2,1,1,0,4,6
15704,4861,697,58,492,2015,9,1,5,1.8,152630.0,4,0,1,1,0,14,12
15705,25716,777,55,706,2014,4,0,5,2.5,50000.0,4,0,0,1,0,12,6
15707,40,0,58,1124,2010,9,0,2,1.8,18000.0,4,0,1,1,0,14,0
15708,8781,988,58,1124,2007,3,0,2,1.5,154000.0,4,0,1,1,0,2,12
15709,12544,0,58,1458,2008,3,0,5,1.3,112000.0,4,3,1,1,1,12,4
15710,20071,585,58,1146,2013,3,0,2,1.8,147000.0,4,3,1,1,0,12,6
15712,14834,642,8,1060,2012,4,1,1,2.0,218525.0,4,0,1,1,0,7,4
15713,6899,1282,28,1323,2007,4,1,1,2.0,91232.0,4,0,1,1,0,14,4
15714,42987,639,54,1192,2014,4,1,1,2.0,119950.0,4,0,1,1,0,14,4
15715,20385,0,36,582,2003,9,1,0,3.2,136000.0,6,2,2,1,0,12,10
15716,26971,0,36,961,2010,4,1,5,3.5,216600.0,6,2,2,1,0,0,0
15717,9408,0,36,560,1999,9,0,1,2.2,3000.0,4,0,2,1,0,12,6
15718,50,0,21,669,2005,3,0,5,1.3,150000.0,4,0,1,1,1,12,2
15719,32340,642,23,1270,2012,4,1,1,2.0,138013.0,4,0,1,1,0,14,4
15720,11368,1047,23,618,2007,9,1,5,1.6,139000.0,4,0,1,1,0,12,4
15721,862,690,21,669,2016,4,1,5,1.5,31869.0,4,0,1,1,0,1,0
15722,14113,475,8,523,2012,9,1,5,1.4,104000.0,4,2,1,1,0,12,12
15723,16621,1185,61,515,2009,6,0,1,2.5,335000.0,5,1,2,1,0,0,6
15724,21796,781,58,434,2012,9,1,2,2.5,98298.0,4,0,1,1,0,7,8
15725,21169,0,41,889,2012,4,0,5,1.6,128000.0,4,2,1,1,0,7,4
15727,29793,1058,36,586,2012,9,1,5,3.5,56277.0,6,2,0,1,0,14,12
15728,15367,0,23,618,2012,9,0,5,1.8,100000.0,4,0,2,1,0,1,8
15729,549,502,21,669,2013,3,1,5,1.5,119213.0,4,0,1,1,0,2,12
15730,32305,753,27,483,2012,4,1,5,2.4,88000.0,4,0,1,1,0,7,4
15731,12544,586,23,618,2012,9,1,5,1.8,0.0,4,2,1,1,0,7,10
15732,19130,751,23,1304,2013,9,1,5,2.4,107200.0,4,2,1,1,0,0,8
15734,60,0,5,94,2007,1,1,5,3.0,157800.0,8,2,0,0,0,12,8
15735,8154,631,58,492,2003,3,0,5,1.6,438886.75,4,1,1,1,1,1,4
15736,30734,831,23,1403,2017,4,0,5,1.6,28897.0,4,0,0,1,0,7,10
15737,28852,0,16,646,2015,4,1,5,1.6,123000.0,4,0,1,1,0,7,0
15738,25089,0,58,1179,2008,4,0,1,2.2,150000.0,4,1,0,1,0,7,8
15740,42218,1091,23,812,2016,7,1,1,2.5,96334.0,4,0,1,1,0,7,4
15744,36068,1017,23,1401,2017,4,1,1,2.0,140004.0,4,0,1,1,0,2,4
15745,9408,0,42,1536,2003,7,0,0,1.6,197500.0,4,1,1,1,0,7,8
15746,13172,891,23,1298,2016,9,1,4,2.0,438886.75,4,0,1,1,0,8,4
15748,17876,0,58,1124,2011,9,0,2,1.8,100006.0,4,0,1,1,0,14,10
15750,706,1104,3,228,2015,9,1,1,3.0,131674.0,6,0,0,1,0,1,12
15751,18817,271,58,1124,2014,3,1,2,1.5,89986.0,4,0,1,1,0,7,0
15752,4704,0,42,1416,2001,9,0,0,2.2,175000.0,4,1,1,1,0,6,4
15753,21953,0,23,812,2007,6,1,1,2.4,84000.0,4,1,2,1,0,14,2
15754,26030,585,36,324,2013,9,1,5,1.8,83500.0,4,2,2,1,0,7,12
15755,14583,0,46,1003,2008,9,0,1,1.9,163124.0,4,1,1,1,0,14,10
15756,16621,650,61,876,2016,9,1,5,1.4,76466.0,4,0,1,1,0,1,8
15758,26030,0,32,841,2010,9,1,5,2.5,117000.0,6,2,2,1,0,1,12
15759,10820,0,58,865,2002,7,0,5,2.4,110000.0,4,0,1,1,1,12,8
15760,549,1481,26,664,2017,4,1,5,3.0,28421.0,6,0,0,1,0,11,12
15761,19914,0,58,1124,2012,3,0,2,1.8,212800.0,4,3,1,1,0,12,0
15762,30,0,58,1124,2009,3,1,2,1.5,80000.0,4,3,1,1,0,2,12
15763,706,631,58,1179,2015,4,1,5,2.5,438886.75,4,0,0,1,0,1,12
15764,100,0,32,820,2011,9,1,2,2.4,150000.0,4,0,1,1,0,2,10
15766,11604,631,58,424,2012,9,1,2,2.5,438886.75,4,2,1,1,0,1,10
15767,22580,779,61,1101,2013,9,1,5,2.5,60000.0,5,2,1,1,0,1,6
15768,20297,531,23,618,2012,9,1,5,1.6,165000.0,4,0,1,1,0,14,4
15769,29793,631,36,586,2014,9,1,1,3.5,438886.75,6,0,0,1,0,1,12
15770,13328,490,21,858,2011,3,0,2,1.3,172997.0,4,3,1,1,0,2,6
15772,18660,0,58,1124,2013,9,0,2,1.8,71257.0,4,0,1,1,0,14,7
15773,68994,0,36,961,2014,4,1,1,3.5,207568.0,6,2,0,1,0,7,10
15774,13799,928,42,262,2007,9,1,5,1.4,185000.0,4,1,1,1,0,1,10
15776,28068,1017,23,1403,2017,4,0,5,2.0,31241.0,4,0,1,1,0,2,10
15777,27598,0,16,722,2013,9,1,2,2.0,181000.0,4,0,1,1,0,12,4
15779,79971,0,3,226,2016,9,1,5,3.0,35500.0,6,2,0,1,0,14,12
15780,34387,1091,8,854,2016,9,1,5,2.5,161350.0,4,0,1,1,0,12,4
15781,28225,0,5,1499,2013,4,1,5,3.0,119700.0,6,2,0,1,0,7,12
15782,100,631,28,1049,2014,9,1,5,2.4,438886.75,4,2,1,1,0,1,8
15784,11992,642,8,523,2012,9,1,1,2.0,227073.0,4,0,1,1,0,7,4
15786,9408,0,35,1433,2007,3,0,5,1.5,141000.0,4,0,1,1,1,2,6
15787,30,0,58,1124,2007,9,0,2,1.5,3200.0,4,0,1,1,0,14,0
15789,470,353,58,1124,2015,3,1,2,1.8,188067.0,4,0,1,1,0,1,12
15790,15367,0,21,669,2013,3,0,2,1.5,163000.0,4,0,1,1,1,13,2
15791,15367,631,23,1298,2010,9,0,5,2.4,438886.75,4,2,1,1,0,1,0
15793,1882,518,58,280,2016,9,1,2,2.5,55096.0,4,0,1,1,0,2,0
15794,17249,640,16,345,2013,3,0,2,2.0,204010.0,4,0,1,1,0,1,0
15795,5645,0,36,313,1995,9,0,5,2.2,310000.0,4,1,2,1,0,1,4
15796,10976,0,55,298,2008,4,1,5,3.6,300000.0,6,0,0,1,0,3,8
15797,24559,777,23,812,2014,7,1,1,2.5,68578.0,4,0,1,1,0,12,4
15799,26033,271,58,251,2014,10,1,2,1.5,38311.0,4,0,1,1,0,1,4
15800,3136,751,8,643,2013,4,1,5,2.4,168179.0,4,0,1,1,0,7,12
15801,22266,0,16,345,2014,3,1,6,2.0,102000.0,4,2,1,1,0,0,6
15804,17876,0,58,1124,2010,9,0,5,1.8,200000.0,4,0,1,1,0,12,8
15806,2666,1018,5,95,2011,1,1,5,3.0,69950.0,6,0,2,0,0,2,12
15807,5500,0,41,905,2007,7,0,0,2.0,200000.0,4,0,1,1,1,2,4
15808,24462,0,16,1024,2011,1,1,5,3.7,132000.0,6,0,2,0,1,7,7
15809,627,751,8,643,2013,4,1,5,2.4,160242.0,4,0,1,1,0,1,12
15810,29166,640,23,1270,2013,4,1,1,2.0,53240.0,4,0,1,1,0,7,4
15811,10036,631,58,256,2013,3,0,2,1.5,438886.75,4,0,1,1,1,1,6
15812,9095,867,42,479,2007,10,0,1,1.3,185000.0,4,1,1,1,0,2,4
15813,13589,528,23,232,2014,9,1,1,1.6,143000.0,4,0,1,1,0,14,4
15814,25243,501,21,669,2014,3,1,5,1.5,28300.0,4,0,1,1,0,12,4
15815,12720,836,23,1298,2010,9,1,5,2.0,111293.0,4,0,1,1,0,12,4
15816,12231,0,58,251,2013,3,0,2,1.5,185000.0,4,3,1,1,1,14,2
15817,3450,1474,26,1522,2012,0,1,5,3.7,84541.0,8,0,2,1,0,14,12
15818,470,780,8,523,2019,7,1,5,1.4,43371.0,4,0,1,1,0,12,12
15819,6272,0,35,997,2002,9,0,5,2.3,224000.0,4,1,1,1,0,2,0
15820,58579,1110,54,1192,2017,4,1,1,2.2,58113.0,4,0,1,1,0,14,4
15821,61154,1275,58,423,2019,9,1,5,2.4,10000.0,4,2,1,1,0,2,12
15822,3136,891,23,618,2016,3,1,5,2.0,40464.0,4,0,1,1,0,7,12
15823,50,631,23,618,2013,9,0,4,1.8,438886.75,4,2,1,1,0,1,8
15824,26657,0,41,1112,2000,4,0,1,3.0,320000.0,4,1,0,1,0,2,6
15825,29793,0,8,420,2013,1,0,5,3.6,131000.0,6,2,2,0,0,11,6
15826,10976,1834,36,563,2004,9,0,1,2.2,257000.0,4,2,2,1,0,12,6
15827,2822,631,58,1179,2010,4,1,5,2.5,438886.75,4,0,0,1,0,1,12
15828,11604,765,23,1298,2015,9,1,4,2.0,404303.0,4,0,1,1,0,12,4
15830,16621,0,16,1381,2005,6,0,1,2.4,350000.0,4,1,2,1,0,14,1
15831,15681,0,8,523,2012,9,0,5,1.4,140000.0,4,1,1,1,0,4,8
15832,66479,503,23,1401,2019,4,1,2,2.0,7771.0,4,0,1,1,0,7,4
15834,22894,777,58,423,2014,9,1,5,2.5,94000.0,4,2,1,1,0,1,10
15835,62355,1017,23,1270,2017,4,1,1,2.0,75000.0,4,0,1,1,0,14,4
15836,17035,707,54,237,2011,4,1,1,2.0,157456.0,4,0,1,1,0,14,4
15837,4234,631,58,423,2013,9,1,2,2.5,438886.75,4,0,1,1,0,1,12
15838,94,779,55,706,2013,9,1,5,2.5,74688.0,4,0,0,1,0,12,0
15839,10976,0,36,1239,1986,9,1,5,3.7,260000.0,8,0,2,1,0,14,0
15840,13987,531,8,287,2012,3,1,5,1.6,111937.0,4,0,1,1,0,14,4
15841,19130,585,58,1124,2013,3,0,2,1.8,109200.0,4,0,1,1,0,7,10
15842,14426,0,61,870,2012,9,1,4,2.5,169600.0,5,0,1,1,0,1,8
15843,11133,0,21,669,2012,3,0,2,1.3,154000.0,4,3,1,1,1,12,4
15844,22894,441,28,1049,2015,3,0,2,2.4,89248.0,4,0,1,1,0,1,8
15847,46728,1327,58,1179,2018,4,1,5,2.5,51200.0,4,0,0,1,0,1,12
15848,17876,1598,5,144,2008,9,1,5,3.0,220000.0,6,3,2,1,0,12,12
15850,25264,777,23,812,2014,7,1,1,2.5,198916.0,4,0,1,1,0,15,4
15851,6586,0,21,669,2004,3,0,5,1.3,204950.0,4,3,1,1,1,12,2
15852,87021,0,36,1337,2013,6,1,1,2.2,240000.0,8,1,2,1,0,14,2
15854,30420,1053,58,825,2014,4,1,5,3.5,95000.0,6,0,0,1,0,3,12
15855,21953,0,41,1278,2016,9,0,5,1.8,56000.0,4,0,1,1,0,14,0
15856,47000,394,58,280,2014,9,1,2,2.5,73602.0,4,2,1,1,0,12,10
15859,55845,831,21,669,2018,3,1,5,1.5,29939.0,4,0,1,1,0,12,4
15860,392,585,23,618,2013,9,1,5,1.8,156326.0,4,0,1,1,0,7,12
15861,3136,0,21,1042,2005,7,0,5,2.4,1111.0,4,2,1,1,1,1,2
15862,14900,707,55,855,2011,3,0,5,2.0,128000.0,4,2,0,1,0,12,7
15863,5331,934,58,423,2015,9,1,5,2.5,245792.0,4,0,1,1,0,1,12
15864,13900,631,61,870,2013,9,0,5,2.0,438886.75,4,2,1,1,0,1,8
15865,11290,0,58,1124,2008,9,0,5,1.5,23000.0,4,0,1,1,0,7,12
15866,26971,917,39,1065,2013,4,0,5,3.0,126000.0,6,0,0,1,0,8,8
15869,43592,0,41,1230,2018,4,1,5,2.0,70000.0,4,2,0,1,0,7,12
15870,3293,1277,28,1318,2018,4,1,5,2.4,57618.0,4,0,1,1,0,10,12
15872,51194,1017,23,1270,2017,4,1,1,2.0,114000.0,4,0,1,1,0,7,4
15873,21768,642,8,1060,2012,4,1,1,2.0,86342.0,4,0,1,1,0,7,4
15874,35043,640,54,1192,2013,4,1,1,2.0,92728.0,4,0,1,1,0,12,4
15875,10349,1268,58,251,2012,3,1,2,1.5,180000.0,4,3,1,1,1,12,4
15876,14426,1077,55,522,2019,9,1,5,2.0,1275.0,4,0,0,1,0,12,12
15878,23521,0,16,345,2015,3,1,6,2.0,179200.0,4,2,1,1,0,12,8
15879,26657,0,24,744,2008,1,1,5,3.7,151000.0,6,1,2,0,0,1,12
15882,4704,0,61,794,1996,3,0,0,2.0,280000.0,4,1,1,1,0,1,0
15883,12544,271,58,1132,2014,3,0,2,1.5,438886.75,4,0,1,1,0,14,12
15884,282,831,6,1224,2011,9,1,5,2.4,229677.0,4,0,1,1,0,12,12
15885,32744,765,23,1270,2015,4,1,1,2.0,174899.0,4,0,1,1,0,14,4
15886,22580,0,61,1090,2014,9,1,5,1.8,78000.0,6,2,1,1,0,14,12
15887,13799,0,36,568,2004,9,1,5,2.4,95140.0,6,2,2,1,1,12,8
15888,8151,0,58,1457,2005,3,0,5,1.3,190000.0,4,0,1,1,1,12,8
15889,15367,761,58,1124,2010,3,0,2,1.8,241000.0,4,0,1,1,0,14,4
15892,4547,753,23,1298,2012,9,1,2,2.4,259934.0,4,0,1,1,0,11,12
15893,16778,631,28,1049,2014,9,1,5,2.0,438886.75,4,0,1,1,0,1,4
15895,6586,0,42,262,1998,9,0,5,1.6,224000.0,4,1,1,1,0,6,4
15896,6586,0,58,1457,2004,9,0,5,1.5,178000.0,4,0,1,1,0,12,2
15897,22260,781,58,423,2012,9,1,5,2.5,70000.0,4,2,1,2,0,14,12
15898,14113,0,23,1425,2013,1,0,5,1.6,90000.0,4,1,1,0,0,1,4
15900,20071,0,36,968,2004,4,1,0,3.5,175000.0,6,2,0,1,0,12,12
15901,1019,919,8,643,2012,4,1,5,3.0,343283.0,6,0,0,1,0,3,12
15902,4077,0,5,66,1999,9,0,0,1.9,12000.0,4,1,2,1,1,12,6
15903,12544,1273,32,1201,2015,4,1,5,3.5,92035.0,6,0,0,1,0,1,12
15904,13485,631,8,444,2012,4,1,5,3.0,438886.75,10,2,0,1,0,1,10
15905,3450,0,36,571,1992,9,0,0,2.6,0.0,6,1,2,1,0,0,4
15906,470,583,41,889,2011,4,1,5,1.6,0.0,4,0,1,1,0,1,0
15907,30,0,58,1124,2008,9,1,2,1.6,45888.0,4,0,1,1,0,14,12
15908,43868,730,54,237,2016,4,1,1,1.6,68961.0,4,0,1,1,0,14,4
15911,12544,765,23,1298,2015,9,1,4,2.0,438886.75,4,0,1,1,0,8,4
15912,35610,831,54,237,2017,4,1,5,1.6,71402.0,4,0,1,1,0,12,4
15913,55638,639,23,1270,2014,4,1,1,2.0,91321.0,4,0,1,1,0,14,4
15915,7500,1032,41,982,2012,3,0,5,1.2,66000.0,3,0,1,1,1,12,2
15916,1411,631,41,1228,2011,4,1,5,2.5,438886.75,4,0,0,1,0,1,12
15917,29793,0,41,889,2015,4,0,5,1.6,29120.0,4,2,0,1,0,12,12
15919,36065,0,36,322,2014,9,1,5,1.8,72000.0,4,0,2,1,0,1,12
15921,9500,1266,58,251,2014,3,0,2,1.5,96000.0,4,0,1,1,1,14,2
15923,23521,0,36,1440,2004,7,1,4,3.2,245000.0,6,2,2,2,0,14,4
15924,15524,382,28,1052,2014,9,0,2,2.4,269513.0,4,0,1,1,0,7,8
15925,14740,271,58,1140,2014,3,0,2,1.5,152000.0,4,3,1,1,0,12,8
15926,3136,1058,21,1042,2012,9,1,5,3.5,0.0,6,0,1,1,0,7,12
15928,25716,0,38,506,2011,4,1,5,1.6,184000.0,4,2,0,1,0,11,12
15929,27065,629,23,618,2015,9,1,5,1.6,103825.0,4,0,1,1,0,14,4
15930,392,1194,58,112,2013,4,1,5,3.7,194605.0,6,0,2,1,0,7,12
15931,11604,642,16,349,2012,3,1,2,2.0,11593.0,4,0,1,1,0,12,12
15932,12544,631,41,1228,2011,4,1,5,2.5,438886.75,4,0,1,1,0,1,8
15933,12544,928,42,262,2007,10,0,5,1.4,150000.0,4,1,1,1,0,12,7
15934,9408,0,62,1256,2011,9,0,5,2.5,100000.0,5,2,1,1,0,1,10
15935,18100,0,58,1124,2012,3,0,2,1.8,115000.0,2,0,1,1,0,1,6
15936,392,781,58,423,2012,9,1,2,2.5,50226.0,4,0,1,1,0,7,12
15938,15367,911,28,1318,2010,4,1,1,2.2,77400.0,4,0,1,1,0,7,4
15939,8311,631,21,469,2013,4,1,2,1.5,438886.75,4,0,1,1,0,1,0
15940,18817,585,58,1124,2013,9,0,2,1.8,199373.0,4,0,1,1,0,12,8
15941,34074,639,23,788,2014,1,1,5,2.0,65840.0,4,0,1,1,0,14,4
15942,8154,0,35,1433,2005,9,1,5,1.5,0.0,4,0,0,1,1,4,4
15944,9408,0,36,582,2001,9,0,5,3.2,2000.0,6,0,2,1,0,1,8
15945,21796,1249,58,423,2017,9,1,5,2.5,48000.0,4,2,1,1,0,1,8
15946,53185,1079,21,469,2018,9,1,5,2.0,38639.0,4,0,1,1,0,1,4
15949,11917,0,36,582,2003,9,1,0,3.2,0.0,6,0,2,1,0,12,8
15950,38251,1091,8,854,2016,9,1,5,2.5,129459.0,4,0,1,1,0,1,4
15953,549,1694,3,1198,2016,3,1,5,3.7,112701.0,8,0,0,1,0,7,12
15954,15053,0,21,675,2013,3,0,2,1.3,114000.0,4,3,1,1,1,14,2
15956,17876,891,23,618,2016,9,0,5,2.0,54590.0,4,1,1,1,0,1,10
15957,7840,0,16,1381,1996,6,0,1,2.5,0.0,4,1,2,1,0,14,0
15959,16621,0,16,345,2014,9,1,2,2.0,254455.0,6,0,1,1,0,14,12
15960,4077,1286,3,1160,2010,4,1,5,3.2,282643.0,6,0,0,1,0,2,12
15961,10349,530,16,722,2013,9,1,5,1.6,117000.0,4,2,1,1,0,7,12
15962,18189,777,16,722,2014,9,0,5,2.5,133000.0,4,2,1,1,0,6,12
15963,12432,583,11,909,2011,9,1,5,1.6,160622.0,4,0,1,1,0,14,4
15966,126322,1493,16,667,2016,9,1,5,3.5,33543.0,4,0,1,1,0,14,4
15967,4600,0,36,305,2001,9,1,5,2.0,296399.0,4,0,2,1,1,2,6
15968,13485,1288,8,444,2007,8,1,1,2.0,120000.0,4,0,1,1,0,14,8
15969,549,919,36,961,2012,4,1,1,3.0,169939.0,6,0,0,1,0,14,12
15970,627,924,41,1278,2017,9,1,5,1.8,150747.0,4,0,1,1,0,7,12
15972,43714,930,23,1401,2018,4,1,1,1.7,38945.0,4,0,1,1,0,12,4
15973,54882,1273,32,1201,2015,4,1,5,3.5,37000.0,6,2,1,1,0,1,10
15974,12544,0,58,1124,2008,3,0,2,1.5,176000.0,4,3,1,1,0,12,4
15976,65024,1055,16,661,2013,4,1,5,3.5,46616.0,4,0,1,1,0,14,4
15978,13700,0,56,809,2006,4,0,5,2.7,299200.0,6,0,0,1,0,12,2
15979,1646,1053,36,961,2014,4,1,1,3.5,0.0,6,0,0,1,0,12,12
15981,17876,631,58,1124,2009,3,1,5,1.8,438886.75,4,3,1,1,0,1,0
15982,23304,730,8,1060,2016,4,1,1,1.6,122198.0,4,0,1,1,0,1,4
15984,23000,308,58,1124,2014,3,0,2,1.8,68000.0,4,0,1,1,0,14,12
15985,4704,0,61,870,1999,9,0,5,2.0,248000.0,4,1,1,1,0,1,8
15986,13172,585,23,618,2013,9,0,5,1.8,80000.0,4,2,1,1,0,7,12
15987,549,585,58,1124,2013,4,1,2,1.8,298248.0,4,0,1,1,0,14,12
15989,13799,2467,9,518,2005,0,1,5,3.0,100000.0,8,0,2,0,0,12,6
15991,17249,751,23,1298,2013,9,1,2,2.4,115000.0,4,0,1,1,0,4,8
15992,34497,0,5,154,2011,9,1,5,3.0,156000.0,6,2,2,1,0,1,12
15993,470,645,32,402,2011,3,1,2,1.8,228610.0,4,0,1,1,0,1,12
15994,19080,528,8,1060,2014,4,1,1,1.6,161296.0,4,0,1,1,0,14,4
15996,2038,353,58,1124,2015,9,1,2,1.8,104795.0,4,0,1,1,0,14,12
15997,5959,0,42,267,2000,9,0,0,1.6,185777.0,4,0,1,1,0,2,4
16000,14269,765,5,1490,2015,4,1,5,2.0,96360.0,4,0,0,1,0,14,12
16001,13589,531,23,232,2012,9,1,1,1.6,114500.0,4,0,1,1,0,12,4
16003,20005,836,54,237,2010,4,1,1,2.0,121899.0,4,0,1,1,0,1,4
16004,9408,0,39,1018,2003,4,1,0,3.7,101000.0,6,2,0,1,0,14,4
16005,9252,765,23,1298,2015,9,1,4,2.0,438886.75,4,0,1,1,0,8,4
16006,18503,501,38,488,2014,1,1,5,1.5,86234.0,3,1,1,0,0,1,10
16007,17249,0,58,1124,2011,3,0,2,1.8,142000.0,4,3,1,1,0,0,12
16009,14740,0,5,144,2009,9,1,5,3.0,275000.0,6,2,2,1,0,1,8
16010,17876,0,58,1124,2010,3,0,2,1.8,150000.0,4,3,1,2,0,14,10
16012,470,1234,24,744,2011,9,1,5,3.7,158128.0,6,0,2,1,0,12,12
16013,12074,1018,36,961,2011,4,1,1,3.0,246600.0,6,0,0,1,0,7,0
16014,50178,0,16,615,2016,4,1,5,2.0,8000.0,4,2,0,1,0,1,6
16016,6586,631,5,71,1996,1,0,5,2.0,438886.75,6,1,2,0,0,1,2
16017,28830,639,54,902,2014,4,1,1,2.0,72030.0,4,0,1,1,0,2,4
16018,392,1086,13,285,2012,9,1,5,3.6,350421.0,6,0,1,0,0,7,12
16019,94083,1104,5,1491,2015,4,1,1,3.0,160000.0,6,0,0,1,0,1,5
16020,11917,574,21,858,2010,9,0,5,1.3,171200.0,4,2,1,1,0,11,0
16021,8781,0,21,669,2009,3,0,5,1.3,185000.0,4,0,1,1,1,7,6
16022,62722,0,5,1514,2012,4,1,5,3.0,95000.0,6,2,0,1,0,1,0
16025,314,2472,26,1252,2003,9,1,5,3.0,0.0,6,0,2,1,0,2,12
16026,14000,0,28,1116,2017,9,0,5,1.2,46000.0,4,1,1,1,0,12,4
16027,5488,631,58,364,2019,4,1,5,2.0,438886.75,4,0,1,1,0,1,12
16032,23521,934,58,1179,2015,4,1,5,2.5,58285.0,4,0,0,1,0,2,0
16033,12858,475,8,523,2012,9,0,5,1.4,122488.0,4,2,1,1,0,5,16
16035,8781,0,39,240,2002,4,0,5,2.0,168000.0,4,2,0,1,1,14,4
16036,2800,0,60,31,1981,9,1,5,1.3,55000.0,4,1,1,1,0,8,0
16038,12544,765,23,1298,2015,9,1,4,2.0,438886.75,4,0,1,1,0,8,4
16040,28225,640,5,1483,2013,4,1,5,2.0,108000.0,12,2,1,1,0,1,12
16041,16308,586,58,498,2012,9,0,5,1.8,124000.0,4,0,1,1,0,1,12
16044,314,761,58,1124,2010,3,1,2,1.8,287146.0,4,0,1,1,0,2,12
16046,1490,1760,27,804,2017,4,1,5,3.6,44690.0,6,0,1,1,0,3,12
16047,17634,531,23,838,2012,3,1,1,1.6,183380.0,4,0,1,1,0,7,4
16048,11992,1047,23,618,2007,9,1,5,1.6,150863.0,4,0,1,1,0,14,4
16049,23521,0,61,870,2017,9,1,5,1.4,28000.0,4,1,1,1,0,14,12
16050,3920,843,58,1124,2008,3,0,2,1.5,337600.0,4,0,1,1,0,2,12
16051,19757,0,38,506,2011,4,1,5,1.6,119416.0,4,1,1,1,0,2,12
16052,10976,753,13,285,2012,9,0,5,2.4,110000.0,4,2,1,1,0,2,8
16053,10000,0,41,1121,2004,7,0,0,2.5,0.0,4,0,0,1,1,0,4
16055,94,779,58,423,2013,9,1,5,2.5,202994.0,4,0,1,1,0,1,12
16056,77775,1053,5,1491,2014,4,1,5,3.5,158000.0,6,2,0,1,0,14,12
16057,10192,631,21,669,2014,3,0,2,1.4,438886.75,4,0,1,1,1,1,2
16058,20071,781,58,423,2012,9,1,5,2.5,94000.0,4,2,1,1,0,14,10
16060,30583,639,23,1270,2014,4,1,1,2.0,212762.0,4,0,1,1,0,12,4
16061,9095,779,55,706,2013,4,1,5,2.5,173000.0,4,3,0,1,0,2,6
16062,470,1077,58,364,2019,4,1,5,2.0,10610.0,4,0,1,1,0,12,12
16063,9500,0,36,582,2000,9,1,5,3.2,0.0,6,2,2,1,0,1,0
16064,6899,0,61,1090,2001,9,0,0,1.8,0.0,4,1,1,1,0,2,4
16066,2300,0,16,1381,2003,6,0,1,2.4,13000.0,4,1,2,1,0,1,4
16068,29793,637,28,1318,2014,4,1,1,2.0,43340.0,4,0,1,1,0,14,4
16070,14426,831,16,646,2011,4,1,5,2.4,128000.0,4,0,0,1,0,12,8
16073,3763,0,61,794,1996,3,0,5,1.6,220000.0,4,1,1,1,0,1,2
16074,25205,915,23,810,2014,9,1,5,3.0,253966.0,4,0,1,1,0,14,4
16075,15681,749,28,1049,2014,9,1,5,2.4,98579.0,4,0,1,1,0,7,0
16076,2038,697,21,469,2015,9,1,5,1.8,80542.0,4,0,1,1,0,7,12
16077,15677,729,8,1060,2016,4,1,1,1.6,30374.0,4,0,1,1,0,12,4
16078,22423,781,23,812,2012,7,1,1,2.5,75437.0,4,0,1,1,0,7,4
16079,32954,765,23,1401,2015,4,1,1,2.0,103589.0,4,0,1,1,0,1,4
16081,63839,1053,16,661,2014,4,1,5,3.5,48515.0,4,0,1,1,0,1,4
16083,2822,631,36,204,1987,9,0,5,2.0,438886.75,4,1,2,1,0,1,0
16084,106957,518,32,1030,2016,4,1,2,2.5,53649.0,4,0,1,1,0,7,4
16087,16766,642,8,523,2012,9,1,1,2.0,90815.0,4,0,1,1,0,14,4
16088,14113,781,61,870,2012,9,1,5,2.5,120000.0,5,2,1,1,0,14,0
16090,19757,0,16,345,2013,3,0,2,2.0,72000.0,4,0,1,1,0,7,6
16092,10663,631,58,825,2016,4,1,2,3.5,438886.75,6,0,0,1,0,1,12
16093,2500,0,42,502,1996,3,0,5,1.6,211375.0,4,1,1,0,0,1,2
16096,12544,631,42,262,2008,3,0,5,1.4,438886.75,6,1,1,1,0,1,6
16097,7213,631,5,1491,2012,4,1,1,3.0,438886.75,6,0,0,1,0,1,0
16098,12544,0,58,1124,2007,9,1,2,1.5,150000.0,4,0,1,1,0,7,12
16099,21953,0,41,890,2012,4,1,5,1.6,55395.0,4,0,1,1,0,1,12
16102,5331,631,39,784,2003,9,0,5,2.0,438886.75,4,2,1,1,1,1,6
16103,60684,891,32,1029,2016,4,1,5,2.0,37514.0,4,0,1,1,0,12,10
16106,9063,1273,54,1192,2009,4,1,1,2.7,77016.0,4,0,1,1,0,12,4
16107,22266,631,32,1201,2015,4,1,5,3.5,438886.75,6,0,0,1,0,1,12
16109,20385,0,41,889,2011,4,1,5,1.6,133000.0,4,0,1,1,0,2,6
16110,20071,0,58,1132,2014,9,0,2,1.5,51000.0,4,3,1,1,1,14,7
16111,6899,631,42,262,1998,9,0,5,1.6,438886.75,4,1,1,1,0,1,0
16113,15900,631,58,1124,2011,9,0,2,1.8,438886.75,4,0,1,1,0,1,6
16114,1725,631,32,402,2015,3,1,2,1.8,438886.75,4,0,1,1,0,1,0
16115,16894,707,54,237,2011,4,1,1,2.0,146610.0,4,0,1,1,0,14,4
16116,25763,833,8,444,2015,4,1,1,2.2,78356.0,4,0,1,1,0,12,4
16117,8778,362,8,1322,2014,9,1,5,1.0,34855.0,4,0,1,1,0,14,4
16118,20385,0,16,1381,2001,6,1,1,2.4,240000.0,6,1,2,1,0,14,0
16119,314,3910,18,231,2001,8,1,5,3.7,335739.0,8,0,2,1,0,6,12
16120,25089,0,36,957,2007,4,1,1,3.0,180000.0,6,2,0,1,0,1,12
16121,25889,528,23,618,2014,9,1,5,1.6,84640.0,4,0,1,1,0,14,4
16122,17249,0,39,1077,1997,4,1,1,2.8,159000.0,4,0,0,1,0,2,2
16123,16308,0,62,1411,2010,2,0,1,1.6,180300.0,4,1,1,1,0,1,8
16124,8097,583,11,909,2011,9,1,5,1.6,239917.0,4,0,1,1,0,14,4
16125,41048,640,23,788,2013,1,1,5,2.0,95605.0,4,0,1,1,0,1,4
16126,34845,631,3,228,2003,9,1,5,3.7,438886.75,8,2,0,1,0,1,8
16129,16308,891,3,1158,2016,9,1,5,2.0,1717.0,4,0,0,1,0,1,0
16132,13485,645,23,618,2011,9,0,5,1.8,148552.0,4,0,1,1,0,1,12
16133,13485,0,16,646,2008,4,1,2,2.3,175000.0,4,0,1,1,0,13,6
16134,44247,765,23,1270,2015,4,1,1,2.0,147542.0,4,0,1,1,0,2,4
16135,4861,0,42,262,1999,10,0,1,2.0,0.0,4,0,1,1,0,12,4
16137,16480,631,13,418,2010,4,0,5,2.4,438886.75,4,0,1,1,0,1,8
16139,7527,0,21,669,2004,3,0,5,1.3,150000.0,4,3,1,1,1,12,4
16141,6272,586,58,1124,2012,9,0,6,1.8,164688.0,4,3,1,1,0,14,12
16142,39499,640,16,1362,2013,9,1,5,2.0,72407.0,4,0,1,1,0,14,4
16143,7527,0,36,376,1999,1,1,5,2.0,16400.0,4,1,2,0,0,2,8
16144,15612,862,23,812,2011,10,1,1,2.5,259306.0,4,0,1,1,0,15,4
16147,13877,687,23,838,2010,3,1,5,1.6,103000.0,4,0,1,1,0,7,4
16148,16935,631,58,423,2012,9,1,2,2.5,438886.75,4,0,1,1,0,1,8
16150,12231,0,21,669,2011,3,0,2,1.3,160000.0,4,0,1,1,1,1,2
16151,29777,642,23,1270,2012,4,1,1,2.0,206608.0,4,0,1,1,0,12,4
16152,2822,631,16,722,2015,9,1,2,2.0,438886.75,4,0,1,1,0,1,0
16153,23138,631,54,902,2013,4,1,1,2.0,438886.75,4,0,1,1,0,1,4
16154,1411,645,58,492,2011,9,1,5,1.8,190789.0,4,0,1,1,0,9,12
16155,8467,631,21,669,2005,3,0,5,1.3,438886.75,4,0,1,1,1,1,3
16158,7840,0,42,479,2007,2,0,1,1.3,210000.0,4,1,1,1,0,14,2
16159,13172,1662,41,1280,2012,7,0,2,2.0,121000.0,4,0,1,1,1,12,6
16160,9722,891,5,88,2016,9,1,5,2.0,70195.0,4,0,2,1,0,14,12
16161,10349,697,23,618,2015,9,0,5,1.8,110000.0,4,2,1,1,0,12,8
16163,1803,749,23,1298,2014,9,1,5,2.4,0.0,4,0,1,1,0,2,12
16165,18033,738,8,527,2017,9,0,5,1.4,49439.0,4,0,1,1,0,7,6
16166,13476,609,21,669,2016,3,1,5,1.3,4422.0,4,0,1,1,0,12,4
16167,32274,810,23,618,2016,9,1,5,1.8,86391.0,4,0,1,1,0,12,4
16168,8947,631,28,1049,2013,9,1,5,2.0,438886.75,4,0,1,1,0,1,4
16169,8000,0,36,568,1999,9,0,5,2.4,253000.0,6,1,2,1,0,12,5
16170,2509,697,58,492,2015,9,1,5,1.8,127680.0,4,0,1,1,0,7,12
16171,28225,1327,58,423,2018,9,0,5,2.5,142000.0,4,2,1,1,0,14,12
16172,7840,0,8,989,2006,3,0,5,0.8,120000.0,3,0,1,1,0,11,4
16173,470,531,41,889,2012,9,1,5,1.6,136712.0,4,0,0,1,0,14,0
16174,19444,631,36,1445,2009,7,0,1,2.2,438886.75,4,1,2,1,0,1,4
16175,35579,631,23,1270,2014,4,1,1,2.0,438886.75,4,0,1,1,0,1,4
16176,15125,642,8,1060,2012,4,1,1,2.0,156834.0,4,0,1,1,0,5,4
16177,16308,0,36,582,2003,9,1,4,3.2,228000.0,6,2,2,1,0,1,10
16178,9095,0,21,512,2002,4,1,0,2.0,177000.0,4,1,0,1,1,12,8
16179,11917,640,28,1049,2013,9,1,5,2.0,53217.0,4,0,1,1,0,12,4
16180,6272,0,42,262,2000,9,1,0,2.0,0.0,4,1,1,1,0,2,6
16182,12544,765,23,1298,2015,9,1,4,2.0,438886.75,4,0,1,1,0,8,4
16183,40142,891,28,1323,2016,4,1,1,2.0,53000.0,4,2,1,1,0,12,8
16184,16935,586,23,618,2012,9,1,5,1.8,160160.0,4,2,1,1,0,1,12
16185,16308,0,5,1491,2004,4,1,0,3.0,16000.0,6,2,0,1,0,12,8
16186,24920,640,54,902,2013,4,1,1,2.0,71561.0,4,0,1,1,0,7,4
16187,22580,779,55,706,2013,4,1,5,2.5,84000.0,4,0,0,1,0,14,10
16189,16900,503,58,251,2012,3,1,5,1.5,46756.0,4,0,1,1,0,1,4
16190,37633,631,58,280,2017,9,1,2,2.5,438886.75,4,2,2,1,0,1,12
16191,10349,1268,58,251,2012,3,0,2,1.5,134000.0,4,3,1,1,1,12,0
16192,40769,0,36,1246,2007,9,1,4,3.7,167000.0,8,2,2,1,0,12,12
16193,26657,642,5,88,2012,9,1,5,2.0,206400.0,4,2,2,1,0,1,12
16194,22549,730,23,618,2016,9,1,1,1.6,150000.0,4,0,1,1,0,14,4
16195,13771,687,23,618,2010,9,1,5,1.6,159048.0,4,0,1,1,0,12,4
16196,15957,836,23,1401,2010,4,1,1,2.0,140123.0,4,0,1,1,0,1,4
16197,157,640,61,870,2013,9,1,1,2.0,321890.0,4,0,1,1,0,12,12
16199,27911,0,61,1368,2014,4,1,5,2.0,59200.0,4,2,0,1,0,12,12
16200,4391,697,23,618,2015,4,1,5,1.8,125386.0,4,0,1,1,0,14,12
16201,11133,631,5,1491,2012,4,1,5,3.0,438886.75,6,0,0,1,0,1,12
16202,13642,649,58,1124,2010,3,0,2,1.5,137000.0,4,0,1,1,0,14,12
16204,40456,639,36,371,2014,9,1,5,2.0,64000.0,4,2,1,1,0,14,12
16205,12544,0,28,1049,2014,9,0,5,2.4,172800.0,4,2,1,1,0,12,16
16206,18826,631,23,618,2012,9,1,5,1.6,438886.75,4,0,1,1,0,1,4
16207,9408,631,21,512,1999,4,0,0,2.0,438886.75,4,1,1,1,0,1,0
16208,31047,631,58,1132,2018,3,0,2,1.5,438886.75,4,0,1,1,0,1,8
16209,37580,891,23,1401,2016,4,1,1,2.0,90000.0,4,0,1,1,0,14,4
16210,9722,530,16,722,2013,9,0,5,1.6,201000.0,4,2,1,1,0,12,12
16211,20385,0,8,523,2016,9,0,5,1.4,47543.0,4,2,1,1,0,13,12
16213,62161,784,21,469,2017,9,1,5,1.5,3355.0,4,0,1,1,0,2,4
16215,627,891,23,618,2016,3,1,5,2.0,47074.0,4,0,1,1,0,12,12
16217,29580,642,23,1270,2012,4,1,1,2.0,148310.0,4,0,1,1,0,12,4
16218,9565,631,23,1298,2019,4,1,5,2.4,438886.75,4,0,1,1,0,1,12
16219,15681,584,61,1090,2014,9,1,5,1.8,64000.0,4,0,1,1,0,14,0
16220,25089,891,23,618,2016,9,0,5,2.0,88000.0,4,0,1,1,0,1,8
16221,11290,753,28,1049,2012,9,0,5,2.4,183342.0,4,2,1,1,0,7,4
16222,19000,1820,35,409,2012,4,1,1,2.2,96000.0,4,2,1,1,1,2,6
16223,11604,530,16,722,2013,9,0,5,1.6,113000.0,4,2,1,1,0,7,4
16224,11917,988,58,1124,2007,9,0,5,1.5,180000.0,4,0,1,1,0,11,12
16226,56121,891,23,1270,2016,4,1,1,2.0,111875.0,4,0,1,1,0,2,4
16227,11604,1195,16,1381,2008,2,0,1,2.2,156000.0,4,1,1,1,0,14,2
16229,24239,446,21,669,2014,3,1,5,1.3,62000.0,4,0,1,1,0,14,4
16230,16308,1347,16,646,2008,4,1,2,2.5,256000.0,4,0,0,1,0,13,12
16231,9722,0,3,206,2004,1,1,1,2.0,260000.0,4,1,1,0,0,12,4
16234,8624,0,41,1366,1998,4,0,1,2.7,165000.0,4,1,0,1,1,11,1
16235,12858,0,21,669,2008,3,0,5,1.5,145000.0,4,2,1,1,1,2,4
16236,45044,765,54,1192,2015,4,1,1,2.0,102118.0,4,0,1,1,0,2,4
16237,10976,0,21,858,2009,9,0,2,1.3,125000.0,4,0,1,1,0,14,9
16239,706,1249,58,1179,2017,4,1,5,2.5,29333.0,4,0,1,1,0,7,12
16240,11917,0,3,243,2005,9,1,5,2.7,256000.0,6,2,0,1,0,12,4
16242,45633,639,54,1192,2014,4,1,1,2.0,87681.0,4,0,1,1,0,1,4
16243,5645,0,58,459,2000,1,1,5,1.8,204000.0,4,1,1,0,1,12,6
16244,6611,447,21,669,2013,3,1,5,1.3,114577.0,4,0,1,1,0,3,4
16245,59834,784,21,469,2017,1,1,5,1.5,12047.0,4,0,1,1,0,2,4
16246,18817,0,16,1381,2008,7,1,1,2.2,222000.0,4,1,1,2,0,14,2
16247,10976,0,36,1410,1998,7,1,0,2.3,300000.0,4,1,1,1,0,1,8
16248,10036,0,58,248,2001,9,0,5,2.0,160000.0,4,2,2,1,1,2,2
16249,23521,779,58,423,2013,9,1,5,2.5,127000.0,6,0,1,1,0,1,12
16250,43905,1202,23,1273,2017,4,0,5,2.4,72000.0,4,2,0,1,0,1,12
16252,38731,1249,23,812,2017,7,1,1,2.5,30066.0,4,0,1,1,0,7,4
16254,30,0,58,1124,2007,9,0,2,1.5,1000.0,4,0,1,1,0,14,12
16255,13000,631,58,423,2010,9,0,2,2.4,438886.75,4,3,1,1,0,1,10
16257,4234,640,3,209,2013,9,1,5,2.0,157584.0,4,0,0,1,0,1,0
16258,1646,431,16,722,2016,9,1,2,2.0,120114.0,4,0,1,1,0,1,12
16260,25089,1058,58,423,2012,9,1,5,3.5,93000.0,6,2,1,1,0,1,10
16261,13799,697,23,618,2015,9,0,5,1.8,91000.0,4,0,1,2,0,12,12
16262,7840,966,13,417,2009,3,0,5,2.0,256000.0,4,3,1,1,0,12,8
16263,1882,738,8,523,2017,9,1,5,1.4,119352.0,4,0,1,1,0,1,12
16264,15624,966,23,788,2009,1,1,5,2.0,158642.0,4,0,1,1,0,7,4
16265,6899,0,5,1491,2000,4,1,0,3.7,198000.0,8,0,0,1,0,12,6
16266,11290,0,45,455,2004,4,0,5,3.7,165000.0,6,2,0,1,0,12,0
16267,1411,777,41,249,2014,9,1,5,2.5,106442.0,4,0,1,1,0,1,12
16269,15000,2123,35,288,2017,3,0,5,1.5,38000.0,4,0,1,1,1,1,4
16270,38562,891,23,1270,2016,4,1,1,2.0,195996.0,4,0,1,1,0,14,4
16271,627,631,5,95,2013,9,1,5,3.0,438886.75,6,0,2,1,0,1,12
16272,67480,784,21,469,2017,1,1,5,1.5,16914.0,4,0,1,1,0,7,4
16274,47042,1058,32,778,2012,9,1,2,3.5,212800.0,6,2,2,1,0,7,8
16276,12858,777,58,423,2014,9,1,5,2.5,219150.0,4,0,1,1,0,14,12
16277,1568,810,23,618,2016,9,1,5,1.8,121840.0,4,0,1,1,0,2,12
16281,10976,585,58,1124,2013,3,0,6,1.8,144000.0,4,0,1,1,0,12,10
16282,25744,765,8,978,2015,9,1,1,2.0,111365.0,4,0,1,1,0,7,4
16283,16621,475,8,1461,2012,9,0,6,1.4,95000.0,4,0,1,1,0,7,4
16284,30420,631,58,434,2014,9,1,2,2.5,438886.75,6,2,1,1,0,1,8
16285,12544,584,23,618,2014,9,0,5,1.8,120000.0,4,2,1,1,0,12,0
16286,10964,836,23,1270,2010,4,1,1,2.0,51604.0,4,0,1,1,0,14,4
16288,6272,0,36,23,1998,9,0,5,2.0,438886.75,4,1,2,1,0,6,4
16289,1646,707,3,209,2011,9,1,5,2.0,124958.0,4,0,0,1,0,14,12
16290,21639,0,23,623,2013,3,0,5,1.8,133280.0,4,2,1,1,0,1,10
16293,5987,494,41,982,2015,3,1,5,1.2,93100.0,4,0,1,1,0,1,4
16295,13172,891,23,1298,2016,9,1,4,2.0,438886.75,4,0,1,1,0,8,4
16296,4391,980,41,1278,2018,9,1,5,1.8,16574.0,4,0,1,1,0,14,12
16298,14500,631,28,1049,2015,9,1,5,2.0,438886.75,4,2,1,1,0,1,0
16299,3293,781,58,423,2012,9,1,2,2.5,361035.0,4,0,1,1,0,1,12
16301,41259,382,21,669,2017,10,1,2,1.5,22099.0,4,0,1,1,0,2,4
16302,1490,1018,16,646,2011,4,1,5,3.0,158349.0,6,0,1,1,0,14,12
16305,1254,631,23,232,2017,9,1,5,1.6,438886.75,4,0,1,1,0,1,12
16306,14113,934,58,423,2015,9,0,5,2.5,0.0,4,2,1,1,0,1,8
16308,35,0,58,1124,2008,9,0,2,1.5,172000.0,4,0,1,1,0,14,8
16309,12231,2628,45,453,2004,4,1,5,3.2,156121.0,8,2,0,1,0,7,10
16310,18660,0,23,618,2013,9,1,5,2.4,130000.0,4,2,1,1,0,1,6
16312,34497,779,58,1179,2013,4,0,5,2.5,127000.0,6,2,0,1,0,1,10
16313,3450,0,61,870,2000,9,0,5,2.0,150000.0,4,1,1,1,0,1,4
16314,10976,0,36,597,2002,9,1,4,3.7,245000.0,8,2,2,1,0,12,0
16315,10976,0,43,106,2005,9,0,5,2.0,150023.0,4,1,1,1,0,7,0
16316,42000,1474,16,667,2012,8,0,5,3.7,150000.0,8,2,0,1,0,1,8
16317,42692,730,54,237,2016,4,1,1,1.6,54216.0,4,0,1,1,0,2,4
16320,4234,640,61,779,2013,3,1,5,2.0,162142.0,4,0,1,1,0,1,12
16322,13000,631,3,1255,2007,9,1,5,3.7,438886.75,6,2,0,1,0,1,6
16323,3800,0,42,1416,1996,9,0,5,2.0,438886.75,4,1,1,1,0,13,2
16325,14740,0,36,290,2008,3,0,5,1.7,120000.0,4,2,1,1,0,1,12
16326,16621,0,5,147,2003,9,1,1,3.0,270000.0,6,2,2,1,0,1,10
16327,9722,746,58,1153,2009,3,0,2,1.5,185000.0,4,3,1,1,0,14,12
16328,8781,1090,8,444,2008,4,1,1,2.0,57248.0,4,0,1,1,0,14,4
16329,13485,642,16,704,2012,3,1,5,2.0,121000.0,4,2,1,1,0,14,10
16331,65015,1077,23,1401,2019,4,1,5,2.0,6770.0,4,0,1,1,0,7,4
16332,5331,631,32,402,2013,3,1,2,1.8,438886.75,4,0,1,1,0,1,0
16334,11964,761,8,909,2010,9,1,5,1.8,114588.0,4,0,1,1,0,7,4
16335,100,0,28,1049,2016,9,1,5,2.4,87000.0,8,2,1,1,0,14,8
16336,16621,1317,5,144,2009,9,1,5,2.8,164000.0,6,2,2,1,0,7,12
16337,31361,0,13,463,2013,1,1,5,3.6,85000.0,6,2,2,0,0,12,10
16340,1098,639,3,219,2014,9,1,5,2.0,101179.0,4,0,0,1,0,1,12
16341,21953,781,58,423,2012,9,0,5,2.5,111763.0,4,0,1,1,0,14,0
16342,7200,0,21,469,2000,1,1,5,1.6,2530.0,4,1,1,0,0,14,2
16343,18817,0,36,387,2007,1,1,5,3.5,162000.0,6,0,2,0,0,12,8
16344,18500,1091,58,436,2016,9,1,5,2.5,142000.0,4,2,1,1,0,1,0
16345,9100,0,62,1516,2003,4,1,5,2.5,363200.0,6,0,0,1,0,6,6
16347,3293,891,23,618,2016,9,1,5,2.0,0.0,4,0,1,1,0,12,12
16349,12544,502,58,1132,2013,3,1,2,1.5,142000.0,4,0,1,1,0,2,8
16351,73134,1273,16,661,2015,4,1,5,3.5,56571.0,4,0,1,1,0,14,4
16353,15681,1391,36,396,2012,9,1,5,3.7,152000.0,8,0,0,1,0,1,12
16355,21739,631,54,1192,2011,4,1,1,2.0,438886.75,4,0,1,1,0,1,4
16356,784,1018,5,1491,2011,4,1,5,3.0,277421.0,6,0,0,1,0,1,12
16357,27598,0,58,423,2012,9,1,5,2.5,64000.0,4,2,1,1,0,7,12
16358,18245,631,39,1065,2012,4,1,5,2.0,438886.75,4,2,0,1,0,1,8
16359,18817,0,58,1124,2013,9,0,2,1.8,104000.0,4,0,1,1,0,1,8
16360,16621,0,58,1132,2012,3,0,2,1.5,172000.0,4,0,1,1,0,8,10
16361,11200,631,28,450,2010,7,1,1,2.2,438886.75,4,0,1,1,0,1,4
16362,19444,765,55,1525,2015,9,1,5,2.0,250005.0,4,0,0,1,0,1,0
16363,10976,631,58,1124,2011,9,0,2,1.8,438886.75,4,3,1,1,0,1,6
16364,52373,579,58,1179,2017,4,0,2,2.5,2000.0,4,2,0,1,0,7,12
16366,8311,0,61,1090,2006,9,1,5,2.0,0.0,8,0,1,1,0,12,8
16367,14740,0,13,417,2011,3,1,5,2.0,110000.0,4,0,0,1,0,1,6
16368,10976,586,23,618,2012,9,0,5,1.8,213600.0,4,2,1,1,0,2,6
16369,16308,0,58,251,2014,3,0,2,1.5,123456.0,4,0,1,1,1,14,8
16370,23521,474,8,1461,2013,3,1,2,1.4,126400.0,4,0,1,1,0,1,6
16371,6586,1363,36,1246,2012,9,1,5,3.7,156043.0,8,0,0,1,0,1,12
16372,23521,528,41,889,2014,4,0,5,1.6,113600.0,4,2,0,1,0,14,7
16373,15053,562,15,125,2015,1,1,5,1.4,70000.0,4,0,1,0,0,7,12
16374,7056,1090,8,444,2008,4,1,1,2.0,68348.0,4,0,1,1,0,12,4
16375,25,0,21,858,2011,3,0,2,1.3,160000.0,4,0,1,1,0,14,4
16376,19130,764,28,1049,2015,9,1,5,2.0,55073.0,4,0,1,1,0,14,4
16377,8467,0,53,691,2008,3,0,5,1.2,1200.0,4,1,1,1,0,7,4
16379,10923,583,23,232,2011,3,1,1,1.6,32800.0,4,0,1,1,0,1,4
16380,21062,640,54,902,2013,4,1,1,2.0,116918.0,4,0,1,1,0,14,4
16381,19547,640,23,1401,2013,4,1,1,2.0,199848.0,4,0,1,1,0,1,4
16382,17092,0,21,669,2014,3,1,2,1.5,119000.0,4,0,1,1,1,12,8
16383,15681,753,23,1298,2012,9,1,5,2.4,147200.0,4,2,1,1,0,1,8
16384,9408,0,36,305,1997,10,0,0,1.8,196090.0,4,3,2,1,0,1,2
16388,12544,0,36,292,2007,3,1,5,1.7,221700.0,4,2,1,1,0,14,12
16389,20071,502,58,1124,2013,9,0,2,1.5,77000.0,4,3,1,1,0,1,10
16390,13485,779,61,870,2013,9,1,5,2.5,110000.0,4,2,1,1,0,5,6
16391,18189,777,41,1228,2014,4,0,5,2.5,136000.0,4,2,1,1,0,7,6
16392,13172,0,21,669,2011,3,0,2,1.3,165000.0,4,3,1,1,1,2,4
16393,17876,0,23,618,2011,9,0,5,1.8,62000.0,4,0,1,1,0,7,10
16394,19757,0,61,1375,2003,4,1,1,3.7,170000.0,10,0,2,1,0,7,6
16396,40688,1091,23,812,2016,10,1,1,2.5,97640.0,4,0,1,1,0,12,4
16398,26971,382,16,727,2015,9,1,2,2.0,81000.0,4,3,1,1,0,7,4
16399,20385,1185,61,516,2009,6,0,1,2.5,240000.0,4,1,2,1,0,14,2
16400,3136,781,58,423,2012,9,1,5,2.5,277906.0,4,0,1,1,0,7,12
16402,39085,833,8,444,2015,4,1,1,2.2,95303.0,4,0,1,1,0,3,4
16403,9408,0,5,77,2001,9,0,5,2.2,111111.0,6,1,2,1,0,12,6
16405,9722,1267,58,251,2013,3,0,2,1.5,146000.0,4,0,1,1,1,2,4
16406,5500,0,42,262,2007,2,0,1,1.9,1000.0,4,1,1,1,0,12,6
16408,6800,0,42,262,2003,3,0,5,1.2,234221.0,4,1,1,1,0,12,4
16409,28225,631,58,1179,2014,4,1,5,2.5,438886.75,4,0,0,1,0,1,0
16410,14426,0,13,417,2011,3,0,5,2.0,173000.0,4,3,1,1,0,7,6
16411,6586,0,21,669,2003,3,0,5,1.3,229000.0,4,3,1,1,1,12,4
16413,3293,1076,23,618,2020,9,1,5,2.0,261.0,4,0,1,1,0,1,12
16414,25089,595,58,251,2015,3,1,5,1.5,68000.0,4,0,1,1,0,1,4
16416,13900,474,61,870,2013,9,1,2,1.4,125000.0,4,0,1,1,0,7,12
16417,22894,779,58,423,2013,9,1,5,2.5,160000.0,4,0,1,1,0,7,12
16418,50178,0,16,1024,2016,1,0,5,3.7,56000.0,6,2,2,0,0,1,6
16419,47042,0,7,645,2008,4,1,4,3.7,288000.0,8,2,2,1,0,1,12
16420,16308,1079,28,284,2018,9,1,5,2.0,56288.0,4,0,2,1,0,12,12
16422,14113,0,5,1491,2002,4,1,5,3.7,180000.0,8,2,0,1,0,1,0
16423,7524,631,39,1079,2001,4,0,5,2.0,438886.75,4,1,0,1,0,1,4
16424,30107,308,32,402,2014,3,1,2,1.8,114000.0,4,3,1,1,0,3,10
16425,17923,707,8,978,2011,9,1,5,2.0,149790.0,4,0,1,1,0,1,4
16426,4077,1680,42,262,2001,3,0,1,2.0,170000.0,4,1,1,1,0,12,7
16427,83107,631,36,763,2017,4,1,5,3.5,438886.75,6,2,0,1,0,1,12
16428,45160,345,8,1464,2016,3,1,6,1.5,80000.0,4,3,1,1,0,1,8
16429,17700,697,61,870,2015,9,1,5,1.8,102780.0,4,2,1,1,0,7,12
16430,28532,501,21,669,2014,3,1,5,1.5,77200.0,4,0,1,1,0,1,4
16433,19130,1714,36,763,2017,4,1,5,3.5,75914.0,6,0,0,1,0,12,12
16434,11290,631,16,1381,2000,6,0,1,2.5,438886.75,5,1,2,1,0,1,2
16435,13172,1185,16,646,2009,4,1,2,2.5,205000.0,4,2,0,1,0,6,8
16437,20385,753,28,1049,2012,9,1,2,2.4,97000.0,4,2,1,1,0,1,12
16438,31361,0,5,186,2010,9,1,5,3.0,175000.0,6,2,2,1,0,2,6
16439,19416,631,23,618,2012,9,1,5,1.6,438886.75,4,0,1,1,0,1,4
16440,6000,0,39,785,2004,9,1,5,3.7,135000.0,6,2,1,1,0,12,12
16441,16894,642,8,1060,2012,4,1,1,2.0,155329.0,4,0,1,1,0,12,4
16442,39458,640,54,1192,2013,4,1,1,2.0,84000.0,4,0,1,1,0,14,4
16443,7119,1282,28,1323,2007,4,1,1,2.0,74666.0,4,0,1,1,0,12,4
16445,8147,631,21,679,2011,3,0,2,1.3,438886.75,4,2,1,1,1,1,4
16446,25,0,58,1179,2012,4,1,1,2.2,120000.0,4,1,0,1,0,14,13
16448,392,585,21,469,2013,9,1,5,1.8,162520.0,4,0,1,1,0,1,12
16452,9408,1268,58,251,2012,3,0,5,1.5,111000.0,4,0,1,1,1,1,6
16453,16599,631,23,1298,2011,9,1,5,2.0,438886.75,4,0,1,1,0,1,4
16454,1725,631,36,753,2011,4,1,5,3.7,438886.75,8,0,0,1,0,1,12
16456,13799,0,41,1476,2004,4,1,0,3.3,200000.0,6,0,0,1,0,7,2
16458,25889,639,23,618,2014,1,1,5,2.0,50478.0,4,0,1,1,0,14,4
16459,20385,738,8,523,2017,9,0,5,1.4,64000.0,4,2,1,1,0,14,12
16460,17663,503,58,251,2012,3,1,2,1.5,58405.0,4,0,1,1,0,12,4
16461,23828,642,8,1060,2012,4,1,1,2.0,110776.0,4,0,1,1,0,14,4
16462,32045,640,54,1192,2013,4,1,1,2.0,166016.0,4,0,1,1,0,7,4
16463,470,1273,36,961,2015,4,1,5,3.5,61648.0,6,0,2,1,0,1,12
16464,15681,0,36,970,2002,4,1,5,3.7,200000.0,8,2,0,1,0,1,12
16465,16151,0,23,622,2012,1,0,5,1.8,95000.0,4,2,1,0,0,1,6
16466,12544,0,58,1179,2001,4,1,5,2.0,169000.0,4,0,0,1,0,1,0
16467,14113,638,28,1049,2014,9,1,5,2.0,71104.0,4,0,1,1,0,14,4
16468,43576,730,54,237,2016,4,1,1,1.6,53873.0,4,0,1,1,0,11,4
16470,17249,353,58,1124,2015,3,0,2,1.8,166400.0,4,3,1,1,0,2,12
16472,8154,0,21,669,2005,3,0,5,1.3,117000.0,4,0,1,1,1,12,4
16473,23521,0,36,1445,2006,2,0,1,2.2,193102.0,4,1,2,1,0,14,2
16474,12187,531,8,287,2012,3,1,5,1.6,65642.0,4,0,1,1,0,2,4
16475,14740,631,16,1387,2012,2,0,1,1.8,438886.75,4,1,1,0,0,1,4
16477,25456,639,8,444,2014,4,1,1,2.0,160087.0,4,0,1,1,0,7,4
16479,21953,631,55,522,2018,10,1,5,2.0,438886.75,4,3,0,1,0,1,10
16480,9252,765,23,1298,2015,9,1,4,2.0,438886.75,4,0,1,1,0,8,4
16481,78048,1011,16,661,2016,4,1,5,2.3,99742.0,4,0,1,1,0,14,4
16483,87927,1076,23,1270,2020,4,1,5,2.0,5900.0,4,0,1,1,0,7,4
16484,5018,631,32,780,2015,4,1,5,3.7,438886.75,8,0,0,1,0,1,0
16485,22621,707,54,902,2011,4,1,1,2.0,120005.0,4,0,1,1,0,1,4
16486,49174,891,8,444,2016,4,1,1,2.0,48774.0,4,0,1,1,0,1,4
16487,7213,0,42,479,2001,2,0,1,1.7,242701.0,16,1,1,0,0,2,2
16488,32929,0,58,423,2015,9,1,2,2.5,40000.0,4,3,1,1,0,12,12
16489,17158,531,23,618,2012,9,1,5,1.6,146816.0,4,0,1,1,0,14,4
16492,12388,0,21,669,2012,3,0,2,1.3,95000.0,4,0,1,1,1,1,8
16493,17562,862,41,1228,2011,4,1,5,2.5,155000.0,4,0,1,1,0,11,16
16494,188,631,28,1049,2014,9,1,2,2.4,438886.75,4,0,1,1,0,1,12
16496,21639,0,7,537,2008,9,1,5,3.7,161000.0,8,0,1,1,0,14,10
16497,33556,631,5,1491,2010,4,1,1,3.0,438886.75,6,2,0,1,0,1,8
16498,18503,584,23,618,2014,9,0,5,1.8,48000.0,4,2,1,1,0,12,12
16499,17876,0,5,1491,2003,4,1,1,3.0,180000.0,6,2,0,1,0,1,3
16500,6586,0,41,1037,2006,3,0,0,1.5,1000.0,4,3,1,1,0,12,2
16501,2430,631,32,781,2009,4,1,5,3.7,438886.75,8,0,0,1,0,1,0
16503,16894,836,23,1298,2010,9,1,5,2.0,172253.0,4,0,1,1,0,7,4
16504,5000,0,16,1381,1990,6,0,1,2.5,10000.0,4,1,2,0,0,14,0
16505,10976,0,55,706,2004,4,0,5,2.0,150000.0,4,2,0,1,1,1,4
16506,17876,781,58,423,2012,9,1,2,2.5,90000.0,4,2,1,1,0,1,8
16507,6586,631,55,1343,2011,3,0,5,0.7,438886.75,3,3,1,1,1,1,2
16510,90,0,58,1412,2007,7,0,4,2.0,180000.0,4,0,0,1,1,1,2
16512,5645,0,41,1280,2004,7,0,5,2.0,160000.0,4,0,1,1,0,14,4
16513,20385,0,28,1057,2013,9,0,2,2.4,105000.0,6,2,1,1,0,14,6
16514,2822,1202,41,1009,2001,3,0,5,1.4,135000.0,4,1,1,0,0,11,4
16516,20,0,41,1370,2005,3,1,5,1.5,146000.0,4,0,1,1,1,1,7
16517,314,915,27,804,2014,4,1,1,3.0,164011.0,6,0,2,1,0,2,0
16518,37580,1091,23,812,2016,10,1,1,2.5,145830.0,4,0,1,1,0,14,4
16519,87999,1714,36,763,2017,4,1,5,3.5,40000.0,6,2,0,1,0,7,12
16520,7683,0,36,313,1997,9,0,5,2.0,415386.0,4,1,2,1,0,12,4
16521,9747,790,23,618,2009,9,1,1,1.6,179740.0,4,0,1,1,0,12,4
16522,40092,730,54,237,2016,4,1,5,1.6,55234.0,4,0,1,1,0,14,4
16523,11604,631,58,1124,2008,9,0,2,1.5,438886.75,4,2,1,1,0,1,8
16524,17249,0,16,1381,1998,6,0,1,2.5,300000.0,4,1,2,1,0,14,4
16525,89379,2225,32,906,2017,9,1,5,3.7,15358.0,8,0,2,1,0,1,12
16526,10036,585,61,1097,2013,9,1,5,1.8,62022.0,4,2,1,1,0,2,10
16527,13764,503,58,251,2012,3,1,5,1.5,116453.0,4,0,1,1,0,15,4
16528,11290,1714,36,763,2017,4,1,5,3.5,52675.0,6,0,2,1,0,2,12
16530,22580,0,35,997,2014,9,1,5,2.5,193600.0,4,2,1,1,0,11,8
16531,11412,645,8,523,2011,9,1,5,1.8,107271.0,4,0,1,1,0,7,4
16532,10036,639,23,1298,2014,9,1,4,2.0,404507.0,4,0,1,1,0,12,4
16533,27435,640,23,1401,2013,4,1,1,2.0,167157.0,4,0,1,1,0,7,4
16534,67426,1885,45,1085,2010,9,1,5,3.7,88939.0,8,2,0,1,0,7,12
16535,6895,1032,41,982,2012,3,0,5,1.2,60936.0,4,3,1,1,1,4,2
16536,25402,777,58,423,2014,9,1,5,2.5,92800.0,6,2,1,1,0,14,10
16537,18503,777,41,1228,2014,4,0,5,2.5,135700.0,4,2,1,1,0,7,6
16538,54882,0,36,1326,2007,6,1,1,2.7,145000.0,5,1,2,1,0,14,2
16539,12184,446,21,669,2014,3,1,5,1.3,117811.0,4,0,1,1,0,2,4
16540,19030,271,58,251,2014,10,1,2,1.5,66212.0,4,0,1,1,0,1,4
16541,26858,502,21,669,2013,3,1,5,1.5,55948.0,4,0,1,1,0,8,4
16542,9722,1051,21,235,2016,1,1,5,2.4,103467.0,4,0,1,0,0,14,12
16543,10349,631,58,921,1997,4,0,4,2.7,438886.75,4,0,0,0,1,1,2
16544,15994,631,16,722,2010,9,1,2,2.5,438886.75,4,0,1,1,0,1,10
16545,27911,1058,32,1201,2012,4,1,5,3.5,62000.0,6,2,1,1,0,1,12
16547,12544,761,58,1124,2010,9,0,5,1.8,140000.0,4,3,1,1,0,2,4
16548,84675,631,58,914,2009,4,1,1,3.7,438886.75,8,0,0,1,0,1,0
16549,5800,0,21,1042,2003,7,0,5,2.3,275000.0,4,2,1,1,1,1,4
16550,100,0,36,961,2007,4,1,5,3.5,200000.0,6,0,0,1,0,12,8
16553,14831,382,58,251,2017,3,1,2,1.5,181474.0,4,0,1,1,0,14,4
16554,1646,640,61,870,2013,9,1,1,2.0,189949.0,4,0,1,1,0,12,12
16555,11290,1266,21,669,2014,3,0,2,1.5,182000.0,4,0,1,1,1,12,4
16557,19757,531,16,722,2012,9,1,5,1.6,117000.0,4,2,1,1,0,2,10
16558,43545,697,21,469,2015,9,1,5,1.8,37064.0,4,0,1,1,0,14,4
16559,9879,1266,58,251,2014,9,0,2,1.5,108000.0,4,0,1,1,1,12,4
16560,29166,0,32,1207,2008,4,1,5,3.3,249600.0,6,0,1,1,0,1,12
16561,6899,2080,16,1381,2000,6,0,1,2.5,193000.0,4,1,2,1,0,4,2
16562,10036,0,5,1491,2000,4,1,4,3.0,25000.0,6,2,0,1,0,12,6
16563,9408,0,58,1179,1997,4,0,5,2.0,140000.0,4,1,0,1,0,6,2
16566,20071,0,23,1298,2013,9,0,2,2.4,21920.0,6,0,1,1,0,12,11
16569,39226,765,23,1270,2015,4,1,1,2.0,147808.0,4,0,1,1,0,7,4
16570,52034,631,23,1270,2017,4,1,1,2.0,438886.75,4,0,1,1,0,1,4
16571,5645,631,36,305,1995,9,0,0,1.8,438886.75,4,1,2,1,0,1,2
16573,43952,880,54,237,2018,4,1,1,1.6,73548.0,4,0,1,1,0,14,4
16574,15681,0,58,492,2006,10,0,1,2.2,222000.0,4,1,1,1,0,1,9
16576,10036,631,58,1124,2006,9,0,5,1.5,438886.75,4,0,1,1,0,1,0
16577,21953,1888,5,1491,2007,4,1,5,3.0,216000.0,6,2,0,1,0,12,12
16578,2744,631,23,1298,2013,9,1,2,2.4,438886.75,4,0,1,1,0,1,0
16579,6500,0,41,1121,2004,7,0,5,2.5,0.0,4,0,1,1,1,14,4
16580,10976,0,36,1445,2004,2,0,1,2.2,316000.0,4,1,2,1,0,14,2
16581,7056,875,39,1014,2012,3,1,5,1.0,60000.0,3,0,1,1,1,2,6
16582,12717,645,8,909,2011,9,1,5,1.8,121831.0,4,0,1,1,0,7,4
16583,2901,503,21,469,2012,4,1,2,1.5,146403.0,4,0,1,1,0,14,0
16584,17562,0,36,582,2007,9,1,1,3.0,376000.0,6,2,2,1,0,14,0
16586,14113,0,5,88,2007,9,1,5,3.0,438886.75,6,2,2,1,0,12,16
16587,39797,640,16,1362,2013,9,1,5,2.0,58901.0,4,0,1,1,0,14,4
16589,23521,0,8,1461,2012,3,0,6,1.4,112101.0,4,0,1,1,0,7,10
16592,5331,631,8,444,2007,4,1,1,2.0,438886.75,4,0,1,1,0,1,4
16593,862,784,21,469,2017,9,1,5,1.5,0.0,4,0,1,1,0,14,12
16594,36228,631,23,1270,2013,4,1,1,2.0,438886.75,4,0,1,1,0,1,4
16595,12544,1408,16,1381,2007,6,0,1,2.2,100000.0,4,1,1,1,0,14,4
16597,2195,586,58,1124,2012,3,1,2,1.8,430278.0,4,0,1,1,0,1,12
16598,11500,0,41,1477,2005,4,1,4,2.0,142000.0,4,0,0,2,1,12,0
16599,40092,831,54,237,2017,4,1,1,1.6,52516.0,4,0,1,1,0,11,4
16600,110,631,32,780,2017,4,1,5,3.7,438886.75,8,0,0,1,0,1,0
16602,6272,640,16,722,2013,9,0,2,2.0,178000.0,4,2,1,1,0,7,10
16603,18817,586,36,322,2012,9,1,5,1.8,89500.0,4,0,2,1,0,1,12
16605,10820,1266,58,251,2014,9,0,2,1.5,102000.0,4,0,1,1,1,12,2
16606,549,751,23,1298,2013,9,1,5,2.4,166774.0,4,0,1,1,0,12,12
16607,627,900,8,643,2015,4,1,5,2.4,78926.0,4,0,0,1,0,1,12
16608,17249,0,61,1090,2015,9,1,5,1.8,99000.0,4,2,1,1,0,12,9
16610,13485,0,58,423,2010,9,0,2,2.5,123000.0,4,1,2,0,0,14,4
16611,15053,475,15,116,2012,1,1,5,1.4,90000.0,4,2,1,1,0,8,6
16612,3920,1104,5,1491,2015,4,1,1,3.0,201056.0,6,0,0,1,0,1,12
16613,25716,631,61,870,2017,9,1,5,2.0,438886.75,4,2,1,1,0,1,10
16614,100355,0,45,1087,2013,9,1,5,3.7,98600.0,8,2,0,1,0,12,12
16615,24327,631,54,902,2013,4,1,1,2.0,438886.75,4,0,1,1,0,1,4
16616,6586,1325,6,460,2019,9,1,5,2.5,10392.0,4,0,1,1,0,12,12
16617,6586,631,28,1323,2007,4,1,1,2.0,438886.75,4,0,1,1,0,1,4
16618,22715,503,58,251,2012,3,1,5,1.5,45000.0,4,0,1,1,0,8,4
16620,47,631,32,1201,2016,4,1,5,3.5,438886.75,6,0,1,1,0,1,12
16622,5225,631,21,669,2014,10,1,2,1.3,438886.75,4,0,1,1,0,1,4
16623,20385,0,32,841,2008,9,1,5,2.5,162300.0,6,2,2,1,0,7,10
16624,470,1091,58,423,2016,9,1,5,2.5,154314.0,4,0,1,1,0,7,12
16626,19416,707,23,1298,2011,9,1,5,2.0,175221.0,4,0,1,1,0,14,4
16628,3763,631,36,961,2008,4,1,1,3.5,438886.75,6,0,0,1,0,1,12
16629,20385,0,23,1304,2011,9,1,2,2.4,104000.0,4,0,1,1,0,14,10
16630,470,631,36,961,2011,4,1,1,3.0,438886.75,6,0,0,1,0,1,12
16631,19130,1292,36,763,2016,4,1,5,3.0,62938.0,6,0,0,1,0,1,0
16632,24029,1058,16,1362,2012,9,1,5,3.5,101315.0,4,0,1,1,0,1,4
16633,6899,0,36,305,1997,9,0,5,1.8,438886.75,4,0,2,1,0,1,2
16634,15681,0,36,582,2003,9,1,5,3.2,222000.0,6,2,2,1,0,1,14
16636,53314,891,8,420,2016,1,0,5,2.0,32000.0,4,2,2,0,0,11,10
16637,2000,0,3,209,1995,9,1,5,1.8,100000.0,4,1,1,1,0,1,1
16638,941,631,61,870,2011,9,1,1,2.5,438886.75,5,0,1,1,0,1,12
16639,13485,0,41,1477,2005,4,1,5,2.0,179000.0,4,0,0,1,1,1,1
16641,3293,640,3,209,2013,9,1,5,2.0,151469.0,4,0,0,1,0,14,12
16642,5642,0,16,1288,1992,9,0,1,1.8,168000.0,4,1,2,1,0,6,2
16643,84675,915,5,1491,2014,4,1,5,3.0,96000.0,6,2,0,1,0,7,6
16644,19287,640,16,729,2013,9,0,2,2.0,97000.0,4,3,1,1,0,3,12
16645,51746,1055,36,586,2013,9,1,5,3.5,121600.0,8,0,2,1,0,7,10
16646,6125,1282,8,444,2007,4,1,1,2.0,75152.0,4,0,1,1,0,1,4
16647,4500,0,42,1416,1997,3,0,5,1.8,13425.0,4,1,1,1,0,2,4
16648,1490,1399,36,586,2010,9,1,5,3.5,249734.0,6,0,0,1,0,2,12
16650,10976,988,58,1124,2007,3,0,5,1.5,90000.0,4,3,1,2,0,5,8
16651,27911,1327,58,1179,2018,9,1,5,2.5,28784.0,4,0,1,1,0,1,12
16652,4500,631,55,927,2004,9,0,5,2.0,438886.75,4,0,0,1,1,1,6
16653,470,333,55,1525,2014,4,1,2,2.0,131872.0,4,0,0,1,0,14,0
16654,7527,0,41,1037,2007,9,0,5,1.5,160000.0,4,3,1,1,1,12,0
16655,12231,836,23,1401,2010,4,1,1,2.0,68876.0,4,0,1,1,0,14,4
16656,14113,777,16,722,2014,9,0,5,2.5,134000.0,4,0,1,1,0,14,12
16659,11917,631,58,251,2012,3,0,2,1.3,438886.75,4,3,1,1,1,1,4
16660,15524,631,8,527,2018,9,0,5,1.4,438886.75,4,0,1,1,0,1,8
16661,13172,585,58,1124,2013,3,0,2,1.8,180000.0,4,2,1,1,0,11,8
16662,12544,642,16,697,2012,9,0,5,2.0,139010.0,4,0,1,1,0,7,0
16664,6586,364,8,1322,2012,3,1,5,1.0,40079.0,4,0,1,1,0,1,4
16665,12500,645,16,1387,2011,2,0,1,1.8,180000.0,4,1,1,0,0,6,2
16667,141124,1481,36,767,2017,1,1,5,3.0,14914.0,6,0,0,1,0,14,12
16669,20385,0,61,1104,2013,9,1,5,1.8,159978.0,4,2,1,1,0,7,8
16670,11604,0,58,251,2013,3,1,2,1.5,118000.0,4,3,1,1,1,14,4
16674,22357,642,8,1060,2012,4,1,1,2.0,132863.0,4,0,1,1,0,7,4
16675,24775,0,36,586,2008,9,1,5,3.5,163000.0,6,2,2,1,0,1,8
16676,15000,0,61,870,2012,9,0,4,2.0,130000.0,4,0,1,1,0,14,8
16677,32973,1086,27,804,2012,4,1,5,3.6,175788.0,4,0,1,1,0,12,4
16678,3920,631,5,1491,2015,4,1,1,3.0,438886.75,6,0,0,1,0,1,0
16682,50018,640,23,1270,2013,4,1,1,2.0,128197.0,4,0,1,1,0,7,4
16683,12231,474,8,523,2013,9,0,5,1.4,112000.0,4,2,1,1,0,11,12
16684,27463,1091,23,812,2016,10,1,1,2.5,203073.0,4,0,1,1,0,7,4
16686,13172,753,23,1298,2012,9,0,2,2.4,125000.0,4,3,1,1,0,12,10
16690,9095,0,61,414,2003,2,0,4,1.4,220000.0,4,1,1,0,0,2,4
16692,23521,631,58,1124,2012,3,1,2,1.8,438886.75,4,0,1,1,0,1,10
16693,18817,0,58,1132,2014,3,0,2,1.5,63000.0,4,3,1,1,0,8,12
16694,5645,1308,5,1511,2012,4,1,5,3.7,123622.0,8,0,0,1,0,12,12
16695,15681,3699,58,919,1993,4,0,5,3.7,223000.0,6,0,0,1,0,6,0
16696,11604,0,42,1008,2008,4,0,1,1.3,1373.0,4,1,1,1,0,9,4
16699,24571,640,8,444,2013,4,1,1,2.0,153000.0,4,0,1,1,0,7,4
16700,11604,0,21,669,2012,3,1,5,1.3,145000.0,4,3,1,1,1,2,4
16701,20385,0,5,95,2007,1,1,5,3.5,130000.0,6,1,2,0,1,1,8
16702,12544,862,16,722,2011,9,1,2,2.5,82603.0,4,0,1,1,0,2,0
16703,11300,988,58,1124,2007,9,0,2,1.5,150000.0,4,0,1,1,0,4,12
16704,36065,0,23,1401,2017,4,0,5,2.0,36800.0,4,2,1,1,0,7,8
16706,7527,631,28,1318,2008,4,1,1,2.5,438886.75,4,0,1,1,0,1,4
16708,22260,639,8,978,2014,9,1,5,2.0,120000.0,4,0,1,1,0,14,4
16709,9252,0,21,669,2007,3,0,5,1.5,146500.0,4,1,1,1,1,1,2
16710,36808,631,54,1192,2013,4,1,1,2.0,438886.75,4,0,1,1,0,1,4
16712,9408,0,58,1124,2006,3,1,2,1.5,320000.0,4,2,1,1,0,5,6
16713,25716,0,3,1160,2012,4,1,5,3.2,100000.0,6,2,0,1,0,2,8
16714,6899,0,36,556,1998,9,1,5,2.0,0.0,4,0,2,1,0,12,4
16715,1019,586,23,618,2012,9,1,5,1.8,240560.0,4,0,1,1,0,1,12
16716,17000,1488,41,1037,2016,3,1,2,1.2,0.0,3,3,1,1,1,14,2
16717,10000,1266,58,251,2014,3,0,2,1.5,98000.0,4,0,1,1,1,3,2
16719,17249,475,8,523,2012,9,1,5,1.4,122000.0,4,2,1,1,0,14,6
16720,14426,631,23,1298,2014,9,1,5,2.0,438886.75,4,0,1,1,0,1,8
16721,29793,0,58,824,2004,6,0,1,2.2,371500.0,4,1,0,1,0,14,2
16722,17876,779,61,1090,2013,9,1,5,2.5,106293.0,6,2,1,1,0,0,12
16725,6586,690,21,669,2016,3,1,5,1.5,0.0,4,0,1,1,0,7,12
16726,11917,530,16,722,2013,9,1,5,1.6,62000.0,4,2,1,1,0,2,6
16727,29166,639,3,1160,2014,4,1,5,2.0,71000.0,4,0,0,1,0,7,12
16728,627,631,3,219,2012,9,1,5,3.0,438886.75,6,0,0,1,0,1,12
16729,16308,738,8,527,2017,9,0,5,1.4,31109.0,4,0,1,1,0,1,8
16730,18503,0,5,1491,2005,4,1,5,3.0,270000.0,6,2,0,1,0,7,10
16731,33243,631,32,780,2017,4,1,5,3.7,438886.75,8,0,0,1,0,1,12
16732,2117,919,36,586,2012,9,1,1,3.0,171221.0,6,0,2,1,0,1,12
16733,16621,585,23,618,2013,9,0,5,1.8,438886.75,4,2,1,1,0,14,8
16734,8781,0,32,1200,2000,4,1,5,3.0,230000.0,6,0,0,1,0,6,0
16735,45044,631,54,1192,2015,4,1,1,2.0,438886.75,4,0,1,1,0,1,4
16736,392,917,5,1491,2013,4,1,5,3.0,160813.0,6,0,0,1,0,14,12
16742,28000,0,23,812,2012,7,0,1,2.5,196000.0,4,1,2,1,0,14,2
16744,3136,0,41,245,1996,3,0,5,1.4,438886.75,4,1,1,1,0,6,2
16745,16308,562,8,523,2015,9,1,5,1.4,104000.0,4,2,1,1,0,2,10
16746,7840,0,41,1370,2005,3,1,5,1.5,199000.0,4,0,1,1,1,7,8
16747,12231,531,16,722,2012,9,0,5,1.6,82000.0,4,2,1,1,0,14,4
16749,1176,1077,23,618,2019,9,1,5,2.0,16013.0,4,0,1,1,0,7,12
16750,42218,631,23,1401,2017,4,1,1,2.0,438886.75,4,0,1,1,0,1,4
16751,18973,836,23,618,2010,9,1,5,2.0,123648.0,4,0,1,1,0,5,4
16752,46728,0,36,371,2014,9,1,5,2.0,77000.0,4,2,1,1,0,12,8
16753,2352,1091,58,423,2016,9,1,5,2.5,78920.0,4,0,1,1,0,1,12
16755,28821,749,27,483,2014,4,1,5,2.4,79197.0,4,0,1,1,0,1,4
16756,24775,919,36,748,2012,4,1,1,3.0,255114.0,6,0,0,1,0,1,12
16757,43905,0,36,1440,2010,7,0,1,2.2,178000.0,4,1,2,1,0,5,8
16758,8781,584,23,618,2014,9,1,5,1.8,60000.0,4,2,1,1,0,7,10
16760,5645,0,42,1418,2001,9,0,0,2.2,255100.0,4,0,1,1,0,2,2
16764,25716,891,23,1298,2016,9,1,4,2.0,57491.0,4,0,1,1,0,11,4
16765,33741,777,23,812,2014,7,1,1,2.5,106200.0,4,0,1,1,0,7,4
16767,4077,919,5,1491,2012,4,1,1,3.0,274098.0,6,0,0,1,0,14,0
16768,50196,891,23,1270,2016,4,1,1,2.0,117618.0,4,0,1,1,0,14,4
16769,23521,900,23,1298,2015,9,1,5,2.4,91200.0,4,2,1,1,0,2,6
16770,12701,420,28,1034,2019,4,1,2,1.6,429.0,4,0,1,1,0,12,12
16771,1803,631,23,1298,2018,9,1,5,2.4,438886.75,4,0,1,1,0,1,12
16773,19924,640,23,1401,2013,4,1,1,2.0,41204.0,4,0,1,1,0,14,4
16774,6586,1286,28,1323,2007,4,1,1,2.0,63488.0,4,0,1,1,0,12,4
16776,9408,0,36,556,1993,9,0,5,2.0,219529.0,4,1,2,1,0,10,0
16777,29166,0,21,469,2016,9,0,5,2.0,44821.0,4,1,1,1,0,14,6
16778,38217,639,8,444,2014,4,1,1,2.0,48450.0,4,0,1,1,0,14,4
16779,14426,585,23,618,2013,9,0,5,1.8,80000.0,4,0,1,1,0,3,6
16780,18826,530,23,618,2013,9,1,5,1.6,167137.0,4,0,1,1,0,7,4
16781,19943,642,23,1401,2012,4,1,1,2.0,102156.0,4,0,1,1,0,14,4
16782,17249,0,16,1381,2009,6,0,1,2.2,163077.0,4,1,1,1,0,11,2
16783,23521,0,41,1476,2010,4,0,5,3.7,121000.0,6,1,0,1,0,12,6
16784,9361,779,61,1096,2013,9,1,5,2.5,131000.0,5,2,1,1,0,1,10
16785,39750,640,54,1192,2013,4,1,1,2.0,94307.0,4,0,1,1,0,1,4
16788,8154,0,41,1037,2009,3,0,5,1.6,180000.0,4,1,1,1,1,14,4
16789,14113,1047,43,26,2007,0,0,5,1.6,180000.0,4,1,1,0,0,11,6
16790,31361,530,38,1075,2013,4,1,5,1.6,45000.0,4,2,1,0,0,14,8
16792,784,631,58,825,2009,4,1,2,3.3,438886.75,6,0,0,1,0,1,12
16793,23994,640,23,1401,2013,4,1,1,2.0,165003.0,4,0,1,1,0,11,4
16795,549,1885,5,1491,2010,4,1,5,3.7,197200.0,8,0,0,1,0,7,12
16796,48296,919,3,1164,2012,4,1,5,3.0,185600.0,6,0,0,1,0,1,12
16797,36997,830,58,251,2019,3,1,5,1.5,2598.0,4,0,1,1,0,14,4
16800,14247,836,23,1298,2010,9,1,5,2.0,63655.0,4,0,1,1,0,1,4
16801,10036,1832,36,1445,2005,2,0,1,2.2,360000.0,4,1,2,1,0,12,4
16802,14113,0,16,1363,2007,4,1,5,3.5,168000.0,6,0,0,1,0,2,12
16803,34497,0,58,1179,2014,4,0,5,2.5,139200.0,4,2,0,1,0,7,6
16804,3136,0,58,1124,2006,9,1,2,1.5,215000.0,4,0,1,1,0,11,6
16805,35438,0,8,422,2010,1,0,5,3.6,100000.0,6,1,2,0,0,1,6
16806,19287,650,8,980,2016,9,0,5,1.4,17961.0,4,0,1,1,0,1,8
16807,3293,900,28,1049,2015,9,1,5,2.4,150325.0,4,0,1,1,0,14,12
16808,62722,915,3,1164,2014,4,1,5,3.0,92000.0,6,2,0,1,0,1,12
16809,6899,631,55,706,2015,4,1,5,2.5,438886.75,4,0,0,1,0,1,0
16810,22106,707,23,788,2011,1,1,5,2.0,134000.0,4,0,1,1,0,1,4
16811,18817,639,5,71,2014,9,1,5,2.0,121003.0,4,0,2,1,0,11,0
16812,13150,765,8,978,2015,9,1,4,2.0,56128.0,4,0,1,1,0,14,4
16813,6586,0,35,545,2002,3,0,5,1.3,230000.0,4,1,1,1,1,12,2
16815,13172,1528,16,1381,2007,6,0,1,2.4,250000.0,4,1,2,1,0,14,0
16816,30,0,21,669,2003,3,0,5,1.3,164000.0,4,0,1,1,1,2,4
16817,470,530,41,889,2013,4,1,5,1.6,108765.0,4,0,0,1,0,2,0
16818,3136,631,36,1296,2002,1,0,5,0.6,438886.75,4,2,2,0,0,1,2
16819,25089,0,5,1499,2007,4,1,5,3.0,285000.0,6,2,0,1,0,7,8
16822,314,631,16,697,2011,9,1,5,2.0,438886.75,4,0,1,1,0,1,12
16823,14113,769,16,1381,2011,2,0,1,2.2,165852.0,4,1,1,1,0,14,2
16824,10976,0,35,1232,2005,1,1,5,1.8,55000.0,4,1,2,1,0,11,4
16825,22000,1091,58,436,2016,9,1,5,2.5,142000.0,4,2,1,1,0,1,0
16826,6586,0,42,1418,1999,9,0,5,1.8,345555.0,6,1,1,1,0,12,4
16827,7500,1024,61,870,2010,9,1,5,2.5,104000.0,4,0,1,1,0,12,8
16828,2509,530,16,722,2013,9,1,5,1.6,358936.0,4,0,1,1,0,12,12
16830,14740,645,58,1124,2011,9,0,2,1.8,112000.0,4,3,1,1,0,14,8
16831,862,1399,36,586,2010,9,1,5,3.5,239224.0,6,0,0,1,0,1,12
16832,9800,707,16,1387,2011,2,0,5,2.0,161000.0,4,0,1,1,0,14,5
16836,26971,986,16,1381,2010,6,0,1,2.4,155000.0,4,1,2,1,0,14,2
16837,18817,831,23,1298,2011,9,0,2,2.4,169600.0,4,0,2,1,0,14,4
16838,53154,930,23,1401,2018,4,1,1,1.7,79550.0,4,0,1,1,0,14,4
16840,16935,308,58,1124,2014,3,0,2,1.8,91358.0,4,3,1,1,0,7,12
16841,118676,1968,23,1270,2019,4,1,5,3.7,24074.0,4,0,1,1,0,14,4
16842,9408,631,36,958,2000,4,1,4,3.2,438886.75,6,0,0,1,0,1,4
16846,20385,765,27,1109,2015,4,0,5,2.0,115000.0,4,2,1,1,0,1,7
16847,19444,0,58,1132,2012,3,0,2,1.5,176000.0,4,0,1,1,0,14,6
16849,47957,631,23,812,2015,10,1,1,2.5,438886.75,4,0,1,1,0,1,4
16850,21109,833,8,444,2015,4,1,1,2.2,78541.0,4,0,1,1,0,12,4
16851,20432,502,21,669,2013,3,1,5,1.5,79500.0,4,0,1,1,0,1,4
16852,68994,917,31,923,2013,4,1,1,3.0,112000.0,6,0,0,1,0,7,12
16853,8467,0,36,579,1998,9,0,1,2.9,40000.0,8,1,2,1,0,10,2
16854,627,1481,3,1164,2017,4,1,5,3.0,49602.0,6,0,0,1,0,14,12
16855,42337,0,5,1491,2010,4,1,1,3.0,260000.0,5,2,0,1,0,1,8
16856,17876,0,16,1381,2011,6,0,1,2.2,133700.0,4,1,1,1,0,14,6
16857,18189,777,58,423,2014,9,0,5,2.5,147000.0,4,2,1,1,0,1,10
16858,27755,631,28,1049,2016,9,1,1,1.7,438886.75,4,0,1,1,0,1,4
16859,10945,1024,23,812,2010,7,1,1,2.5,112219.0,4,0,1,1,0,12,4
16860,16599,836,23,1298,2010,9,1,5,2.0,184495.0,4,0,1,1,0,12,4
16861,27259,642,23,1401,2012,4,1,1,2.0,117862.0,4,0,1,1,0,14,4
16864,8467,631,58,1457,2008,3,0,5,1.5,438886.75,4,0,0,1,1,1,6
16868,4679,966,11,909,2009,9,1,5,2.0,74540.0,4,0,1,1,0,12,4
16869,3607,631,23,1298,2015,9,1,2,2.4,438886.75,4,0,1,1,0,1,0
16870,3293,753,28,1323,2012,4,1,5,2.4,152466.0,4,0,1,1,0,14,12
16871,350,0,5,158,2012,9,1,5,3.5,140000.0,6,2,2,1,0,14,12
16872,13799,777,16,722,2014,9,0,5,2.5,137374.0,4,0,1,1,0,12,0
16873,94083,0,5,1491,2015,4,1,5,3.0,56000.0,6,2,0,1,0,1,12
16874,27441,1016,28,1049,2017,9,1,5,2.0,30087.0,4,0,1,1,0,1,4
16875,30,0,21,669,2005,3,0,5,1.3,0.0,4,0,1,1,1,7,4
16876,28225,1172,36,961,2011,4,1,5,3.5,129000.0,6,2,2,2,0,14,12
16877,1803,585,58,1124,2013,3,1,2,1.8,184528.0,4,0,1,1,0,14,12
16878,26861,769,23,1270,2011,4,1,1,2.2,188787.0,4,0,1,1,0,14,4
16879,6586,0,36,316,2001,9,0,0,2.0,260000.0,4,1,2,1,1,2,4
16880,34811,1363,32,780,2012,4,1,5,3.7,229334.0,8,0,0,1,0,1,0
16881,13485,0,36,582,2004,9,1,5,3.2,231200.0,6,2,2,1,0,5,10
16882,470,631,58,423,2010,9,1,5,2.5,438886.75,4,0,1,1,0,1,12
16883,90,0,23,1298,2014,9,1,2,2.4,105000.0,4,2,1,1,0,7,16
16885,7527,631,13,1213,2018,9,1,5,3.7,438886.75,8,0,2,1,0,1,12
16887,11604,1998,16,1381,2001,6,0,1,2.4,1000.0,4,1,2,0,0,14,2
16888,49848,1077,21,469,2019,9,1,5,2.0,20700.0,4,0,1,1,0,7,4
16889,17562,631,5,95,2008,9,1,5,3.5,438886.75,8,2,2,1,0,1,0
16890,21012,1195,36,1445,2008,6,0,1,2.2,179348.0,4,1,2,1,0,14,2
16892,16621,0,41,1010,2010,9,1,1,1.5,180000.0,4,1,1,1,0,1,5
16893,10976,612,23,1538,2010,9,0,1,1.4,193000.0,4,1,1,2,0,2,8
16897,56340,864,27,1471,2012,4,1,1,2.8,141173.0,4,0,1,1,0,12,4
16898,41886,694,23,1270,2014,4,1,1,2.2,126410.0,4,0,1,1,0,7,4
16901,7527,1586,54,1192,2007,4,1,1,2.5,68855.0,4,0,1,1,0,1,4
16902,21796,631,58,429,2017,9,1,5,2.5,438886.75,4,0,1,1,0,1,8
16903,9252,917,5,1491,2013,4,1,1,3.0,88829.0,6,0,0,1,0,1,12
16905,54882,0,58,832,2012,8,0,1,3.0,163000.0,4,1,0,1,0,12,8
16906,23521,585,58,1151,2013,3,0,5,1.8,152000.0,4,0,1,1,0,12,12
16908,9722,631,5,71,2001,9,0,5,2.2,438886.75,6,2,2,1,1,1,4
16909,40926,765,54,1192,2015,4,1,1,2.0,90344.0,4,0,1,1,0,1,4
16911,45633,1091,23,812,2016,10,1,1,2.5,93000.0,4,0,1,1,0,14,4
16912,10976,867,15,1157,2007,3,0,1,1.3,212000.0,4,0,1,0,0,2,6
16913,706,1481,3,1164,2017,4,1,5,3.0,14701.0,6,0,0,1,0,1,0
16915,35344,730,54,237,2016,4,1,1,1.6,107328.0,4,0,1,1,0,14,4
16916,20698,0,41,889,2011,4,0,5,1.6,84000.0,4,3,0,1,0,7,6
16917,24775,753,21,512,2012,4,0,5,2.4,107000.0,4,0,0,1,0,14,8
16918,15681,0,16,646,2009,4,0,2,2.3,160000.0,4,3,0,1,0,1,4
16920,32311,730,54,237,2016,4,1,5,1.6,115031.0,4,0,1,1,0,2,4
16921,68681,1493,36,763,2016,4,1,5,3.5,117368.0,6,0,0,1,0,1,0
16922,7527,475,8,527,2012,9,0,5,1.4,216000.0,4,1,1,1,0,1,6
16923,13667,0,58,1124,2008,9,0,2,1.5,211000.0,4,3,1,1,0,14,0
16924,10976,765,23,1298,2015,9,1,4,2.0,438886.75,4,0,1,1,0,14,4
16925,40769,0,36,305,2008,9,0,5,1.8,2700.0,4,1,2,1,0,1,0
16927,14113,586,58,1129,2012,9,0,2,1.8,132451.0,4,2,1,1,0,11,8
16928,14113,0,5,187,2002,9,1,5,3.7,287000.0,8,2,2,1,0,1,0
16929,16465,1017,23,628,2017,9,0,5,2.0,69232.0,4,0,1,1,0,7,8
16931,7840,0,42,1536,2000,7,0,5,1.8,11111.0,4,1,1,1,0,12,4
16932,15323,583,23,618,2011,9,1,5,1.6,125933.0,4,0,1,1,0,12,4
16933,21326,831,28,1049,2017,9,1,5,1.6,76000.0,4,0,1,1,0,14,12
16937,6272,0,36,305,1995,9,0,0,2.0,237000.0,4,1,2,1,0,12,2
16938,15053,765,23,1298,2015,9,1,4,2.0,290431.0,4,0,1,1,0,12,4
16940,36711,877,23,1401,2017,4,1,1,1.7,90000.0,4,0,1,1,0,12,4
16941,31581,640,23,1401,2013,4,1,1,2.0,101042.0,4,0,1,1,0,14,4
16943,8154,0,5,66,2001,9,1,5,1.9,240000.0,4,1,2,1,0,12,2
16944,13172,0,58,1181,2002,4,0,5,2.0,120000.0,4,0,0,1,0,7,6
16946,20385,0,5,99,2007,9,1,5,3.5,0.0,6,2,2,1,0,2,8
16947,15423,631,23,618,2010,9,1,5,1.6,438886.75,4,0,1,1,0,1,4
16949,27065,629,23,618,2015,9,1,5,1.6,81036.0,4,0,1,1,0,14,4
16950,10192,0,58,299,2006,7,0,5,1.5,200000.0,4,0,1,1,1,14,8
16951,78403,0,5,1511,2010,4,1,5,3.5,180000.0,6,2,0,1,0,1,0
16952,33575,631,23,618,2018,9,1,5,1.6,438886.75,4,0,1,1,0,1,4
16953,40142,1586,58,112,2010,4,0,5,3.7,283200.0,6,0,0,1,0,12,8
16954,11917,1024,16,722,2010,9,0,2,2.5,176000.0,4,3,1,1,0,7,6
16955,470,978,41,1278,2019,9,1,5,1.8,12179.0,4,0,1,1,0,7,12
16956,16778,0,53,1039,2012,9,0,5,1.8,250000.0,4,1,1,1,0,12,6
16957,8154,0,35,277,2003,3,1,5,2.3,150000.0,4,2,1,1,1,14,4
16958,70,0,58,1124,2008,9,0,2,1.6,150000.0,4,0,1,1,0,11,8
16959,37984,640,54,1192,2013,4,1,1,2.0,105949.0,4,0,1,1,0,1,4
16960,7840,0,21,512,1999,4,0,5,2.0,44000.0,4,1,0,1,0,6,2
16961,72130,0,36,1454,2016,7,0,1,1.6,57000.0,4,1,1,1,0,1,2
16962,392,631,23,1298,2011,9,1,2,2.4,438886.75,4,0,1,1,0,1,0
16963,59272,0,5,185,2015,9,1,5,3.0,99200.0,6,2,2,1,0,1,16
16964,4391,0,61,794,1995,3,0,0,1.8,260000.0,4,1,1,1,0,12,4
16965,392,640,16,722,2013,9,1,2,2.0,128341.0,4,0,1,1,0,1,0
16966,7213,631,55,706,2002,3,0,0,2.0,438886.75,4,0,0,1,1,1,6
16967,27065,629,23,618,2015,9,1,5,1.6,104900.0,4,0,1,1,0,7,4
16968,18826,531,23,618,2012,9,1,5,1.6,132000.0,4,0,1,1,0,12,4
16969,17876,562,61,870,2015,9,0,5,1.4,50950.0,4,0,1,1,0,2,10
16970,10663,0,21,669,2011,3,0,2,1.3,136000.0,4,3,1,1,1,12,6
16971,6899,0,41,1293,2001,9,0,5,2.5,144000.0,6,2,2,1,1,2,6
16973,13956,640,23,1306,2013,9,1,5,2.0,109591.0,4,0,1,1,0,13,8
16975,10663,658,21,858,2009,3,0,2,1.3,137000.0,4,0,1,1,0,7,12
16976,18817,0,61,870,2012,9,1,5,2.0,138000.0,4,1,1,1,0,14,10
16978,5645,631,36,560,1997,9,0,1,2.2,438886.75,4,1,2,1,0,1,4
16980,13231,707,54,237,2011,9,1,1,2.0,303000.0,4,0,1,1,0,12,4
16981,13172,891,23,1298,2016,9,1,4,2.0,369695.0,4,0,1,1,0,8,4
16982,8781,474,15,116,2013,3,1,5,1.4,123163.0,4,0,1,1,0,12,0
16983,26307500,0,42,479,1999,2,0,1,1.7,99999.0,4,1,1,0,0,2,0
16984,3293,1872,8,854,2018,9,1,5,3.6,71194.0,6,0,1,1,0,12,12
16985,20071,631,39,1065,2012,4,0,5,2.0,438886.75,4,2,1,1,0,1,11
16986,24123,639,54,902,2014,4,1,1,2.0,162169.0,4,0,1,1,0,5,4
16987,2500,0,55,706,2001,10,0,5,2.0,180000.0,4,1,0,1,0,12,2
16989,17249,353,58,1124,2015,3,0,2,1.8,205338.0,4,0,1,1,0,12,0
16990,2352,980,58,492,2018,9,1,5,1.8,31176.0,4,0,1,1,0,1,12
16992,1,1202,8,909,2006,3,0,5,1.6,200000.0,4,1,1,1,0,1,2
16993,15718,1099,54,1192,2010,4,1,1,2.7,246600.0,4,0,1,1,0,1,4
16994,13291,586,58,1124,2012,9,1,2,1.8,198400.0,4,0,1,1,0,7,0
16995,13172,1296,58,443,2008,9,0,2,2.4,192000.0,4,2,1,1,0,12,12
16998,36065,0,27,804,2011,4,0,5,3.6,103000.0,6,2,0,1,0,1,10
16999,21953,0,16,345,2015,3,1,6,2.0,124000.0,4,2,1,1,0,7,12
17002,17249,0,21,669,2014,9,0,2,1.5,127000.0,4,2,1,1,1,12,6
17003,18817,2505,5,1499,2008,4,1,5,3.7,272000.0,8,2,0,1,0,1,10
17005,54568,631,32,781,2013,4,1,5,3.7,438886.75,8,0,0,1,0,1,0
17007,470,530,41,889,2013,9,1,5,1.6,108765.0,4,0,0,1,0,2,0
17008,157,1273,32,1201,2015,4,1,5,3.5,290235.0,6,0,0,1,0,14,12
17009,12544,0,16,1381,2001,6,0,1,2.0,149000.0,4,1,1,1,0,1,12
17010,1254,1055,58,825,2013,4,1,5,3.5,202861.0,6,0,0,1,0,12,12
17011,10976,631,21,399,2011,9,0,2,1.5,438886.75,4,0,1,0,0,1,4
17012,5959,631,58,423,2014,9,1,2,2.5,438886.75,4,0,1,1,0,1,12
17014,26657,1399,32,1208,2010,4,0,2,3.5,0.0,6,0,0,1,0,1,0
17015,50,0,58,1124,2009,3,1,2,1.5,170000.0,4,0,1,1,0,1,0
17016,35124,0,36,961,2009,4,1,1,3.0,197277.0,6,0,0,1,0,7,10
17017,18189,0,58,1124,2013,3,0,2,1.5,42000.0,4,0,1,1,0,14,8
17019,941,753,23,1298,2012,9,1,5,2.4,181131.0,4,0,1,1,0,12,12
17022,15367,765,8,978,2015,9,1,4,2.0,33034.0,4,0,1,1,0,1,4
17023,62992,1079,23,1298,2018,9,1,5,2.0,72913.0,4,0,1,1,0,1,4
17024,12544,640,16,697,2013,3,0,5,2.0,215626.0,4,1,1,1,0,12,12
17025,23536,836,23,1270,2010,4,1,1,2.0,198474.0,4,0,1,1,0,12,4
17026,37984,730,54,237,2016,4,1,1,1.6,89298.0,4,0,1,1,0,14,4
17028,17876,0,58,1124,2010,9,1,2,1.8,310400.0,4,3,1,1,0,14,6
17030,8154,0,39,240,2003,4,0,0,2.4,14529.0,4,2,0,1,1,1,2
17031,3450,271,58,1124,2014,3,1,2,1.5,96072.0,4,0,1,1,0,2,12
17034,47042,1327,58,1179,2018,4,0,5,2.5,15000.0,4,0,1,1,0,1,2
17035,1803,831,21,512,2011,4,1,5,2.4,244067.0,4,0,1,1,0,12,12
17037,314,639,16,697,2014,9,1,5,2.0,142330.0,4,0,1,1,0,1,12
17039,20385,0,21,521,2010,4,1,5,3.5,176000.0,6,0,0,1,0,1,8
17040,5959,0,5,64,1995,9,1,5,1.6,294000.0,4,1,2,1,0,1,4
17041,39201,456,58,430,2015,9,1,2,2.5,40899.0,4,0,1,1,0,1,4
17043,50,0,58,1124,2009,3,1,2,1.5,200000.0,4,0,1,1,0,1,10
17045,13485,631,5,94,2005,9,1,4,3.0,438886.75,6,2,2,1,0,1,8
17046,16932,0,58,1124,2010,9,0,2,1.8,376000.0,4,0,1,1,0,14,8
17048,6272,0,42,479,2000,2,0,5,1.6,23000.0,4,1,1,2,0,11,2
17050,25889,642,54,1192,2012,4,1,1,2.0,144464.0,4,0,1,1,0,12,4
17053,7213,0,36,579,1996,9,0,1,2.9,150000.0,5,0,2,1,0,2,4
17055,13485,0,58,1124,2009,9,0,2,1.8,0.0,4,0,1,1,0,14,12
17056,27911,631,8,1461,2015,3,0,6,1.4,438886.75,4,0,1,1,0,1,12
17057,32929,1249,58,423,2017,9,1,5,2.5,82000.0,4,2,1,1,0,12,0
17060,10932,631,21,669,2013,10,1,2,1.3,438886.75,4,0,1,1,0,1,4
17063,39829,631,5,1487,2012,4,1,5,3.0,438886.75,6,2,0,1,0,1,12
17064,17876,0,21,469,2013,9,1,2,1.5,93700.0,4,0,1,1,0,7,6
17066,3136,831,23,1298,2011,9,1,5,2.4,262690.0,4,0,1,1,0,2,12
17067,9000,631,8,523,2013,9,0,5,1.4,438886.75,4,2,1,1,0,1,8
17068,6899,0,41,1293,2002,9,1,5,3.5,153000.0,6,3,2,1,1,1,2
17069,52959,1533,8,854,2016,9,1,5,3.6,77158.0,4,0,1,1,0,1,4
17070,20610,966,23,788,2009,1,1,5,2.0,79482.0,4,0,1,1,0,1,4
17071,15681,0,40,102,1953,3,0,5,1.0,250000.0,4,1,2,1,0,0,0
17072,9408,917,5,1491,2013,4,1,1,3.0,88829.0,6,0,0,1,0,1,12
17073,6899,0,5,66,1995,9,0,5,1.8,18000.0,4,0,2,1,0,12,4
17074,7840,0,36,582,2002,9,1,1,3.2,0.0,8,2,2,1,0,2,6
17075,39044,870,28,1049,2017,9,1,1,1.7,30098.0,4,0,1,1,0,14,4
17076,23521,1018,5,154,2011,9,1,5,3.0,249600.0,6,0,2,1,0,7,12
17078,170,0,16,1381,2006,6,0,1,2.4,110000.0,4,1,2,0,1,14,0
17079,22200,879,16,693,2019,9,0,5,1.6,8200.0,4,2,1,1,0,1,10
17082,2587,753,28,1049,2012,9,1,5,2.4,125442.0,4,0,1,1,0,7,12
17083,18503,650,61,870,2016,9,0,5,1.4,79000.0,4,2,1,1,0,14,6
17084,28909,640,23,1270,2013,4,1,1,2.0,235300.0,4,0,1,1,0,12,4
17085,94083,0,58,914,2012,4,1,1,3.7,195000.0,8,2,0,2,0,1,12
17087,470,781,8,523,2018,2,1,5,1.4,87568.0,4,0,1,1,0,14,12
17088,27259,631,8,444,2015,4,1,1,2.2,438886.75,4,0,1,1,0,1,4
17089,21326,0,58,1124,2012,9,1,2,1.8,128000.0,4,0,1,1,0,11,6
17090,9565,631,5,1491,2013,4,1,5,3.7,438886.75,8,0,0,1,0,1,12
17092,10976,0,58,1124,2007,9,0,2,1.5,297600.0,4,0,1,1,0,7,8
17095,30351,770,23,1540,2016,9,1,1,1.7,151511.0,4,0,1,1,0,14,4
17096,47201,631,23,1401,2018,4,1,1,1.7,438886.75,4,0,1,1,0,1,4
17097,20,0,21,669,2003,3,0,5,1.3,157000.0,4,0,1,1,1,11,4
17098,9408,586,41,1437,2012,3,0,5,1.8,120000.0,4,0,1,1,0,7,4
17099,32302,1249,58,423,2017,9,1,5,2.5,48600.0,4,2,1,1,0,1,12
17100,14113,0,36,308,2006,9,1,5,2.0,142431.0,4,2,2,1,0,1,6
17101,15681,0,16,693,2016,9,0,5,1.6,64163.0,4,1,1,1,0,14,6
17102,9408,574,42,479,2010,2,0,1,1.3,224000.0,4,1,1,1,0,14,4
17103,125,697,23,618,2015,9,1,5,1.8,68811.0,4,0,1,1,0,1,12
17108,14113,631,58,1124,2012,3,1,2,1.8,438886.75,4,0,1,1,0,1,0
17109,10036,843,58,1124,2008,3,0,2,1.5,132800.0,4,3,1,1,0,6,8
17110,26324,640,8,1060,2013,4,1,1,2.0,132969.0,4,0,1,1,0,7,4
17113,22580,777,58,423,2014,9,0,5,2.5,48000.0,6,2,1,1,0,1,12
17115,11604,586,58,1124,2012,3,1,2,1.8,0.0,4,3,1,1,0,1,10
17116,29166,0,36,322,2013,9,1,5,1.8,57956.0,4,2,2,1,0,7,8
17117,7213,7536,39,1077,2000,4,1,0,3.2,210000.0,6,0,0,1,1,1,2
17118,23207,629,41,889,2015,4,1,5,1.6,74000.0,4,2,0,1,0,12,10
17119,16320,595,21,669,2015,3,1,5,1.5,111774.0,4,0,1,1,0,12,4
17120,6272,0,36,582,1999,9,1,0,3.2,205000.0,6,0,2,1,0,12,6
17121,8781,333,55,1525,2014,4,1,2,2.0,270472.0,4,0,0,1,0,14,0
17122,9252,765,23,1298,2015,9,1,4,2.0,438886.75,4,0,1,1,0,8,4
17123,8500,1111,58,1457,2012,3,0,5,1.3,92000.0,4,3,0,1,1,14,2
17124,46101,607,58,1179,2019,4,1,2,2.5,20955.0,4,0,0,1,0,14,12
17127,8938,0,41,1370,2005,3,0,4,1.5,158000.0,4,3,1,1,1,14,2
17131,39201,631,36,1326,2015,6,0,1,2.2,438886.75,4,1,2,1,0,1,2
17132,9252,1267,58,251,2013,3,0,2,1.5,111000.0,4,3,1,1,1,12,8
17136,12544,0,5,71,2001,9,0,5,2.2,115000.0,4,0,1,1,1,1,4
17137,9408,0,21,934,2005,9,1,5,3.5,160000.0,6,0,0,1,1,2,7
17138,16383,502,58,251,2013,9,1,5,1.5,99600.0,4,0,1,1,0,15,4
17139,314,631,58,423,2011,9,1,5,2.5,438886.75,4,0,1,1,0,1,12
17140,9722,765,23,1298,2015,9,1,4,2.0,379354.0,4,0,1,1,0,8,4
17141,94083,631,5,1501,2015,4,1,1,3.0,438886.75,6,2,0,1,0,1,12
17142,14113,631,58,251,2012,3,0,2,1.5,438886.75,4,3,1,1,1,1,8
17143,18033,765,8,978,2015,9,1,1,2.0,33300.0,4,0,1,1,0,1,4
17144,22800,781,58,423,2012,9,1,2,2.5,98000.0,4,0,1,1,0,14,8
17145,57108,833,23,1270,2015,4,1,1,2.2,94595.0,4,0,1,1,0,14,4
17147,5018,502,21,469,2013,9,1,2,1.5,118240.0,4,0,1,1,0,14,0
17148,7213,0,5,139,2000,9,1,5,2.5,190000.0,6,2,2,1,0,6,4
17149,12231,843,58,1124,2008,9,0,2,1.5,17000.0,4,3,1,1,0,11,8
17150,4234,0,59,62,1985,4,0,5,2.4,1500.0,4,1,0,1,0,0,0
17153,78403,0,5,180,2012,9,1,5,3.7,105000.0,8,2,2,1,0,14,12
17154,15367,765,23,1298,2015,9,1,4,2.0,338110.0,4,0,1,1,0,12,4
17155,14740,761,58,1124,2010,9,0,2,1.8,138160.0,4,0,1,1,0,1,8
17157,4861,761,58,1124,2010,3,1,2,1.8,421546.0,4,0,1,1,0,12,12
17158,21012,0,36,23,2008,9,0,1,2.2,181000.0,4,1,2,1,0,1,8
17160,470,1018,5,1491,2011,4,1,1,3.0,282280.0,6,0,0,1,0,14,12
17162,11917,779,58,1179,2013,4,1,5,2.5,110019.0,4,0,1,1,0,7,12
17163,17876,0,58,1124,2011,9,0,2,1.8,196000.0,4,0,1,1,0,7,1
17164,28830,707,23,1401,2011,4,1,1,2.0,83662.0,4,0,1,1,0,12,4
17165,26657,777,58,423,2014,9,1,5,2.5,117526.0,4,2,1,1,0,1,10
17166,17249,0,36,560,2007,9,0,1,2.2,0.0,4,0,2,1,0,1,0
17167,61154,0,36,395,2013,1,1,5,3.7,136000.0,8,2,1,1,0,1,16
17169,10000,0,36,958,1999,4,1,0,3.5,0.0,6,0,0,1,0,1,2
17170,7840,0,21,669,2004,3,0,5,1.3,177000.0,4,0,1,1,1,2,8
17171,5900,1236,58,1457,2011,3,0,5,1.3,165000.0,4,0,0,1,1,12,4
17172,51118,1292,36,595,2016,9,1,5,3.0,46000.0,8,2,2,0,0,1,12
17173,24148,0,58,1124,2016,9,0,2,1.8,92000.0,4,0,1,1,0,14,12
17174,29793,0,36,41,2001,9,1,1,2.2,300000.0,4,2,2,1,0,14,6
17175,19184,308,58,251,2015,3,1,2,1.5,97500.0,4,0,1,1,0,14,4
17176,9408,0,58,1412,2002,7,0,5,2.0,11111.0,4,0,1,1,1,1,4
17177,35124,1172,36,586,2011,9,1,5,3.5,129000.0,6,2,2,1,0,1,12
17178,12544,574,21,858,2010,3,0,2,1.3,111867.0,4,0,1,1,0,12,0
17179,17619,707,23,1401,2011,4,1,1,2.0,185989.0,4,0,1,1,0,12,4
17182,941,831,28,1318,2011,4,1,5,2.4,0.0,4,0,0,1,0,12,12
17183,10349,0,39,1077,1997,4,0,4,2.7,219000.0,4,0,0,0,1,2,2
17185,26030,0,36,1445,2008,7,1,1,2.2,200000.0,6,2,2,1,0,5,4
17187,30,843,58,1124,2008,3,1,2,1.5,0.0,4,0,1,1,0,1,2
17190,12074,640,16,722,2013,9,1,2,2.0,161000.0,4,0,1,1,0,0,10
17191,26770,730,23,618,2016,9,1,5,1.6,95184.0,4,0,1,1,0,12,4
17192,11604,0,5,71,2003,9,1,4,2.2,110000.0,6,0,2,1,0,12,2
17193,19444,394,32,606,2014,9,1,2,2.5,113002.0,4,0,1,1,0,1,0
17194,627,1104,5,1491,2015,4,1,5,3.0,83466.0,6,0,0,1,0,14,12
17195,25402,631,16,722,2013,9,1,2,2.0,438886.75,4,3,1,1,0,1,12
17196,10976,0,55,927,2005,9,0,5,2.0,160000.0,4,2,0,1,1,14,8
17199,11133,562,15,122,2015,3,1,5,1.4,59763.0,4,1,1,0,0,2,6
17200,15367,585,23,618,2013,9,0,5,1.8,91200.0,4,2,1,1,0,12,6
17202,18189,0,36,586,2007,9,1,5,3.5,200000.0,6,2,2,1,0,12,12
17203,12544,1017,16,697,2017,3,0,5,2.0,68188.0,4,0,1,1,0,11,12
17205,12500,843,58,1124,2008,3,0,2,1.5,155000.0,4,0,1,1,0,12,8
17206,2822,0,16,1017,1996,2,0,0,1.8,438886.75,4,1,1,1,0,6,4
17207,7213,0,5,139,1998,9,0,0,2.5,233000.0,6,2,2,1,0,2,6
17213,23521,631,36,322,2014,9,1,5,1.8,438886.75,4,2,2,1,0,1,9
17216,52856,930,23,1401,2018,4,1,1,1.7,18137.0,4,0,1,1,0,7,4
17218,18189,0,23,618,2011,9,1,5,1.8,121600.0,4,2,1,1,0,3,4
17219,22580,0,58,1143,2012,9,0,6,1.8,116000.0,4,3,1,1,0,12,10
17220,8147,1236,21,678,2011,3,0,2,1.3,93000.0,4,2,1,1,1,14,4
17221,8781,631,16,722,2016,9,1,2,2.0,438886.75,4,0,1,1,0,1,0
17224,14426,843,58,1124,2008,3,1,2,1.5,64000.0,4,3,1,1,0,4,12
17225,3920,1099,58,1431,2010,4,1,5,2.7,176437.0,4,0,0,1,0,14,12
17226,20071,890,28,1049,2016,9,1,5,2.0,31460.0,4,0,1,1,0,1,4
17227,7840,0,5,134,2000,9,0,5,2.0,310000.0,6,1,2,1,0,12,4
17228,2000,0,3,209,1998,9,1,5,2.8,200000.0,6,1,1,1,0,14,6
17231,16621,0,58,1124,2010,9,0,2,1.8,170000.0,4,3,1,1,0,1,12
17234,3607,530,41,889,2013,4,1,5,1.6,129128.0,4,0,0,1,0,14,0
17235,3920,645,58,1124,2011,3,1,2,1.8,326325.0,4,0,1,1,0,12,0
17238,11917,631,53,1039,2011,9,0,5,1.8,438886.75,4,1,1,1,0,1,10
17239,51802,1533,8,854,2016,9,1,5,3.6,61635.0,4,0,1,1,0,1,4
17240,13630,531,8,1060,2012,4,1,1,1.6,69774.0,4,0,1,1,0,14,4
17241,17876,0,5,147,2006,9,1,5,3.0,233000.0,6,2,2,1,0,12,0
17242,1803,574,21,858,2010,3,1,2,1.3,187312.0,4,0,1,1,0,2,0
17244,14426,0,58,1457,2011,3,0,5,1.0,95000.0,3,0,1,1,0,14,6
17245,16308,0,16,722,2010,9,1,2,2.5,140300.0,4,0,1,1,0,13,8
17246,392,810,23,618,2016,9,1,5,1.8,148210.0,4,0,1,1,0,14,12
17247,17249,0,36,586,2006,9,1,4,3.5,132000.0,6,2,2,1,0,14,8
17249,8075,631,61,870,2012,9,1,5,2.5,438886.75,4,2,1,1,0,1,12
17251,21639,0,58,1146,2014,10,0,2,1.8,179021.0,4,0,1,1,0,14,8
17253,14740,0,3,209,2009,9,1,5,2.0,240000.0,4,2,0,1,0,12,0
17255,392,761,58,1124,2010,3,1,2,1.8,0.0,4,0,1,1,0,12,12
17256,10976,0,36,958,2000,4,1,0,3.2,250000.0,4,2,0,1,0,6,8
17257,16621,584,61,1090,2014,9,1,5,1.8,120000.0,4,1,1,1,0,14,10
17258,67426,765,36,334,2015,9,1,5,2.0,75000.0,4,0,2,1,0,1,12
17259,7500,0,21,669,2003,3,0,5,1.3,230000.0,4,3,1,1,1,12,0
17260,706,1296,58,112,2008,4,1,5,2.4,378774.0,4,0,1,1,0,12,12
17262,20385,501,16,732,2014,9,1,5,1.5,67486.0,4,0,1,1,0,1,6
17263,16621,631,39,913,2009,9,1,5,2.4,438886.75,4,3,1,1,0,1,8
17265,11604,1268,58,251,2012,3,0,2,1.5,92000.0,4,0,1,1,1,13,6
17266,16621,749,28,1049,2014,9,0,5,2.4,33600.0,4,2,1,1,0,4,12
17267,8467,0,39,837,2013,3,0,5,0.7,126400.0,3,0,2,1,1,11,2
17269,19121,1099,54,1192,2010,4,1,1,2.7,168044.0,4,0,1,1,0,1,4
17271,6272,1924,36,1446,1998,7,1,1,2.3,300000.0,4,1,1,1,0,14,4
17272,12231,1671,27,466,2019,9,1,5,3.2,33418.0,6,0,1,1,0,9,12
17273,16308,0,36,586,2006,9,1,5,3.5,133000.0,6,2,2,1,0,1,15
17276,7840,0,36,958,2000,4,1,0,3.2,11111.0,6,2,0,1,0,5,8
17277,2587,1079,16,646,2018,9,1,5,2.0,76403.0,4,0,1,1,0,14,12
17278,90947,0,16,1222,2019,8,1,1,3.2,11000.0,5,0,0,1,0,7,8
17279,18189,631,23,788,2011,1,0,5,2.0,438886.75,4,2,1,0,0,1,6
17280,5811,790,11,909,2009,9,1,5,1.6,45258.0,4,0,1,1,0,12,4
17281,5000,631,60,33,1977,9,0,5,1.6,438886.75,4,1,2,1,0,1,0
17282,7213,0,58,248,1999,9,0,5,2.0,180000.0,6,0,2,1,1,12,0
17283,15834,308,58,251,2015,3,1,2,1.5,126000.0,4,0,1,1,0,12,4
17284,11000,0,36,337,2002,9,1,5,3.2,187000.0,6,2,2,1,0,1,0
17286,34074,880,23,618,2018,9,1,5,1.6,58515.0,4,0,1,1,0,14,4
17288,45674,749,27,483,2014,4,1,5,2.4,32769.0,4,0,1,1,0,1,4
17290,21953,836,23,1270,2010,4,1,1,2.0,188044.0,4,0,1,1,0,12,4
17294,24596,1185,32,841,2009,9,1,5,2.5,115450.0,4,0,1,1,0,1,4
17295,18817,1714,32,844,2017,9,1,5,3.5,62811.0,6,0,0,1,0,14,12
17297,23800,0,5,1483,2013,4,1,5,2.0,65000.0,4,2,2,1,0,1,12
17298,62948,1273,16,661,2015,4,1,5,3.5,108748.0,4,0,1,1,0,1,4
17299,13485,0,5,151,2006,9,1,5,3.0,280000.0,6,2,2,1,0,1,12
17301,17249,0,36,586,2006,9,0,5,3.5,219014.0,4,0,2,1,0,1,4
17302,14113,0,21,858,2010,9,0,2,1.3,240000.0,4,0,1,2,0,14,8
17304,59586,609,58,423,2018,9,1,2,2.5,18200.0,4,3,1,1,0,1,8
17305,40769,900,21,512,2015,4,0,5,2.4,39700.0,4,3,0,1,0,14,8
17306,6899,631,56,1523,2001,4,0,0,2.7,438886.75,6,0,0,1,0,1,8
17308,18817,1017,23,618,2017,9,0,5,2.0,38400.0,4,0,1,1,0,11,8
17309,5800,631,35,277,2002,10,0,5,2.3,438886.75,2,0,1,1,1,1,6
17310,52373,631,58,1179,2017,4,0,2,2.5,438886.75,6,0,0,1,0,1,6
17311,470,631,23,1298,2012,9,1,2,2.4,438886.75,4,0,1,1,0,1,0
17312,17249,779,61,1090,2013,9,1,5,2.5,86847.0,5,0,1,1,0,1,12
17313,8781,0,61,413,2003,2,0,1,1.9,200000.0,4,1,1,0,0,14,0
17315,26927,640,23,1270,2013,4,1,1,2.0,149038.0,4,0,1,1,0,14,4
17316,19444,781,61,1090,2012,9,1,5,2.5,121600.0,6,2,1,1,0,12,10
17319,80,0,58,1284,2012,7,0,5,3.3,150000.0,4,0,1,1,0,3,4
17320,50,0,58,1124,2011,9,0,2,1.8,180000.0,4,2,1,1,0,7,8
17321,30263,631,36,560,2011,9,1,1,2.2,438886.75,4,2,2,1,0,1,8
17322,6500,631,61,1408,2015,3,0,5,1.0,438886.75,3,2,1,1,1,1,2
17324,22947,707,54,1192,2011,4,1,1,2.0,130559.0,4,0,1,1,0,14,4
17326,9095,0,61,794,2003,3,0,4,2.0,120000.0,4,0,1,1,0,1,8
17327,19757,1836,36,1329,2003,6,0,1,2.2,117000.0,4,1,2,1,0,15,2
17329,7200,0,41,793,2001,9,0,5,2.5,100000.0,6,0,2,1,1,12,2
17330,18817,650,8,523,2016,9,0,5,1.4,91440.0,4,0,1,1,0,12,12
17331,4704,0,42,262,1999,1,0,5,1.6,167000.0,4,1,1,0,0,1,2
17332,6115,1681,55,706,2000,10,0,0,2.0,233500.0,4,0,0,1,0,14,6
17333,18817,631,3,219,2014,9,1,5,2.0,438886.75,4,0,0,1,0,1,0
17334,10506,0,21,669,2011,3,0,5,1.3,10900.0,4,3,1,1,1,12,4
17335,10092,966,8,909,2009,9,1,1,2.0,186836.0,4,0,1,1,0,7,4
17337,10976,0,58,1124,2008,3,0,5,1.5,243450.0,4,0,1,1,0,7,4
17338,11000,0,5,1491,2001,4,1,5,3.0,11111.0,6,0,0,1,0,1,6
17339,8467,631,36,560,1998,9,0,1,2.2,438886.75,4,1,2,1,0,1,6
17342,3607,631,5,1491,2015,4,1,1,3.0,438886.75,6,0,0,1,0,1,0
17343,28222,696,23,1270,2013,4,1,1,2.2,140451.0,4,0,1,1,0,7,4
17344,22000,2188,58,1124,2016,3,0,2,1.8,49000.0,4,0,1,1,1,14,8
17347,4000,0,5,144,1996,9,1,0,2.0,1000.0,6,2,2,1,0,12,2
17348,66485,1493,16,661,2016,4,1,5,3.5,44079.0,4,0,1,1,0,14,4
17350,12544,707,56,1266,2011,9,0,5,2.0,74500.0,4,0,1,1,0,7,8
17353,42337,631,36,1445,2012,7,0,1,2.2,438886.75,4,2,2,0,0,1,8
17354,23521,777,58,423,2014,9,1,5,2.5,87000.0,4,2,1,1,0,4,16
17355,16935,0,23,618,2014,9,1,5,1.8,60000.0,4,2,1,1,0,1,8
17356,16455,552,8,1322,2017,3,1,5,1.0,98614.0,4,0,1,1,0,12,4
17357,18211,836,23,1401,2010,4,1,1,2.0,225814.0,4,0,1,1,0,7,4
17358,19444,0,41,889,2011,4,0,5,1.6,112000.0,4,2,0,1,0,1,6
17359,20237,631,23,1401,2012,4,1,1,2.0,438886.75,4,0,1,1,0,1,4
17360,35570,765,23,1401,2015,4,1,1,2.0,82196.0,4,0,1,1,0,14,4
17361,4391,0,5,144,1996,9,0,5,2.8,360000.0,6,1,2,1,0,7,0
17364,16549,707,23,788,2011,1,1,5,2.0,107005.0,4,0,1,1,0,7,4
17365,100,0,28,1049,2014,9,1,5,2.4,78000.0,4,2,1,1,0,1,8
17366,4547,1017,23,618,2017,9,1,5,2.0,65035.0,4,0,1,1,0,2,12
17367,24462,530,41,891,2013,4,0,5,1.6,95700.0,4,2,0,1,0,1,10
17368,10663,0,5,1491,2005,4,1,4,3.7,216000.0,8,2,0,1,0,1,8
17369,6586,900,28,1323,2015,4,1,5,2.4,208213.0,4,0,0,1,0,2,12
17371,42337,0,36,1326,2006,6,0,1,3.0,3000.0,4,1,2,0,0,14,6
17372,25889,730,23,618,2016,9,1,5,1.6,75787.0,4,0,1,1,0,14,4
17373,21953,0,39,1065,2011,4,0,5,2.0,142400.0,4,2,1,1,0,14,16
17374,19384,707,54,902,2011,4,1,1,2.0,136990.0,4,0,1,1,0,14,4
17375,78,87,36,396,2014,9,1,5,0.4999999999999998,92800.0,8,0,2,1,0,1,12
17377,30420,0,5,154,2011,9,1,5,3.0,118000.0,6,1,2,1,0,1,12
17378,21953,0,39,904,2008,8,0,1,2.5,175977.0,1,1,0,1,0,12,0
17380,17249,753,28,1049,2012,9,1,2,2.4,132300.0,6,2,1,1,0,14,10
17381,10976,738,61,879,2017,9,0,5,1.4,41000.0,4,0,1,1,0,1,4
17382,4391,631,42,1416,1999,3,0,0,1.8,438886.75,4,1,1,1,0,1,4
17383,28225,0,62,1256,2014,9,1,5,2.5,90500.0,5,0,1,1,0,1,12
17384,39201,1327,41,1228,2018,4,0,5,2.5,12000.0,4,0,0,1,0,14,8
17385,6000,0,5,134,1992,9,1,5,2.0,256000.0,6,1,2,1,0,1,0
17386,10349,790,38,487,2009,1,1,5,1.6,147200.0,4,0,1,1,0,7,6
17387,6269,397,28,1116,2011,9,1,5,1.0,50131.0,4,0,1,1,0,12,4
17388,5175,0,42,262,1999,1,0,5,1.6,260000.0,4,1,1,0,0,11,4
17389,8467,1413,21,669,2011,3,0,5,1.5,133000.0,4,0,1,1,1,14,4
17390,12000,0,16,1381,1998,6,0,1,2.5,220000.0,4,1,2,1,0,4,2
17391,50,0,21,669,2007,9,1,5,1.3,10000.0,4,3,1,1,1,2,4
17392,10663,0,41,1370,2006,9,1,5,1.8,168000.0,4,3,1,1,0,2,4
17393,1019,1172,36,586,2011,9,1,1,3.5,122067.0,6,0,0,1,0,14,12
17394,38725,770,23,1401,2016,4,1,1,1.7,119979.0,4,0,1,1,0,12,4
17395,30,0,58,1124,2008,3,0,2,1.5,100000.0,4,3,1,1,0,14,8
17397,8624,0,21,669,2006,3,0,5,1.3,143000.0,1,3,1,1,1,15,0
17398,1098,1273,36,961,2015,4,1,5,3.5,110038.0,6,0,2,1,0,12,12
17400,20385,781,61,1100,2012,9,1,5,2.5,71000.0,5,2,1,1,0,7,6
17401,7840,0,41,1037,2005,3,0,5,1.5,136000.0,4,0,1,1,1,3,4
17402,6272,0,61,794,2001,10,0,5,2.0,256000.0,4,1,1,1,0,1,4
17403,12544,631,58,808,2001,7,0,5,3.4,438886.75,6,0,0,1,1,1,2
17404,7900,0,21,1117,2003,4,1,5,3.5,1000.0,6,0,0,1,0,7,6
17405,1646,765,5,144,2015,9,1,5,2.0,115750.0,4,0,0,1,0,12,12
17406,93079,1866,8,474,2020,8,1,5,3.6,3510.0,4,0,1,1,0,7,4
17409,4234,333,16,345,2014,3,1,2,2.0,0.0,4,0,1,1,0,1,12
17410,17249,687,41,889,2010,4,1,5,1.6,89000.0,4,0,1,2,0,14,0
17411,9722,0,36,305,1999,9,0,5,1.8,222000.0,4,1,2,1,0,12,4
17412,18189,0,23,1298,2011,9,0,5,2.4,331680.0,4,0,1,1,0,1,9
17413,10945,631,23,812,2010,7,1,1,2.5,438886.75,4,0,1,1,0,1,4
17414,15994,2070,36,1250,2018,3,1,5,3.7,40110.0,8,0,0,1,0,14,12
17415,11604,1760,13,463,2017,9,1,5,3.6,240680.0,6,0,2,1,0,7,12
17416,18189,0,58,1124,2011,3,1,2,1.8,211200.0,4,3,1,1,0,14,10
17417,7527,0,16,646,2001,4,0,5,3.0,111111.0,6,0,1,1,0,1,2
17419,4077,765,36,332,2015,9,1,5,2.0,133048.0,4,0,2,1,0,14,12
17421,32929,0,36,558,2011,9,1,5,1.8,170000.0,4,2,2,1,0,0,12
17422,392,1327,16,1221,2011,8,1,5,3.7,326290.0,6,0,2,1,0,14,12
17423,21326,0,58,1124,2012,3,1,2,1.8,134000.0,4,3,1,1,0,12,0
17424,6586,0,61,872,1999,9,0,5,2.0,125000.0,4,0,1,1,0,7,4
17425,13172,488,28,1116,2016,9,1,5,1.0,36805.0,3,0,1,1,0,1,4
17426,52034,1079,8,444,2018,4,1,1,2.0,19698.0,4,0,1,1,0,1,4
17427,5959,0,21,669,2005,3,0,5,1.3,201800.0,4,0,1,1,1,14,4
17428,11917,0,36,384,2003,9,1,5,3.2,212000.0,6,0,2,0,0,9,8
17429,11290,0,35,996,2009,7,0,5,2.3,138720.0,4,2,1,1,0,2,4
17431,12858,584,23,618,2014,9,0,5,1.8,114000.0,4,2,1,1,0,4,10
17432,12858,639,16,697,2014,9,1,5,2.0,121600.0,4,2,1,1,0,2,10
17433,9095,0,61,800,2005,3,1,5,1.6,144000.0,4,2,1,1,1,1,10
17436,7000,0,36,557,1999,9,0,4,2.0,250000.0,4,2,2,1,0,14,0
17439,4077,779,58,423,2013,9,1,5,2.5,167045.0,4,0,1,1,0,7,12
17440,11447,1493,32,608,2016,9,1,5,3.5,68630.0,6,0,1,1,0,14,12
17441,16894,707,23,1298,2011,9,1,5,2.0,187116.0,4,0,1,1,0,1,4
17442,21326,0,28,1264,2014,9,0,5,1.6,115000.0,4,0,1,1,0,3,0
17443,10036,0,35,976,2004,7,0,0,2.3,115000.0,4,0,1,1,1,7,2
17446,12544,0,36,572,1999,9,0,1,2.7,425000.0,5,1,2,1,0,12,6
17447,21900,0,61,1090,2013,9,1,5,2.5,124800.0,5,2,1,1,0,1,8
17449,12134,426,8,1322,2015,3,1,5,1.0,127771.0,4,0,1,1,0,12,4
17451,23207,631,21,1042,2009,7,1,4,3.5,438886.75,6,2,1,1,0,1,10
17452,50178,0,58,832,2012,4,0,1,3.0,197000.0,4,1,0,1,0,3,0
17453,13172,0,16,1381,2004,6,0,1,2.0,180000.0,4,1,2,0,0,12,2
17454,30800,0,5,150,2009,3,1,1,3.0,282586.0,6,0,2,1,0,12,10
17455,1019,353,58,1124,2015,3,1,2,1.8,41157.0,4,0,1,1,0,14,12
17456,17663,271,21,669,2014,3,1,2,1.5,81800.0,4,0,1,1,0,2,4
17457,20297,707,54,237,2011,4,1,1,2.0,129302.0,4,0,1,1,0,11,4
17459,7840,0,35,1433,2006,9,0,5,1.5,134000.0,4,0,1,1,1,1,4
17460,16621,638,28,1049,2014,9,1,5,2.0,34817.0,4,0,1,1,0,1,4
17461,22580,640,16,722,2013,9,1,2,2.0,88660.0,4,0,1,1,0,14,12
17463,96263,866,16,1024,2015,9,1,5,2.3,43770.0,4,0,1,1,0,14,4
17464,6899,0,42,1418,2001,9,0,5,1.8,260000.0,4,1,1,1,0,12,4
17466,41629,917,26,1520,2013,9,1,5,3.0,90000.0,4,0,1,1,0,14,4
17467,36485,639,8,444,2014,4,1,1,2.0,82014.0,4,0,1,1,0,1,4
17468,12858,475,15,116,2012,1,1,5,1.4,138000.0,4,0,1,0,0,12,4
17469,94,631,36,961,2012,4,1,5,3.5,438886.75,6,0,0,1,0,1,12
17470,18189,631,58,423,2014,9,0,5,2.5,438886.75,4,2,1,1,0,1,10
17471,106627,0,8,420,2017,1,0,5,3.7,11200.0,8,1,2,0,0,6,10
17472,37006,431,16,722,2016,9,1,2,2.0,34000.0,4,3,1,1,0,1,12
17474,28225,585,36,322,2013,9,1,5,1.8,125000.0,4,2,2,1,0,1,12
17475,13642,631,58,1179,2001,4,0,5,2.0,438886.75,4,0,0,1,0,1,4
17476,10192,862,61,870,2011,9,1,5,2.5,142000.0,4,0,1,1,0,12,12
17477,7997,631,58,1179,2017,4,1,5,2.5,438886.75,4,0,1,1,0,1,12
17478,49751,891,23,1270,2016,4,1,1,2.0,134761.0,4,0,1,1,0,7,4
17479,7213,0,36,958,2000,4,1,5,3.2,292800.0,8,2,0,1,0,1,6
17480,65858,631,36,1326,2012,6,1,1,3.2,438886.75,6,1,2,1,0,1,4
17481,4861,0,42,262,1997,3,0,5,1.6,180000.0,4,1,1,1,0,12,2
17482,10036,0,21,862,2005,1,0,5,2.0,11111.0,4,1,1,0,1,12,4
17483,14113,394,58,423,2014,9,0,2,2.5,152000.0,4,2,1,1,0,1,12
17484,43062,639,23,1270,2014,4,1,1,2.0,155000.0,4,0,1,1,0,7,4
17485,13953,631,23,1298,2010,9,1,5,2.0,438886.75,4,0,1,1,0,1,4
17486,31988,0,55,857,2016,9,1,5,2.5,48000.0,4,1,0,1,0,2,12
17488,40766,1399,32,1211,2010,4,1,2,3.5,91000.0,6,0,0,1,0,1,12
17489,35971,631,23,1270,2014,4,1,1,2.0,438886.75,4,0,1,1,0,1,4
17491,18189,0,36,560,2008,9,1,1,2.2,295000.0,4,0,2,1,0,14,8
17492,29793,0,36,367,2003,1,1,5,3.7,240000.0,8,2,2,0,0,1,8
17493,8781,528,16,693,2014,9,0,5,1.6,113000.0,4,2,1,1,0,1,8
17494,7840,631,23,1298,2011,9,1,4,2.0,438886.75,4,0,1,1,0,1,4
17495,4704,4741,61,870,2001,9,0,5,2.0,111111.0,4,1,1,1,1,1,0
17500,21326,784,16,730,2017,9,1,5,1.5,53116.0,4,0,1,1,0,2,8
17501,7840,631,5,66,2000,9,1,5,2.0,438886.75,4,1,2,1,0,1,4
17502,41281,831,54,237,2017,4,1,1,1.6,64416.0,4,0,1,1,0,2,4
17504,49864,1017,23,1270,2017,4,1,1,2.0,97992.0,4,0,1,1,0,1,4
17507,9408,1267,58,251,2013,3,0,2,1.5,0.0,4,3,1,1,1,11,5
17508,68994,0,5,1511,2011,4,1,2,3.7,76000.0,8,2,0,1,0,14,12
17509,22649,836,23,1401,2010,4,1,1,2.0,188800.0,4,0,1,1,0,1,4
17510,8386,364,8,1322,2012,3,1,5,1.0,199185.0,4,0,1,1,0,2,4
17511,19416,836,23,1298,2010,9,1,5,2.0,149962.0,4,0,1,1,0,1,4
17513,29777,639,23,1401,2014,4,1,1,2.0,130000.0,4,0,1,1,0,12,4
17515,29793,917,36,1326,2013,6,0,1,3.0,256000.0,6,0,2,0,0,14,0
17517,4547,1017,28,284,2017,9,1,5,2.0,0.0,4,0,1,1,0,2,12
17518,24148,694,36,1326,2014,6,0,1,2.2,160000.0,5,1,2,1,0,14,5
17520,10976,765,23,1298,2015,9,1,4,2.0,385876.0,4,0,1,1,0,14,4
17521,15718,924,54,1192,2011,4,1,1,2.7,207306.0,4,0,1,1,0,1,4
17522,22894,900,28,1049,2015,9,1,5,2.4,109000.0,4,2,1,1,0,1,6
17524,470,528,41,1435,2014,3,1,5,1.6,219592.0,4,0,1,1,0,1,12
17525,3450,0,42,1416,1996,9,0,0,1.6,1234.0,4,1,1,0,0,12,2
17527,68681,0,58,1361,2013,8,0,4,3.7,71000.0,6,0,0,1,0,1,8
17528,45210,770,23,1401,2016,4,1,1,1.7,60604.0,4,0,1,1,0,1,4
17529,16308,0,61,794,2011,3,0,5,2.5,105000.0,5,2,1,1,0,1,6
17530,4704,0,21,616,2004,3,0,5,2.0,180000.0,4,0,1,1,1,14,0
17531,627,765,55,1525,2015,4,1,5,2.0,113675.0,4,0,0,1,0,1,0
17532,941,1493,21,1117,2016,4,1,5,3.5,0.0,6,0,0,1,0,1,12
17533,25889,642,23,1401,2012,4,1,1,2.0,156000.0,4,0,1,1,0,14,4
17534,14113,1405,5,144,2009,9,1,5,3.0,283200.0,6,2,2,1,0,1,12
17537,42337,579,58,281,2017,9,1,2,2.5,57200.0,4,2,1,1,0,4,12
17538,14740,0,39,544,2000,7,1,5,3.0,230000.0,6,0,0,1,1,12,6
17540,10976,528,23,1425,2014,9,1,5,1.6,144000.0,4,2,1,0,0,14,10
17541,9095,1185,41,249,2009,9,1,2,2.5,24800.0,4,0,1,1,0,2,6
17542,13799,0,23,1298,2012,9,0,5,2.4,120000.0,4,0,1,1,0,12,12
17543,9408,1268,58,251,2012,9,0,2,1.5,121000.0,4,0,1,1,1,2,2
17544,10349,0,16,1381,1996,6,0,1,2.5,335000.0,4,1,2,0,0,14,0
17545,20500,891,35,994,2016,9,0,5,2.0,120000.0,4,2,1,1,0,2,10
17546,21473,836,23,1401,2010,4,1,1,2.0,172000.0,4,0,1,1,0,7,4
17547,21326,0,55,706,2013,4,0,5,2.5,116800.0,4,3,0,1,0,7,6
17549,9408,0,58,1469,2005,7,0,5,1.8,230000.0,4,0,1,1,1,7,8
17550,2300,1195,16,1381,2008,6,0,1,2.2,438886.75,4,1,1,0,0,7,0
17551,11704,761,8,909,2010,9,1,5,1.8,182737.0,4,0,1,1,0,1,4
17552,5802,631,41,249,2016,9,1,5,2.5,438886.75,4,0,1,1,0,1,12
17555,59583,517,32,1208,2014,4,1,2,3.5,65000.0,6,2,0,1,0,1,12
17556,7840,893,23,838,2008,3,1,5,1.6,136869.0,4,0,1,1,0,1,4
17558,11290,473,8,523,2014,9,1,5,1.4,126000.0,8,0,2,1,0,12,6
17559,17876,0,5,1491,2006,4,1,4,3.0,160000.0,6,2,0,1,0,3,12
17560,8154,1288,28,1323,2007,4,1,1,2.0,110000.0,4,0,1,1,0,2,4
17561,8154,503,23,1298,2019,9,1,2,2.0,17768.0,4,0,1,1,0,14,12
17562,18189,1185,23,812,2009,7,1,1,2.5,42852.0,4,0,1,1,0,14,4
17563,26657,0,58,920,2002,4,0,1,3.0,2000.0,4,1,0,1,0,12,4
17564,470,528,16,646,2014,4,1,5,1.6,148958.0,4,0,1,1,0,7,12
17565,41977,919,27,804,2012,4,1,1,3.0,160291.0,4,0,1,1,0,12,4
17566,135,0,58,494,2019,9,0,5,1.6,18.0,4,3,1,1,0,1,12
17568,14426,1292,26,538,2016,9,1,5,3.0,46131.0,6,0,0,1,0,12,12
17569,22580,0,28,1049,2013,9,1,5,2.0,67000.0,4,2,1,1,0,1,14
17570,46251,880,8,1060,2018,4,1,1,1.6,19000.0,4,0,1,1,0,14,4
17571,11290,473,8,287,2014,3,1,5,1.4,35830.0,4,0,1,1,0,8,4
17575,470,934,55,706,2015,4,1,5,2.5,87141.0,4,0,0,1,0,1,0
17576,19444,631,23,618,2015,9,0,5,2.0,438886.75,4,2,2,1,0,1,12
17577,50,0,58,251,2014,9,0,2,1.5,120000.0,4,0,1,1,1,13,0
17578,15681,891,23,1298,2016,9,1,4,2.0,236272.0,4,0,1,1,0,12,4
17579,8467,631,42,1536,1999,7,0,4,1.8,438886.75,4,0,1,1,0,1,0
17580,10349,0,36,308,2002,2,0,5,2.0,22500.0,4,1,2,1,0,12,12
17581,23834,394,58,423,2014,9,0,2,2.5,52800.0,4,0,1,1,0,5,8
17582,4234,0,36,556,2001,9,1,0,2.6,438886.75,6,2,2,1,1,1,10
17583,47757,765,27,466,2015,4,1,1,2.0,171561.0,4,0,1,1,0,7,4
17586,40769,0,36,1326,2008,6,0,1,3.0,1000.0,6,1,2,1,0,11,2
17587,23678,765,38,489,2015,3,1,5,2.0,20063.0,4,1,1,1,0,11,8
17588,7840,893,23,838,2008,3,1,5,1.6,102000.0,4,0,1,1,0,12,4
17589,42102,1249,23,812,2017,10,1,1,2.5,110000.0,4,0,1,1,0,7,4
17592,28222,640,23,1270,2013,4,1,1,2.0,60031.0,4,0,1,1,0,1,4
17593,392,1307,8,420,2015,9,1,5,3.6,168621.0,6,0,2,1,0,4,12
17594,11964,790,8,909,2009,9,1,5,1.6,138205.0,4,0,1,1,0,14,4
17595,549,650,61,870,2016,9,1,1,1.4,112760.0,4,0,1,1,0,3,12
17596,3,0,23,1298,2011,9,1,5,2.4,106422.0,4,2,1,1,0,14,6
17597,10976,0,28,1116,2016,9,0,5,1.2,94000.0,4,1,1,1,0,12,6
17598,13956,629,28,1264,2015,4,0,5,1.6,85985.0,4,1,1,1,0,7,8
17599,13485,0,5,1491,2002,4,1,4,3.0,290000.0,6,2,0,1,0,1,10
17600,627,1017,36,580,2017,9,1,5,2.0,32114.0,4,0,2,1,0,12,12
17601,14426,0,16,1381,2004,2,0,1,2.4,205000.0,4,1,2,1,0,14,2
17602,6586,919,5,1491,2012,4,1,1,3.0,274098.0,6,0,0,1,0,14,0
17603,7840,843,58,1124,2008,3,0,2,1.5,151230.0,4,3,1,1,0,12,12
17605,12287,687,23,618,2010,9,1,5,1.6,132121.0,4,0,1,1,0,12,4
17607,21953,595,38,486,2015,1,1,5,1.5,53900.0,3,2,1,0,0,14,0
17609,17876,0,16,646,2009,4,1,5,3.0,154000.0,6,0,0,1,0,1,10
17610,20071,0,61,870,2017,9,0,5,1.4,55000.0,4,2,1,1,0,1,10
17613,37006,642,5,144,2012,9,1,5,2.0,196800.0,4,2,0,1,0,12,14
17614,5940,447,21,669,2013,3,1,2,1.3,117058.0,4,0,1,1,0,1,4
17615,10349,1268,58,251,2012,3,0,2,1.5,147000.0,4,3,1,1,1,14,4
17617,59586,765,36,308,2015,9,1,5,2.0,118400.0,4,2,0,1,0,1,10
17619,71817,0,58,1185,2016,4,1,2,2.5,45000.0,4,2,0,1,0,7,12
17620,18384,531,23,618,2012,9,1,5,1.6,115444.0,4,0,1,1,0,14,4
17621,2509,917,3,226,2013,3,1,5,3.0,158091.0,6,0,0,1,0,2,12
17622,17500,0,61,1114,2008,9,1,1,3.0,244000.0,6,2,0,1,0,1,12
17623,40,0,21,669,2006,3,0,5,1.4,10000.0,4,3,1,1,1,14,4
17624,26657,1091,58,423,2016,9,1,5,2.5,51202.0,4,0,1,1,0,1,12
17625,17249,0,58,251,2013,9,1,2,1.5,78300.0,4,0,1,1,1,14,4
17626,13172,631,42,1536,2005,7,0,5,2.2,438886.75,4,0,1,1,0,1,0
17627,3500,0,61,797,1996,3,0,0,1.6,200000.0,4,1,1,1,0,14,2
17628,11604,639,23,1298,2014,9,1,4,2.0,432435.0,4,0,1,1,0,12,4
17629,15681,0,61,359,2009,9,1,5,2.0,194000.0,5,2,1,1,0,12,6
17630,2430,862,58,423,2011,9,1,5,2.5,121952.0,4,0,1,1,0,7,12
17631,862,481,23,1298,2017,9,1,2,2.0,138459.0,4,0,1,1,0,12,12
17632,5959,841,39,1083,2010,4,0,5,0.7,160000.0,4,1,0,0,1,1,4
17634,15681,0,8,854,1973,5,1,5,3.7,100000.0,8,0,2,1,0,3,0
17636,16308,631,28,1049,2012,9,0,5,2.4,438886.75,6,2,1,1,0,1,8
17637,15681,631,58,1124,2012,3,0,2,1.8,438886.75,4,3,1,1,0,1,9
17638,35570,639,23,1270,2014,4,1,1,2.0,168637.0,4,0,1,1,0,14,4
17640,16308,0,21,669,2014,3,0,2,1.5,138000.0,4,0,1,1,1,2,8
17641,15053,765,23,1298,2015,9,1,4,2.0,318677.0,4,0,1,1,0,12,4
17642,8467,0,38,486,2005,1,1,5,1.6,156000.0,2,0,1,0,0,10,0
17643,48610,0,32,841,2014,9,1,5,2.5,96000.0,6,2,2,1,0,7,16
17646,18189,0,23,1303,2013,9,0,2,2.4,214400.0,4,2,1,1,0,12,12
17647,1700,0,60,33,1988,9,0,5,1.6,0.0,2,1,1,1,0,1,2
17648,9095,0,39,240,2003,4,0,5,2.0,18000.0,4,0,0,1,1,14,4
17649,15681,562,8,528,2015,9,1,5,1.4,138000.0,4,2,1,1,0,2,10
17650,16308,0,36,582,2004,9,1,0,3.2,210915.0,6,2,2,1,0,12,12
17651,251,421,28,1034,2018,4,1,2,1.6,22915.0,4,0,1,1,0,14,12
17652,3136,1694,41,719,2016,9,1,5,3.7,105427.0,6,0,1,1,0,2,12
17653,150,0,33,1378,2000,5,1,5,3.7,100000.0,8,0,2,1,0,14,2
17654,11917,0,21,469,2007,9,0,4,1.8,149000.0,4,0,1,1,1,12,12
17655,314,645,23,618,2011,9,1,5,1.8,403538.0,4,0,1,1,0,7,12
17656,21012,1017,16,697,2017,3,0,5,2.0,75200.0,4,2,1,1,0,12,8
17657,20344,891,23,1298,2016,9,1,5,2.0,44608.0,4,0,1,1,0,14,4
17658,23521,642,16,722,2012,9,1,5,2.0,102400.0,4,0,1,1,0,14,6
17662,23521,584,36,322,2014,9,1,5,1.8,64270.0,4,0,2,1,0,7,0
17664,18817,781,58,423,2012,9,0,5,2.5,83200.0,4,2,1,1,0,1,12
17666,109764,1575,58,921,2018,4,0,1,3.0,27000.0,6,0,0,1,0,14,6
17667,31361,0,58,1124,2017,9,0,2,1.8,80000.0,4,0,1,1,0,7,12
17668,25719,765,8,978,2015,9,1,5,2.0,108027.0,4,0,1,1,0,12,4
17669,7840,0,12,1365,2001,4,0,0,1.3,145000.0,4,1,0,1,1,6,2
17670,188,749,8,444,2014,4,1,5,2.4,168315.0,4,0,1,1,0,12,12
17672,17249,642,23,1298,2012,9,1,5,2.0,110000.0,4,2,1,1,0,1,12
17673,11290,0,39,1077,1995,4,0,1,2.8,151000.0,4,0,0,0,0,14,2
17674,10820,1202,42,1536,2006,7,0,0,1.6,170000.0,4,1,1,1,0,11,6
17675,37301,595,58,251,2015,3,1,5,1.5,16033.0,4,0,1,1,0,2,4
17676,5237,1708,54,1192,2007,4,1,1,2.7,75813.0,4,0,1,1,0,12,4
17677,1150,0,60,37,1980,9,0,5,1.1,0.0,4,1,2,1,0,14,0
17678,17876,0,5,144,2009,9,1,5,3.0,255478.0,6,2,2,1,0,1,10
17680,5331,831,16,693,2017,3,1,5,1.6,61803.0,4,0,1,1,0,1,12
17682,470,891,3,206,2016,9,1,5,2.0,70414.0,4,0,0,1,0,14,12
17683,38574,631,23,812,2015,10,1,4,2.5,438886.75,4,0,1,1,0,1,4
17684,50018,1017,23,1298,2017,9,1,5,2.0,54930.0,4,0,1,1,0,14,4
17685,15500,585,58,1146,2013,10,0,2,1.8,303538.0,4,0,1,1,0,13,12
17686,23129,779,23,812,2013,10,1,1,2.5,197441.0,4,0,1,1,0,12,4
17688,14113,0,5,1491,2001,4,1,5,3.7,115000.0,8,2,0,1,0,12,5
17689,17300,0,58,1124,2010,3,1,2,1.8,159665.0,4,0,1,1,0,1,8
17690,38888,0,3,220,2012,9,1,5,3.0,154000.0,6,2,0,1,0,0,8
17691,44533,0,16,1024,2015,1,1,5,2.3,48000.0,4,2,2,0,0,12,8
17692,19757,0,58,423,2011,9,1,2,2.4,115739.0,4,0,1,1,0,14,0
17694,9095,0,39,1079,2000,4,0,5,2.0,170000.0,4,0,0,1,1,14,0
17695,37000,770,23,1401,2016,4,1,1,1.7,51053.0,4,0,1,1,0,14,4
17696,19444,1091,58,423,2016,9,1,5,2.5,61000.0,4,2,1,1,0,1,6
17697,8674,363,8,1322,2014,3,1,4,1.0,198000.0,4,0,1,1,0,1,4
17698,44542,631,23,812,2017,10,1,1,2.5,438886.75,4,0,1,1,0,1,4
17700,20855,890,28,1049,2016,9,1,5,2.0,31102.0,4,0,1,1,0,1,4
17702,9565,790,23,838,2009,3,1,5,1.6,56577.0,4,0,1,1,0,11,4
17703,18189,586,58,1156,2012,3,0,2,1.8,97000.0,4,3,1,1,0,4,12
17704,9396,308,58,251,2015,3,1,2,1.5,160841.0,4,0,1,1,0,14,4
17705,16308,0,58,1124,2010,3,1,2,1.8,130000.0,4,3,1,1,0,14,4
17707,37633,0,5,1491,2011,4,1,1,3.0,223000.0,6,2,0,1,0,7,12
17708,10192,0,42,264,2005,2,0,1,1.7,290000.0,4,1,1,1,0,7,6
17709,12544,0,60,38,2005,4,1,5,1.7,150000.0,4,1,0,0,0,14,0
17710,470,1325,58,423,2019,9,1,5,2.5,45880.0,4,0,1,1,0,12,12
17713,17562,0,58,1124,2010,3,1,5,1.8,136000.0,4,3,1,1,0,11,8
17715,12231,0,58,1124,2007,9,0,2,1.5,156000.0,4,3,1,1,0,12,4
17716,14000,637,56,822,2014,3,0,5,0.7,160000.0,3,0,1,1,1,4,2
17717,16621,0,58,1132,2012,10,0,2,1.5,104643.0,4,0,1,1,0,7,12
17718,24283,631,8,978,2016,9,1,5,2.4,438886.75,4,0,1,1,0,1,4
17719,22000,640,5,144,2013,9,1,5,2.0,110909.0,4,0,0,1,0,14,12
17720,28909,831,23,618,2017,9,1,4,1.6,37029.0,4,0,1,1,0,7,4
17722,40769,0,32,606,2013,9,1,2,2.5,8700.0,12,2,1,1,0,14,12
17723,7840,0,61,794,2004,3,0,5,1.6,106000.0,4,2,1,1,1,12,12
17726,1960,777,58,423,2014,9,1,5,2.5,0.0,4,0,1,1,0,1,12
17727,36219,631,23,1401,2014,4,1,5,2.0,438886.75,4,0,1,1,0,1,4
17728,97219,0,32,780,2015,4,1,5,3.7,57000.0,8,0,0,1,0,14,12
17729,26510,640,23,1270,2013,4,1,1,2.0,42582.0,4,0,1,1,0,12,4
17731,16904,769,23,1270,2011,4,1,1,2.2,208726.0,4,0,1,1,0,12,4
17732,15681,640,16,345,2013,3,1,2,2.0,150000.0,4,2,1,1,0,1,0
17734,9408,0,36,1249,2000,9,1,5,3.7,112000.0,12,2,2,1,0,12,12
17735,549,1723,23,1270,2018,9,1,5,3.3,66517.0,6,0,1,1,0,14,12
17736,20814,730,23,618,2016,9,1,5,1.6,83814.0,4,0,1,1,0,1,4
17738,36065,1104,23,810,2015,9,1,4,3.0,36000.0,6,0,1,1,0,1,12
17739,1176,1736,5,1511,2010,4,1,5,3.7,0.0,8,0,0,1,0,7,12
17742,13172,0,58,1124,2008,9,0,5,1.4,210000.0,4,0,1,1,0,5,4
17743,12231,1266,21,669,2014,3,0,2,1.5,70000.0,4,0,1,1,1,12,2
17744,17000,631,8,523,2015,9,1,5,1.4,438886.75,4,2,1,1,0,1,10
17745,15367,631,21,1346,2009,7,0,4,2.0,438886.75,4,0,1,1,1,1,2
17746,11563,645,8,523,2011,9,1,5,1.8,171960.0,4,0,1,1,0,14,4
17747,24500,919,5,1491,2012,4,1,5,3.0,1000.0,6,0,0,1,0,14,12
17748,9408,0,55,932,2003,9,1,5,2.0,16000.0,4,2,0,1,1,14,4
17751,6272,0,5,187,2001,9,1,5,3.6,218000.0,8,0,2,1,0,12,10
17752,12231,0,58,1124,2007,3,0,2,1.5,297600.0,4,3,1,1,0,14,4
17756,50,0,58,251,2013,3,0,2,1.5,120000.0,4,0,1,1,1,12,4
17757,31361,0,16,1381,2008,6,0,1,2.4,137500.0,4,1,2,1,0,14,0
17759,12000,631,39,1079,2003,4,0,5,1.8,438886.75,4,0,0,1,0,1,4
17760,87811,0,5,189,2013,9,1,5,3.7,92000.0,8,2,2,1,0,14,12
17761,15681,0,5,1491,2002,4,1,1,3.0,292000.0,8,2,0,1,0,12,10
17762,8154,0,58,1036,2003,7,0,5,2.0,233000.0,4,0,1,1,1,12,2
17763,43905,1249,58,1179,2017,4,0,5,2.5,63000.0,4,0,0,1,0,12,12
17764,13300,0,16,1362,2014,9,1,5,3.7,290000.0,6,0,0,1,0,12,6
17765,11563,836,23,1401,2010,4,1,1,2.0,114000.0,4,0,1,1,0,12,4
17767,10349,5681,39,1077,1996,4,0,5,2.4,169800.0,4,0,0,0,1,11,2
17768,17249,259,61,875,2014,9,1,2,1.4,92473.0,4,0,1,1,0,1,12
17769,1646,631,58,423,2017,9,1,5,2.5,438886.75,4,0,1,1,0,1,12
17770,314,586,32,402,2012,3,1,2,1.8,191731.0,4,0,1,1,0,12,12
17772,8148,1236,21,677,2011,3,0,2,1.3,99000.0,4,2,1,1,1,12,4
17774,25512,836,23,1401,2010,4,1,1,2.0,118514.0,4,0,1,1,0,7,4
17775,16621,631,61,1090,2011,9,1,5,2.5,438886.75,5,2,1,1,0,1,8
17776,40456,397,58,1124,2016,9,1,2,1.8,30000.0,4,3,1,1,0,7,10
17778,32929,0,32,1203,2008,4,1,2,3.3,132800.0,6,0,0,1,0,14,12
17779,300,0,36,1326,2020,6,0,5,0.4999999999999998,0.0,1,1,2,1,0,0,0
17780,12231,631,16,697,2013,3,0,5,2.0,438886.75,4,0,1,1,0,1,6
17781,18503,631,23,618,2016,9,1,4,1.6,438886.75,4,0,1,1,0,1,4
17782,14583,631,23,234,2017,3,0,5,1.6,438886.75,4,0,1,1,0,1,6
17784,12231,612,8,523,2010,9,1,5,1.4,119000.0,6,2,1,1,0,14,16
17786,22580,353,58,1124,2015,9,0,2,1.8,92430.0,4,0,1,1,0,14,10
17787,44878,1017,23,1401,2017,4,1,1,2.0,63478.0,4,0,1,1,0,12,4
17788,8154,631,58,1457,2005,3,0,5,1.0,438886.75,4,3,1,1,1,1,4
17789,17249,562,8,523,2015,9,1,5,1.4,72126.0,4,2,1,1,0,3,8
17790,62023,971,36,560,2016,9,1,1,2.2,121400.0,4,2,2,1,0,1,12
17791,1254,0,58,1124,2012,3,0,2,1.8,100000.0,4,0,1,1,0,14,0
17793,18817,0,58,1124,2011,9,0,5,1.8,167394.0,4,0,1,1,0,7,8
17794,20005,531,23,618,2012,9,1,5,1.6,107179.0,4,0,1,1,0,14,4
17795,7840,0,12,1365,2002,4,0,5,1.3,10000.0,4,1,0,1,0,6,0
17796,31204,1079,39,1070,2018,4,1,5,2.0,36534.0,5,0,1,1,0,11,12
17797,38063,891,23,1270,2016,4,1,1,2.0,147786.0,4,0,1,1,0,14,4
17798,8154,0,36,572,2000,9,1,1,2.7,290000.0,5,0,2,1,0,2,12
17799,20266,631,54,1192,2011,4,1,1,2.0,438886.75,4,0,1,1,0,1,4
17800,7527,0,42,1008,2003,3,0,1,1.7,319000.0,4,1,1,1,0,1,0
17801,23207,0,16,345,2014,3,1,6,2.0,65000.0,4,0,1,1,0,11,8
17802,50651,1091,8,854,2016,9,1,5,2.5,66522.0,4,0,1,1,0,12,4
17803,10036,777,58,423,2014,9,1,5,2.5,267398.0,4,0,1,1,0,14,10
17804,10349,988,58,1124,2007,3,0,2,1.5,0.0,4,0,1,1,0,6,8
17805,36065,915,34,791,2014,9,1,5,3.0,40000.0,6,0,0,1,0,1,12
17806,15323,531,23,618,2012,9,1,5,1.6,172253.0,4,0,1,1,0,1,4
17808,24000,2265,58,364,2019,4,1,2,1.5,6000.0,4,0,1,1,1,14,8
17809,16452,836,23,788,2010,1,1,5,2.0,106526.0,4,0,1,1,0,11,4
17810,9408,0,42,262,1998,9,1,5,1.6,175000.0,4,1,1,1,0,2,4
17811,10663,0,58,1124,2008,3,1,2,1.5,207000.0,4,0,1,1,0,12,8
17812,10036,843,46,1274,2008,7,0,1,1.5,173000.0,4,1,1,1,0,2,12
17813,25004,528,23,618,2014,9,1,5,1.6,52569.0,4,0,1,1,0,14,4
17814,9095,0,41,1476,2003,4,0,5,3.3,200000.0,6,1,0,1,0,12,10
17816,6429,463,58,1124,2018,3,1,2,1.8,0.0,4,0,1,1,0,1,12
17817,6272,503,21,472,2012,9,1,2,1.5,141302.0,4,3,1,1,0,13,12
17819,26594,1079,8,1060,2018,4,1,4,2.0,140070.0,4,0,1,1,0,7,4
17821,7150,0,41,1370,2005,3,0,5,1.5,0.0,4,3,1,1,1,1,6
17823,21950,0,58,1124,2014,3,0,2,1.8,107000.0,4,3,1,1,0,4,12
17825,25889,528,23,618,2014,9,1,5,1.6,131000.0,4,0,1,1,0,14,4
17827,9252,961,28,1323,2009,4,1,1,2.0,53986.0,4,0,1,1,0,14,4
17828,8781,631,16,654,2001,4,1,5,3.0,438886.75,6,0,0,1,0,1,6
17829,2100,0,41,982,2002,9,0,5,1.2,140000.0,2,0,1,1,1,13,0
17831,6611,1282,28,1323,2007,4,1,1,2.0,142654.0,4,0,1,1,0,12,4
17836,18826,631,23,618,2011,9,1,5,1.6,438886.75,4,0,1,1,0,1,4
17837,9095,0,5,144,2000,9,1,5,2.8,333000.0,6,2,2,1,0,2,8
17839,3000,0,61,1118,1995,9,0,5,1.4,0.0,4,1,1,0,0,2,2
17840,14113,0,21,858,2009,3,0,2,1.3,111000.0,4,2,1,1,0,12,6
17841,31349,777,23,812,2014,7,1,1,2.5,152469.0,4,0,1,1,0,1,4
17844,27284,259,8,1461,2014,9,0,6,1.4,121000.0,4,2,1,1,0,14,10
17846,29793,631,5,1535,2007,1,1,5,3.0,438886.75,6,2,2,0,0,1,6
17847,18817,631,58,492,2012,9,0,4,1.8,438886.75,4,0,1,1,0,1,6
17849,21953,631,21,472,2014,9,0,2,1.5,438886.75,4,0,1,1,0,1,12
17850,30,0,21,669,2010,3,0,5,1.3,10000.0,4,0,1,1,1,12,4
17851,9722,1675,16,1381,2004,6,0,1,2.0,200000.0,4,1,1,0,0,14,0
17852,40926,730,54,237,2016,4,1,1,1.6,46916.0,4,0,1,1,0,12,4
17853,627,650,61,870,2016,9,1,5,1.4,78829.0,4,0,1,1,0,14,12
17854,16935,650,61,871,2016,9,0,5,1.4,97000.0,4,2,1,1,0,1,8
17855,1333,1053,32,608,2014,9,1,5,3.5,179358.0,6,0,1,1,0,11,12
17856,5331,0,55,706,2001,10,0,5,2.0,0.0,4,0,0,1,1,12,2
17857,13485,0,58,251,2012,9,0,2,1.5,147431.0,3,2,1,1,1,14,5
17858,37476,1017,58,364,2017,4,0,5,2.0,36099.0,4,0,1,1,0,12,10
17859,70678,1079,23,1298,2018,9,1,5,2.0,34704.0,4,0,1,1,0,7,4
17860,392,994,21,469,2008,9,1,5,1.8,233728.0,4,0,1,1,0,12,12
17862,21012,738,8,523,2017,3,0,5,1.4,66000.0,4,2,1,1,0,12,8
17864,1882,3112,21,669,2001,3,0,5,1.3,0.0,6,0,1,1,1,14,4
17865,14113,986,58,423,2010,9,1,2,2.4,80000.0,4,2,1,1,0,12,7
17867,18817,0,23,618,2012,9,1,5,1.8,81250.0,4,0,1,1,0,12,12
17868,150533,0,26,666,2015,9,1,5,3.7,31000.0,8,2,2,0,0,8,6
17869,31361,0,6,640,2016,4,1,5,1.4,24000.0,4,0,1,1,0,14,0
17872,40983,934,23,812,2015,10,1,1,2.5,112718.0,4,0,1,1,0,12,4
17873,470,1053,36,332,2014,9,1,5,3.5,189800.0,6,0,0,1,0,11,12
17874,17562,0,58,1124,2010,3,0,2,1.8,71000.0,4,3,1,1,0,7,12
17875,8154,0,21,469,2004,9,0,0,1.7,135000.0,4,3,1,1,1,14,2
17878,33243,765,23,1270,2015,4,1,1,2.0,175126.0,4,0,1,1,0,1,4
17879,28225,0,28,1049,2014,9,1,2,2.4,43000.0,6,0,1,1,0,14,4
17880,470,1292,3,1160,2016,4,1,1,3.0,29501.0,6,0,0,1,0,14,12
17882,2274,862,58,423,2011,9,1,5,2.5,190698.0,4,0,1,1,0,7,12
17883,7213,746,58,1124,2009,9,0,2,1.5,271256.0,4,0,1,1,0,7,8
17884,9095,0,58,867,2004,9,0,5,1.3,151000.0,4,0,1,1,1,14,2
17886,3763,631,42,262,1994,2,0,5,1.4,438886.75,4,1,1,1,0,1,4
17887,20071,934,58,423,2015,9,1,5,2.5,86357.0,4,0,1,1,0,2,12
17889,11917,0,55,709,2004,4,1,0,2.5,220000.0,4,0,0,1,0,6,5
17891,17249,900,23,1308,2015,9,0,5,2.4,84000.0,4,2,1,1,0,12,12
17892,9408,843,58,1124,2008,3,0,2,1.5,200000.0,4,0,1,1,0,7,8
17893,15681,0,16,1381,2003,6,0,1,2.4,250000.0,4,1,2,1,0,14,2
17894,20385,584,23,618,2014,9,1,5,1.8,179200.0,4,2,1,1,0,1,12
17895,12544,751,28,1049,2013,9,1,2,2.4,110898.0,4,0,1,1,0,1,12
17896,20385,0,16,1381,2007,6,0,1,2.4,0.0,2,1,1,1,0,12,0
17897,12544,765,23,1298,2015,9,1,4,2.0,438886.75,4,0,1,1,0,8,4
17898,706,1194,58,1360,2013,8,1,5,3.7,141008.0,6,0,2,1,0,2,0
17899,31361,934,35,997,2015,9,1,5,2.5,174000.0,4,2,1,1,0,14,12
17900,14113,586,58,1124,2012,3,0,2,1.8,228751.0,4,0,1,1,0,1,12
17901,10976,0,5,944,2004,1,0,5,2.5,111111.0,6,1,2,0,0,14,12
17902,7000,0,36,1243,1999,9,1,0,3.2,6789.0,6,2,2,1,0,2,10
17903,20698,917,3,1164,2013,4,1,1,3.0,194342.0,6,0,0,1,0,14,12
17905,4704,0,42,262,1998,9,0,5,1.6,333333.0,4,1,1,1,0,7,0
17906,25716,474,8,1461,2013,3,1,6,1.4,91000.0,4,3,1,1,0,7,10
17907,20438,642,54,902,2012,4,1,1,2.0,175346.0,4,0,1,1,0,14,4
17908,25716,0,28,1323,2012,4,0,5,2.4,136000.0,4,2,0,1,0,7,10
17909,5488,0,36,23,2000,9,0,0,2.0,0.0,4,1,2,1,0,1,2
17911,2000,0,3,209,2000,3,0,5,2.8,1000.0,5,0,1,1,0,9,3
17912,470,751,8,444,2013,4,1,5,2.4,236267.0,4,0,1,1,0,7,12
17913,8781,0,56,1350,2009,9,0,5,1.3,150000.0,4,0,1,1,1,1,12
17914,8938,1203,45,453,2011,4,1,2,3.6,112742.0,6,0,0,1,0,2,12
17915,5018,490,21,858,2011,3,0,2,1.3,195703.0,4,2,1,1,0,7,6
17916,9408,1236,21,696,2011,3,1,2,1.3,121000.0,4,0,1,1,1,12,2
17917,17249,0,35,411,2010,4,0,5,2.5,273600.0,4,2,1,1,0,1,8
17918,17249,631,58,1179,2003,4,0,5,2.0,438886.75,4,0,0,1,0,1,4
17921,7527,642,23,1298,2012,9,1,4,2.0,438886.75,4,0,1,1,0,12,4
17922,30887,629,23,618,2015,9,1,1,1.6,51966.0,4,0,1,1,0,12,4
17923,9408,988,58,1124,2007,3,0,2,1.5,194098.0,4,0,1,1,0,2,0
17924,7840,0,42,1416,2000,3,0,0,1.8,268000.0,4,1,1,1,0,12,4
17928,8781,961,8,444,2009,4,1,1,2.0,54258.0,4,0,1,1,0,14,4
17929,17876,0,21,512,2006,4,1,5,2.4,127000.0,4,0,0,1,0,1,8
17932,29094,831,23,618,2017,9,1,5,1.6,84000.0,4,0,1,1,0,14,4
17933,17876,0,42,839,2011,9,1,5,2.0,180000.0,4,2,1,1,0,14,4
17934,16621,585,61,870,2013,9,1,5,1.8,68000.0,4,2,1,1,0,12,10
17936,11604,0,36,959,2002,4,1,0,3.2,203000.0,6,2,0,1,0,1,8
17937,21805,631,23,812,2011,6,1,1,2.0,438886.75,4,0,1,1,0,1,4
17938,2666,1079,5,71,2018,9,1,5,2.0,25323.0,4,0,0,1,0,1,12
17939,21012,1185,16,652,2009,4,1,2,2.5,214400.0,4,0,0,1,0,14,6
17941,23521,0,16,646,2013,4,1,5,1.6,192000.0,4,2,1,1,0,6,10
17942,11604,834,42,1536,2009,7,0,1,1.7,187000.0,4,1,1,1,0,12,8
17944,14426,761,58,1124,2010,9,0,2,1.8,228800.0,4,0,1,1,0,12,6
17945,11290,639,23,1298,2014,9,1,4,2.0,438886.75,4,0,1,1,0,12,4
17946,1646,531,28,1194,2012,3,1,5,1.6,172347.0,4,0,1,1,0,11,12
17949,4704,1366,42,262,1997,10,0,5,1.6,438886.75,4,1,1,1,0,2,2
17950,17305,836,23,1298,2010,9,1,5,2.0,158000.0,4,0,1,1,0,7,4
17951,26343,0,23,618,2016,9,1,5,2.0,92000.0,4,0,1,1,0,2,12
17953,18503,0,58,1179,2006,4,0,5,2.4,135000.0,4,0,0,1,0,2,8
17956,16308,645,58,848,2011,7,0,5,1.8,171000.0,4,2,0,1,0,14,10
17957,51517,730,23,1298,2016,9,1,5,1.6,344193.0,4,0,1,1,0,14,4
17958,20488,862,23,812,2011,7,1,1,2.5,45566.0,4,0,1,1,0,14,4
17959,6000,0,42,479,2003,2,0,1,1.3,225000.0,4,1,1,0,0,11,1
17960,15524,650,8,527,2016,9,0,5,1.4,263630.0,4,0,1,1,0,11,8
17961,16599,836,23,1298,2010,9,1,5,2.0,173000.0,4,0,1,1,0,1,4
17962,136000,1575,36,764,2018,4,1,5,3.0,99000.0,6,2,0,1,0,14,10
17963,17111,934,58,423,2015,9,1,5,2.5,98000.0,6,2,2,1,0,14,8
17964,12544,843,58,1124,2008,3,0,2,1.5,91000.0,4,3,1,1,0,2,13
17965,30950,639,8,444,2014,4,1,1,2.0,104536.0,4,0,1,1,0,7,4
17966,8154,586,23,618,2012,9,0,5,1.8,74000.0,4,0,1,1,0,1,6
17967,14113,0,16,697,2013,3,0,5,2.0,136000.0,4,0,1,1,0,4,6
17969,1300,631,61,794,1994,3,0,5,1.8,438886.75,4,1,1,1,0,1,2
17970,1333,1275,27,483,2019,9,1,5,2.4,29278.0,4,0,1,1,0,1,12
17971,627,831,58,1528,2018,9,1,5,1.5,42224.0,4,0,1,1,0,7,12
17972,25440,528,23,838,2014,3,1,5,1.6,71589.0,4,0,1,1,0,12,4
17974,47120,1399,32,1201,2010,4,1,5,3.5,114382.0,4,0,1,1,0,12,4
17977,17500,0,28,1049,2012,9,0,5,2.4,140000.0,6,2,1,1,0,3,10
17980,17249,0,15,118,2013,1,1,5,1.3,91000.0,4,1,1,0,0,1,4
17981,25,0,58,1124,2007,3,0,2,1.5,200000.0,4,0,1,1,0,14,4
17984,11917,474,15,116,2013,1,1,5,1.4,93000.0,4,2,1,0,0,2,8
17985,16621,645,58,1124,2011,9,0,2,1.8,171200.0,4,0,1,1,0,7,6
17986,8311,0,41,1037,2005,9,0,5,1.5,16023.0,3,0,1,1,1,14,4
17987,25089,503,58,251,2012,3,1,5,1.5,51440.0,4,0,1,1,0,8,4
17990,549,1694,36,739,2016,4,1,5,3.7,34960.0,8,0,0,1,0,1,12
17991,24462,1211,23,1432,2010,4,1,1,3.0,45000.0,6,0,1,1,0,1,14
17992,21012,631,23,1298,2014,9,1,5,2.4,438886.75,4,2,1,1,0,1,12
17994,17249,0,16,1381,2008,6,0,1,2.2,155126.0,4,1,1,0,0,2,2
17995,1000,0,23,232,1997,9,0,5,1.3,4444.0,4,1,1,0,0,2,0
17997,627,645,58,492,2011,9,1,5,1.8,223646.0,4,0,1,1,0,1,12
17998,7527,631,5,139,2000,9,1,5,2.5,438886.75,6,1,2,1,1,1,4
17999,9408,640,16,722,2013,9,1,2,2.0,0.0,4,0,1,1,0,5,8
18001,14113,0,36,71,2003,9,1,0,3.2,37000.0,12,2,2,1,0,12,12
18002,2500,0,62,194,1993,9,0,0,2.3,111111.0,4,1,2,1,0,6,0
18003,16308,0,36,1326,2002,6,1,1,2.2,50000.0,4,1,2,1,0,2,6
18004,10349,631,58,251,2013,3,0,2,1.5,438886.75,4,0,1,1,1,1,12
18006,42337,1017,23,1401,2017,4,1,1,2.0,49697.0,4,0,1,1,0,7,4
18008,14586,631,58,251,2013,3,1,5,1.5,438886.75,4,0,1,1,0,1,4
18012,12231,0,21,669,2013,3,0,2,1.3,112000.0,4,3,1,1,1,14,8
18013,50178,0,36,961,2012,4,1,1,3.0,95000.0,6,2,0,1,0,7,8
18014,7840,1211,5,88,2010,9,1,5,3.0,157000.0,6,2,2,1,0,14,12
18016,17249,645,23,924,2011,9,1,5,1.8,95000.0,4,0,1,1,0,1,8
18017,29156,640,23,1270,2013,4,1,1,2.0,224077.0,4,0,1,1,0,14,4
18018,127000,0,27,466,2018,4,1,1,3.0,26713.0,6,0,0,1,0,7,12
18020,9095,640,35,994,2013,3,0,5,2.0,9000.0,4,2,1,1,0,7,9
18021,39066,595,21,669,2015,3,1,5,1.5,14000.0,4,0,1,1,0,12,4
18022,2901,1017,23,618,2017,9,1,5,2.0,82114.0,4,0,1,1,0,14,12
18023,11917,475,15,116,2012,9,1,5,1.4,101547.0,4,0,1,0,0,1,7
18024,20385,586,58,1124,2012,3,1,2,1.8,88070.0,4,0,1,1,0,14,10
18025,3607,1058,36,586,2012,9,1,5,3.5,139254.0,6,0,2,1,0,1,12
18026,17562,777,58,423,2014,9,1,5,2.5,59000.0,4,2,1,1,0,1,10
18027,15681,0,61,794,2010,3,0,5,2.5,20000.0,4,0,1,1,0,1,6
18028,9095,843,58,1124,2008,9,0,2,1.5,178000.0,4,0,1,1,0,12,12
18029,14113,764,8,1060,2015,4,1,5,2.0,34329.0,4,0,1,1,0,1,4
18031,16308,0,58,1132,2012,3,0,5,1.5,145600.0,4,0,1,1,0,1,6
18032,7840,0,17,61,2005,8,0,1,2.5,200000.0,4,1,0,0,0,14,0
18036,16308,697,23,618,2015,9,0,5,1.8,86400.0,4,2,1,1,0,11,4
18038,941,831,8,978,2011,9,1,5,2.4,283806.0,4,0,1,1,0,7,12
18039,15053,0,58,1124,2007,9,1,2,1.5,296000.0,4,3,1,1,0,7,4
18041,8154,631,39,475,2003,3,0,5,1.3,438886.75,4,3,1,1,1,1,4
18043,4704,0,23,787,1999,4,0,1,2.5,200000.0,4,0,0,1,0,6,2
18044,9879,426,16,697,2015,9,0,5,1.0,54935.0,3,1,1,1,0,1,8
18045,3763,565,8,989,2007,9,1,5,0.8,155691.0,3,0,1,1,0,12,4
18046,15681,0,36,967,2004,4,1,4,3.7,238078.0,6,2,0,1,0,1,12
18047,15994,1275,28,1049,2019,4,1,5,2.4,11213.0,4,0,1,1,0,11,12
18048,21326,1054,36,1445,2009,7,0,1,2.2,330000.0,4,2,2,1,0,0,6
18049,5959,0,5,144,1998,9,1,0,2.8,243987.0,6,0,2,1,0,1,8
18050,42667,730,54,237,2016,4,1,5,1.6,67523.0,4,0,1,1,0,14,4
18051,2430,1053,58,423,2014,9,1,5,3.5,209181.0,6,0,1,1,0,11,12
18052,11447,490,58,1457,2011,3,0,5,1.3,171000.0,4,3,0,1,0,9,7
18053,28852,0,23,1401,2013,4,1,5,2.4,150000.0,4,2,0,1,0,1,8
18054,8781,631,5,940,2000,1,1,5,2.5,438886.75,6,1,2,0,1,1,2
18055,35309,730,54,237,2016,4,1,5,1.6,102268.0,4,0,1,1,0,14,4
18056,20266,583,23,618,2011,9,1,5,1.6,125047.0,4,0,1,1,0,14,4
18057,19757,333,16,345,2014,3,1,6,2.0,1280.0,4,0,1,1,0,12,12
18060,4861,810,23,618,2016,9,1,5,1.8,152278.0,4,0,1,1,0,2,12
18063,11290,891,23,1298,2016,9,1,4,2.0,331445.0,4,0,1,1,0,12,4
18064,38580,831,54,237,2017,4,1,1,1.6,97709.0,4,0,1,1,0,14,4
18065,34808,1249,23,812,2017,7,1,1,2.5,15602.0,4,0,1,1,0,12,4
18066,2587,474,8,1461,2013,3,1,2,1.4,0.0,4,0,1,1,0,7,12
18067,30420,1451,5,167,2011,9,1,5,3.7,176000.0,8,2,2,1,0,14,12
18069,10976,843,58,1124,2008,9,0,2,1.5,145600.0,4,0,1,1,0,2,12
18070,14113,0,21,669,2013,9,0,2,1.5,160000.0,4,0,1,1,1,14,4
18071,14426,761,58,1124,2010,9,0,2,1.8,145600.0,4,0,1,1,0,2,12
18072,19444,697,23,618,2015,9,1,5,1.8,37000.0,4,2,1,1,0,5,10
18073,7840,631,27,804,2000,4,0,5,3.7,438886.75,8,0,0,1,0,1,4
18075,8386,687,11,909,2010,9,1,5,1.6,142460.0,4,0,1,1,0,7,4
18076,17562,586,58,1124,2012,3,1,2,1.8,150000.0,4,0,1,1,0,7,7
18077,6272,697,61,870,2015,9,1,1,1.8,63792.0,4,0,1,1,0,1,12
18078,11917,792,42,262,2008,3,0,5,1.4,163000.0,4,1,1,1,0,12,8
18079,470,631,5,1487,2015,4,1,5,2.0,438886.75,4,0,0,1,0,1,12
18080,23521,0,5,88,2011,9,1,5,3.0,120000.0,6,2,2,1,0,7,8
18081,21639,0,8,1465,2012,9,1,6,1.4,116000.0,4,0,1,1,0,11,10
18083,6272,1586,41,1107,2010,4,1,5,3.7,203466.0,6,0,1,1,0,1,12
18084,2500,0,36,1326,2010,6,0,1,2.2,1111.0,5,1,2,1,0,14,7
18085,240,584,42,1416,2014,9,0,4,1.8,20000.0,6,1,2,1,0,1,0
18086,17249,0,28,1049,2013,9,1,5,2.4,95000.0,4,2,1,1,0,1,6
18087,43062,891,23,1270,2016,4,1,1,2.0,160931.0,4,0,1,1,0,14,4
18088,24148,753,23,1401,2012,4,1,5,2.4,121300.0,4,0,0,1,0,2,6
18089,8624,640,23,1298,2013,9,1,4,2.0,91475.0,4,0,1,1,0,14,4
18090,43281,831,54,237,2017,4,1,1,1.6,61506.0,4,0,1,1,0,14,4
18091,29793,0,23,850,2011,4,1,5,2.4,110000.0,4,0,0,1,0,12,8
18092,8154,0,16,1387,2006,2,0,1,1.7,98439.0,4,1,1,0,1,11,2
18093,5500,0,5,134,1997,9,0,5,2.0,263000.0,6,1,2,1,0,6,2
18094,470,761,58,1124,2010,9,1,2,1.8,383578.0,4,0,1,1,0,1,12
18095,14113,528,23,232,2014,9,1,1,1.6,32064.0,4,0,1,1,0,7,4
18096,17876,0,16,1384,2001,6,1,1,2.4,350000.0,4,1,2,1,0,14,2
18097,16935,583,41,889,2011,4,1,5,1.6,124800.0,4,0,1,1,0,1,0
18098,15685,0,21,669,2013,3,0,2,1.5,118507.0,4,0,1,1,1,14,4
18100,6429,1205,23,1270,2015,4,1,5,3.3,104181.0,6,0,0,1,0,11,12
18101,314,631,41,889,2012,4,1,5,1.6,438886.75,4,0,0,1,0,1,0
18102,11604,831,23,1298,2011,9,1,5,2.4,185600.0,4,0,1,1,0,14,12
18104,27500,0,36,1445,2008,7,0,1,2.2,0.0,4,1,2,1,0,14,2
18107,6743,779,32,606,2013,9,1,2,2.5,186554.0,4,0,1,1,0,14,12
18108,21410,642,8,978,2012,9,1,5,2.0,133778.0,4,0,1,1,0,1,4
18109,10349,924,61,1090,2017,9,1,5,1.8,67120.0,4,0,1,1,0,2,12
18111,8467,0,55,706,2004,4,1,0,2.5,280000.0,4,0,0,1,0,12,4
18113,10976,0,36,572,2002,9,0,1,2.7,222222.0,6,0,2,1,0,12,0
18114,14050,836,23,1270,2010,4,1,1,2.0,53114.0,4,0,1,1,0,12,4
18115,50560,1079,8,444,2018,4,1,1,2.0,37691.0,4,0,1,1,0,1,4
18117,13338,836,23,1298,2010,9,1,5,2.0,99488.0,4,0,1,1,0,14,4
18118,10036,986,32,820,2010,9,1,2,2.4,102000.0,4,2,1,1,0,7,12
18119,12231,0,36,582,2004,9,1,5,3.2,123000.0,6,2,2,1,0,2,10
18122,13172,0,28,457,2008,9,0,5,1.6,22222.0,4,1,1,1,0,11,7
18123,12544,746,46,1274,2009,7,0,1,1.5,191000.0,4,1,1,1,0,5,12
18124,4704,0,61,794,1997,1,0,5,1.8,0.0,4,1,1,0,0,1,2
18125,22260,751,8,978,2013,9,1,5,2.4,97907.0,4,0,1,1,0,12,4
18126,70,0,58,1124,2011,9,1,2,1.8,4000.0,6,0,0,1,0,7,6
18127,6899,1090,8,444,2008,4,1,1,2.0,77778.0,4,0,1,1,0,12,4
18129,13172,1855,21,1344,2011,7,0,5,2.0,97000.0,4,2,1,1,1,2,8
18130,6899,640,16,697,2013,3,0,5,2.0,144000.0,4,2,1,1,0,7,8
18131,15994,271,58,1136,2014,3,0,2,1.5,119718.0,4,0,1,1,0,14,7
18132,627,919,61,1375,2012,4,1,1,3.0,158842.0,6,0,0,1,0,7,12
18133,14834,531,23,618,2012,9,1,5,1.6,131443.0,4,0,1,1,0,12,4
18134,22894,586,32,402,2012,3,1,2,1.8,89000.0,4,3,1,1,0,3,10
18135,19757,271,58,1132,2014,3,0,2,1.5,73000.0,4,0,1,1,0,1,12
18136,10976,631,5,86,2002,9,1,5,2.5,438886.75,6,2,0,1,0,1,8
18138,23521,629,41,889,2015,4,0,5,1.6,101717.0,4,1,1,1,0,12,12
18139,10349,0,55,927,2004,9,1,5,2.0,140000.0,4,1,0,1,1,12,8
18141,10663,649,46,1001,2010,10,0,1,1.5,176000.0,4,1,1,1,0,12,4
18142,75266,1292,5,1491,2016,4,1,5,3.0,33600.0,6,2,2,1,0,14,10
18143,5175,0,55,855,2003,3,0,5,1.5,160000.0,4,0,1,1,1,11,2
18144,79971,0,36,971,2012,4,1,5,3.7,165000.0,8,2,0,1,0,12,12
18145,21639,631,32,402,2012,3,1,2,1.8,438886.75,4,0,1,1,0,1,6
18146,20610,631,23,1401,2012,4,1,1,2.0,438886.75,4,0,1,1,0,1,4
18147,9408,0,58,1124,2005,9,0,5,1.5,0.0,4,0,1,1,0,14,6
18148,49259,765,23,1270,2015,4,1,1,2.0,121390.0,4,0,1,1,0,14,4
18149,19444,0,36,50,2008,9,1,1,3.0,330000.0,6,2,2,1,0,1,8
18150,28532,730,23,618,2016,9,1,5,1.6,39770.0,4,0,1,1,0,12,4
18153,24148,0,23,1315,2014,9,1,4,2.0,52764.0,4,2,1,1,0,1,10
18154,13172,0,8,854,2012,9,0,5,3.6,180000.0,6,0,1,1,0,1,6
18155,37633,0,36,961,2010,4,1,1,3.0,230400.0,6,2,0,1,0,1,12
18156,47512,891,23,1270,2016,4,1,1,2.0,144333.0,4,0,1,1,0,14,4
18158,6899,0,41,1037,2006,3,0,5,1.5,120000.0,4,3,1,1,1,7,4
18159,17249,382,16,722,2015,9,1,6,2.0,148000.0,4,0,1,1,0,7,8
18160,5645,0,61,1118,1998,3,0,5,1.4,194000.0,4,1,1,1,0,2,2
18163,6429,1055,16,661,2013,4,1,5,3.5,0.0,6,0,1,1,0,10,12
18164,57990,1079,23,1298,2018,9,1,5,2.0,13715.0,4,0,1,1,0,2,4
18165,34497,631,32,781,2004,4,1,4,3.7,438886.75,8,0,0,1,0,1,8
18167,21953,0,5,1491,2005,4,1,1,3.0,248000.0,6,2,0,1,0,1,6
18168,16308,0,61,359,2010,9,1,5,2.0,174000.0,4,2,1,1,0,1,12
18169,11604,1017,23,1298,2017,9,1,4,2.0,324605.0,4,0,1,1,0,8,4
18170,12240,531,23,232,2012,9,1,1,1.6,98624.0,4,0,1,1,0,12,4
18173,5802,631,16,661,2014,4,1,5,3.5,438886.75,6,0,1,1,0,1,12
18174,3763,0,36,49,1988,6,0,1,2.4,13758.0,4,1,2,1,0,15,0
18175,12544,0,36,556,2000,9,1,4,2.0,192125.0,4,2,2,1,0,12,6
18176,7809,891,23,1298,2016,9,1,4,2.0,438886.75,4,0,1,1,0,8,4
18178,13764,418,41,982,2014,3,1,5,1.2,50000.0,4,0,1,1,0,1,4
18179,50178,631,58,1179,2015,4,0,2,2.5,438886.75,4,0,0,1,0,1,10
18180,9408,0,58,1457,2005,9,0,5,1.0,137000.0,4,0,1,1,1,1,4
18181,13172,0,58,423,2007,9,0,2,2.4,102000.0,6,2,1,1,0,12,9
18182,15681,1347,23,812,2008,7,1,1,2.5,71545.0,4,0,1,1,0,2,4
18183,1019,1537,58,825,2009,4,1,2,3.3,318358.0,6,0,0,1,0,1,12
18184,19444,0,32,1203,2007,4,1,2,3.3,273600.0,6,2,1,1,0,12,10
18185,8781,0,36,305,1999,9,0,5,1.8,0.0,4,1,2,1,0,2,4
18186,27000,631,36,1440,2007,7,1,1,2.2,438886.75,4,1,2,1,0,1,4
18187,12500,0,36,582,1999,9,0,1,3.2,0.0,6,0,2,1,0,12,0
18189,23994,629,8,1060,2015,4,1,1,1.6,135039.0,4,0,1,1,0,7,4
18190,17562,521,8,1461,2011,9,1,6,1.4,114000.0,4,0,1,1,0,11,8
18191,21953,765,23,618,2015,9,0,5,2.0,150000.0,4,2,1,1,0,2,8
18192,18817,1018,5,88,2011,9,1,5,3.0,78000.0,6,2,1,1,0,14,10
18193,18817,0,36,961,2005,4,1,5,3.5,256000.0,6,2,0,1,0,5,8
18194,16621,631,23,1425,2012,3,1,5,1.6,438886.75,4,2,1,1,0,1,8
18198,32929,0,36,961,2009,4,1,5,3.5,169600.0,8,0,0,1,0,14,8
18199,10976,631,51,1545,2010,1,0,5,2.4,438886.75,4,0,1,0,0,1,8
18201,10349,0,3,209,2007,9,1,5,2.4,150000.0,6,1,0,1,0,7,4
18202,15053,781,8,523,2018,9,0,5,1.4,0.0,4,0,1,1,0,1,0
18203,392,1079,58,364,2018,4,1,5,2.0,22816.0,4,0,1,1,0,7,12
18204,5959,0,61,1090,1999,9,1,0,1.8,251000.0,4,1,1,1,0,1,4
18206,14906,765,23,1298,2015,9,1,4,2.0,34569.0,4,0,1,1,0,1,4
18207,27654,631,23,1401,2011,4,1,1,2.0,438886.75,4,0,1,1,0,1,4
18209,3000,0,39,1077,1992,4,0,1,2.5,111111.0,4,0,0,1,1,6,0
18211,28852,0,58,825,2008,4,0,2,3.3,249600.0,6,3,0,1,0,12,12
18212,14426,0,5,147,2002,9,0,5,3.0,98000.0,6,2,2,1,0,1,10
18214,17405,765,61,1369,2015,4,0,5,2.0,108187.0,4,0,0,1,0,14,8
18215,5488,0,5,71,1994,1,1,5,2.0,1000.0,6,1,2,1,0,2,6
18216,16308,707,54,902,2011,4,1,1,2.0,248871.0,4,0,1,1,0,14,4
18219,19130,900,23,1298,2015,9,0,5,2.4,142400.0,4,2,1,1,0,1,8
18220,2352,0,42,1043,1995,9,0,0,2.0,234567.0,4,1,2,1,0,5,2
18221,16621,638,28,1049,2014,9,1,5,2.0,38497.0,4,0,1,1,0,14,4
18222,5331,0,5,66,2004,9,0,5,1.9,128202.0,4,2,2,1,1,1,4
18223,14426,528,23,618,2014,9,0,5,1.6,92800.0,4,2,1,1,0,7,8
18224,11604,988,58,1124,2007,3,0,2,1.5,167000.0,4,3,1,1,0,5,12
18225,9252,765,23,1298,2015,9,1,4,2.0,438886.75,4,0,1,1,0,8,4
18227,34572,765,23,1401,2015,4,1,1,2.0,146948.0,4,0,1,1,0,14,4
18228,15053,0,36,71,2003,9,1,4,3.2,340000.0,6,0,2,1,0,1,10
18229,12544,843,58,1124,2008,9,1,2,1.5,207005.0,4,0,1,1,0,2,8
18230,10976,0,36,384,2004,1,1,5,3.2,208000.0,6,0,2,0,0,1,6
18231,131716,0,58,914,2018,4,1,1,3.0,59826.0,4,0,0,1,0,1,12
18232,18305,781,23,812,2012,7,1,1,2.5,61272.0,4,0,1,1,0,12,4
18233,13570,0,8,1035,2010,4,0,5,1.7,71436.0,6,1,0,1,0,3,4
18234,2666,631,61,1090,2015,9,1,5,1.8,438886.75,4,0,1,1,0,1,12
18235,24775,456,58,438,2015,9,1,2,2.5,141000.0,6,3,1,1,0,1,10
18236,16960,503,58,251,2012,3,1,5,1.5,81400.0,4,0,1,1,0,8,4
18238,3293,1058,23,1270,2012,4,1,5,3.5,154782.0,6,0,0,1,0,7,12
18241,20698,810,61,870,2016,9,1,5,1.8,52000.0,4,2,1,1,0,1,8
18242,10663,765,23,1298,2015,9,1,4,2.0,274844.0,4,0,1,1,0,12,4
18243,11290,891,23,1298,2016,9,1,4,2.0,253373.0,4,0,1,1,0,12,4
18244,11290,0,36,290,2007,9,1,5,1.7,110000.0,4,2,1,1,1,12,0
18245,549,631,16,697,2013,9,1,5,2.0,438886.75,4,0,1,1,0,1,12
18247,8154,1095,13,417,2008,3,0,5,2.0,154000.0,4,0,1,1,0,14,4
18248,6272,631,21,1042,2003,7,0,4,2.4,438886.75,4,2,1,1,1,1,4
18252,35,0,58,1124,2010,9,1,2,1.5,10000.0,4,0,1,1,0,14,0
18253,2500,0,58,867,2003,3,0,5,1.5,130000.0,4,0,1,1,1,14,4
18254,12858,0,16,1381,2001,6,0,1,2.4,210000.0,4,1,2,1,0,14,2
18255,31361,0,58,1124,2015,3,0,2,1.8,26000.0,4,0,1,1,0,7,10
18258,18817,585,58,1124,2013,3,0,2,1.8,10700.0,4,0,1,1,0,0,10
18259,784,810,23,618,2016,9,1,5,1.8,43944.0,4,0,1,1,0,2,12
18265,24000,631,36,582,2003,9,1,4,3.2,438886.75,6,2,2,1,0,1,12
18266,30200,586,36,322,2012,9,1,5,1.8,136000.0,4,2,2,1,0,7,12
18267,52931,971,23,1270,2016,4,1,1,2.2,119768.0,4,0,1,1,0,7,4
18268,2430,934,8,978,2015,9,1,5,2.5,142714.0,4,0,1,1,0,1,12
18269,34497,631,32,781,2005,4,1,5,3.7,438886.75,8,2,0,1,0,1,8
18271,17249,0,3,209,2010,9,1,5,2.0,167000.0,4,2,0,1,0,2,4
18273,1568,382,16,722,2015,9,1,2,2.0,107166.0,4,0,1,1,0,14,0
18276,10036,988,58,1124,2007,3,0,2,1.5,170000.0,4,0,1,1,0,7,8
18277,30,0,41,1037,2005,3,0,5,1.5,178000.0,4,0,1,1,1,7,4
18278,14113,1024,55,706,2010,4,0,5,2.5,106000.0,4,2,0,1,0,1,6
18280,20385,2223,32,908,2010,4,1,5,3.7,171352.0,8,0,0,1,0,14,12
18281,5500,0,3,223,2000,9,1,5,2.4,11111.0,6,2,1,1,0,1,6
18282,17249,585,23,618,2013,9,0,5,1.8,139867.0,4,0,1,1,0,12,0
18283,5645,0,42,502,1999,3,0,5,1.2,230000.0,4,0,1,1,0,1,0
18284,5959,0,59,1109,1999,4,0,5,2.0,8000.0,4,0,0,1,0,6,0
18285,89379,0,5,1491,2014,4,1,5,3.0,72000.0,6,2,0,1,0,3,12
18286,4234,584,36,322,2014,9,1,5,1.8,105909.0,4,0,2,1,0,14,12
18287,17249,441,28,1049,2015,9,0,2,2.4,0.0,4,0,1,1,0,14,0
18288,15367,503,58,1132,2012,3,0,2,1.5,182000.0,4,3,1,1,0,14,9
18289,18817,645,32,402,2011,9,1,2,1.8,143000.0,4,0,1,1,0,1,12
18290,25716,0,16,646,2010,4,1,2,2.5,220000.0,6,0,0,1,0,14,8
18291,55678,880,23,1401,2018,4,1,5,1.6,19961.0,4,0,1,1,0,12,4
18293,10976,0,5,88,1997,1,1,5,2.8,180000.0,6,1,2,0,0,1,0
18294,4391,1058,58,423,2012,9,1,5,3.5,0.0,6,0,1,1,0,1,12
18295,6272,0,36,305,1997,9,0,0,1.8,438886.75,4,1,2,1,0,2,2
18296,14113,0,23,1298,2011,9,0,5,2.4,171000.0,4,2,1,1,0,2,4
18298,14740,1077,23,618,2019,9,1,5,2.0,27368.0,4,0,1,1,0,12,12
18299,16621,753,28,1049,2012,9,1,5,2.4,88000.0,4,2,1,1,0,5,12
18301,13172,1198,58,492,2005,9,0,5,1.4,227000.0,4,1,1,1,0,12,4
18302,26030,749,21,512,2014,4,0,5,2.4,49000.0,4,0,0,1,0,12,0
18304,11917,475,15,121,2012,3,1,5,1.4,92800.0,4,2,1,0,0,11,7
18306,17562,595,58,1138,2015,9,0,5,1.5,43000.0,4,0,1,1,0,1,6
18307,11917,631,5,1491,2000,4,1,4,3.0,438886.75,6,2,0,1,0,1,12
18308,5959,0,5,71,2002,3,0,5,2.0,0.0,4,1,2,0,0,7,4
18309,6586,1273,36,772,2015,4,1,5,3.5,83891.0,6,0,2,1,0,7,12
18310,7527,0,36,331,1997,9,1,5,2.8,219200.0,4,0,2,1,0,6,0
18311,188,1079,58,364,2018,4,1,5,2.0,23150.0,4,0,1,1,0,7,12
18312,18817,0,23,618,2014,9,0,5,1.8,24000.0,4,2,1,1,0,11,12
18314,13799,1249,58,423,2017,9,1,5,2.5,63837.0,4,0,1,1,0,7,12
18315,13799,631,58,1124,2009,9,0,2,1.8,438886.75,4,0,1,1,0,1,12
18316,16778,638,28,1049,2014,9,1,5,2.0,36545.0,4,0,1,1,0,14,4
18317,4391,631,55,927,2005,9,0,5,2.0,438886.75,4,2,0,1,1,1,8
18318,35438,0,36,370,2007,1,1,5,3.7,171000.0,8,0,2,0,0,1,12
18319,16465,638,28,1049,2014,9,1,5,2.0,39265.0,4,0,1,1,0,1,4
18320,15367,751,28,1049,2013,9,1,5,2.4,63000.0,4,0,1,1,0,12,8
18321,15524,915,5,154,2014,9,1,1,3.0,83600.0,6,0,2,1,0,1,12
18322,10976,0,55,1063,2004,10,0,0,3.0,133000.0,6,2,0,1,1,12,4
18323,30,0,41,1037,2005,3,0,5,1.5,150000.0,4,0,1,1,1,14,4
18324,13172,0,39,1077,2004,4,1,4,3.0,211000.0,5,2,1,1,0,12,0
18325,8781,639,23,1298,2014,9,1,4,2.0,438886.75,4,0,1,1,0,8,4
18328,21953,642,54,902,2012,4,1,1,2.0,112295.0,4,0,1,1,0,14,4
18329,18817,0,38,486,2011,3,1,5,1.6,160000.0,4,2,1,0,0,8,0
18330,41064,694,23,1270,2014,4,1,1,2.2,81000.0,4,0,1,1,0,12,4
18331,94,0,21,669,2006,3,0,5,1.3,150000.0,4,3,1,1,1,1,4
18333,19757,650,8,523,2016,9,1,5,1.4,65600.0,4,0,1,1,0,1,10
18334,14113,751,23,1298,2013,9,1,5,2.4,107855.0,4,2,1,1,0,1,8
18335,20385,0,28,1049,2012,9,1,5,2.4,156800.0,4,2,1,1,0,14,10
18337,80,0,23,1298,2012,9,0,2,2.4,86000.0,4,2,1,1,0,14,10
18339,36065,0,36,1326,2006,6,1,1,2.2,300000.0,4,1,2,2,0,14,2
18340,7213,1437,42,479,2004,2,0,1,1.7,15000.0,4,1,1,0,0,14,2
18341,4737,0,5,139,1998,1,1,5,3.2,11111.0,6,2,2,0,0,12,4
18342,10036,0,5,94,2003,9,1,5,3.0,0.0,6,1,2,1,0,1,6
18343,8467,0,36,202,2004,3,1,1,1.7,165000.0,4,0,1,1,0,7,6
18344,17249,781,58,423,2012,9,1,2,2.5,124000.0,6,0,1,1,0,14,9
18345,706,746,58,1124,2009,9,1,2,1.5,433658.0,4,0,1,1,0,14,12
18346,20385,631,23,1298,2015,9,0,5,2.4,438886.75,6,0,1,1,0,1,6
18349,941,1399,32,1201,2010,4,1,5,3.5,182618.0,6,0,0,1,0,14,12
18350,549,586,58,1124,2012,3,1,2,1.8,430278.0,4,0,1,1,0,1,12
18351,31361,0,32,405,2014,3,1,2,1.8,96000.0,4,0,1,1,0,7,6
18352,13488,503,58,251,2012,3,1,5,1.5,85000.0,4,0,1,1,0,14,4
18354,470,900,9,23,2015,9,1,5,2.4,0.0,4,0,1,1,0,14,12
18356,10964,502,58,251,2013,3,1,5,1.5,165900.0,4,0,1,1,0,2,4
18357,25591,528,23,618,2014,9,1,5,1.6,103543.0,4,0,1,1,0,7,4
18358,40769,0,36,586,2011,9,1,1,3.0,106000.0,6,0,2,1,0,12,10
18359,6272,0,42,262,1999,2,0,5,1.6,1650.0,4,1,1,1,0,11,4
18361,9408,1039,15,1089,2005,4,0,5,1.2,28000.0,4,1,0,1,0,13,6
18362,314,1172,41,1022,2011,4,1,5,3.5,0.0,6,0,0,1,0,1,12
18363,52034,1273,16,661,2015,4,1,5,3.5,127923.0,4,0,1,1,0,14,4
18364,41553,1079,23,1298,2018,9,1,5,2.0,16922.0,4,0,1,1,0,14,4
18365,10976,0,21,669,2010,3,0,5,1.3,113349.0,4,3,1,1,1,3,4
18366,706,420,28,1034,2019,9,1,2,1.6,2942.0,4,0,1,1,0,11,12
18367,21796,891,39,1068,2016,4,0,5,2.0,73542.0,4,0,1,1,0,1,8
18368,11133,503,58,1133,2012,9,0,2,1.5,127200.0,4,0,1,1,0,3,10
18369,8311,0,41,1037,2005,3,0,5,1.5,111111.0,4,3,1,1,1,12,6
18370,5175,1053,36,772,2014,4,1,5,3.5,111747.0,6,0,0,1,0,1,12
18373,32929,308,32,402,2014,3,1,2,1.8,69500.0,4,0,1,1,0,11,12
18374,30,0,21,669,2005,3,0,5,1.3,178000.0,4,0,1,1,1,1,5
18375,11917,0,21,637,2005,7,0,4,2.4,171000.0,4,3,1,1,1,14,6
18376,100060,1176,23,1270,2019,4,1,1,2.2,13835.0,4,0,1,1,0,7,4
18377,6899,0,36,200,2004,3,0,5,1.6,0.0,4,2,1,1,0,1,6
18379,16500,0,39,1077,2008,4,1,5,3.0,278000.0,4,0,0,1,0,12,6
18380,25597,833,8,444,2015,4,1,1,2.2,101331.0,4,0,1,1,0,12,4
18381,21953,781,58,423,2012,9,1,5,2.5,320000.0,4,2,1,1,0,1,12
18382,40,0,21,669,2002,3,0,5,1.5,245000.0,4,0,1,1,1,13,0
18383,100355,0,32,777,2017,9,1,5,3.5,25000.0,6,0,0,1,0,12,12
18384,15367,0,23,1298,2010,9,0,5,2.4,87000.0,4,2,1,1,0,14,8
18385,31449,631,54,1192,2013,4,1,1,2.0,438886.75,4,0,1,1,0,1,4
18386,12544,0,39,1077,2002,4,0,0,3.5,190000.0,6,0,0,1,1,1,6
18388,20385,642,39,1065,2012,4,0,5,2.0,103000.0,4,3,1,1,0,7,12
18389,79971,1178,28,1318,2018,4,1,1,2.2,47047.0,4,0,1,1,0,14,4
18390,8500,1211,5,88,2010,1,1,5,3.0,10000.0,6,2,2,1,0,1,10
18391,14113,631,58,1124,2007,3,1,2,1.5,438886.75,4,0,1,1,0,1,10
18392,17942,836,54,237,2010,4,1,1,2.0,59900.0,4,0,1,1,0,12,4
18393,22894,1051,28,1056,2016,9,1,5,2.4,438886.75,4,2,1,1,0,7,10
18394,36065,0,36,746,2007,4,1,1,3.2,172000.0,4,0,0,1,0,1,12
18395,5018,0,36,313,1996,9,0,1,2.2,136000.0,4,1,2,1,0,2,0
18397,4861,830,58,1528,2019,9,1,5,1.5,27656.0,4,0,1,1,0,14,12
18400,72130,0,58,423,2018,9,1,2,2.5,52000.0,4,2,1,1,0,7,10
18401,19444,585,58,1124,2013,3,0,2,1.8,138000.0,4,0,1,1,0,6,6
18403,21953,0,58,1124,2012,3,0,2,1.8,156800.0,4,0,1,1,0,12,8
18405,16935,934,16,722,2015,9,0,5,2.5,137600.0,4,0,1,1,0,1,8
18406,25716,0,58,1124,2012,3,0,6,1.8,134400.0,4,3,1,1,0,12,9
18407,15681,891,23,1298,2016,9,1,4,2.0,276687.0,4,0,1,1,0,12,4
18408,8154,631,3,1160,2012,4,1,5,2.0,438886.75,4,0,0,1,0,1,0
18409,10036,0,61,413,2007,2,0,1,2.0,210000.0,4,1,1,2,0,2,2
18410,21639,0,61,803,2012,9,1,1,2.0,142000.0,4,0,1,1,0,7,8
18414,7527,0,39,475,2003,9,0,5,1.5,140000.0,4,0,0,1,1,1,0
18415,2901,915,3,226,2014,3,1,5,3.0,140507.0,6,0,0,1,0,12,0
18417,28608,639,8,978,2014,9,1,5,2.0,115131.0,4,0,1,1,0,1,4
18418,18817,530,16,722,2013,9,0,5,1.6,152000.0,4,2,1,1,0,14,10
18419,10349,0,39,1079,2000,4,0,5,2.0,97000.0,4,0,0,1,0,12,2
18420,10349,631,23,838,2009,3,1,1,1.6,438886.75,4,0,1,1,0,1,4
18424,23521,631,5,147,2009,9,1,1,3.0,438886.75,6,2,2,1,0,1,12
18426,10036,843,58,1124,2008,3,0,5,1.5,13000.0,4,0,1,1,0,14,12
18427,20071,631,28,1049,2016,9,1,5,2.0,438886.75,4,0,1,1,0,1,4
18428,14500,0,41,1280,2010,7,1,5,2.0,110415.0,4,0,1,1,1,4,2
18429,3920,333,55,1525,2014,4,1,2,2.0,123472.0,4,0,0,1,0,14,12
18431,7837,1090,28,1323,2008,4,1,1,2.0,189330.0,4,0,1,1,0,1,4
18432,6899,640,23,1298,2013,9,1,4,2.0,68633.0,4,0,1,1,0,12,4
18433,18422,502,58,251,2013,3,1,5,1.5,22878.0,4,0,1,1,0,12,4
18434,14113,0,42,1536,2005,7,0,5,1.6,160000.0,4,1,1,1,0,12,2
18435,14113,586,23,618,2012,9,0,5,1.8,113600.0,4,2,1,1,0,14,8
18438,13172,0,39,543,2000,7,0,5,3.0,204000.0,4,0,0,2,1,14,2
18439,16308,463,58,1124,2018,9,1,2,1.8,16566.0,4,0,1,1,0,11,12
18442,16935,779,61,1090,2013,9,1,5,2.5,84000.0,6,2,1,1,0,14,12
18443,13172,891,23,1298,2016,9,1,4,2.0,299337.0,4,0,1,1,0,8,4
18444,11917,0,21,669,2011,3,0,2,1.3,121000.0,4,3,1,1,1,14,4
18446,7840,1094,8,444,2008,4,1,1,2.0,54278.0,4,0,1,1,0,14,4
18447,41629,694,26,1520,2014,9,1,1,2.2,75494.0,4,0,1,1,0,14,4
18448,39226,631,23,1401,2016,4,1,1,1.7,438886.75,4,0,1,1,0,1,4
18449,53420,631,23,1270,2017,4,1,1,2.0,438886.75,4,0,1,1,0,1,4
18450,34836,877,23,1401,2017,4,1,1,1.7,100628.0,4,0,1,1,0,7,4
18451,14740,639,27,1111,2014,4,1,5,2.0,66534.0,4,0,0,1,0,1,8
18452,6586,928,8,896,2007,3,0,5,1.4,126000.0,4,1,1,0,0,2,4
18453,10349,640,28,1049,2013,9,1,5,2.0,50338.0,4,0,1,1,0,14,4
18454,11447,1327,58,423,2018,9,1,5,2.5,31904.0,4,0,1,1,0,2,12
18455,21953,0,58,1124,2012,3,1,2,1.8,198400.0,4,3,1,1,0,7,5
18456,11760,631,3,215,2008,9,1,5,2.0,438886.75,4,2,1,1,0,1,10
18457,10976,781,61,870,2012,9,1,5,2.5,70000.0,5,0,1,1,0,14,10
18458,12861,631,8,909,2009,9,1,5,1.6,438886.75,4,0,1,1,0,1,4
18459,7495,363,8,1322,2012,9,1,5,1.0,144265.0,4,0,1,1,0,12,4
18460,33500,831,8,978,2018,9,1,5,1.5,6500.0,4,2,1,1,0,7,10
18461,20005,631,23,618,2011,9,1,5,1.6,438886.75,4,0,1,1,0,1,4
18462,9095,420,8,1322,2012,3,1,5,1.2,100000.0,4,2,1,1,0,1,12
18463,7840,0,41,982,2005,3,0,4,1.3,212000.0,4,0,1,1,1,1,2
18464,22894,781,58,423,2012,9,0,5,2.5,75000.0,4,2,1,1,0,14,8
18465,22298,1273,54,1192,2009,4,1,1,2.7,148654.0,4,0,1,1,0,1,4
18466,20266,687,23,618,2010,9,1,5,1.6,38193.0,4,0,1,1,0,12,4
18467,28225,0,58,112,2005,4,0,5,3.7,201500.0,8,0,0,1,0,1,4
18468,42965,1356,36,973,2014,4,1,5,3.7,229966.0,8,0,0,1,0,1,12
18469,37229,770,23,1401,2016,4,1,1,1.7,100267.0,4,0,1,1,0,14,4
18470,19757,631,58,1124,2014,3,0,2,1.8,438886.75,4,3,1,1,0,1,8
18471,2038,1172,21,1117,2011,4,1,5,3.5,161602.0,6,0,0,1,0,1,12
18473,26657,690,8,980,2016,9,0,5,1.5,112000.0,4,2,1,1,0,14,12
18474,46991,891,23,1270,2016,4,1,1,2.0,195933.0,4,0,1,1,0,14,4
18475,12544,0,39,543,2000,7,1,4,3.0,161000.0,6,0,0,1,1,14,2
18476,43905,394,58,280,2014,9,1,2,2.5,36700.0,4,0,1,1,0,7,12
18477,10976,0,36,572,2002,9,1,1,2.7,438886.75,6,2,2,1,0,12,6
18478,19287,738,8,527,2017,9,1,5,1.4,21834.0,4,0,1,1,0,1,8
18479,12231,0,16,1381,2004,6,0,1,2.0,125000.0,4,1,1,0,0,2,4
18480,5175,789,8,523,2009,9,1,5,1.6,177839.0,4,0,1,1,0,14,4
18481,13172,382,8,1461,2017,3,1,2,1.5,77222.0,4,0,1,1,0,12,12
18482,31414,777,23,812,2014,7,1,1,2.5,208284.0,4,0,1,1,0,12,4
18484,17249,0,5,1491,2004,4,1,1,3.0,317000.0,4,2,0,1,0,0,12
18485,4391,900,28,1049,2015,9,1,5,2.4,57960.0,4,0,1,1,0,12,12
18486,30420,0,21,1226,2009,8,1,5,3.5,256000.0,6,0,0,1,0,14,6
18488,12600,640,28,1049,2013,9,1,5,2.0,0.0,4,2,1,1,0,14,0
18489,2117,1086,27,804,2012,4,1,5,3.6,237206.0,6,0,1,1,0,1,12
18490,35752,631,23,1401,2016,4,0,5,2.0,438886.75,4,2,1,1,0,1,10
18492,18817,586,58,1146,2012,3,0,2,1.8,68846.0,4,0,1,1,0,11,8
18495,13996,642,8,1060,2012,4,1,1,2.0,229276.0,4,0,1,1,0,7,4
18496,8163,308,58,251,2015,3,1,2,1.5,127834.0,4,0,1,1,0,12,4
18497,36219,765,54,1192,2015,4,1,1,2.0,123303.0,4,0,1,1,0,1,4
18499,3920,0,42,1416,1998,9,0,0,1.8,250000.0,4,1,1,1,0,14,4
18504,100,0,32,780,2011,4,1,5,3.7,170000.0,8,2,0,1,0,1,12
18506,23521,639,5,88,2014,9,1,5,2.0,58173.0,4,0,2,1,0,1,0
18507,16935,631,32,402,2015,3,1,2,1.8,438886.75,4,0,1,1,0,1,0
18508,15994,586,58,1124,2012,3,0,2,1.8,212000.0,4,3,1,1,0,1,9
18509,42692,639,23,1270,2014,4,1,1,2.0,157612.0,4,0,1,1,0,1,4
18510,10000,631,39,1079,2001,4,0,5,2.0,438886.75,4,0,0,0,0,1,4
18512,21000,650,8,1316,2016,9,1,5,1.4,78000.0,4,2,1,1,0,14,10
18513,8467,640,28,1049,2013,9,1,5,2.0,61860.0,4,0,1,1,0,12,4
18514,14113,761,58,1124,2010,3,0,2,1.8,169600.0,4,0,1,1,0,12,10
18515,3763,0,42,262,2001,3,0,5,1.8,1000.0,4,1,1,1,1,12,6
18516,9408,781,61,1090,2012,9,1,5,2.5,179200.0,6,2,1,1,0,4,8
18517,2500,0,36,331,1998,9,1,4,3.2,207917.0,6,0,2,1,0,1,4
18518,28225,629,41,889,2015,4,1,5,1.6,51000.0,4,2,0,1,0,1,12
18520,9722,1018,23,810,2011,9,1,4,3.0,42561.0,4,0,1,1,0,12,4
18521,21326,631,58,1124,2012,9,1,2,1.8,438886.75,4,0,1,1,0,1,12
18523,10976,649,21,669,2010,3,0,5,1.5,2000.0,4,0,1,1,0,2,4
18524,4704,0,39,784,1997,9,1,0,2.0,11111.0,4,1,1,1,0,6,4
18526,27284,631,5,88,2013,9,1,5,2.0,438886.75,4,2,2,1,0,1,8
18527,29793,584,36,305,2014,9,1,5,1.8,102400.0,4,0,2,0,0,11,12
18529,16935,0,5,1491,2004,10,1,5,3.0,255000.0,6,0,0,1,0,12,8
18530,8154,0,42,262,2002,3,0,5,1.8,190000.0,4,1,1,1,0,12,4
18533,22894,862,23,812,2011,7,1,1,2.5,124444.0,4,0,1,1,0,15,4
18534,19444,631,58,1124,2013,3,1,2,1.8,438886.75,4,0,1,1,0,1,0
18535,1098,631,28,1049,2016,9,1,5,2.4,438886.75,4,0,1,1,0,1,12
18536,9095,642,16,697,2012,3,0,5,2.0,139200.0,4,0,1,1,0,7,10
18537,18660,765,16,731,2015,9,1,5,2.0,111694.0,4,0,1,1,0,9,8
18540,18817,308,58,1124,2014,3,0,2,1.8,118856.0,4,0,1,1,0,14,0
18542,20385,645,58,1148,2011,9,1,2,1.8,159000.0,4,0,1,1,0,12,12
18543,12544,3571,36,394,2006,9,1,5,3.7,125000.0,8,2,2,1,0,1,0
18544,6743,761,11,909,2010,9,1,5,1.8,71479.0,4,0,1,1,0,7,4
18545,11967,503,58,251,2012,3,1,5,1.5,175200.0,4,0,1,1,0,12,4
18546,38762,784,21,669,2017,3,1,5,1.5,27428.0,4,0,1,1,0,11,4
18547,42337,1327,58,429,2018,9,1,5,2.5,30606.0,4,0,1,1,0,2,10
18548,18616,631,8,1060,2012,4,1,1,1.0,438886.75,4,0,1,1,0,1,4
18550,6115,0,61,870,2000,9,0,4,2.0,33000.0,4,1,1,1,0,4,4
18551,38157,631,23,1401,2017,4,1,1,2.0,438886.75,4,0,1,1,0,1,4
18552,14740,0,36,572,2002,9,1,1,2.7,287000.0,5,2,2,1,0,12,10
18553,12544,631,58,1124,2008,9,0,2,1.5,438886.75,4,0,1,1,0,1,2
18554,18503,1586,41,1476,2010,4,0,5,3.7,190000.0,6,0,0,1,0,7,8
18556,16935,631,61,1368,2009,4,0,5,2.0,438886.75,4,2,0,1,0,1,8
18557,14740,640,8,978,2013,9,1,5,2.0,38194.0,4,0,1,1,0,1,4
18559,58018,1387,36,396,2013,9,1,5,3.7,65000.0,8,2,2,1,0,7,12
18560,11604,0,62,1517,2006,4,1,5,2.5,170000.0,6,2,1,1,0,12,12
18561,11469,0,58,1124,2006,3,0,2,1.5,376000.0,4,3,1,1,0,12,8
18564,55823,1058,32,1208,2012,4,1,2,3.5,187000.0,6,2,0,1,0,7,12
18566,11604,0,16,1381,2002,2,0,1,2.4,111111.0,4,1,2,0,0,14,2
18567,20322,777,23,812,2014,7,1,1,2.5,45433.0,4,0,1,1,0,15,4
18571,2500,0,36,309,2004,10,1,0,2.0,223644.0,4,2,1,1,1,14,4
18572,28589,639,23,1401,2014,4,1,1,2.0,103755.0,4,0,1,1,0,1,4
18573,8154,0,5,139,2002,9,1,5,2.5,230000.0,8,2,2,1,0,1,8
18574,15988,502,58,251,2013,10,1,2,1.5,44545.0,4,0,1,1,0,7,4
18575,6,0,36,23,1997,9,0,0,2.3,111111.0,4,0,2,1,0,3,5
18576,15367,0,23,618,2010,9,0,5,1.8,230400.0,4,2,1,1,0,10,4
18579,5959,1171,27,466,2015,4,1,5,3.2,79200.0,6,0,1,1,0,1,12
18581,3763,0,42,262,1997,2,0,5,1.6,438886.75,4,1,1,2,0,11,2
18582,1254,631,23,618,2010,9,1,5,2.0,438886.75,4,0,1,1,0,1,12
18583,17405,738,8,523,2017,9,0,5,1.4,44800.0,4,0,1,1,0,12,12
18584,18189,631,58,1124,2011,3,0,2,1.8,438886.75,6,0,1,1,0,1,8
18585,5175,1277,27,1225,2018,9,1,5,2.4,80285.0,4,0,1,1,0,2,12
18586,38445,891,23,1401,2016,4,1,1,2.0,92487.0,4,0,1,1,0,14,4
18589,12544,0,5,147,2006,9,1,5,3.0,264000.0,6,2,2,1,0,1,10
18590,13328,631,16,701,2011,9,0,5,2.0,438886.75,4,0,1,1,0,1,8
18591,706,503,21,669,2012,4,1,5,1.5,277856.0,4,0,1,1,0,14,0
18592,13172,631,61,359,2010,9,1,5,2.0,438886.75,4,2,2,1,0,1,4
18593,43655,1249,23,812,2017,10,1,1,2.5,96117.0,4,0,1,1,0,12,4
18594,48998,639,23,1270,2014,4,1,1,2.0,91018.0,4,0,1,1,0,1,4
18597,29420,640,23,1270,2013,4,1,1,2.0,188000.0,4,0,1,1,0,7,4
18598,50178,0,5,174,2012,1,1,5,3.0,73600.0,6,0,2,0,0,1,12
18599,32929,1018,5,1495,2011,4,1,1,3.0,145000.0,6,2,0,1,0,1,12
18600,18211,642,23,1298,2012,9,1,4,2.0,150000.0,4,0,1,1,0,1,4
18601,42880,749,21,469,2014,1,1,5,2.4,83984.0,4,0,1,1,0,11,4
18603,14113,0,58,1179,2005,4,0,5,2.0,125000.0,4,0,0,1,1,14,6
18604,2038,1058,58,423,2012,9,1,5,3.5,159221.0,6,0,1,1,0,14,12
18605,13589,639,8,523,2014,9,1,1,2.0,167691.0,4,0,1,1,0,12,4
18606,27654,639,54,902,2014,4,1,1,2.0,105821.0,4,0,1,1,0,7,4
18609,10036,631,16,693,2012,3,0,5,1.6,438886.75,4,0,1,1,0,1,12
18610,39201,397,32,402,2016,3,1,2,1.8,15000.0,4,0,1,1,0,1,0
18611,17249,1202,23,1298,2017,9,0,5,2.4,0.0,4,0,1,1,0,7,0
18612,18817,0,58,1124,2010,9,0,2,1.8,183300.0,4,0,1,1,0,2,6
18614,39750,917,27,804,2013,9,1,1,3.0,205989.0,4,0,1,1,0,7,4
18615,23521,1083,16,1024,2013,1,0,5,3.6,156192.0,6,1,2,0,0,2,12
18617,60499,831,21,469,2018,3,1,5,1.5,27244.0,4,0,1,1,0,1,4
18618,20450,781,61,1090,2012,9,1,5,2.5,81115.0,4,2,1,1,0,1,12
18619,11287,528,23,232,2014,3,1,1,1.6,38624.0,4,0,1,1,0,12,4
18622,31744,730,54,237,2016,4,1,5,1.6,121025.0,4,0,1,1,0,2,4
18623,43868,631,54,237,2016,4,1,5,1.6,438886.75,4,0,1,1,0,1,4
18624,26030,259,8,1461,2014,3,0,6,1.4,70400.0,4,0,1,1,0,14,8
18625,12544,0,58,1124,2007,9,0,2,1.5,135000.0,4,0,1,1,0,11,4
18626,45473,0,22,816,2003,4,1,5,3.7,55000.0,8,0,0,1,0,1,10
18627,72130,0,36,332,2017,9,1,5,2.0,56800.0,6,2,2,1,0,1,12
18628,50,0,58,1124,2007,9,0,5,1.5,200000.0,4,3,1,1,0,12,9
18629,26795,271,58,251,2014,3,1,2,1.5,56450.0,4,0,1,1,0,14,4
18630,36065,0,23,1270,2012,4,1,1,2.2,98000.0,4,2,0,1,0,12,10
18631,11917,489,8,1322,2016,3,1,5,1.0,32839.0,4,0,1,1,0,0,4
18632,44533,1292,5,942,2016,1,1,5,3.0,62194.0,6,0,2,0,0,2,12
18633,44846,1172,32,1208,2011,4,1,2,3.5,90000.0,6,0,0,1,0,12,12
18635,11290,0,21,858,2009,9,0,2,1.3,132450.0,4,0,1,1,1,1,8
18636,12231,1267,58,251,2013,3,0,2,1.5,41000.0,4,0,1,1,1,7,6
18637,28852,1054,36,1440,2009,7,1,1,2.2,180000.0,4,1,2,1,0,2,4
18639,7683,0,8,533,2002,3,0,5,1.3,138000.0,4,0,0,1,1,14,4
18640,111332,0,32,780,2014,4,1,5,3.7,92800.0,8,2,0,1,0,1,10
18641,16960,631,58,251,2015,3,1,5,1.5,438886.75,4,0,1,1,0,1,4
18644,38311,639,23,1270,2014,4,1,1,2.0,169189.0,4,0,1,1,0,7,4
18647,22580,0,36,961,2007,4,1,5,3.5,13900.0,6,2,0,1,0,1,10
18649,7840,1365,42,262,1998,3,0,5,1.6,30000.0,4,1,1,1,0,14,2
18650,24462,1055,58,825,2013,4,1,2,3.5,371200.0,6,2,0,1,0,7,12
18651,12541,585,58,1124,2013,3,0,2,1.8,90000.0,4,0,1,1,0,7,12
18652,39201,0,36,1263,2008,0,1,5,3.0,25500.0,6,2,2,0,0,12,8
18653,26149,631,23,618,2013,9,1,5,1.6,438886.75,4,0,1,1,0,1,4
18654,8467,761,58,1124,2010,9,0,2,1.8,190000.0,4,3,1,1,0,7,6
18655,36401,631,23,1401,2017,4,1,1,2.0,438886.75,4,0,1,1,0,1,4
18656,12544,781,61,870,2012,9,1,5,2.5,11000.0,4,2,2,1,0,1,8
18657,28391,777,23,812,2014,7,1,1,2.5,144000.0,4,0,1,1,0,12,4
18659,30241,751,27,483,2013,4,1,5,2.4,100133.0,4,0,1,1,0,1,4
18660,11604,0,36,1326,2002,6,0,1,2.2,0.0,4,1,2,2,0,14,2
18661,157,0,58,251,2014,9,0,2,1.5,110000.0,4,0,1,1,1,8,0
18662,13172,0,39,1077,2000,4,0,1,2.2,185000.0,4,1,0,0,0,12,4
18663,27598,1079,58,364,2018,4,1,5,2.0,18754.0,4,0,1,1,0,11,12
18664,15053,0,16,1381,1996,6,0,1,2.5,188000.0,4,1,2,2,0,14,0
18665,11917,631,61,870,2007,9,0,5,1.6,438886.75,4,1,1,1,0,1,6
18666,8386,836,11,909,2010,9,1,1,2.0,164372.0,4,0,1,1,0,7,4
18668,35124,0,23,1270,2014,4,0,5,2.4,120000.0,4,2,0,1,0,1,8
18670,7840,631,21,1042,2003,7,0,4,2.4,438886.75,4,0,1,1,1,1,6
18671,67426,891,32,1029,2016,4,1,5,2.0,68549.0,4,0,1,1,0,14,0
18672,2509,0,61,1090,1999,9,1,5,1.8,361698.0,4,1,1,1,0,1,4
18673,40,0,21,669,2007,3,1,5,1.6,438886.75,7,0,1,1,0,13,9
18674,17876,642,61,794,2012,3,0,1,2.0,0.0,4,1,1,1,0,7,12
18677,6272,1681,5,71,2000,9,0,5,2.0,777.0,4,1,1,1,0,14,0
18678,24148,0,5,1491,2008,4,1,5,3.0,245000.0,6,0,2,1,0,1,0
18679,28225,586,36,322,2012,9,1,5,1.8,156800.0,4,0,2,1,0,14,12
18680,1882,631,58,423,2010,9,1,2,2.4,438886.75,4,0,1,1,0,1,12
18683,3136,0,43,24,1998,3,1,5,1.1,328600.0,4,1,1,0,0,6,2
18685,15367,639,16,722,2014,9,0,5,2.0,120000.0,4,0,1,1,0,14,0
18686,45204,891,21,469,2016,1,1,5,2.0,53938.0,4,0,1,1,0,2,4
18687,3450,586,32,402,2012,3,1,2,1.8,76427.0,4,0,1,1,0,12,0
18688,10036,631,42,270,2007,9,1,1,1.7,438886.75,4,1,1,1,0,1,12
18689,314,631,41,1435,2018,9,1,5,1.6,438886.75,4,0,1,1,0,1,12
18692,40769,631,36,322,2012,1,1,5,1.8,438886.75,4,2,2,0,0,1,12
18693,30906,691,21,669,2017,3,1,5,1.3,67000.0,4,0,1,1,0,1,4
18695,8963,687,11,909,2010,9,1,5,1.6,153915.0,4,0,1,1,0,7,4
18696,29793,0,32,1204,2008,4,1,2,3.3,304000.0,6,3,0,1,0,4,12
18697,21326,707,54,902,2011,4,1,1,2.0,161457.0,4,0,1,1,0,12,4
18698,950,0,58,1124,2006,3,0,5,1.5,264000.0,4,3,1,1,0,14,0
18699,7840,631,61,1118,2002,3,0,4,1.4,438886.75,4,0,1,1,1,1,4
18700,627,631,32,402,2012,3,1,2,1.8,438886.75,4,0,1,1,0,1,0
18702,80,0,58,1124,2010,9,0,2,1.8,224000.0,4,0,1,1,0,1,4
18703,19757,1408,36,560,2007,9,0,1,2.2,287458.0,4,1,2,1,0,1,8
18704,4861,0,42,262,1995,0,0,5,1.8,223000.0,4,1,1,0,0,6,0
18709,12544,0,36,582,2001,9,1,5,3.2,233000.0,6,0,2,1,1,12,6
18711,6272,0,5,1491,2000,4,1,5,3.7,195634.0,8,2,0,1,0,7,16
18712,6272,862,55,706,2011,4,0,5,2.5,102000.0,4,2,0,1,0,1,10
18713,18817,0,28,1059,2012,9,1,4,2.0,45000.0,4,2,1,1,0,12,7
18714,9252,0,21,669,2008,3,0,5,1.3,174000.0,4,2,1,1,1,14,8
18715,22580,777,58,438,2014,9,1,5,2.5,108000.0,4,2,1,1,0,14,10
18716,11290,631,58,1132,2012,9,0,2,1.5,438886.75,4,2,1,1,0,1,12
18718,18189,862,58,423,2011,9,0,5,2.5,216000.0,4,2,1,1,0,11,10
18719,31361,1308,5,1503,2012,4,1,5,3.7,192000.0,8,2,0,1,0,1,12
18720,86243,0,5,1512,2012,4,1,1,3.7,202000.0,6,2,0,1,0,1,10
18722,2117,259,8,1461,2014,3,1,2,1.4,192122.0,4,0,1,1,0,14,12
18723,706,1172,32,1201,2011,4,1,5,3.5,192338.0,6,0,0,1,0,1,12
18724,23521,0,39,1069,2013,4,0,5,2.0,60800.0,4,3,0,1,0,1,0
18725,33870,919,36,961,2012,4,1,1,3.0,16981.0,6,0,0,1,0,14,6
18726,4704,0,41,1037,2005,3,0,5,1.5,158000.0,4,0,1,1,1,1,6
18728,46891,1533,8,854,2016,9,1,5,3.6,101812.0,4,0,1,1,0,12,4
18729,25089,0,58,423,2013,9,0,2,2.5,75000.0,4,3,1,1,0,1,4
18730,16465,631,8,980,2016,9,0,5,1.5,438886.75,4,0,1,1,0,1,8
18731,17876,0,23,1298,2013,9,1,2,2.4,162000.0,4,0,1,1,0,1,12
18732,21326,0,58,1179,2007,4,0,1,2.2,156000.0,4,1,0,1,0,7,6
18733,14113,0,55,1061,2007,10,0,4,2.5,143464.0,4,2,0,1,0,0,12
18734,1019,810,23,618,2016,9,1,5,1.8,73022.0,4,0,1,1,0,1,12
18735,17249,631,23,618,2014,9,0,5,1.8,438886.75,4,2,1,1,0,1,8
18736,12701,631,23,1270,2014,4,1,5,2.4,438886.75,4,0,1,1,0,1,12
18738,9408,0,39,1012,2006,8,0,5,0.7,0.0,3,1,0,0,1,14,0
18739,4077,631,61,1430,1994,9,0,5,1.8,438886.75,4,1,1,1,0,1,2
18743,19130,586,58,1124,2012,3,0,2,1.8,184000.0,4,3,1,1,0,14,10
18744,36235,784,58,251,2017,3,1,5,1.5,11200.0,4,0,1,1,0,12,4
18745,20385,891,3,1158,2016,4,1,5,2.0,74184.0,4,0,1,1,0,7,0
18746,72130,0,26,1519,2017,9,1,1,2.0,21000.0,4,2,0,1,0,12,6
18749,32929,642,5,144,2012,9,1,5,2.0,90000.0,4,2,2,1,0,1,12
18750,470,585,32,402,2013,3,1,2,1.8,154059.0,4,0,1,1,0,7,0
18751,28589,833,8,444,2015,4,1,1,2.2,57293.0,4,0,1,1,0,12,4
18752,36636,777,23,812,2014,7,1,1,2.5,124849.0,4,0,1,1,0,12,4
18753,6200,0,61,870,2003,9,0,5,2.0,55000.0,4,1,1,1,0,12,4
18754,22279,639,8,1060,2014,4,1,1,2.0,98565.0,4,0,1,1,0,12,4
18756,22894,0,5,145,2009,9,1,5,3.0,170000.0,6,2,2,1,0,1,10
18758,2666,0,16,697,2000,9,0,5,2.0,220000.0,4,0,1,1,0,0,2
18759,43868,730,54,237,2016,4,1,1,1.6,55820.0,4,0,1,1,0,14,4
18760,1646,707,13,417,2011,3,1,5,2.0,168166.0,4,0,1,1,0,8,12
18761,7527,584,8,523,2014,9,0,5,1.8,152000.0,4,0,1,1,0,14,8
18764,24148,0,23,1401,2012,4,1,5,2.4,168000.0,4,2,1,1,0,1,6
18766,627,631,5,1491,2011,4,1,1,3.0,438886.75,6,0,0,1,0,1,0
18767,470,1325,58,423,2019,9,1,5,2.5,25816.0,4,0,1,1,0,1,12
18768,8467,0,36,576,1999,9,1,5,2.8,0.0,6,1,2,1,0,2,6
18769,9565,2377,13,1213,2016,9,1,5,3.7,39013.0,8,0,2,1,0,1,12
18770,15681,586,23,618,2012,9,0,5,1.8,85800.0,4,0,1,1,0,14,6
18771,17158,640,8,1060,2013,4,1,1,2.0,177864.0,4,0,1,1,0,12,4
18772,9252,765,23,1298,2015,9,1,4,2.0,438886.75,4,0,1,1,0,8,4
18773,12231,0,5,1491,2001,4,1,0,3.0,3333.0,6,1,0,1,0,12,8
18774,21012,0,39,1065,2008,4,1,5,3.0,153600.0,6,2,0,1,0,14,6
18775,37232,765,23,1270,2015,4,1,1,2.0,185217.0,4,0,1,1,0,1,4
18776,18817,900,23,1298,2015,9,0,5,2.4,130000.0,4,0,1,1,0,12,10
18777,13642,631,36,586,2011,9,1,1,3.5,438886.75,6,0,0,1,0,1,12
18778,25716,836,58,1284,2012,7,0,5,2.7,105800.0,4,2,1,1,0,3,8
18779,9408,0,5,66,1999,9,0,5,1.6,23000.0,4,0,1,1,0,14,4
18781,10036,0,19,353,2014,9,0,5,1.5,77666.0,1,1,1,1,0,14,0
18782,12544,631,21,858,2014,3,0,5,1.3,438886.75,4,0,1,1,0,1,6
18784,32929,0,58,1360,2005,8,0,4,3.7,272000.0,6,0,0,1,0,4,4
18785,14113,1266,58,251,2014,3,0,2,1.5,95000.0,4,0,1,1,1,3,6
18786,7213,0,55,1062,2007,10,1,5,2.0,188888.0,4,0,0,1,1,2,4
18787,51523,930,23,1401,2018,4,1,1,1.7,22100.0,4,0,1,1,0,14,4
18788,8800,0,36,319,2000,3,1,0,2.4,0.0,4,1,1,1,0,4,2
18790,7527,0,39,475,2004,9,0,5,1.3,300000.0,4,0,1,1,1,12,4
18791,11290,0,27,804,2001,4,1,5,3.7,228000.0,8,0,0,1,0,2,10
18792,10973,0,36,1326,1997,6,0,1,2.4,130000.0,4,1,2,0,0,14,0
18794,19757,1077,23,618,2019,9,1,5,2.0,9898.0,4,0,1,1,0,14,12
18795,10976,0,58,848,2007,7,1,5,2.0,1000.0,4,0,1,2,1,14,12
18796,10036,0,58,1457,2006,3,0,5,1.3,151000.0,4,3,1,1,1,12,0
18797,862,629,23,232,2015,9,1,5,1.6,211643.0,4,0,1,1,0,12,12
18799,10976,631,42,262,2005,3,0,5,1.6,438886.75,4,1,1,1,0,1,12
18800,29166,0,36,1329,2006,6,0,1,2.2,210000.0,4,1,2,1,0,14,4
18801,17249,0,5,94,2009,1,1,5,3.0,130000.0,6,2,2,0,0,12,8
18802,16621,584,23,633,2014,9,0,5,1.8,60400.0,4,2,1,1,0,14,6
18805,10976,0,16,1387,2008,2,0,1,1.8,221000.0,4,1,1,1,0,14,2
18806,11917,0,16,646,2007,4,1,2,2.3,197000.0,4,0,0,2,0,1,8
18808,3800,631,42,262,1997,2,0,0,1.6,438886.75,4,1,1,1,0,1,2
18809,13799,333,16,728,2014,9,0,2,2.0,97928.0,4,0,1,1,0,11,8
18810,10036,494,39,1014,2015,3,0,5,1.2,80000.0,3,2,1,1,0,2,16
18811,12544,631,61,870,2011,9,1,5,2.5,438886.75,5,0,1,1,0,1,4
18812,43952,831,54,237,2017,4,1,5,1.6,51671.0,4,0,1,1,0,14,4
18813,15681,880,41,1436,2018,9,0,5,1.6,6487.0,4,0,1,1,0,12,6
18814,21326,779,58,423,2013,9,0,5,2.5,72000.0,4,2,1,1,0,12,12
18815,111002,1228,16,661,2018,4,1,5,2.3,30475.0,4,0,1,1,0,7,4
18817,1882,1202,23,1298,2017,9,1,5,2.4,241602.0,4,0,1,1,0,3,12
18818,26306,639,23,1401,2014,4,1,1,2.0,152064.0,4,0,1,1,0,12,4
18819,12858,1053,36,772,2014,4,1,5,3.5,124998.0,6,0,2,1,0,1,12
18821,2200,0,42,1416,1992,9,0,0,2.0,300000.0,4,1,1,1,0,4,4
18822,4861,631,23,1298,2015,9,1,2,2.4,438886.75,4,0,1,1,0,1,12
18823,7213,1236,21,669,2011,3,0,5,1.3,162000.0,4,0,0,1,1,12,2
18824,52520,900,21,469,2015,9,1,5,2.4,66599.0,4,0,1,1,0,2,4
18826,188,919,61,1375,2012,4,1,1,3.0,242955.0,6,0,0,1,0,14,12
18827,7310,503,58,251,2012,3,1,2,1.5,151887.0,4,0,1,1,0,1,4
18828,100,0,28,1049,2014,9,1,5,2.4,80000.0,4,2,1,1,0,1,4
18831,15035,642,23,1298,2012,9,1,5,2.0,131627.0,4,0,1,1,0,1,4
18833,40926,831,54,237,2017,4,1,5,1.6,116074.0,4,0,1,1,0,14,4
18834,9500,1590,36,293,2011,10,0,5,1.7,117000.0,4,0,1,1,1,1,6
18835,6400,0,12,1013,2012,3,0,5,0.7,103000.0,3,3,1,1,1,1,2
18836,7260,761,11,909,2010,9,1,5,1.8,52584.0,4,0,1,1,0,14,4
18838,5645,0,36,566,1996,9,0,0,2.3,344000.0,4,1,2,1,0,14,2
18839,32274,810,23,618,2016,9,1,5,1.8,88108.0,4,0,1,1,0,14,4
18840,20385,650,8,523,2016,9,0,5,1.4,35500.0,4,2,1,1,0,3,8
18844,20385,0,28,1049,2013,9,0,2,2.4,88500.0,4,0,1,1,0,7,8
18846,14113,0,58,1124,2005,3,1,2,1.5,438886.75,4,0,1,1,0,7,6
18847,20385,631,36,1453,2004,7,0,1,2.2,438886.75,4,1,2,0,0,1,8
18848,34497,0,58,423,2016,9,0,5,2.5,59000.0,6,0,1,1,0,1,12
18849,21326,0,23,1425,2015,9,1,5,1.6,63500.0,4,0,1,1,0,1,10
18850,45633,831,54,237,2017,4,1,5,1.6,28441.0,4,0,1,1,0,14,4
18851,19757,697,61,870,2015,9,1,5,1.8,23000.0,4,1,1,1,0,7,6
18852,24462,1051,23,1314,2016,9,1,5,2.4,25541.0,4,0,1,1,0,1,8
18853,57077,0,58,423,2018,9,1,5,2.5,19000.0,4,2,1,1,0,1,12
18855,31988,0,16,1024,2013,1,1,5,3.7,150000.0,6,2,2,0,0,11,8
18857,42024,0,3,243,2012,10,1,5,2.0,87000.0,4,2,0,1,0,1,12
18858,9829,645,8,523,2011,9,1,5,1.8,164787.0,4,0,1,1,0,1,4
18859,8467,0,36,320,2002,9,1,4,2.6,310000.0,6,2,2,1,0,14,6
18860,941,631,21,669,2013,3,1,5,1.5,438886.75,4,0,1,1,0,1,12
18861,4500,0,62,1257,1998,9,0,5,2.4,0.0,5,0,1,1,0,11,4
18863,38838,891,23,1270,2016,4,1,1,2.0,170133.0,4,0,1,1,0,1,4
18864,21953,0,5,1491,2007,4,1,5,3.0,23000.0,6,2,0,1,0,7,0
18867,8643,631,11,909,2009,9,1,5,1.6,438886.75,4,0,1,1,0,1,4
18868,1882,779,61,870,2013,9,1,5,2.5,184821.0,5,0,1,1,0,14,12
18869,2509,751,23,1298,2013,9,1,5,2.4,83013.0,4,0,1,1,0,7,12
18872,53154,891,23,1270,2016,4,1,1,2.0,119240.0,4,0,1,1,0,2,4
18873,9408,0,36,572,2002,9,0,1,2.7,300000.0,4,2,2,1,0,12,4
18874,17249,562,61,883,2015,9,0,5,1.4,70000.0,4,2,1,1,0,1,8
18875,549,631,32,402,2011,3,1,2,1.8,438886.75,4,0,1,1,0,1,12
18878,51746,1058,32,1201,2012,4,1,5,3.5,53000.0,6,2,1,1,0,0,10
18880,20385,1054,36,1326,2009,6,0,1,2.2,175000.0,4,1,2,1,0,14,2
18881,147397,0,26,664,2017,4,0,1,2.0,17060.0,1,0,0,1,0,7,0
18882,7840,0,42,262,1999,3,0,5,1.8,199000.0,4,1,1,1,0,12,0
18883,12544,843,58,1124,2008,3,0,2,1.5,246000.0,4,3,1,1,0,12,12
18886,17405,697,23,618,2015,9,0,5,1.8,96000.0,4,2,1,1,0,12,10
18887,18817,631,23,618,2014,9,1,5,1.8,438886.75,4,2,1,1,0,1,6
18888,941,746,58,1124,2009,9,1,2,1.5,433658.0,4,0,1,1,0,14,12
18890,17249,631,5,1491,2005,4,1,5,3.7,438886.75,6,0,0,1,0,1,12
18891,37959,690,21,469,2016,9,1,5,1.5,54631.0,4,0,1,1,0,1,4
18892,120,0,36,1445,2011,7,1,1,2.2,176000.0,4,1,2,1,0,2,2
18897,6899,875,61,1408,2012,3,0,5,1.0,47000.0,4,0,1,0,1,14,6
18899,27679,503,58,251,2012,3,1,5,1.5,69900.0,4,0,1,1,0,1,4
18900,1490,631,58,825,2012,4,1,2,3.5,438886.75,6,0,0,1,0,1,12
18902,10036,1855,21,1344,2011,7,0,5,2.0,110000.0,4,0,1,1,1,14,0
18903,941,631,61,870,2014,9,1,1,1.8,438886.75,4,0,1,1,0,1,12
18904,10349,0,58,1457,2010,3,0,5,1.3,146351.0,6,0,1,1,0,12,4
18906,7840,0,26,1252,1999,9,1,5,3.0,1111.0,6,2,2,1,0,1,5
18907,1725,640,5,88,2013,9,1,5,2.0,189259.0,4,0,2,1,0,1,12
18908,23521,0,45,453,2004,4,1,5,3.7,265600.0,8,2,0,1,0,12,12
18909,8154,0,5,88,2009,1,1,5,3.0,166000.0,6,2,2,0,0,12,16
18912,45473,631,36,1455,2014,7,1,1,2.2,438886.75,4,1,2,1,0,1,6
18913,12858,574,21,858,2010,3,0,2,1.3,108000.0,4,2,1,1,0,14,8
18914,8467,0,41,1370,2005,9,0,0,1.5,154214.0,4,0,1,1,1,12,6
18916,18189,891,23,618,2016,9,0,5,2.0,53331.0,4,2,1,1,0,12,12
18917,20385,697,61,1090,2015,9,1,5,1.8,63523.0,4,2,1,1,0,1,8
18918,5488,631,36,204,2001,9,1,5,1.9,438886.75,4,0,1,1,1,1,4
18919,14269,1399,32,1208,2010,4,1,2,3.5,186005.0,6,0,0,1,0,12,12
18921,8781,0,36,319,2001,9,0,5,2.6,145000.0,6,2,2,1,1,12,8
18922,9722,1515,16,1387,2005,2,0,1,1.8,0.0,4,1,1,0,0,12,0
18923,6272,790,23,838,2009,3,1,5,1.6,107760.0,4,0,1,1,0,11,4
18925,3293,639,3,209,2014,9,1,5,2.0,123640.0,4,0,0,1,0,2,0
18926,46258,0,3,209,2016,9,1,1,2.0,98000.0,4,2,1,1,0,1,0
18927,43049,891,23,1270,2016,4,1,1,2.0,121121.0,4,0,1,1,0,14,4
18929,8781,1268,58,251,2012,9,0,2,1.5,87000.0,4,0,1,1,1,1,2
18930,17562,0,61,870,2014,9,1,5,1.8,109600.0,4,3,1,1,0,1,6
18931,10976,631,55,1061,2005,10,0,5,2.5,438886.75,4,2,0,1,1,1,4
18932,3607,0,60,33,1986,9,0,0,1.1,14000.0,4,1,2,1,0,11,0
18933,1176,475,15,116,2012,3,1,5,1.4,172315.0,4,0,1,1,0,3,12
18934,18817,1624,36,586,2009,9,1,5,3.5,208000.0,6,2,0,1,0,2,10
18935,34497,0,36,586,2012,9,1,5,3.5,18000.0,6,2,0,1,0,1,12
18936,40,0,41,1037,2008,3,0,5,1.5,100000.0,4,0,0,1,1,12,4
18938,42538,631,21,669,2017,3,1,5,1.5,438886.75,4,0,1,1,0,1,4
18939,7300,0,5,66,1999,9,0,5,1.9,257000.0,4,1,2,1,0,2,6
18940,20764,642,23,1270,2012,4,1,1,2.0,198966.0,4,0,1,1,0,14,4
18941,96263,631,16,1024,2015,9,1,5,2.3,438886.75,4,0,1,1,0,1,4
18942,21181,707,23,1401,2011,4,1,1,2.0,140477.0,4,0,1,1,0,14,4
18943,17092,642,23,1401,2012,4,1,1,2.0,51697.0,4,0,1,1,0,7,4
18944,25889,639,54,1192,2014,4,1,1,2.0,189374.0,4,0,1,1,0,14,4
18945,11481,345,58,251,2016,3,1,2,1.5,90812.0,4,0,1,1,0,2,4
18946,39201,1172,5,1511,2011,4,1,5,3.5,133600.0,6,2,0,1,0,1,11
18947,14113,697,61,870,2015,9,1,5,1.8,78000.0,4,2,1,1,0,14,12
18948,5018,0,42,1416,1998,9,0,5,1.6,300000.0,4,1,1,1,0,2,4
18949,12231,0,3,219,2005,9,1,5,3.2,256000.0,6,2,0,1,0,12,8
18950,3607,0,61,870,1999,9,0,0,2.0,438886.75,4,1,1,1,0,1,2
18951,18189,777,35,997,2014,9,0,5,2.5,129000.0,4,0,1,1,0,1,10
18952,120,1172,28,1318,2011,4,0,5,3.5,122323.0,6,2,0,1,0,7,10
18954,16900,531,38,506,2012,4,1,5,1.6,150354.0,4,2,0,1,0,3,12
18955,4234,0,36,308,1994,9,0,5,2.2,270000.0,4,0,2,1,0,11,2
18957,14740,11706,36,601,2005,9,1,5,3.7,56000.0,12,2,2,1,1,1,12
18958,32929,1249,58,423,2017,9,1,5,2.5,72000.0,6,2,1,1,0,1,8
18959,12231,0,39,1019,2002,1,0,5,3.0,176000.0,6,0,0,1,0,6,4
18961,9722,0,5,153,2000,9,0,5,3.0,273000.0,6,2,2,1,0,14,10
18962,14113,0,21,669,2010,3,0,5,1.5,166000.0,4,0,1,1,0,7,6
18963,33,631,22,817,2007,4,0,5,3.7,438886.75,5,2,0,1,0,1,12
18964,12544,0,41,720,2005,9,0,4,3.5,109000.0,6,2,2,1,1,7,8
18965,18948,586,8,523,2012,9,1,5,1.8,61000.0,4,0,1,1,0,7,4
18969,8154,0,55,927,2003,9,0,5,2.0,161000.0,4,1,0,1,1,2,4
18970,13799,0,58,251,2014,3,0,2,1.5,162000.0,4,0,1,1,1,12,2
18971,784,751,23,1298,2013,9,1,5,2.4,196882.0,4,0,1,1,0,7,12
18972,18817,502,58,1132,2013,9,0,5,1.5,65000.0,4,3,1,1,0,13,10
18975,44878,639,23,1270,2014,4,1,1,2.0,70005.0,4,0,1,1,0,14,4
18978,11666,562,61,876,2015,9,0,5,1.4,69505.0,4,2,1,1,0,14,6
18979,549,585,23,618,2013,9,1,5,1.8,142224.0,4,0,1,1,0,7,12
18980,45473,0,58,1179,2016,4,0,5,2.5,64000.0,4,2,0,1,0,7,6
18981,2195,0,42,1043,1995,9,0,0,2.0,150000.0,4,1,2,1,0,9,0
18982,12777,687,23,618,2010,9,1,5,1.6,83473.0,4,0,1,1,0,1,4
18984,11917,631,36,599,2003,9,1,5,3.7,438886.75,12,2,2,1,1,1,12
18987,549,639,36,371,2014,9,1,5,2.0,0.0,4,0,1,1,0,7,12
18989,26701,1055,16,1362,2013,9,1,5,3.5,110439.0,4,0,1,1,0,11,4
18990,7527,707,23,1298,2011,9,1,4,2.0,45600.0,4,0,1,1,0,12,4
18991,4704,0,36,556,1995,9,0,0,2.0,111111.0,4,1,2,1,0,2,4
18992,37633,0,58,1124,2017,9,0,2,1.8,33000.0,4,2,1,1,0,2,8
18995,28225,777,58,1179,2014,4,1,5,2.5,148326.0,4,0,0,1,0,7,0
18997,18503,0,58,251,2013,3,1,2,1.5,55000.0,4,0,1,1,1,1,12
18998,20266,707,54,902,2011,4,1,1,2.0,128171.0,4,0,1,1,0,12,4
18999,1176,753,28,1049,2012,9,1,5,2.4,133605.0,4,0,1,1,0,1,12
19001,7500,0,36,201,2000,9,1,1,1.7,187000.0,4,1,1,1,0,1,4
19002,11200,779,58,423,2013,9,1,5,2.5,80000.0,4,2,1,1,0,1,8
19003,14269,0,58,1124,2010,3,0,2,1.8,161000.0,4,0,1,1,1,12,9
19004,13485,836,23,1270,2010,4,1,1,2.0,43873.0,4,0,1,1,0,1,4
19006,19444,640,16,345,2013,9,1,2,2.0,101345.0,4,3,1,1,0,1,12
19008,16308,0,58,1124,2010,3,0,2,1.8,162000.0,4,3,1,1,0,1,12
19009,8781,431,16,722,2016,9,1,2,2.0,158699.0,4,0,1,1,0,7,12
19010,6115,1282,8,444,2007,4,1,1,2.0,81458.0,4,0,1,1,0,12,4
19011,10976,631,58,251,2014,3,0,5,1.5,438886.75,4,0,1,1,1,1,6
19012,7213,0,56,809,2002,4,0,5,2.0,336000.0,4,0,2,1,0,1,4
19014,12231,1079,23,1298,2018,9,1,4,2.0,316200.0,4,0,1,1,0,8,4
19015,4000,0,16,1381,1991,6,0,1,2.5,4911.0,4,1,2,1,0,8,1
19016,4077,0,21,469,1995,3,0,0,1.5,0.0,5,1,1,1,0,11,0
19017,51075,1017,23,1401,2017,4,1,1,2.0,85540.0,4,0,1,1,0,1,4
19018,7683,891,32,840,2016,9,1,5,2.0,64341.0,4,0,2,1,0,14,12
19019,14294,631,23,788,2009,1,1,5,2.0,438886.75,4,0,1,1,0,1,4
19022,26657,1018,5,154,2011,9,1,5,3.0,183000.0,6,2,2,1,0,1,10
19023,13015,574,21,859,2010,3,0,2,1.3,140384.0,4,0,1,1,0,14,6
19025,18817,830,21,676,2019,3,0,5,1.5,1532.0,4,0,1,1,0,14,8
19026,7370,1282,28,1323,2007,4,1,1,2.0,69120.0,4,0,1,1,0,1,4
19027,627,1273,32,608,2015,9,1,5,3.5,136149.0,6,0,1,1,0,11,12
19030,8781,0,5,1491,2000,4,1,5,3.7,1000.0,8,2,0,1,0,1,12
19031,14800,631,56,659,2013,7,0,5,2.0,438886.75,4,3,1,1,1,1,6
19032,23339,639,8,444,2014,4,1,1,2.0,143414.0,4,0,1,1,0,14,4
19034,16308,584,23,618,2014,9,0,5,1.8,112000.0,4,2,1,1,0,14,10
19035,20385,0,5,167,2008,9,1,5,3.7,227000.0,8,2,2,1,0,1,8
19036,14113,764,8,978,2015,9,1,5,2.0,33034.0,4,0,1,1,0,1,4
19039,13702,527,21,669,2015,3,1,5,1.3,103873.0,4,0,1,1,0,12,4
19040,5018,0,42,262,2002,1,1,5,1.8,300000.0,4,1,1,0,0,2,4
19041,3200,0,17,22,1953,4,0,5,3.2,100000.0,4,1,0,0,0,6,0
19042,18503,751,23,1401,2013,4,1,5,2.4,124000.0,4,2,1,1,0,12,12
19043,5959,0,5,66,1997,9,0,5,1.8,0.0,4,1,2,1,0,12,2
19044,2200,0,16,1017,1996,3,0,5,1.8,11111.0,6,1,1,1,0,14,16
19047,941,308,58,1124,2014,3,1,2,1.8,0.0,4,0,1,1,0,7,12
19048,14113,4860,36,369,2002,1,1,5,3.7,127000.0,12,2,2,0,0,12,12
19049,22894,880,23,618,2018,9,1,1,1.6,20753.0,4,0,1,1,0,1,4
19050,12544,781,55,706,2012,4,0,5,2.5,138000.0,4,0,0,1,0,14,12
19051,34127,765,8,1060,2015,4,1,1,2.0,61000.0,4,0,1,1,0,2,4
19052,24148,0,38,506,2011,4,1,5,1.6,167000.0,4,2,1,1,0,1,12
19053,1176,697,21,469,2015,9,1,5,1.8,60651.0,4,0,1,1,0,7,12
19054,15053,751,23,1298,2013,9,0,2,2.4,61000.0,6,2,1,1,0,14,12
19055,120,0,58,440,2016,9,1,5,2.5,65000.0,6,2,1,1,0,2,12
19057,10192,639,23,1298,2014,9,1,4,2.0,63600.0,4,0,1,1,0,12,4
19058,11290,1641,24,1166,2012,4,1,5,3.7,149466.0,8,0,2,1,0,7,12
19059,10500,0,16,1381,1997,2,0,1,2.5,11111.0,4,1,2,1,0,14,4
19060,8311,1202,23,1270,2017,4,1,5,2.4,91782.0,4,0,1,1,0,8,12
19061,12544,0,5,85,2002,9,1,0,2.5,220000.0,6,2,2,1,0,12,8
19062,51432,1327,58,423,2018,9,1,5,2.5,62400.0,4,2,1,1,0,14,11
19063,18817,0,58,1124,2012,9,1,2,1.8,189000.0,6,0,1,1,0,14,12
19064,2900,631,5,71,1994,9,1,5,2.0,438886.75,6,1,2,1,0,1,2
19066,7370,1018,36,1174,2011,4,1,1,3.0,174101.0,6,0,0,1,0,1,12
19067,7213,0,42,479,2003,2,0,1,1.7,253033.0,4,1,1,0,0,1,1
19068,17415,1185,23,812,2009,7,1,1,2.5,75988.0,4,0,1,1,0,1,4
19069,23834,585,23,618,2013,9,1,5,1.8,168341.0,4,0,1,1,0,2,4
19070,8963,687,11,909,2010,9,1,5,1.6,130000.0,4,0,1,1,0,1,4
19072,2352,631,3,1164,2011,9,1,1,3.0,438886.75,6,0,0,1,0,1,0
19073,627,891,32,840,2016,9,1,5,2.0,68286.0,4,0,2,1,0,7,12
19074,40424,1493,16,661,2016,7,1,5,3.5,97000.0,4,0,1,1,0,7,4
19075,12585,707,54,237,2011,4,1,1,2.0,256878.0,4,0,1,1,0,1,4
19076,9888,1024,23,812,2010,7,1,1,2.5,351108.0,4,0,1,1,0,12,4
19077,2587,1017,23,618,2017,9,1,5,2.0,84792.0,4,0,1,1,0,1,12
19078,7997,0,36,384,2003,1,1,5,3.2,300000.0,6,2,2,0,0,2,6
19081,6429,0,36,308,2000,10,0,0,2.0,240000.0,4,1,2,1,0,2,4
19082,27190,640,8,978,2013,9,1,5,2.0,119150.0,4,0,1,1,0,14,4
19084,14113,0,5,147,2004,9,1,1,3.0,196000.0,6,0,2,1,0,12,1
19085,97219,1079,32,1030,2018,4,1,5,2.0,25600.0,4,2,1,2,0,14,7
19087,13642,707,23,1270,2011,4,1,1,2.0,75991.0,4,0,1,1,0,7,4
19088,2200,0,43,105,2001,9,0,5,2.0,0.0,4,1,1,1,0,14,2
19089,44611,891,21,469,2016,9,1,5,2.0,44914.0,4,0,1,1,0,12,4
19091,10349,0,58,112,1999,4,0,5,2.7,245000.0,4,0,0,1,1,12,4
19092,29793,631,36,1296,2016,1,0,5,1.0,438886.75,3,2,2,1,0,1,8
19093,6586,585,58,1124,2013,9,1,2,1.8,361445.0,4,0,1,1,0,14,12
19094,11290,0,16,1381,2000,2,0,1,2.5,270000.0,4,1,2,2,0,8,1
19095,13799,0,58,1124,2008,3,0,2,1.5,154000.0,4,2,1,1,0,14,8
19096,14113,0,5,1491,2003,4,1,0,3.0,345000.0,6,2,0,1,0,7,6
19097,7213,631,31,1214,1997,4,1,1,2.5,438886.75,6,1,0,1,0,1,12
19101,5488,0,42,1291,1999,7,0,0,2.0,15666.0,4,1,1,1,0,12,4
19104,4077,402,28,1034,2017,4,1,2,1.6,67429.0,4,0,1,1,0,14,12
19105,28523,631,23,618,2011,9,1,5,1.8,438886.75,4,0,1,1,0,1,4
19108,37291,891,23,1401,2016,4,1,1,2.0,145136.0,4,0,1,1,0,14,4
19109,58332,1055,32,1201,2013,4,1,5,3.5,165581.0,4,0,1,1,0,12,4
19111,51118,631,38,507,2018,3,1,5,2.0,438886.75,4,2,1,1,0,1,12
19112,18503,631,23,1298,2014,9,1,5,2.0,438886.75,4,2,1,1,0,1,12
19113,13172,1091,58,423,2016,9,1,5,2.5,151443.0,4,0,1,1,0,7,12
19115,13485,0,5,88,2008,1,1,5,3.0,150000.0,6,0,2,0,0,14,6
19117,1411,629,41,889,2015,4,1,5,1.6,87112.0,4,0,0,1,0,1,0
19118,23834,0,58,247,2006,7,0,4,3.0,149000.0,6,0,0,2,0,12,6
19121,88438,1076,23,1270,2020,4,1,5,2.0,12334.0,4,0,1,1,0,2,4
19123,12231,0,41,1477,2004,4,1,5,2.0,219000.0,4,0,0,1,1,1,4
19125,17042,707,54,237,2011,4,1,1,2.0,148494.0,4,0,1,1,0,12,4
19126,18779,707,23,1401,2011,4,1,1,2.0,158604.0,4,0,1,1,0,12,4
19127,784,1399,8,854,2010,9,1,5,3.5,321037.0,6,0,1,1,0,7,12
19128,6743,0,55,706,2000,3,1,5,2.0,166000.0,4,1,0,1,1,14,4
19129,31659,891,21,469,2016,9,1,5,2.0,82141.0,4,0,1,1,0,11,4
19130,3136,631,36,567,1990,9,0,0,2.3,438886.75,4,0,2,1,0,1,0
19131,29144,891,23,1401,2016,4,1,1,2.0,47522.0,4,0,1,1,0,14,4
19132,5488,1045,42,502,1999,9,1,5,1.2,111111.0,4,1,1,1,0,1,4
19135,22580,0,32,841,2010,9,1,5,2.5,201600.0,6,2,2,1,0,1,8
19136,41811,1249,23,812,2017,10,1,1,2.5,146644.0,4,0,1,1,0,1,4
19138,15681,738,8,523,2017,9,1,5,1.4,107637.0,4,0,1,1,0,1,0
19141,5645,790,11,909,2009,9,1,5,1.6,84818.0,4,0,1,1,0,2,4
19142,2600,0,41,992,1997,9,0,0,3.0,2150.0,6,1,1,1,0,14,4
19143,29793,394,58,423,2014,9,0,2,2.5,174400.0,4,2,1,1,0,7,12
19144,56814,1017,23,1298,2017,9,1,5,2.0,67365.0,4,0,1,1,0,1,4
19145,18503,1750,32,1203,2008,4,1,2,3.3,100000.0,6,2,0,1,0,0,12
19146,15423,531,8,523,2012,9,1,5,1.6,130412.0,4,0,1,1,0,1,4
19147,26030,810,61,1090,2016,9,0,5,1.8,75000.0,4,0,1,1,0,2,10
19148,30,0,21,669,2005,3,0,5,1.3,169000.0,4,0,1,1,1,14,4
19149,5645,0,41,1364,2003,9,0,5,2.3,201000.0,6,0,1,1,1,14,6
19151,21953,0,16,1381,1999,6,0,1,2.5,430000.0,4,1,2,1,0,14,1
19152,38229,877,23,1401,2017,4,1,1,1.7,71991.0,4,0,1,1,0,12,4
19153,9722,631,16,646,2005,4,0,5,3.0,438886.75,6,0,0,1,0,1,6
19155,24000,2266,21,715,2018,7,0,2,1.5,19000.0,4,0,1,1,1,7,0
19156,470,738,15,116,2017,4,1,5,1.4,70941.0,4,0,1,1,0,6,12
19157,3607,631,28,284,2019,9,1,5,2.0,438886.75,4,0,1,1,0,1,12
19158,36065,1018,5,1491,2011,4,1,5,3.0,78000.0,6,2,0,1,0,14,8
19159,17249,1054,36,560,2009,10,1,1,2.2,172000.0,4,2,2,1,0,14,10
19160,21012,0,58,1124,2013,9,0,5,1.8,128000.0,4,0,1,1,0,2,8
19161,64290,631,32,1209,2012,4,1,2,3.5,438886.75,6,3,0,1,0,1,12
19162,7840,0,21,1042,2005,7,0,5,2.4,200000.0,4,2,1,1,1,12,6
19164,60,631,58,1124,2013,9,0,2,1.8,438886.75,4,0,1,1,0,1,8
19166,19757,0,16,704,2016,3,1,5,2.0,30000.0,4,2,1,1,0,4,12
19167,18817,1995,16,1381,2003,6,0,1,2.4,438886.75,4,1,1,0,0,14,2
19168,21326,781,58,423,2012,9,1,5,2.5,100000.0,4,0,1,1,0,7,12
19169,14113,475,15,116,2012,9,1,5,1.4,88000.0,4,2,1,0,0,1,6
19170,10976,0,36,313,2001,9,0,1,2.2,320000.0,5,0,2,1,0,12,4
19171,31797,1051,23,810,2016,9,1,5,2.4,160000.0,4,0,1,1,0,1,4
19173,8781,0,5,139,1998,9,1,5,2.5,178000.0,6,1,2,1,0,0,5
19175,42883,900,27,483,2015,4,1,5,2.4,62200.0,4,0,1,1,0,14,4
19176,14113,531,23,1425,2012,3,0,5,1.6,130000.0,4,1,1,1,0,2,12
19178,7213,0,61,1090,1999,9,0,5,1.8,184000.0,4,1,1,1,0,12,6
19179,28755,765,23,1401,2015,4,1,1,2.0,150881.0,4,0,1,1,0,14,4
19180,63886,1076,23,1298,2020,9,1,4,2.0,5305.0,4,0,1,1,0,12,4
19183,11917,1268,58,1139,2012,3,0,2,1.5,157000.0,3,0,1,1,1,12,8
19184,21326,781,58,423,2012,9,1,5,2.5,100300.0,6,2,1,1,0,7,8
19185,25402,640,5,88,2013,9,1,5,2.0,150000.0,4,2,0,1,0,1,12
19186,470,631,8,978,2008,9,1,5,3.6,438886.75,6,0,1,1,0,1,12
19187,7213,0,5,139,1998,9,0,0,2.5,212000.0,6,1,2,1,0,12,6
19188,61154,579,58,1179,2017,4,0,2,2.5,71234.0,4,2,0,1,0,14,12
19189,13172,0,58,251,2012,3,0,2,1.5,265900.0,4,3,1,1,1,14,2
19190,24462,642,5,144,2012,9,1,5,2.0,96966.0,4,2,2,1,0,1,12
19192,14113,0,51,1546,2010,3,0,5,1.8,203000.0,4,0,1,1,0,14,8
19193,7527,0,39,1079,1999,4,0,5,1.8,245000.0,4,0,0,1,0,6,6
19194,500,0,16,1381,1998,6,0,1,2.5,438886.75,4,1,2,1,0,14,2
19195,8300,0,21,669,2004,3,0,5,1.3,159000.0,4,3,1,1,1,13,2
19196,7997,1079,23,618,2018,9,1,5,2.0,21090.0,4,0,1,1,0,11,12
19197,13799,586,58,1124,2012,3,1,2,1.8,260000.0,4,0,1,1,0,1,12
19198,28225,934,58,1179,2015,4,1,5,2.5,149019.0,4,0,0,1,0,7,0
19199,3763,0,36,305,1995,9,0,5,1.8,438886.75,5,1,2,1,1,6,2
19201,549,986,32,820,2010,9,1,2,2.4,180234.0,4,0,1,1,0,14,0
19202,2587,900,28,1049,2015,9,1,5,2.4,135410.0,4,0,1,1,0,1,12
19204,18817,585,23,618,2013,9,1,5,1.8,115000.0,4,2,1,1,0,14,12
19205,7500,0,58,1412,2005,7,0,5,2.0,18500.0,4,3,0,1,1,1,2
19206,22075,503,58,251,2012,10,1,2,1.5,52456.0,4,0,1,1,0,14,4
19207,22197,631,58,251,2012,3,1,5,1.5,438886.75,4,0,1,1,0,1,4
19208,34811,779,58,1179,2013,4,0,5,2.5,121400.0,4,2,1,1,0,7,6
19209,13808,631,23,812,2010,4,1,1,2.5,438886.75,4,0,1,1,0,1,4
19211,50037,891,23,1270,2016,4,1,1,2.0,121902.0,4,0,1,1,0,1,4
19214,1176,986,58,423,2010,9,1,2,2.4,129170.0,4,0,1,1,0,1,12
19215,470,831,23,618,2017,9,1,5,1.6,25635.0,4,0,1,1,0,1,12
19216,37633,1249,58,1179,2017,4,1,5,2.5,23430.0,4,2,1,1,0,0,12
19217,26017,1624,32,606,2009,9,1,5,3.5,132700.0,4,0,1,1,0,14,4
19218,30,0,41,1037,2006,3,0,5,1.3,0.0,4,0,1,1,1,6,9
19219,19444,0,58,1124,2013,9,0,2,1.8,140607.0,4,0,1,1,0,7,12
19220,8467,0,39,1065,2004,10,0,0,2.4,140000.0,6,0,0,1,0,12,6
19221,15681,0,61,870,2013,9,1,5,2.5,81200.0,5,1,1,1,0,12,12
19223,8781,0,13,417,2008,3,0,5,2.4,0.0,4,0,1,1,0,2,4
19224,19130,0,28,1056,2014,9,1,5,2.4,35800.0,4,0,1,1,0,1,12
19225,8781,631,42,479,2007,2,0,1,1.7,438886.75,4,1,1,1,0,1,4
19226,7840,0,41,1293,2003,9,1,5,3.0,220000.0,6,2,2,1,1,14,0
19229,50,0,58,1124,2008,3,0,2,1.5,150000.0,4,0,1,1,0,12,6
19230,470,645,58,1124,2011,3,1,2,1.8,307325.0,4,0,1,1,0,12,12
19232,8467,0,36,374,1999,1,1,0,2.0,300000.0,4,1,2,0,0,12,5
19233,15681,831,23,1298,2011,9,1,5,2.4,161600.0,4,2,1,1,0,11,8
19234,26108,836,23,1401,2010,4,1,1,2.0,116365.0,4,0,1,1,0,7,4
19245,10820,631,58,1179,2001,4,0,5,2.0,438886.75,4,0,0,0,1,1,4
19262,25089,631,23,289,2014,9,1,5,3.3,438886.75,4,0,0,1,0,1,6
19270,11917,631,36,600,2003,9,1,5,3.7,438886.75,12,2,2,1,1,1,12
19273,29793,631,36,398,2006,9,1,5,3.7,438886.75,8,2,2,1,0,1,12
19275,10349,631,36,1326,2000,6,0,5,3.2,438886.75,6,1,2,1,0,1,1
19276,50767,631,16,661,2011,4,1,5,3.5,438886.75,4,0,1,1,0,1,4
19279,11917,631,16,1381,1998,6,0,1,2.5,438886.75,6,1,2,2,0,1,2
19280,7840,631,39,1077,1992,4,0,5,3.0,438886.75,6,1,0,0,0,1,0
19286,8624,631,11,909,2009,9,1,5,2.0,438886.75,4,0,1,1,0,1,4
19298,8500,631,23,790,2006,3,0,1,1.5,438886.75,4,1,1,1,1,1,6
19299,9408,631,16,697,2009,2,0,1,1.6,438886.75,6,1,1,1,0,1,0
19308,19757,631,39,543,2002,7,0,5,3.0,438886.75,6,0,0,1,1,1,1
19312,7527,631,23,1298,2012,9,1,4,2.0,438886.75,4,0,1,1,0,1,4
19318,26030,631,36,333,2012,9,1,5,3.0,438886.75,6,2,0,1,0,1,12
19325,16465,631,5,96,2008,9,1,5,3.0,438886.75,6,1,2,1,0,1,8
19347,6272,631,5,134,1999,9,0,5,2.0,438886.75,6,1,2,1,0,1,6
19355,19369,631,23,788,2011,1,1,5,2.0,438886.75,4,0,1,1,0,1,4
19358,8634,631,28,1049,2013,9,1,5,2.0,438886.75,4,0,1,1,0,1,4
19368,10914,631,8,523,2014,9,1,5,1.8,438886.75,4,0,1,1,0,1,4
19373,12388,631,5,1491,2012,4,1,1,3.0,438886.75,6,0,0,1,0,1,12
19382,7213,631,41,719,2017,9,1,5,3.7,438886.75,6,0,2,1,0,1,12
19383,12720,631,8,523,2011,9,1,5,1.8,438886.75,4,0,1,1,0,1,4
19387,13172,631,5,1491,2003,4,1,5,3.0,438886.75,6,2,0,1,0,1,6
19388,706,631,55,1525,2015,9,1,5,2.0,438886.75,4,0,0,1,0,1,0
19396,8938,631,58,423,2014,9,1,5,2.5,438886.75,4,0,1,1,0,1,12
19400,7997,631,32,1203,2008,4,1,2,3.5,438886.75,6,0,1,1,0,1,12
19419,30063,631,23,1401,2014,4,1,1,2.0,438886.75,4,0,1,1,0,1,4
19425,42764,631,23,812,2016,10,1,1,2.5,438886.75,4,0,1,1,0,1,4
19438,6899,631,8,523,2010,9,1,5,1.8,438886.75,4,0,1,1,0,1,4
19442,549,631,16,722,2016,9,1,5,2.0,438886.75,4,0,1,1,0,1,12
19450,44608,631,23,1298,2016,9,1,5,2.0,438886.75,4,0,1,1,0,1,4
19457,11290,631,61,870,2006,9,1,5,2.5,438886.75,5,1,1,1,0,1,6
19465,35808,631,58,251,2017,3,1,5,1.5,438886.75,4,0,1,1,0,1,4
19482,4704,631,35,976,2001,7,0,0,2.5,438886.75,4,0,1,1,1,1,2
19485,13799,631,21,858,2011,9,0,2,1.3,438886.75,4,2,1,1,0,1,10
19493,50,631,58,1124,2010,3,0,5,1.8,438886.75,4,0,1,1,0,1,4
19496,25,631,58,867,2003,3,0,5,1.5,438886.75,4,0,1,1,1,1,5
19499,862,631,16,646,2010,4,1,2,2.5,438886.75,4,0,1,1,0,1,0
19500,19757,631,23,618,2015,9,0,5,1.8,438886.75,4,0,1,2,0,1,10
19512,6743,631,11,909,2010,9,1,5,1.8,438886.75,4,0,1,1,0,1,4
19518,5018,631,36,586,2009,9,1,1,3.5,438886.75,6,0,2,1,0,1,12
19521,13771,631,23,618,2010,9,1,5,1.6,438886.75,4,0,1,1,0,1,4
19522,47042,631,36,1326,2009,6,1,1,3.0,438886.75,6,2,2,1,0,1,2
19524,33556,631,23,1298,2015,9,1,5,2.4,438886.75,6,0,1,1,0,1,12
19525,1411,631,41,889,2015,4,1,5,1.6,438886.75,4,0,0,1,0,1,0
19527,14113,631,21,1283,2013,10,0,2,1.3,438886.75,4,0,1,1,1,1,4
19535,3763,631,16,722,2013,9,1,2,2.0,438886.75,4,0,1,1,0,1,0
19545,20165,631,61,870,2016,9,1,5,1.4,438886.75,4,2,1,1,0,1,8
19549,1725,631,16,1276,1997,9,0,5,2.0,438886.75,4,1,2,1,0,1,2
19550,17249,631,58,1124,2009,3,1,2,1.8,438886.75,4,3,1,1,0,1,4
19554,21940,631,54,902,2012,8,1,1,2.0,438886.75,4,0,1,1,0,1,4
19562,251,631,32,1201,2016,4,1,5,3.5,438886.75,6,0,0,1,0,1,12
19574,8781,631,39,1079,2001,4,0,5,2.0,438886.75,4,1,0,1,0,1,0
19579,12513,631,28,450,2011,7,1,1,2.2,438886.75,4,0,1,1,0,1,4
19587,6272,631,32,1201,2012,4,1,5,3.5,438886.75,6,0,0,1,0,1,12
19589,12074,631,23,232,2011,9,1,1,1.6,438886.75,4,0,1,1,0,1,4
19595,11133,631,36,759,2015,4,1,5,2.0,438886.75,4,0,0,1,0,1,0
19599,42651,631,36,1340,2007,7,0,1,2.2,438886.75,4,1,2,1,0,1,2
19609,8500,631,61,1118,2011,3,0,5,1.2,438886.75,4,2,1,1,1,1,2
19627,15681,631,28,1049,2015,9,0,5,2.4,438886.75,4,0,1,1,0,1,6
19649,10820,631,36,318,2004,9,1,5,1.8,438886.75,4,1,2,1,0,1,6
19656,15125,631,8,1060,2012,4,1,1,2.0,438886.75,4,0,1,1,0,1,4
19659,36065,631,39,1065,2016,4,1,5,2.4,438886.75,4,3,1,1,0,1,12
19663,75160,631,16,661,2017,4,1,5,2.3,438886.75,4,0,1,1,0,1,4
19674,21953,631,54,1192,2013,4,1,1,2.0,438886.75,4,0,1,1,0,1,4
19684,7213,631,35,548,2003,3,0,0,1.4,438886.75,4,1,1,1,0,1,4
19686,6899,631,61,1090,2003,3,0,5,1.8,438886.75,4,1,1,1,0,1,8
19687,25089,631,36,747,2008,4,1,1,3.0,438886.75,6,0,0,1,0,1,12
19702,11604,631,36,308,2003,9,0,1,2.2,438886.75,4,2,2,1,0,1,0
19715,3293,631,35,412,2016,9,1,5,2.5,438886.75,4,0,0,1,0,1,12
19724,288521,631,5,946,2018,9,1,5,3.7,438886.75,8,2,0,1,0,1,0
19725,17876,631,21,512,2011,4,0,5,2.4,438886.75,4,2,0,1,0,1,8
19730,7840,631,8,523,2009,9,1,5,1.6,438886.75,4,0,1,1,0,1,4
19734,25089,631,41,889,2015,4,1,5,1.6,438886.75,4,2,0,1,0,1,8
